fixture_id,code,pulse_id,season,gameweek,kickoff_time,home_team_id,away_team_id,team_h_score,team_a_score,started,finished,finished_provisional,minutes,team_h_difficulty,team_a_difficulty,stats_available
373,2645567,0,2526,38,2027-05-30 15:00:00,6,4,,,f,f,f,0,3,4,f
374,2645568,0,2526,38,2027-05-30 15:00:00,7,18,,,f,f,f,0,3,2,f
375,2645569,0,2526,38,2027-05-30 15:00:00,8,13,,,f,f,f,0,2,3,f
376,2645570,0,2526,38,2027-05-30 15:00:00,11,17,,,f,f,f,0,2,2,f
377,2645571,0,2526,38,2027-05-30 15:00:00,12,9,,,f,f,f,0,3,2,f
378,2645572,0,2526,38,2027-05-30 15:00:00,14,3,,,f,f,f,0,3,4,f
1,2292810,74911,2223,1,2022-08-05 19:00:00,7,1,0,2,t,t,t,90,4,2,t
1,2645195,0,2526,1,2026-08-21 19:00:00,1,7,,,f,f,f,0,2,5,f
4,2645198,0,2526,1,2026-08-22 11:30:00,11,16,,,f,f,f,0,4,2,f
3,2645197,0,2526,1,2026-08-22 14:00:00,9,8,,,f,f,f,0,3,3,f
5,2645199,0,2526,1,2026-08-22 14:00:00,12,20,,,f,f,f,0,2,2,f
6,2645200,0,2526,1,2026-08-22 14:00:00,18,13,,,f,f,f,0,2,3,f
2,2645196,0,2526,1,2026-08-22 16:30:00,4,19,,,f,f,f,0,3,3,f
7,2645201,0,2526,1,2026-08-23 13:00:00,5,2,,,f,f,f,0,3,3,f
8,2645202,0,2526,1,2026-08-23 13:00:00,15,3,,,f,f,f,0,3,5,f
9,2645203,0,2526,1,2026-08-23 15:30:00,17,14,,,f,f,f,0,4,3,f
10,2645204,0,2526,1,2026-08-24 19:00:00,10,6,,,f,f,f,0,4,3,f
11,2645209,0,2526,2,2026-08-28 19:00:00,8,15,,,f,f,f,0,4,3,f
14,2645211,0,2526,2,2026-08-29 11:30:00,14,18,,,f,f,f,0,3,4,f
12,2645205,0,2526,2,2026-08-29 14:00:00,3,9,,,f,f,f,0,3,3,f
13,2645208,0,2526,2,2026-08-29 14:00:00,7,11,,,f,f,f,0,2,2,f
15,2645214,0,2526,2,2026-08-29 16:30:00,19,17,,,f,f,f,0,2,3,f
16,2645207,0,2526,2,2026-08-30 13:00:00,6,5,,,f,f,f,0,2,4,f
1,2367538,93321,2324,1,2023-08-11 19:00:00,6,13,0,3,t,t,t,90,5,2,t
2,2367540,93322,2324,1,2023-08-12 12:00:00,1,16,2,1,t,t,t,90,2,5,t
3,2367539,93323,2324,1,2023-08-12 14:00:00,3,19,1,1,t,t,t,90,2,2,t
4,2367541,93324,2324,1,2023-08-12 14:00:00,5,12,4,1,t,t,t,90,2,3,t
5,2367542,93325,2324,1,2023-08-12 14:00:00,9,10,0,1,t,t,t,90,2,2,t
7,2367544,93327,2324,1,2023-08-12 14:00:00,17,8,0,1,t,t,t,90,2,2,t
6,2367543,93326,2324,1,2023-08-12 16:30:00,15,2,5,1,t,t,t,90,3,4,t
8,2367545,93328,2324,1,2023-08-13 13:00:00,4,18,2,2,t,t,t,90,3,2,t
9,2367546,93329,2324,1,2023-08-13 15:30:00,7,11,1,1,t,t,t,90,4,3,t
10,2367547,93330,2324,1,2023-08-14 19:00:00,14,20,1,0,t,t,t,90,2,4,t
3,,,2018-19,1,2018-08-11 14:00:00,9,7,0,2,,t,,,,,
4,,,2018-19,1,2018-08-11 14:00:00,10,6,0,3,,t,,,,,
5,,,2018-19,1,2018-08-12 12:30:00,12,19,4,0,,t,,,,,
6,,,2018-19,1,2018-08-10 19:00:00,14,11,2,1,,t,,,,,
7,,,2018-19,1,2018-08-11 11:30:00,15,17,1,2,,t,,,,,
8,,,2018-19,1,2018-08-12 12:30:00,16,4,0,0,,t,,,,,
9,,,2018-19,1,2018-08-11 14:00:00,18,3,2,0,,t,,,,,
10,,,2018-19,1,2018-08-11 16:30:00,20,8,2,2,,t,,,,,
11,,,2018-19,2,2018-08-19 15:00:00,3,14,3,2,,t,,,,,
12,,,2018-19,2,2018-08-19 12:30:00,4,18,1,3,,t,,,,,
13,,,2018-19,2,2018-08-18 11:30:00,5,15,0,0,,t,,,,,
14,,,2018-19,2,2018-08-18 16:30:00,6,1,3,2,,t,,,,,
19,,,2018-19,2,2018-08-18 14:00:00,17,9,3,1,,t,,,,,
20,,,2018-19,2,2018-08-18 14:00:00,19,2,1,2,,t,,,,,
137,,,2020-21,14,2020-12-20 14:15:00,17,9,0,2,,,,,,,
1,,,2017-18,1,2017-08-11 18:45:00,1,9,4,3,,t,,,,,
2,,,2017-18,1,2017-08-12 16:30:00,3,11,0,2,,t,,,,,
3,,,2017-18,1,2017-08-12 14:00:00,5,4,2,3,,t,,,,,
4,,,2017-18,1,2017-08-12 14:00:00,6,8,0,3,,t,,,,,
5,,,2017-18,1,2017-08-12 14:00:00,4,15,1,0,,t,,,,,
6,,,2017-18,1,2017-08-12 14:00:00,14,16,0,0,,t,,,,,
7,,,2017-18,1,2017-08-12 11:30:00,18,10,3,3,,t,,,,,
8,,,2017-18,1,2017-08-12 14:00:00,19,2,1,0,,t,,,,,
9,,,2017-18,1,2017-08-13 15:00:00,12,20,4,0,,t,,,,,
10,,,2017-18,1,2017-08-13 12:30:00,13,17,0,2,,t,,,,,
11,,,2017-18,2,2017-08-19 14:00:00,2,18,0,2,,t,,,,,
12,,,2017-18,2,2017-08-19 14:00:00,4,19,0,1,,t,,,,,
13,,,2017-18,2,2017-08-19 14:00:00,9,3,2,0,,t,,,,,
14,,,2017-18,2,2017-08-19 14:00:00,10,6,1,0,,t,,,,,
16,,,2017-18,2,2017-08-19 16:30:00,15,1,1,0,,t,,,,,
17,,,2017-18,2,2017-08-19 11:30:00,16,12,0,4,,t,,,,,
19,,,2017-18,2,2017-08-20 15:00:00,17,5,1,2,,t,,,,,
20,,,2017-18,2,2017-08-21 19:00:00,11,7,1,1,,t,,,,,
1,,,2016-17,1,2016-08-13 14:00:00,3,16,0,1,,t,,,,,
2,,,2016-17,1,2016-08-13 14:00:00,5,19,0,1,,t,,,,,
3,,,2016-17,1,2016-08-13 14:00:00,6,17,1,1,,t,,,,,
4,,,2016-17,1,2016-08-13 11:30:00,7,8,2,1,,t,,,,,
5,,,2016-17,1,2016-08-13 16:30:00,10,15,2,1,,t,,,,,
6,,,2016-17,1,2016-08-13 14:00:00,12,14,1,1,,t,,,,,
7,,,2016-17,1,2016-08-13 14:00:00,13,18,1,1,,t,,,,,
8,,,2016-17,1,2016-08-14 15:00:00,1,9,3,4,,t,,,,,
9,,,2016-17,1,2016-08-14 12:30:00,2,11,1,3,,t,,,,,
10,,,2016-17,1,2016-08-15 19:00:00,4,20,2,1,,t,,,,,
17,2645210,0,2526,2,2026-08-30 13:00:00,13,4,,,f,f,f,0,3,3,f
19,2645213,0,2526,2,2026-08-30 13:00:00,20,10,,,f,f,f,0,2,3,f
18,2645212,0,2526,2,2026-08-30 15:30:00,16,12,,,f,f,f,0,2,4,f
20,2645206,0,2526,2,2026-08-31 19:00:00,2,1,,,f,f,f,0,4,4,f
21,2645221,0,2526,3,2026-09-04 19:00:00,12,14,,,f,f,f,0,4,2,f
27,2645223,0,2526,3,2026-09-05 11:30:00,17,3,,,f,f,f,0,3,3,f
22,2645216,0,2526,3,2026-09-05 14:00:00,4,20,,,f,f,f,0,2,3,f
23,2645217,0,2526,3,2026-09-05 14:00:00,5,13,,,f,f,f,0,2,3,f
24,2645219,0,2526,3,2026-09-05 14:00:00,10,8,,,f,f,f,0,3,3,f
26,2645222,0,2526,3,2026-09-05 14:00:00,15,7,,,f,f,f,0,2,5,f
28,2645224,0,2526,3,2026-09-05 14:00:00,18,19,,,f,f,f,0,3,3,f
25,2645220,0,2526,3,2026-09-05 16:30:00,11,2,,,f,f,f,0,3,2,f
30,2645218,0,2526,3,2026-09-06 13:00:00,9,16,,,f,f,f,0,4,3,f
29,2645215,0,2526,3,2026-09-06 15:30:00,1,6,,,f,f,f,0,4,5,f
31,2645226,0,2526,4,2026-09-12 14:00:00,2,18,,,f,f,f,0,3,4,f
32,2645225,0,2526,4,2026-09-12 14:00:00,3,4,,,f,f,f,0,3,3,f
33,2645227,0,2526,4,2026-09-12 14:00:00,6,11,,,f,f,f,0,2,4,f
34,2645229,0,2526,4,2026-09-12 14:00:00,8,12,,,f,f,f,0,2,3,f
35,2645231,0,2526,4,2026-09-12 14:00:00,14,10,,,f,f,f,0,2,4,f
37,2645234,0,2526,4,2026-09-12 16:30:00,19,9,,,f,f,f,0,3,3,f
36,2645233,0,2526,4,2026-09-12 19:00:00,20,1,,,f,f,f,0,4,3,f
38,2645228,0,2526,4,2026-09-13 13:00:00,7,5,,,f,f,f,0,2,2,f
39,2645232,0,2526,4,2026-09-13 15:30:00,16,15,,,f,f,f,0,4,4,f
40,2645230,0,2526,4,2026-09-14 19:00:00,13,17,,,f,f,f,0,2,3,f
41,2645236,0,2526,5,2026-09-18 19:00:00,4,6,,,f,f,f,0,4,3,f
48,2645244,0,2526,5,2026-09-19 11:30:00,19,2,,,f,f,f,0,3,3,f
42,2645237,0,2526,5,2026-09-19 14:00:00,5,1,,,f,f,f,0,4,3,f
43,2645238,0,2526,5,2026-09-19 14:00:00,9,12,,,f,f,f,0,2,3,f
44,2645240,0,2526,5,2026-09-19 14:00:00,13,8,,,f,f,f,0,3,3,f
45,2645241,0,2526,5,2026-09-19 14:00:00,15,20,,,f,f,f,0,2,5,f
46,2645242,0,2526,5,2026-09-19 14:00:00,17,11,,,f,f,f,0,2,3,f
1,2444470,115827,2425,1,2024-08-16 19:00:00,14,9,1,0,t,t,t,90,3,3,t
4,2444473,115830,2425,1,2024-08-17 11:30:00,10,12,0,2,t,t,t,90,5,2,t
2,2444471,115828,2425,1,2024-08-17 14:00:00,1,20,2,0,t,t,t,90,3,5,t
3,2444472,115829,2425,1,2024-08-17 14:00:00,8,5,0,3,t,t,t,90,3,3,t
5,2444474,115831,2425,1,2024-08-17 14:00:00,15,17,1,0,t,t,t,90,1,4,t
6,2444475,115832,2425,1,2024-08-17 14:00:00,16,3,1,1,t,t,t,90,3,4,t
7,2444476,115833,2425,1,2024-08-17 16:30:00,19,2,1,2,t,t,t,90,3,2,t
8,2444477,115834,2425,1,2024-08-18 13:00:00,4,7,2,1,t,t,t,90,3,3,t
9,2444478,115835,2425,1,2024-08-18 15:30:00,6,13,0,2,t,t,t,90,4,4,t
10,2444479,115836,2425,1,2024-08-19 19:00:00,11,18,1,1,t,t,t,90,2,1,t
13,2444482,115839,2425,2,2024-08-24 11:30:00,5,14,2,1,t,t,t,90,2,3,t
14,2444483,115840,2425,2,2024-08-24 14:00:00,7,19,0,2,t,t,t,90,2,3,t
15,2444484,115841,2425,2,2024-08-24 14:00:00,9,11,2,1,t,t,t,90,1,3,t
17,2444486,115843,2425,2,2024-08-24 14:00:00,13,10,4,1,t,t,t,90,2,4,t
18,2444487,115844,2425,2,2024-08-24 14:00:00,17,16,0,1,t,t,t,90,4,1,t
19,2444488,115845,2425,2,2024-08-24 14:00:00,18,8,4,0,t,t,t,90,3,3,t
11,2444481,115837,2425,2,2024-08-24 16:30:00,2,1,0,2,t,t,t,90,5,4,t
12,2444480,115838,2425,2,2024-08-25 13:00:00,3,15,1,1,t,t,t,90,4,3,t
20,2444489,115846,2425,2,2024-08-25 13:00:00,20,6,2,6,t,t,t,90,3,3,t
16,2444485,115842,2425,2,2024-08-25 15:30:00,12,4,2,0,t,t,t,90,3,5,t
21,2444490,115847,2425,3,2024-08-31 11:30:00,1,5,1,1,t,t,t,90,3,5,t
22,2444491,115848,2425,3,2024-08-31 14:00:00,4,17,3,1,t,t,t,90,1,3,t
24,2444493,115850,2425,3,2024-08-31 14:00:00,8,3,2,3,t,t,t,90,3,3,t
25,2444494,115851,2425,3,2024-08-31 14:00:00,10,9,1,1,t,t,t,90,3,2,t
26,2444495,115852,2425,3,2024-08-31 14:00:00,11,2,1,2,t,t,t,90,3,1,t
29,2444498,115855,2425,3,2024-08-31 14:00:00,16,20,1,1,t,t,t,90,3,4,t
30,2444499,115856,2425,3,2024-08-31 16:30:00,19,13,1,3,t,t,t,90,4,2,t
23,2444492,115849,2425,3,2024-09-01 12:30:00,6,7,1,1,t,t,t,90,3,4,t
28,2444497,115854,2425,3,2024-09-01 12:30:00,15,18,2,1,t,t,t,90,2,4,t
27,2444496,115853,2425,3,2024-09-01 15:00:00,14,12,0,3,t,t,t,90,5,3,t
38,2444507,115864,2425,4,2024-09-14 11:30:00,17,14,0,3,t,t,t,90,2,1,t
33,2444502,115859,2425,4,2024-09-14 14:00:00,5,10,0,0,t,t,t,90,2,3,t
34,2444503,115860,2425,4,2024-09-14 14:00:00,7,11,2,2,t,t,t,90,1,3,t
35,2444504,115861,2425,4,2024-09-14 14:00:00,9,19,1,1,t,t,t,90,2,3,t
36,2444505,115862,2425,4,2024-09-14 14:00:00,12,16,0,1,t,t,t,90,4,5,t
47,2645243,0,2526,5,2026-09-19 16:30:00,18,7,,,f,f,f,0,2,3,f
49,2645235,0,2526,5,2026-09-20 13:00:00,3,14,,,f,f,f,0,4,3,f
50,2645239,0,2526,5,2026-09-20 15:30:00,10,16,,,f,f,f,0,4,3,f
51,2645245,0,2526,6,2026-10-10 14:00:00,1,13,,,f,f,f,0,2,5,f
52,2645246,0,2526,6,2026-10-10 14:00:00,2,4,,,f,f,f,0,3,4,f
53,2645247,0,2526,6,2026-10-10 14:00:00,6,3,,,f,f,f,0,3,4,f
54,2645248,0,2526,6,2026-10-10 14:00:00,7,17,,,f,f,f,0,2,2,f
55,2645249,0,2526,6,2026-10-10 14:00:00,8,18,,,f,f,f,0,3,3,f
56,2645250,0,2526,6,2026-10-10 14:00:00,11,9,,,f,f,f,0,3,2,f
57,2645251,0,2526,6,2026-10-10 14:00:00,12,10,,,f,f,f,0,2,2,f
58,2645252,0,2526,6,2026-10-10 14:00:00,14,15,,,f,f,f,0,4,4,f
59,2645253,0,2526,6,2026-10-10 14:00:00,16,19,,,f,f,f,0,3,4,f
60,2645254,0,2526,6,2026-10-10 14:00:00,20,5,,,f,f,f,0,2,3,f
61,2645255,0,2526,7,2026-10-17 14:00:00,3,20,,,f,f,f,0,2,3,f
62,2645256,0,2526,7,2026-10-17 14:00:00,4,14,,,f,f,f,0,4,3,f
63,2645257,0,2526,7,2026-10-17 14:00:00,5,8,,,f,f,f,0,3,3,f
64,2645258,0,2526,7,2026-10-17 14:00:00,9,6,,,f,f,f,0,4,3,f
65,2645259,0,2526,7,2026-10-17 14:00:00,10,11,,,f,f,f,0,2,3,f
66,2645260,0,2526,7,2026-10-17 14:00:00,13,16,,,f,f,f,0,4,3,f
67,2645261,0,2526,7,2026-10-17 14:00:00,15,12,,,f,f,f,0,2,5,f
68,2645262,0,2526,7,2026-10-17 14:00:00,17,2,,,f,f,f,0,3,3,f
69,2645263,0,2526,7,2026-10-17 14:00:00,18,1,,,f,f,f,0,4,3,f
70,2645264,0,2526,7,2026-10-17 14:00:00,19,7,,,f,f,f,0,2,3,f
71,2645265,0,2526,8,2026-10-24 14:00:00,1,9,,,f,f,f,0,3,5,f
72,2645266,0,2526,8,2026-10-24 14:00:00,2,15,,,f,f,f,0,4,4,f
73,2645267,0,2526,8,2026-10-24 14:00:00,6,19,,,f,f,f,0,3,4,f
74,2645268,0,2526,8,2026-10-24 14:00:00,7,10,,,f,f,f,0,2,2,f
75,2645269,0,2526,8,2026-10-24 14:00:00,8,17,,,f,f,f,0,2,3,f
76,2645270,0,2526,8,2026-10-24 14:00:00,11,4,,,f,f,f,0,3,2,f
77,2645271,0,2526,8,2026-10-24 14:00:00,12,18,,,f,f,f,0,3,2,f
78,2645272,0,2526,8,2026-10-24 14:00:00,14,5,,,f,f,f,0,2,4,f
79,2645273,0,2526,8,2026-10-24 14:00:00,16,3,,,f,f,f,0,3,4,f
80,2645274,0,2526,8,2026-10-24 14:00:00,20,13,,,f,f,f,0,2,3,f
81,2645276,0,2526,9,2026-10-31 15:00:00,2,10,,,f,f,f,0,2,4,f
82,2645275,0,2526,9,2026-10-31 15:00:00,3,13,,,f,f,f,0,2,3,f
83,2645277,0,2526,9,2026-10-31 15:00:00,4,18,,,f,f,f,0,3,3,f
84,2645278,0,2526,9,2026-10-31 15:00:00,6,16,,,f,f,f,0,4,4,f
85,2645279,0,2526,9,2026-10-31 15:00:00,7,20,,,f,f,f,0,2,2,f
86,2645280,0,2526,9,2026-10-31 15:00:00,11,12,,,f,f,f,0,2,2,f
87,2645281,0,2526,9,2026-10-31 15:00:00,14,1,,,f,f,f,0,4,4,f
88,2645282,0,2526,9,2026-10-31 15:00:00,15,5,,,f,f,f,0,2,5,f
89,2645283,0,2526,9,2026-10-31 15:00:00,17,9,,,f,f,f,0,3,3,f
90,2645284,0,2526,9,2026-10-31 15:00:00,19,8,,,f,f,f,0,3,3,f
91,2645285,0,2526,10,2026-11-07 15:00:00,1,11,,,f,f,f,0,2,5,f
92,2645286,0,2526,10,2026-11-07 15:00:00,5,4,,,f,f,f,0,3,3,f
93,2645287,0,2526,10,2026-11-07 15:00:00,8,14,,,f,f,f,0,4,3,f
94,2645288,0,2526,10,2026-11-07 15:00:00,9,7,,,f,f,f,0,2,3,f
95,2645289,0,2526,10,2026-11-07 15:00:00,10,17,,,f,f,f,0,2,3,f
96,2645290,0,2526,10,2026-11-07 15:00:00,12,3,,,f,f,f,0,3,2,f
97,2645291,0,2526,10,2026-11-07 15:00:00,13,19,,,f,f,f,0,3,3,f
98,2645292,0,2526,10,2026-11-07 15:00:00,16,2,,,f,f,f,0,3,4,f
99,2645293,0,2526,10,2026-11-07 15:00:00,18,15,,,f,f,f,0,4,3,f
100,2645294,0,2526,10,2026-11-07 15:00:00,20,6,,,f,f,f,0,4,3,f
101,2645296,0,2526,11,2026-11-21 15:00:00,2,20,,,f,f,f,0,2,4,f
102,2645295,0,2526,11,2026-11-21 15:00:00,3,18,,,f,f,f,0,3,3,f
103,2645297,0,2526,11,2026-11-21 15:00:00,4,9,,,f,f,f,0,3,3,f
104,2645298,0,2526,11,2026-11-21 15:00:00,6,13,,,f,f,f,0,2,4,f
105,2645299,0,2526,11,2026-11-21 15:00:00,7,8,,,f,f,f,0,3,2,f
106,2645300,0,2526,11,2026-11-21 15:00:00,11,5,,,f,f,f,0,2,2,f
107,2645301,0,2526,11,2026-11-21 15:00:00,14,16,,,f,f,f,0,4,4,f
108,2645302,0,2526,11,2026-11-21 15:00:00,15,10,,,f,f,f,0,2,5,f
109,2645303,0,2526,11,2026-11-21 15:00:00,17,1,,,f,f,f,0,4,3,f
110,2645304,0,2526,11,2026-11-21 15:00:00,19,12,,,f,f,f,0,2,3,f
111,2645305,0,2526,12,2026-11-28 15:00:00,1,15,,,f,f,f,0,4,5,f
112,2645306,0,2526,12,2026-11-28 15:00:00,5,17,,,f,f,f,0,2,3,f
113,2645307,0,2526,12,2026-11-28 15:00:00,8,11,,,f,f,f,0,2,3,f
114,2645308,0,2526,12,2026-11-28 15:00:00,9,14,,,f,f,f,0,4,3,f
115,2645309,0,2526,12,2026-11-28 15:00:00,10,3,,,f,f,f,0,3,3,f
116,2645310,0,2526,12,2026-11-28 15:00:00,12,2,,,f,f,f,0,3,2,f
117,2645311,0,2526,12,2026-11-28 15:00:00,13,7,,,f,f,f,0,2,3,f
118,2645312,0,2526,12,2026-11-28 15:00:00,16,4,,,f,f,f,0,3,4,f
119,2645313,0,2526,12,2026-11-28 15:00:00,18,6,,,f,f,f,0,4,3,f
120,2645314,0,2526,12,2026-11-28 15:00:00,20,19,,,f,f,f,0,3,3,f
121,2645316,0,2526,13,2026-12-02 20:00:00,2,9,,,f,f,f,0,3,4,f
122,2645315,0,2526,13,2026-12-02 20:00:00,3,5,,,f,f,f,0,2,3,f
123,2645317,0,2526,13,2026-12-02 20:00:00,4,1,,,f,f,f,0,4,3,f
124,2645318,0,2526,13,2026-12-02 20:00:00,6,8,,,f,f,f,0,3,4,f
125,2645319,0,2526,13,2026-12-02 20:00:00,7,12,,,f,f,f,0,2,2,f
126,2645320,0,2526,13,2026-12-02 20:00:00,11,18,,,f,f,f,0,3,2,f
127,2645321,0,2526,13,2026-12-02 20:00:00,14,20,,,f,f,f,0,2,4,f
128,2645322,0,2526,13,2026-12-02 20:00:00,15,13,,,f,f,f,0,2,5,f
129,2645323,0,2526,13,2026-12-02 20:00:00,17,16,,,f,f,f,0,4,3,f
130,2645324,0,2526,13,2026-12-02 20:00:00,19,10,,,f,f,f,0,2,3,f
131,2645326,0,2526,14,2026-12-05 15:00:00,2,8,,,f,f,f,0,3,4,f
132,2645325,0,2526,14,2026-12-05 15:00:00,3,11,,,f,f,f,0,2,3,f
133,2645327,0,2526,14,2026-12-05 15:00:00,4,15,,,f,f,f,0,4,3,f
134,2645328,0,2526,14,2026-12-05 15:00:00,6,14,,,f,f,f,0,4,4,f
135,2645329,0,2526,14,2026-12-05 15:00:00,9,10,,,f,f,f,0,2,3,f
136,2645330,0,2526,14,2026-12-05 15:00:00,13,12,,,f,f,f,0,2,3,f
137,2645331,0,2526,14,2026-12-05 15:00:00,16,7,,,f,f,f,0,2,4,f
138,2645332,0,2526,14,2026-12-05 15:00:00,17,20,,,f,f,f,0,2,3,f
139,2645333,0,2526,14,2026-12-05 15:00:00,18,5,,,f,f,f,0,2,3,f
140,2645334,0,2526,14,2026-12-05 15:00:00,19,1,,,f,f,f,0,4,3,f
141,2645335,0,2526,15,2026-12-12 15:00:00,1,3,,,f,f,f,0,3,5,f
142,2645336,0,2526,15,2026-12-12 15:00:00,5,9,,,f,f,f,0,3,3,f
143,2645337,0,2526,15,2026-12-12 15:00:00,7,2,,,f,f,f,0,3,2,f
144,2645338,0,2526,15,2026-12-12 15:00:00,8,16,,,f,f,f,0,4,3,f
145,2645339,0,2526,15,2026-12-12 15:00:00,10,4,,,f,f,f,0,3,3,f
146,2645340,0,2526,15,2026-12-12 15:00:00,11,19,,,f,f,f,0,3,2,f
147,2645341,0,2526,15,2026-12-12 15:00:00,12,17,,,f,f,f,0,2,2,f
148,2645342,0,2526,15,2026-12-12 15:00:00,14,13,,,f,f,f,0,2,4,f
149,2645343,0,2526,15,2026-12-12 15:00:00,15,6,,,f,f,f,0,4,5,f
150,2645344,0,2526,15,2026-12-12 15:00:00,20,18,,,f,f,f,0,3,3,f
151,2645346,0,2526,16,2026-12-19 15:00:00,1,16,,,f,f,f,0,4,5,f
152,2645345,0,2526,16,2026-12-19 15:00:00,3,7,,,f,f,f,0,2,3,f
153,2645347,0,2526,16,2026-12-19 15:00:00,4,17,,,f,f,f,0,2,3,f
154,2645348,0,2526,16,2026-12-19 15:00:00,5,12,,,f,f,f,0,2,3,f
155,2645349,0,2526,16,2026-12-19 15:00:00,6,2,,,f,f,f,0,3,4,f
156,2645350,0,2526,16,2026-12-19 15:00:00,13,10,,,f,f,f,0,2,3,f
157,2645351,0,2526,16,2026-12-19 15:00:00,14,19,,,f,f,f,0,3,4,f
158,2645352,0,2526,16,2026-12-19 15:00:00,15,11,,,f,f,f,0,2,5,f
159,2645353,0,2526,16,2026-12-19 15:00:00,18,9,,,f,f,f,0,3,3,f
160,2645354,0,2526,16,2026-12-19 15:00:00,20,8,,,f,f,f,0,3,3,f
161,2645355,0,2526,17,2026-12-26 15:00:00,2,13,,,f,f,f,0,2,4,f
162,2645356,0,2526,17,2026-12-26 15:00:00,7,6,,,f,f,f,0,4,2,f
163,2645357,0,2526,17,2026-12-26 15:00:00,8,1,,,f,f,f,0,4,3,f
164,2645358,0,2526,17,2026-12-26 15:00:00,9,20,,,f,f,f,0,2,3,f
165,2645359,0,2526,17,2026-12-26 15:00:00,10,5,,,f,f,f,0,2,3,f
166,2645360,0,2526,17,2026-12-26 15:00:00,11,14,,,f,f,f,0,4,2,f
167,2645361,0,2526,17,2026-12-26 15:00:00,12,4,,,f,f,f,0,3,2,f
168,2645362,0,2526,17,2026-12-26 15:00:00,16,18,,,f,f,f,0,3,4,f
169,2645363,0,2526,17,2026-12-26 15:00:00,17,15,,,f,f,f,0,4,3,f
170,2645364,0,2526,17,2026-12-26 15:00:00,19,3,,,f,f,f,0,3,3,f
171,2645365,0,2526,18,2026-12-30 20:00:00,2,14,,,f,f,f,0,4,4,f
172,2645366,0,2526,18,2026-12-30 20:00:00,7,4,,,f,f,f,0,3,2,f
173,2645367,0,2526,18,2026-12-30 20:00:00,8,3,,,f,f,f,0,3,3,f
174,2645368,0,2526,18,2026-12-30 20:00:00,9,15,,,f,f,f,0,4,3,f
175,2645369,0,2526,18,2026-12-30 20:00:00,10,1,,,f,f,f,0,4,3,f
176,2645370,0,2526,18,2026-12-30 20:00:00,11,13,,,f,f,f,0,2,2,f
177,2645371,0,2526,18,2026-12-30 20:00:00,12,6,,,f,f,f,0,4,2,f
178,2645372,0,2526,18,2026-12-30 20:00:00,16,20,,,f,f,f,0,2,4,f
179,2645373,0,2526,18,2026-12-30 20:00:00,17,18,,,f,f,f,0,3,3,f
180,2645374,0,2526,18,2026-12-30 20:00:00,19,5,,,f,f,f,0,2,3,f
181,2645376,0,2526,19,2027-01-02 15:00:00,1,12,,,f,f,f,0,2,5,f
182,2645375,0,2526,19,2027-01-02 15:00:00,3,2,,,f,f,f,0,3,3,f
183,2645377,0,2526,19,2027-01-02 15:00:00,4,8,,,f,f,f,0,3,3,f
184,2645378,0,2526,19,2027-01-02 15:00:00,5,16,,,f,f,f,0,4,3,f
185,2645379,0,2526,19,2027-01-02 15:00:00,6,17,,,f,f,f,0,2,4,f
186,2645380,0,2526,19,2027-01-02 15:00:00,13,9,,,f,f,f,0,3,3,f
187,2645381,0,2526,19,2027-01-02 15:00:00,14,7,,,f,f,f,0,2,4,f
188,2645382,0,2526,19,2027-01-02 15:00:00,15,19,,,f,f,f,0,3,5,f
189,2645383,0,2526,19,2027-01-02 15:00:00,18,10,,,f,f,f,0,2,3,f
190,2645384,0,2526,19,2027-01-02 15:00:00,20,11,,,f,f,f,0,2,3,f
191,2645385,0,2526,20,2027-01-06 20:00:00,1,4,,,f,f,f,0,3,5,f
192,2645386,0,2526,20,2027-01-06 20:00:00,5,3,,,f,f,f,0,3,3,f
193,2645387,0,2526,20,2027-01-06 20:00:00,8,6,,,f,f,f,0,4,3,f
194,2645388,0,2526,20,2027-01-06 20:00:00,9,2,,,f,f,f,0,3,3,f
195,2645389,0,2526,20,2027-01-06 20:00:00,10,19,,,f,f,f,0,3,3,f
196,2645390,0,2526,20,2027-01-06 20:00:00,12,7,,,f,f,f,0,2,2,f
197,2645391,0,2526,20,2027-01-06 20:00:00,13,15,,,f,f,f,0,4,3,f
198,2645392,0,2526,20,2027-01-06 20:00:00,16,17,,,f,f,f,0,2,4,f
199,2645393,0,2526,20,2027-01-06 20:00:00,18,11,,,f,f,f,0,2,3,f
200,2645394,0,2526,20,2027-01-06 20:00:00,20,14,,,f,f,f,0,4,3,f
201,2645396,0,2526,21,2027-01-16 15:00:00,2,16,,,f,f,f,0,4,4,f
202,2645395,0,2526,21,2027-01-16 15:00:00,3,12,,,f,f,f,0,2,3,f
203,2645397,0,2526,21,2027-01-16 15:00:00,4,5,,,f,f,f,0,2,3,f
204,2645398,0,2526,21,2027-01-16 15:00:00,6,20,,,f,f,f,0,2,4,f
205,2645399,0,2526,21,2027-01-16 15:00:00,7,9,,,f,f,f,0,3,2,f
206,2645400,0,2526,21,2027-01-16 15:00:00,11,1,,,f,f,f,0,4,2,f
207,2645401,0,2526,21,2027-01-16 15:00:00,14,8,,,f,f,f,0,3,4,f
208,2645402,0,2526,21,2027-01-16 15:00:00,15,18,,,f,f,f,0,3,5,f
209,2645403,0,2526,21,2027-01-16 15:00:00,17,10,,,f,f,f,0,2,3,f
210,2645404,0,2526,21,2027-01-16 15:00:00,19,13,,,f,f,f,0,2,3,f
211,2645405,0,2526,22,2027-01-23 15:00:00,1,17,,,f,f,f,0,2,5,f
212,2645406,0,2526,22,2027-01-23 15:00:00,5,15,,,f,f,f,0,4,3,f
213,2645407,0,2526,22,2027-01-23 15:00:00,8,19,,,f,f,f,0,3,3,f
214,2645408,0,2526,22,2027-01-23 15:00:00,9,4,,,f,f,f,0,3,3,f
215,2645409,0,2526,22,2027-01-23 15:00:00,10,2,,,f,f,f,0,3,3,f
216,2645410,0,2526,22,2027-01-23 15:00:00,12,11,,,f,f,f,0,2,2,f
217,2645411,0,2526,22,2027-01-23 15:00:00,13,6,,,f,f,f,0,4,3,f
218,2645412,0,2526,22,2027-01-23 15:00:00,16,14,,,f,f,f,0,4,4,f
219,2645413,0,2526,22,2027-01-23 15:00:00,18,3,,,f,f,f,0,3,3,f
220,2645414,0,2526,22,2027-01-23 15:00:00,20,7,,,f,f,f,0,2,3,f
221,2645416,0,2526,23,2027-01-30 15:00:00,2,12,,,f,f,f,0,2,4,f
222,2645415,0,2526,23,2027-01-30 15:00:00,3,10,,,f,f,f,0,2,3,f
223,2645417,0,2526,23,2027-01-30 15:00:00,4,16,,,f,f,f,0,4,3,f
224,2645418,0,2526,23,2027-01-30 15:00:00,6,18,,,f,f,f,0,3,4,f
225,2645419,0,2526,23,2027-01-30 15:00:00,7,13,,,f,f,f,0,2,2,f
226,2645420,0,2526,23,2027-01-30 15:00:00,11,8,,,f,f,f,0,3,2,f
227,2645421,0,2526,23,2027-01-30 15:00:00,14,9,,,f,f,f,0,3,4,f
228,2645422,0,2526,23,2027-01-30 15:00:00,15,1,,,f,f,f,0,4,5,f
229,2645423,0,2526,23,2027-01-30 15:00:00,17,5,,,f,f,f,0,2,3,f
230,2645424,0,2526,23,2027-01-30 15:00:00,19,20,,,f,f,f,0,2,3,f
231,2645425,0,2526,24,2027-02-06 15:00:00,1,14,,,f,f,f,0,4,5,f
232,2645426,0,2526,24,2027-02-06 15:00:00,5,11,,,f,f,f,0,2,3,f
233,2645427,0,2526,24,2027-02-06 15:00:00,8,7,,,f,f,f,0,2,3,f
234,2645428,0,2526,24,2027-02-06 15:00:00,9,17,,,f,f,f,0,2,3,f
235,2645429,0,2526,24,2027-02-06 15:00:00,10,15,,,f,f,f,0,4,3,f
236,2645430,0,2526,24,2027-02-06 15:00:00,12,19,,,f,f,f,0,3,2,f
237,2645431,0,2526,24,2027-02-06 15:00:00,13,3,,,f,f,f,0,3,3,f
238,2645432,0,2526,24,2027-02-06 15:00:00,16,6,,,f,f,f,0,4,4,f
239,2645433,0,2526,24,2027-02-06 15:00:00,18,4,,,f,f,f,0,3,3,f
240,2645434,0,2526,24,2027-02-06 15:00:00,20,2,,,f,f,f,0,3,3,f
241,2645435,0,2526,25,2027-02-10 20:00:00,2,3,,,f,f,f,0,3,4,f
242,2645436,0,2526,25,2027-02-10 20:00:00,7,14,,,f,f,f,0,4,2,f
243,2645437,0,2526,25,2027-02-10 20:00:00,8,4,,,f,f,f,0,3,3,f
244,2645438,0,2526,25,2027-02-10 20:00:00,9,13,,,f,f,f,0,2,3,f
245,2645439,0,2526,25,2027-02-10 20:00:00,10,18,,,f,f,f,0,3,3,f
246,2645440,0,2526,25,2027-02-10 20:00:00,11,20,,,f,f,f,0,2,2,f
247,2645441,0,2526,25,2027-02-10 20:00:00,12,1,,,f,f,f,0,4,2,f
248,2645442,0,2526,25,2027-02-10 20:00:00,16,5,,,f,f,f,0,2,4,f
249,2645443,0,2526,25,2027-02-10 20:00:00,17,6,,,f,f,f,0,4,3,f
250,2645444,0,2526,25,2027-02-10 20:00:00,19,15,,,f,f,f,0,4,3,f
251,2645446,0,2526,26,2027-02-20 15:00:00,1,10,,,f,f,f,0,2,5,f
252,2645445,0,2526,26,2027-02-20 15:00:00,3,8,,,f,f,f,0,3,3,f
253,2645447,0,2526,26,2027-02-20 15:00:00,4,7,,,f,f,f,0,2,3,f
254,2645448,0,2526,26,2027-02-20 15:00:00,5,19,,,f,f,f,0,3,3,f
255,2645449,0,2526,26,2027-02-20 15:00:00,6,12,,,f,f,f,0,2,4,f
256,2645450,0,2526,26,2027-02-20 15:00:00,13,2,,,f,f,f,0,3,3,f
257,2645451,0,2526,26,2027-02-20 15:00:00,14,11,,,f,f,f,0,2,4,f
258,2645452,0,2526,26,2027-02-20 15:00:00,15,17,,,f,f,f,0,2,5,f
259,2645453,0,2526,26,2027-02-20 15:00:00,18,16,,,f,f,f,0,4,3,f
260,2645454,0,2526,26,2027-02-20 15:00:00,20,9,,,f,f,f,0,3,3,f
261,2645455,0,2526,27,2027-02-27 15:00:00,2,6,,,f,f,f,0,4,4,f
262,2645456,0,2526,27,2027-02-27 15:00:00,7,3,,,f,f,f,0,3,2,f
263,2645457,0,2526,27,2027-02-27 15:00:00,8,20,,,f,f,f,0,2,3,f
264,2645458,0,2526,27,2027-02-27 15:00:00,9,18,,,f,f,f,0,3,3,f
265,2645459,0,2526,27,2027-02-27 15:00:00,10,13,,,f,f,f,0,2,3,f
266,2645460,0,2526,27,2027-02-27 15:00:00,11,15,,,f,f,f,0,4,2,f
267,2645461,0,2526,27,2027-02-27 15:00:00,12,5,,,f,f,f,0,2,2,f
268,2645462,0,2526,27,2027-02-27 15:00:00,16,1,,,f,f,f,0,4,4,f
269,2645463,0,2526,27,2027-02-27 15:00:00,17,4,,,f,f,f,0,3,3,f
270,2645464,0,2526,27,2027-02-27 15:00:00,19,14,,,f,f,f,0,4,3,f
271,2645466,0,2526,28,2027-03-03 20:00:00,1,8,,,f,f,f,0,3,5,f
272,2645465,0,2526,28,2027-03-03 20:00:00,3,19,,,f,f,f,0,3,3,f
273,2645467,0,2526,28,2027-03-03 20:00:00,4,12,,,f,f,f,0,2,3,f
274,2645468,0,2526,28,2027-03-03 20:00:00,5,10,,,f,f,f,0,2,3,f
275,2645469,0,2526,28,2027-03-03 20:00:00,6,7,,,f,f,f,0,2,4,f
276,2645470,0,2526,28,2027-03-03 20:00:00,13,11,,,f,f,f,0,2,3,f
277,2645471,0,2526,28,2027-03-03 20:00:00,14,2,,,f,f,f,0,3,4,f
278,2645472,0,2526,28,2027-03-03 20:00:00,15,9,,,f,f,f,0,3,5,f
279,2645473,0,2526,28,2027-03-03 20:00:00,18,17,,,f,f,f,0,2,3,f
280,2645474,0,2526,28,2027-03-03 20:00:00,20,16,,,f,f,f,0,4,3,f
281,2645476,0,2526,29,2027-03-13 15:00:00,2,11,,,f,f,f,0,2,4,f
282,2645475,0,2526,29,2027-03-13 15:00:00,3,17,,,f,f,f,0,2,3,f
283,2645477,0,2526,29,2027-03-13 15:00:00,6,1,,,f,f,f,0,4,4,f
284,2645478,0,2526,29,2027-03-13 15:00:00,7,15,,,f,f,f,0,4,2,f
285,2645479,0,2526,29,2027-03-13 15:00:00,8,10,,,f,f,f,0,2,3,f
286,2645480,0,2526,29,2027-03-13 15:00:00,13,5,,,f,f,f,0,2,3,f
287,2645481,0,2526,29,2027-03-13 15:00:00,14,12,,,f,f,f,0,2,4,f
288,2645482,0,2526,29,2027-03-13 15:00:00,16,9,,,f,f,f,0,3,4,f
290,2645484,0,2526,29,2027-03-13 15:00:00,19,18,,,f,f,f,0,3,3,f
289,2645483,0,2526,29,2027-03-13 15:00:00,20,4,,,f,f,f,0,3,3,f
291,2645485,0,2526,30,2027-03-20 15:00:00,1,20,,,f,f,f,0,2,5,f
292,2645486,0,2526,30,2027-03-20 15:00:00,4,3,,,f,f,f,0,3,3,f
293,2645487,0,2526,30,2027-03-20 15:00:00,5,7,,,f,f,f,0,2,3,f
294,2645488,0,2526,30,2027-03-20 15:00:00,9,19,,,f,f,f,0,3,3,f
295,2645489,0,2526,30,2027-03-20 15:00:00,10,14,,,f,f,f,0,4,3,f
296,2645490,0,2526,30,2027-03-20 15:00:00,11,6,,,f,f,f,0,4,2,f
297,2645491,0,2526,30,2027-03-20 15:00:00,12,8,,,f,f,f,0,3,2,f
298,2645492,0,2526,30,2027-03-20 15:00:00,15,16,,,f,f,f,0,4,5,f
299,2645493,0,2526,30,2027-03-20 15:00:00,17,13,,,f,f,f,0,2,3,f
300,2645494,0,2526,30,2027-03-20 15:00:00,18,2,,,f,f,f,0,3,3,f
301,2645496,0,2526,31,2027-04-10 14:00:00,2,5,,,f,f,f,0,2,4,f
302,2645495,0,2526,31,2027-04-10 14:00:00,3,15,,,f,f,f,0,4,3,f
303,2645497,0,2526,31,2027-04-10 14:00:00,6,10,,,f,f,f,0,2,4,f
304,2645498,0,2526,31,2027-04-10 14:00:00,7,1,,,f,f,f,0,4,2,f
305,2645499,0,2526,31,2027-04-10 14:00:00,8,9,,,f,f,f,0,3,3,f
306,2645500,0,2526,31,2027-04-10 14:00:00,13,18,,,f,f,f,0,3,3,f
307,2645501,0,2526,31,2027-04-10 14:00:00,14,17,,,f,f,f,0,2,4,f
308,2645502,0,2526,31,2027-04-10 14:00:00,16,11,,,f,f,f,0,2,4,f
310,2645504,0,2526,31,2027-04-10 14:00:00,19,4,,,f,f,f,0,3,3,f
309,2645503,0,2526,31,2027-04-10 14:00:00,20,12,,,f,f,f,0,2,3,f
311,2645505,0,2526,32,2027-04-17 14:00:00,1,2,,,f,f,f,0,3,5,f
312,2645506,0,2526,32,2027-04-17 14:00:00,4,13,,,f,f,f,0,2,3,f
313,2645507,0,2526,32,2027-04-17 14:00:00,5,6,,,f,f,f,0,4,3,f
314,2645508,0,2526,32,2027-04-17 14:00:00,9,3,,,f,f,f,0,3,3,f
315,2645509,0,2526,32,2027-04-17 14:00:00,10,20,,,f,f,f,0,2,3,f
316,2645510,0,2526,32,2027-04-17 14:00:00,11,7,,,f,f,f,0,2,2,f
317,2645511,0,2526,32,2027-04-17 14:00:00,12,16,,,f,f,f,0,4,2,f
318,2645512,0,2526,32,2027-04-17 14:00:00,15,8,,,f,f,f,0,3,5,f
319,2645513,0,2526,32,2027-04-17 14:00:00,17,19,,,f,f,f,0,3,3,f
320,2645514,0,2526,32,2027-04-17 14:00:00,18,14,,,f,f,f,0,4,3,f
321,2645516,0,2526,33,2027-04-24 14:00:00,2,7,,,f,f,f,0,2,4,f
322,2645515,0,2526,33,2027-04-24 14:00:00,3,1,,,f,f,f,0,4,3,f
323,2645517,0,2526,33,2027-04-24 14:00:00,4,10,,,f,f,f,0,2,3,f
324,2645518,0,2526,33,2027-04-24 14:00:00,6,15,,,f,f,f,0,4,4,f
325,2645519,0,2526,33,2027-04-24 14:00:00,9,5,,,f,f,f,0,2,3,f
326,2645520,0,2526,33,2027-04-24 14:00:00,13,14,,,f,f,f,0,4,3,f
327,2645521,0,2526,33,2027-04-24 14:00:00,16,8,,,f,f,f,0,3,4,f
328,2645522,0,2526,33,2027-04-24 14:00:00,17,12,,,f,f,f,0,2,3,f
329,2645523,0,2526,33,2027-04-24 14:00:00,18,20,,,f,f,f,0,2,3,f
330,2645524,0,2526,33,2027-04-24 14:00:00,19,11,,,f,f,f,0,2,3,f
331,2645525,0,2526,34,2027-05-01 14:00:00,1,19,,,f,f,f,0,3,5,f
332,2645526,0,2526,34,2027-05-01 14:00:00,5,18,,,f,f,f,0,3,3,f
333,2645527,0,2526,34,2027-05-01 14:00:00,7,16,,,f,f,f,0,4,2,f
334,2645528,0,2526,34,2027-05-01 14:00:00,8,2,,,f,f,f,0,3,3,f
335,2645529,0,2526,34,2027-05-01 14:00:00,10,9,,,f,f,f,0,3,3,f
336,2645530,0,2526,34,2027-05-01 14:00:00,11,3,,,f,f,f,0,3,2,f
337,2645531,0,2526,34,2027-05-01 14:00:00,12,13,,,f,f,f,0,2,2,f
338,2645532,0,2526,34,2027-05-01 14:00:00,14,6,,,f,f,f,0,4,4,f
339,2645533,0,2526,34,2027-05-01 14:00:00,15,4,,,f,f,f,0,3,5,f
340,2645534,0,2526,34,2027-05-01 14:00:00,20,17,,,f,f,f,0,2,3,f
341,2645535,0,2526,35,2027-05-08 14:00:00,3,16,,,f,f,f,0,4,3,f
342,2645536,0,2526,35,2027-05-08 14:00:00,4,2,,,f,f,f,0,3,3,f
343,2645537,0,2526,35,2027-05-08 14:00:00,5,20,,,f,f,f,0,2,3,f
344,2645538,0,2526,35,2027-05-08 14:00:00,9,11,,,f,f,f,0,2,3,f
345,2645539,0,2526,35,2027-05-08 14:00:00,10,12,,,f,f,f,0,2,3,f
346,2645540,0,2526,35,2027-05-08 14:00:00,13,1,,,f,f,f,0,4,3,f
347,2645541,0,2526,35,2027-05-08 14:00:00,15,14,,,f,f,f,0,4,5,f
348,2645542,0,2526,35,2027-05-08 14:00:00,17,7,,,f,f,f,0,2,3,f
349,2645543,0,2526,35,2027-05-08 14:00:00,18,8,,,f,f,f,0,3,3,f
350,2645544,0,2526,35,2027-05-08 14:00:00,19,6,,,f,f,f,0,4,3,f
351,2645545,0,2526,36,2027-05-15 14:00:00,1,18,,,f,f,f,0,3,5,f
352,2645546,0,2526,36,2027-05-15 14:00:00,2,17,,,f,f,f,0,2,4,f
353,2645547,0,2526,36,2027-05-15 14:00:00,6,9,,,f,f,f,0,3,4,f
354,2645548,0,2526,36,2027-05-15 14:00:00,7,19,,,f,f,f,0,3,2,f
355,2645549,0,2526,36,2027-05-15 14:00:00,8,5,,,f,f,f,0,2,3,f
356,2645550,0,2526,36,2027-05-15 14:00:00,11,10,,,f,f,f,0,2,2,f
357,2645551,0,2526,36,2027-05-15 14:00:00,12,15,,,f,f,f,0,4,2,f
358,2645552,0,2526,36,2027-05-15 14:00:00,14,4,,,f,f,f,0,3,4,f
359,2645553,0,2526,36,2027-05-15 14:00:00,16,13,,,f,f,f,0,2,4,f
360,2645554,0,2526,36,2027-05-15 14:00:00,20,3,,,f,f,f,0,3,3,f
361,2645555,0,2526,37,2027-05-23 14:00:00,3,6,,,f,f,f,0,4,3,f
362,2645556,0,2526,37,2027-05-23 14:00:00,4,11,,,f,f,f,0,2,3,f
363,2645557,0,2526,37,2027-05-23 14:00:00,5,14,,,f,f,f,0,4,3,f
364,2645558,0,2526,37,2027-05-23 14:00:00,9,1,,,f,f,f,0,4,3,f
365,2645559,0,2526,37,2027-05-23 14:00:00,10,7,,,f,f,f,0,2,3,f
366,2645560,0,2526,37,2027-05-23 14:00:00,13,20,,,f,f,f,0,2,3,f
367,2645561,0,2526,37,2027-05-23 14:00:00,15,2,,,f,f,f,0,3,5,f
368,2645562,0,2526,37,2027-05-23 14:00:00,17,8,,,f,f,f,0,3,3,f
369,2645563,0,2526,37,2027-05-23 14:00:00,18,12,,,f,f,f,0,2,3,f
370,2645564,0,2526,37,2027-05-23 14:00:00,19,16,,,f,f,f,0,4,3,f
371,2645565,0,2526,38,2027-05-30 15:00:00,1,5,,,f,f,f,0,2,5,f
372,2645566,0,2526,38,2027-05-30 15:00:00,2,19,,,f,f,f,0,3,4,f
379,2645573,0,2526,38,2027-05-30 15:00:00,16,10,,,f,f,f,0,2,4,f
380,2645574,0,2526,38,2027-05-30 15:00:00,20,15,,,f,f,f,0,4,3,f
1,2210271,66342,2122,1,2021-08-13 19:00:00,3,1,2,0,t,t,t,90,4,2,t
6,2210276,66347,2122,1,2021-08-14 11:30:00,13,10,5,1,t,t,t,90,2,4,t
2,2210272,66343,2122,1,2021-08-14 14:00:00,5,4,1,2,t,t,t,90,2,2,t
3,2210273,66344,2122,1,2021-08-14 14:00:00,6,7,3,0,t,t,t,90,2,4,t
4,2210274,66345,2122,1,2021-08-14 14:00:00,8,16,3,1,t,t,t,90,2,2,t
5,2210275,66346,2122,1,2021-08-14 14:00:00,9,20,1,0,t,t,t,90,3,3,t
8,2210280,66351,2122,1,2021-08-14 14:00:00,18,2,3,2,t,t,t,90,2,2,t
7,2210278,66349,2122,1,2021-08-14 16:30:00,15,11,0,3,t,t,t,90,4,2,t
9,2210277,66348,2122,1,2021-08-15 13:00:00,14,19,2,4,t,t,t,90,3,3,t
10,2210279,66350,2122,1,2021-08-15 15:30:00,17,12,1,0,t,t,t,90,5,4,t
15,2210286,66357,2122,2,2021-08-21 11:30:00,11,5,2,0,t,t,t,90,2,5,t
11,2210282,66353,2122,2,2021-08-21 14:00:00,2,14,2,0,t,t,t,90,2,2,t
13,2210284,66355,2122,2,2021-08-21 14:00:00,7,3,0,0,t,t,t,90,2,2,t
14,2210285,66356,2122,2,2021-08-21 14:00:00,10,8,2,2,t,t,t,90,2,2,t
16,2210287,66358,2122,2,2021-08-21 14:00:00,12,15,5,0,t,t,t,90,2,5,t
12,2210283,66354,2122,2,2021-08-21 16:30:00,4,18,2,0,t,t,t,90,2,2,t
19,2210288,66359,2122,2,2021-08-22 13:00:00,16,13,1,1,t,t,t,90,3,3,t
17,2210290,66361,2122,2,2021-08-22 13:00:00,20,17,0,1,t,t,t,90,3,3,t
18,2210281,66352,2122,2,2021-08-22 15:30:00,1,6,0,2,t,t,t,90,4,4,t
20,2210289,66360,2122,2,2021-08-23 19:00:00,19,9,4,1,t,t,t,90,2,3,t
24,2210295,66366,2122,3,2021-08-28 11:30:00,12,1,5,0,t,t,t,90,4,5,t
21,2210291,66362,2122,3,2021-08-28 14:00:00,2,3,1,1,t,t,t,90,2,2,t
22,2210292,66363,2122,3,2021-08-28 14:00:00,4,8,0,2,t,t,t,90,2,2,t
25,2210296,66367,2122,3,2021-08-28 14:00:00,14,16,2,2,t,t,t,90,2,3,t
26,2210297,66368,2122,3,2021-08-28 14:00:00,15,9,1,2,t,t,t,90,2,2,t
28,2210299,66370,2122,3,2021-08-28 14:00:00,19,7,2,2,t,t,t,90,2,3,t
23,2210294,66365,2122,3,2021-08-28 16:30:00,11,6,1,1,t,t,t,90,4,5,t
29,2210293,66364,2122,3,2021-08-29 13:00:00,5,10,1,1,t,t,t,90,2,2,t
27,2210298,66369,2122,3,2021-08-29 13:00:00,17,18,1,0,t,t,t,90,2,4,t
30,2210300,66371,2122,3,2021-08-29 15:30:00,20,13,0,1,t,t,t,90,3,3,t
34,2210304,66375,2122,4,2021-09-11 11:30:00,7,17,3,0,t,t,t,90,3,2,t
31,2210301,66372,2122,4,2021-09-11 14:00:00,1,15,1,0,t,t,t,90,2,4,t
32,2210302,66373,2122,4,2021-09-11 14:00:00,3,4,0,1,t,t,t,90,2,2,t
37,2210307,66378,2122,4,2021-09-11 14:00:00,9,12,0,1,t,t,t,90,5,3,t
38,2210308,66379,2122,4,2021-09-11 14:00:00,13,14,4,1,t,t,t,90,2,4,t
39,2210309,66380,2122,4,2021-09-11 14:00:00,16,19,0,0,t,t,t,90,3,3,t
40,2210310,66381,2122,4,2021-09-11 14:00:00,18,20,0,2,t,t,t,90,3,2,t
33,2210303,66374,2122,4,2021-09-11 16:30:00,6,2,3,0,t,t,t,90,2,4,t
36,2210306,66377,2122,4,2021-09-12 15:30:00,10,11,0,3,t,t,t,90,4,2,t
35,2210305,66376,2122,4,2021-09-13 19:00:00,8,5,3,1,t,t,t,90,2,2,t
46,2210316,66387,2122,5,2021-09-17 19:00:00,14,10,1,1,t,t,t,90,2,3,t
50,2210320,66391,2122,5,2021-09-18 11:30:00,20,3,0,2,t,t,t,90,2,3,t
43,2210313,66384,2122,5,2021-09-18 14:00:00,5,1,0,1,t,t,t,90,4,2,t
44,2210314,66385,2122,5,2021-09-18 14:00:00,11,7,3,0,t,t,t,90,2,5,t
45,2210315,66386,2122,5,2021-09-18 14:00:00,12,16,0,0,t,t,t,90,2,5,t
47,2210317,66388,2122,5,2021-09-18 14:00:00,15,18,1,3,t,t,t,90,2,2,t
41,2210311,66382,2122,5,2021-09-18 16:30:00,2,8,3,0,t,t,t,90,2,2,t
42,2210312,66383,2122,5,2021-09-19 13:00:00,4,9,2,1,t,t,t,90,2,2,t
49,2210319,66390,2122,5,2021-09-19 13:00:00,19,13,1,2,t,t,t,90,3,3,t
48,2210318,66389,2122,5,2021-09-19 15:30:00,17,6,0,3,t,t,t,90,4,4,t
53,2210323,66394,2122,6,2021-09-25 11:30:00,6,12,0,1,t,t,t,90,5,4,t
58,2210328,66399,2122,6,2021-09-25 11:30:00,13,2,0,1,t,t,t,90,2,4,t
55,2210325,66396,2122,6,2021-09-25 14:00:00,8,15,2,0,t,t,t,90,2,2,t
56,2210326,66397,2122,6,2021-09-25 14:00:00,10,19,1,2,t,t,t,90,3,2,t
57,2210327,66398,2122,6,2021-09-25 14:00:00,9,5,2,2,t,t,t,90,2,3,t
60,2210330,66401,2122,6,2021-09-25 14:00:00,18,14,1,1,t,t,t,90,2,2,t
52,2210322,66393,2122,6,2021-09-25 16:30:00,3,11,3,3,t,t,t,90,4,2,t
59,2210329,66400,2122,6,2021-09-26 13:00:00,16,20,0,1,t,t,t,90,3,3,t
51,2210321,66392,2122,6,2021-09-26 15:30:00,1,17,3,1,t,t,t,90,3,4,t
54,2210324,66395,2122,6,2021-09-27 19:00:00,7,4,1,1,t,t,t,90,2,2,t
67,2210337,66408,2122,7,2021-10-02 11:30:00,13,8,1,1,t,t,t,90,2,4,t
62,2210332,66403,2122,7,2021-10-02 14:00:00,5,15,0,0,t,t,t,90,2,2,t
63,2210333,66404,2122,7,2021-10-02 14:00:00,6,16,3,1,t,t,t,90,2,4,t
65,2210335,66406,2122,7,2021-10-02 14:00:00,10,18,1,0,t,t,t,90,2,2,t
70,2210340,66411,2122,7,2021-10-02 14:00:00,20,14,2,1,t,t,t,90,2,3,t
61,2210331,66402,2122,7,2021-10-02 16:30:00,4,1,0,0,t,t,t,90,4,2,t
64,2210334,66405,2122,7,2021-10-03 13:00:00,7,9,2,2,t,t,t,90,2,2,t
68,2210338,66409,2122,7,2021-10-03 13:00:00,17,2,2,1,t,t,t,90,2,4,t
69,2210339,66410,2122,7,2021-10-03 13:00:00,19,3,1,2,t,t,t,90,2,3,t
66,2210336,66407,2122,7,2021-10-03 15:30:00,11,12,2,2,t,t,t,90,5,5,t
80,2210350,66421,2122,8,2021-10-16 11:30:00,18,11,0,5,t,t,t,90,4,2,t
72,2210342,66413,2122,8,2021-10-16 14:00:00,2,20,2,3,t,t,t,90,3,2,t
75,2210345,66416,2122,8,2021-10-16 14:00:00,9,13,4,2,t,t,t,90,3,3,t
76,2210346,66417,2122,8,2021-10-16 14:00:00,12,5,2,0,t,t,t,90,2,5,t
78,2210348,66419,2122,8,2021-10-16 14:00:00,15,4,0,0,t,t,t,90,2,2,t
79,2210349,66420,2122,8,2021-10-16 14:00:00,16,10,1,0,t,t,t,90,2,3,t
73,2210343,66414,2122,8,2021-10-16 16:30:00,3,6,0,1,t,t,t,90,4,2,t
74,2210344,66415,2122,8,2021-10-17 13:00:00,8,19,0,1,t,t,t,90,3,2,t
77,2210347,66418,2122,8,2021-10-17 15:30:00,14,17,2,3,t,t,t,90,3,3,t
71,2210341,66412,2122,8,2021-10-18 19:00:00,1,7,2,2,t,t,t,90,2,4,t
81,2210351,66422,2122,9,2021-10-22 19:00:00,1,2,3,1,t,t,t,90,2,4,t
84,2210354,66425,2122,9,2021-10-23 11:30:00,6,15,7,0,t,t,t,90,2,4,t
85,2210355,66426,2122,9,2021-10-23 14:00:00,7,14,1,1,t,t,t,90,2,2,t
86,2210356,66427,2122,9,2021-10-23 14:00:00,8,18,2,5,t,t,t,90,2,2,t
87,2210357,66428,2122,9,2021-10-23 14:00:00,10,20,1,1,t,t,t,90,3,2,t
89,2210359,66430,2122,9,2021-10-23 14:00:00,16,5,2,2,t,t,t,90,2,3,t
83,2210353,66424,2122,9,2021-10-23 16:30:00,4,12,1,4,t,t,t,90,5,2,t
82,2210352,66423,2122,9,2021-10-24 13:00:00,3,9,1,2,t,t,t,90,2,2,t
90,2210360,66431,2122,9,2021-10-24 13:00:00,19,17,1,0,t,t,t,90,3,3,t
88,2210358,66429,2122,9,2021-10-24 15:30:00,13,11,0,5,t,t,t,90,4,4,t
93,2210363,66434,2122,10,2021-10-30 11:30:00,9,1,0,2,t,t,t,90,4,3,t
92,2210362,66433,2122,10,2021-10-30 14:00:00,5,3,3,1,t,t,t,90,2,2,t
94,2210364,66435,2122,10,2021-10-30 14:00:00,11,4,2,2,t,t,t,90,2,5,t
95,2210365,66436,2122,10,2021-10-30 14:00:00,12,7,0,2,t,t,t,90,2,5,t
96,2210366,66437,2122,10,2021-10-30 14:00:00,14,6,0,3,t,t,t,90,4,3,t
99,2210369,66440,2122,10,2021-10-30 14:00:00,18,16,0,1,t,t,t,90,2,2,t
98,2210368,66439,2122,10,2021-10-30 16:30:00,17,13,0,3,t,t,t,90,3,4,t
97,2210367,66438,2122,10,2021-10-31 14:00:00,15,10,1,2,t,t,t,90,2,2,t
91,2210361,66432,2122,10,2021-10-31 16:30:00,2,19,1,4,t,t,t,90,3,2,t
100,2210370,66441,2122,10,2021-11-01 20:00:00,20,8,2,1,t,t,t,90,2,3,t
109,2210379,66450,2122,11,2021-11-05 20:00:00,16,2,1,0,t,t,t,90,2,3,t
108,2210378,66449,2122,11,2021-11-06 12:30:00,13,12,0,2,t,t,t,90,5,4,t
102,2210372,66443,2122,11,2021-11-06 15:00:00,3,15,1,2,t,t,t,90,2,2,t
104,2210374,66445,2122,11,2021-11-06 15:00:00,6,5,1,1,t,t,t,90,2,4,t
105,2210375,66446,2122,11,2021-11-06 15:00:00,7,20,2,0,t,t,t,90,3,2,t
103,2210373,66444,2122,11,2021-11-06 17:30:00,4,14,1,1,t,t,t,90,2,2,t
101,2210371,66442,2122,11,2021-11-07 14:00:00,1,18,1,0,t,t,t,90,2,4,t
106,2210376,66447,2122,11,2021-11-07 14:00:00,8,17,0,0,t,t,t,90,3,2,t
107,2210377,66448,2122,11,2021-11-07 14:00:00,10,9,1,1,t,t,t,90,2,2,t
110,2210380,66451,2122,11,2021-11-07 16:30:00,19,11,3,2,t,t,t,90,4,3,t
113,2210383,66454,2122,12,2021-11-20 12:30:00,9,6,0,3,t,t,t,90,4,3,t
111,2210381,66452,2122,12,2021-11-20 15:00:00,2,4,2,0,t,t,t,90,2,2,t
112,2210382,66453,2122,12,2021-11-20 15:00:00,5,7,3,3,t,t,t,90,2,2,t
116,2210386,66457,2122,12,2021-11-20 15:00:00,14,3,3,3,t,t,t,90,2,3,t
117,2210387,66458,2122,12,2021-11-20 15:00:00,15,16,2,1,t,t,t,90,2,2,t
119,2210389,66460,2122,12,2021-11-20 15:00:00,18,13,4,1,t,t,t,90,3,2,t
120,2210390,66461,2122,12,2021-11-20 15:00:00,20,19,1,0,t,t,t,90,3,3,t
114,2210384,66455,2122,12,2021-11-20 17:30:00,11,1,4,0,t,t,t,90,4,5,t
115,2210385,66456,2122,12,2021-11-21 14:00:00,12,8,3,0,t,t,t,90,2,5,t
118,2210388,66459,2122,12,2021-11-21 16:30:00,17,10,2,1,t,t,t,90,2,4,t
121,2210391,66462,2122,13,2021-11-27 12:30:00,1,14,2,0,t,t,t,90,2,4,t
126,2210396,66467,2122,13,2021-11-27 15:00:00,7,2,1,2,t,t,t,90,2,2,t
128,2210398,66469,2122,13,2021-11-27 15:00:00,11,16,4,0,t,t,t,90,2,5,t
130,2210400,66471,2122,13,2021-11-27 15:00:00,15,20,0,0,t,t,t,90,3,2,t
123,2210393,66464,2122,13,2021-11-27 17:30:00,4,10,0,0,t,t,t,90,2,2,t
122,2210392,66463,2122,13,2021-11-28 14:00:00,3,8,1,0,t,t,t,90,2,2,t
127,2210397,66468,2122,13,2021-11-28 14:00:00,9,18,4,2,t,t,t,90,2,3,t
129,2210399,66470,2122,13,2021-11-28 14:00:00,12,19,2,1,t,t,t,90,3,5,t
125,2210395,66466,2122,13,2021-11-28 16:30:00,6,13,1,1,t,t,t,90,3,4,t
138,2210408,66479,2122,14,2021-11-30 19:30:00,14,15,1,1,t,t,t,90,2,3,t
133,2210403,66474,2122,14,2021-11-30 20:15:00,10,7,1,0,t,t,t,90,2,2,t
139,2210409,66480,2122,14,2021-12-01 19:30:00,16,9,2,2,t,t,t,90,2,3,t
135,2210405,66476,2122,14,2021-12-01 19:30:00,18,6,1,2,t,t,t,90,4,2,t
136,2210406,66477,2122,14,2021-12-01 19:30:00,19,4,1,1,t,t,t,90,2,3,t
137,2210407,66478,2122,14,2021-12-01 19:30:00,20,5,0,0,t,t,t,90,2,3,t
131,2210401,66472,2122,14,2021-12-01 20:15:00,2,12,1,2,t,t,t,90,5,2,t
132,2210402,66473,2122,14,2021-12-01 20:15:00,8,11,1,4,t,t,t,90,4,2,t
140,2210410,66481,2122,14,2021-12-02 19:30:00,17,3,2,0,t,t,t,90,2,4,t
134,2210404,66475,2122,14,2021-12-02 20:15:00,13,1,3,2,t,t,t,90,4,4,t
149,2210419,66490,2122,15,2021-12-04 12:30:00,19,6,3,2,t,t,t,90,4,3,t
145,2210415,66486,2122,15,2021-12-04 15:00:00,14,5,1,0,t,t,t,90,2,3,t
146,2210416,66487,2122,15,2021-12-04 15:00:00,16,4,1,1,t,t,t,90,2,3,t
150,2210420,66491,2122,15,2021-12-04 15:00:00,20,11,0,1,t,t,t,90,4,3,t
148,2210418,66489,2122,15,2021-12-04 17:30:00,18,12,1,3,t,t,t,90,5,2,t
143,2210413,66484,2122,15,2021-12-05 14:00:00,10,3,2,2,t,t,t,90,2,2,t
144,2210414,66485,2122,15,2021-12-05 14:00:00,13,7,1,0,t,t,t,90,2,4,t
147,2210417,66488,2122,15,2021-12-05 14:00:00,17,15,3,0,t,t,t,90,2,4,t
141,2210411,66482,2122,15,2021-12-05 16:30:00,2,9,2,1,t,t,t,90,2,2,t
142,2210412,66483,2122,15,2021-12-06 20:00:00,8,1,2,1,t,t,t,90,4,2,t
152,2210422,66493,2122,16,2021-12-10 20:00:00,3,18,2,1,t,t,t,90,2,2,t
159,2210429,66500,2122,16,2021-12-11 12:30:00,12,20,1,0,t,t,t,90,3,5,t
151,2210421,66492,2122,16,2021-12-11 15:00:00,1,16,3,0,t,t,t,90,2,4,t
155,2210425,66496,2122,16,2021-12-11 15:00:00,6,10,3,2,t,t,t,90,2,4,t
158,2210428,66499,2122,16,2021-12-11 15:00:00,11,2,1,0,t,t,t,90,2,5,t
160,2210430,66501,2122,16,2021-12-11 17:30:00,15,13,0,1,t,t,t,90,3,2,t
154,2210424,66495,2122,16,2021-12-12 14:00:00,5,19,0,0,t,t,t,90,3,2,t
157,2210427,66498,2122,16,2021-12-12 14:00:00,9,14,4,0,t,t,t,90,2,3,t
156,2210426,66497,2122,16,2021-12-12 16:30:00,7,8,3,1,t,t,t,90,2,2,t
167,2210437,66508,2122,17,2021-12-14 19:45:00,15,2,0,2,t,t,t,90,2,2,t
170,2210440,66511,2122,17,2021-12-14 20:00:00,12,10,7,0,t,t,t,90,2,5,t
163,2210433,66504,2122,17,2021-12-15 19:30:00,4,20,0,1,t,t,t,90,3,2,t
165,2210435,66506,2122,17,2021-12-15 19:30:00,7,16,2,2,t,t,t,90,2,2,t
161,2210431,66502,2122,17,2021-12-15 20:00:00,1,19,2,0,t,t,t,90,3,4,t
168,2210438,66509,2122,17,2021-12-16 19:45:00,6,8,1,1,t,t,t,90,2,4,t
169,2210439,66510,2122,17,2021-12-16 20:00:00,11,14,3,1,t,t,t,90,2,5,t
173,2210443,66514,2122,18,2021-12-18 17:30:00,10,1,1,4,t,t,t,90,4,2,t
175,2210445,66516,2122,18,2021-12-19 14:00:00,14,12,0,4,t,t,t,90,5,3,t
180,2210450,66521,2122,18,2021-12-19 14:00:00,20,6,0,0,t,t,t,90,4,3,t
177,2210447,66518,2122,18,2021-12-19 16:30:00,17,11,2,2,t,t,t,90,4,4,t
185,2210455,66526,2122,19,2021-12-26 15:00:00,12,9,6,3,t,t,t,90,2,5,t
187,2210457,66528,2122,19,2021-12-26 15:00:00,15,1,0,5,t,t,t,90,4,2,t
188,2210458,66529,2122,19,2021-12-26 15:00:00,17,7,3,0,t,t,t,90,2,4,t
189,2210459,66530,2122,19,2021-12-26 15:00:00,19,16,2,3,t,t,t,90,2,3,t
181,2210451,66522,2122,19,2021-12-26 17:30:00,2,6,1,3,t,t,t,90,4,2,t
182,2210452,66523,2122,19,2021-12-26 20:00:00,4,3,2,0,t,t,t,90,2,2,t
186,2210456,66527,2122,19,2021-12-27 20:00:00,14,13,1,1,t,t,t,90,3,3,t
194,2210464,66535,2122,20,2021-12-28 15:00:00,7,15,3,0,t,t,t,90,2,2,t
199,2210469,66540,2122,20,2021-12-28 15:00:00,16,17,1,1,t,t,t,90,3,3,t
200,2210470,66541,2122,20,2021-12-28 15:00:00,18,19,1,4,t,t,t,90,3,2,t
197,2210467,66538,2122,20,2021-12-28 20:00:00,9,11,1,0,t,t,t,90,4,3,t
193,2210463,66534,2122,20,2021-12-29 19:30:00,6,4,1,1,t,t,t,90,2,4,t
192,2210462,66533,2122,20,2021-12-29 20:15:00,3,12,0,1,t,t,t,90,5,2,t
198,2210468,66539,2122,20,2021-12-30 20:15:00,13,5,3,1,t,t,t,90,2,4,t
201,2210471,66542,2122,21,2022-01-01 12:30:00,1,12,1,2,t,t,t,90,5,4,t
210,2210480,66551,2122,21,2022-01-01 15:00:00,18,17,0,1,t,t,t,90,3,2,t
204,2210474,66545,2122,21,2022-01-01 17:30:00,7,19,2,3,t,t,t,90,3,2,t
202,2210472,66543,2122,21,2022-01-02 14:00:00,3,2,2,1,t,t,t,90,2,2,t
205,2210475,66546,2122,21,2022-01-02 14:00:00,8,4,2,3,t,t,t,90,2,2,t
206,2210476,66547,2122,21,2022-01-02 14:00:00,10,5,3,1,t,t,t,90,2,2,t
203,2210473,66544,2122,21,2022-01-02 16:30:00,6,11,2,2,t,t,t,90,4,4,t
208,2210478,66549,2122,21,2022-01-03 17:30:00,13,20,0,1,t,t,t,90,3,4,t
176,2210446,66517,2122,21,2022-01-11 19:45:00,16,3,4,1,t,t,t,90,2,3,t
179,2210449,66520,2122,21,2022-01-12 19:45:00,19,15,2,0,t,t,t,90,2,3,t
212,2210482,66553,2122,22,2022-01-14 20:00:00,4,7,1,1,t,t,t,90,2,2,t
215,2210485,66556,2122,22,2022-01-15 12:30:00,12,6,1,0,t,t,t,90,4,5,t
216,2210486,66557,2122,22,2022-01-15 15:00:00,14,18,1,1,t,t,t,90,2,3,t
217,2210487,66558,2122,22,2022-01-15 15:00:00,15,8,2,1,t,t,t,90,2,2,t
220,2210490,66561,2122,22,2022-01-15 15:00:00,20,16,3,1,t,t,t,90,2,3,t
211,2210481,66552,2122,22,2022-01-15 17:30:00,2,13,2,2,t,t,t,90,3,2,t
214,2210484,66555,2122,22,2022-01-16 14:00:00,11,3,3,0,t,t,t,90,2,5,t
219,2210489,66560,2122,22,2022-01-16 14:00:00,19,10,2,3,t,t,t,90,2,3,t
232,2210502,66573,2122,22,2022-01-18 20:00:00,4,6,1,1,t,t,t,90,4,2,t
166,2210436,66507,2122,22,2022-01-19 19:30:00,9,17,2,3,t,t,t,90,3,3,t
162,2210432,66503,2122,22,2022-01-19 20:00:00,3,13,1,3,t,t,t,90,3,2,t
230,2210500,66571,2122,23,2022-01-21 20:00:00,18,15,0,3,t,t,t,90,2,2,t
225,2210495,66566,2122,23,2022-01-22 12:30:00,8,2,0,1,t,t,t,90,2,2,t
222,2210492,66563,2122,23,2022-01-22 15:00:00,3,20,1,2,t,t,t,90,3,2,t
226,2210496,66567,2122,23,2022-01-22 15:00:00,10,14,0,1,t,t,t,90,2,2,t
228,2210498,66569,2122,23,2022-01-22 15:00:00,13,19,1,0,t,t,t,90,3,4,t
229,2210499,66570,2122,23,2022-01-22 17:30:00,16,12,1,1,t,t,t,90,5,3,t
221,2210491,66562,2122,23,2022-01-23 14:00:00,1,5,0,0,t,t,t,90,2,4,t
224,2210494,66565,2122,23,2022-01-23 14:00:00,7,11,1,3,t,t,t,90,4,2,t
227,2210497,66568,2122,23,2022-01-23 14:00:00,9,4,1,1,t,t,t,90,2,3,t
223,2210493,66564,2122,23,2022-01-23 16:30:00,6,17,2,0,t,t,t,90,3,4,t
164,2210434,66505,2122,23,2022-02-05 18:00:00,5,18,0,0,t,t,t,90,2,2,t
239,2210509,66580,2122,24,2022-02-08 19:45:00,14,8,3,1,t,t,t,90,2,3,t
235,2210505,66576,2122,24,2022-02-08 19:45:00,19,18,1,0,t,t,t,90,2,3,t
233,2210503,66574,2122,24,2022-02-08 20:00:00,5,13,1,1,t,t,t,90,3,2,t
238,2210508,66579,2122,24,2022-02-09 19:45:00,12,3,2,0,t,t,t,90,2,5,t
234,2210504,66575,2122,24,2022-02-09 19:45:00,15,7,1,1,t,t,t,90,2,2,t
240,2210510,66581,2122,24,2022-02-09 19:45:00,17,16,2,3,t,t,t,90,2,4,t
231,2210501,66572,2122,24,2022-02-09 20:00:00,2,10,3,3,t,t,t,90,2,2,t
237,2210507,66578,2122,24,2022-02-10 19:45:00,11,9,2,0,t,t,t,90,2,5,t
236,2210506,66577,2122,24,2022-02-10 19:45:00,20,1,0,1,t,t,t,90,4,3,t
246,2210516,66587,2122,25,2022-02-12 12:30:00,13,16,1,1,t,t,t,90,2,4,t
241,2210511,66582,2122,25,2022-02-12 15:00:00,3,7,0,0,t,t,t,90,2,2,t
244,2210514,66585,2122,25,2022-02-12 15:00:00,8,10,3,0,t,t,t,90,2,2,t
250,2210520,66591,2122,25,2022-02-12 15:00:00,18,4,0,2,t,t,t,90,2,2,t
248,2210518,66589,2122,25,2022-02-12 17:30:00,15,12,0,4,t,t,t,90,5,2,t
242,2210512,66583,2122,25,2022-02-13 14:00:00,5,11,0,1,t,t,t,90,4,2,t
247,2210517,66588,2122,25,2022-02-13 14:00:00,14,2,1,0,t,t,t,90,2,3,t
249,2210519,66590,2122,25,2022-02-13 14:00:00,17,20,0,2,t,t,t,90,3,4,t
245,2210515,66586,2122,25,2022-02-13 16:30:00,9,19,2,2,t,t,t,90,3,3,t
174,2210444,66515,2122,25,2022-02-15 20:15:00,13,4,2,0,t,t,t,90,2,4,t
259,2210529,66600,2122,26,2022-02-19 12:30:00,19,14,1,1,t,t,t,90,2,3,t
251,2210521,66592,2122,26,2022-02-19 15:00:00,1,3,2,1,t,t,t,90,2,4,t
252,2210522,66593,2122,26,2022-02-19 15:00:00,2,18,0,1,t,t,t,90,2,2,t
253,2210523,66594,2122,26,2022-02-19 15:00:00,4,5,0,3,t,t,t,90,2,2,t
254,2210524,66595,2122,26,2022-02-19 15:00:00,7,6,0,1,t,t,t,90,4,2,t
256,2210526,66597,2122,26,2022-02-19 15:00:00,11,15,3,1,t,t,t,90,2,5,t
258,2210528,66599,2122,26,2022-02-19 15:00:00,16,8,2,0,t,t,t,90,2,3,t
257,2210527,66598,2122,26,2022-02-19 17:30:00,12,17,2,3,t,t,t,90,3,5,t
255,2210525,66596,2122,26,2022-02-20 14:00:00,10,13,2,4,t,t,t,90,3,2,t
260,2210530,66601,2122,26,2022-02-20 16:30:00,20,9,2,1,t,t,t,90,2,3,t
124,2210394,66465,2122,26,2022-02-23 19:30:00,5,17,1,0,t,t,t,90,3,2,t
178,2210448,66519,2122,26,2022-02-23 19:30:00,18,7,1,4,t,t,t,90,2,2,t
184,2210454,66525,2122,26,2022-02-23 19:45:00,11,10,6,0,t,t,t,90,2,5,t
191,2210461,66532,2122,26,2022-02-24 19:45:00,1,20,2,1,t,t,t,90,3,4,t
269,2210539,66610,2122,27,2022-02-25 20:00:00,16,15,2,0,t,t,t,90,2,3,t
267,2210537,66608,2122,27,2022-02-26 12:30:00,10,17,0,4,t,t,t,90,3,2,t
262,2210532,66603,2122,27,2022-02-26 15:00:00,3,14,0,2,t,t,t,90,2,2,t
265,2210535,66606,2122,27,2022-02-26 15:00:00,7,5,1,1,t,t,t,90,2,2,t
268,2210538,66609,2122,27,2022-02-26 15:00:00,13,18,0,0,t,t,t,90,2,4,t
263,2210533,66604,2122,27,2022-02-26 15:30:00,4,2,0,2,t,t,t,90,2,2,t
266,2210536,66607,2122,27,2022-02-26 17:30:00,8,12,0,1,t,t,t,90,5,2,t
270,2210540,66611,2122,27,2022-02-27 14:00:00,19,20,1,0,t,t,t,90,3,3,t
213,2210483,66554,2122,27,2022-03-01 19:45:00,5,9,0,2,t,t,t,90,2,2,t
273,2210543,66614,2122,28,2022-03-05 12:30:00,9,10,1,0,t,t,t,90,2,3,t
271,2210541,66612,2122,28,2022-03-05 15:00:00,2,16,4,0,t,t,t,90,2,2,t
272,2210542,66613,2122,28,2022-03-05 15:00:00,5,6,0,4,t,t,t,90,4,2,t
276,2210546,66617,2122,28,2022-03-05 15:00:00,14,4,2,1,t,t,t,90,2,3,t
277,2210547,66618,2122,28,2022-03-05 15:00:00,15,3,1,3,t,t,t,90,2,2,t
280,2210550,66621,2122,28,2022-03-05 15:00:00,20,7,0,2,t,t,t,90,2,3,t
274,2210544,66615,2122,28,2022-03-05 17:30:00,11,19,1,0,t,t,t,90,3,5,t
279,2210549,66620,2122,28,2022-03-06 14:00:00,18,1,2,3,t,t,t,90,4,2,t
275,2210545,66616,2122,28,2022-03-06 16:30:00,12,13,4,1,t,t,t,90,3,5,t
278,2210548,66619,2122,28,2022-03-07 20:00:00,17,8,5,0,t,t,t,90,2,4,t
297,2210567,66638,2122,28,2022-03-10 19:30:00,15,6,1,3,t,t,t,90,4,2,t
209,2210479,66550,2122,28,2022-03-10 19:30:00,16,14,1,2,t,t,t,90,2,3,t
190,2210460,66531,2122,28,2022-03-10 19:30:00,20,18,4,0,t,t,t,90,2,3,t
196,2210466,66537,2122,28,2022-03-10 19:45:00,10,2,0,3,t,t,t,90,2,2,t
283,2210553,66624,2122,29,2022-03-12 12:30:00,4,11,0,2,t,t,t,90,4,2,t
282,2210552,66623,2122,29,2022-03-12 15:00:00,3,5,2,0,t,t,t,90,2,2,t
288,2210558,66629,2122,29,2022-03-12 17:30:00,13,17,3,2,t,t,t,90,3,4,t
284,2210554,66625,2122,29,2022-03-13 14:00:00,6,14,1,0,t,t,t,90,2,4,t
286,2210556,66627,2122,29,2022-03-13 14:00:00,8,20,0,1,t,t,t,90,3,2,t
287,2210557,66628,2122,29,2022-03-13 14:00:00,10,15,2,1,t,t,t,90,2,2,t
289,2210559,66630,2122,29,2022-03-13 14:00:00,16,18,1,2,t,t,t,90,2,3,t
290,2210560,66631,2122,29,2022-03-13 14:00:00,19,2,2,1,t,t,t,90,2,3,t
281,2210551,66622,2122,29,2022-03-13 16:30:00,1,9,2,0,t,t,t,90,2,4,t
285,2210555,66626,2122,29,2022-03-14 20:00:00,7,12,0,0,t,t,t,90,5,2,t
153,2210423,66494,2122,29,2022-03-16 19:30:00,4,17,0,2,t,t,t,90,3,2,t
261,2210531,66602,2122,29,2022-03-16 20:15:00,1,11,0,2,t,t,t,90,4,4,t
195,2210465,66536,2122,29,2022-03-17 19:45:00,8,14,1,0,t,t,t,90,2,2,t
300,2210570,66641,2122,30,2022-03-18 20:00:00,20,10,2,3,t,t,t,90,2,3,t
291,2210561,66632,2122,30,2022-03-19 12:30:00,2,1,0,1,t,t,t,90,4,2,t
293,2210563,66634,2122,30,2022-03-20 14:00:00,9,3,2,1,t,t,t,90,2,3,t
298,2210568,66639,2122,30,2022-03-20 16:30:00,17,19,3,1,t,t,t,90,3,4,t
306,2210576,66647,2122,31,2022-04-02 11:30:00,11,18,2,0,t,t,t,90,2,5,t
301,2210571,66642,2122,31,2022-04-02 14:00:00,4,15,0,0,t,t,t,90,2,2,t
302,2210572,66643,2122,31,2022-04-02 14:00:00,5,12,0,2,t,t,t,90,5,2,t
303,2210573,66644,2122,31,2022-04-02 14:00:00,6,3,1,4,t,t,t,90,2,4,t
305,2210575,66646,2122,31,2022-04-02 14:00:00,10,16,1,1,t,t,t,90,2,2,t
310,2210580,66651,2122,31,2022-04-02 14:00:00,20,2,2,1,t,t,t,90,2,3,t
307,2210577,66648,2122,31,2022-04-02 16:30:00,13,9,1,1,t,t,t,90,2,4,t
309,2210579,66650,2122,31,2022-04-03 13:00:00,19,8,2,1,t,t,t,90,2,3,t
308,2210578,66649,2122,31,2022-04-03 15:30:00,17,14,5,1,t,t,t,90,2,4,t
304,2210574,66645,2122,31,2022-04-04 19:00:00,7,1,3,0,t,t,t,90,4,2,t
183,2210453,66524,2122,31,2022-04-06 18:30:00,5,8,3,2,t,t,t,90,2,2,t
317,2210587,66658,2122,32,2022-04-08 19:00:00,14,20,1,0,t,t,t,90,3,3,t
314,2210584,66655,2122,32,2022-04-09 11:30:00,8,13,1,0,t,t,t,90,3,2,t
311,2210581,66652,2122,32,2022-04-09 14:00:00,1,4,1,2,t,t,t,90,2,4,t
319,2210589,66660,2122,32,2022-04-09 14:00:00,16,6,0,6,t,t,t,90,4,3,t
320,2210590,66661,2122,32,2022-04-09 14:00:00,18,10,0,3,t,t,t,90,2,2,t
312,2210582,66653,2122,32,2022-04-09 16:30:00,2,17,0,4,t,t,t,90,3,2,t
313,2210583,66654,2122,32,2022-04-10 13:00:00,3,19,2,0,t,t,t,90,3,2,t
315,2210585,66656,2122,32,2022-04-10 13:00:00,9,7,2,1,t,t,t,90,2,3,t
318,2210588,66659,2122,32,2022-04-10 13:00:00,15,5,2,0,t,t,t,90,2,2,t
316,2210586,66657,2122,32,2022-04-10 15:30:00,12,11,2,2,t,t,t,90,4,5,t
327,2210597,66668,2122,33,2022-04-16 11:30:00,17,4,0,1,t,t,t,90,2,4,t
324,2210594,66665,2122,33,2022-04-16 14:00:00,13,15,3,2,t,t,t,90,2,4,t
326,2210596,66667,2122,33,2022-04-16 14:00:00,16,1,1,0,t,t,t,90,4,3,t
328,2210598,66669,2122,33,2022-04-16 14:00:00,18,3,1,2,t,t,t,90,2,2,t
325,2210595,66666,2122,33,2022-04-17 13:15:00,14,9,2,1,t,t,t,90,2,3,t
329,2210599,66670,2122,33,2022-04-17 13:15:00,19,5,1,1,t,t,t,90,2,3,t
294,2210564,66635,2122,33,2022-04-19 19:00:00,11,13,4,0,t,t,t,90,3,5,t
243,2210513,66584,2122,33,2022-04-20 18:45:00,6,1,2,4,t,t,t,90,4,4,t
172,2210442,66513,2122,33,2022-04-20 18:45:00,8,9,1,1,t,t,t,90,2,2,t
296,2210566,66637,2122,33,2022-04-20 18:45:00,14,7,1,0,t,t,t,90,2,3,t
295,2210565,66636,2122,33,2022-04-20 19:00:00,12,4,3,0,t,t,t,90,2,5,t
292,2210562,66633,2122,33,2022-04-21 18:45:00,5,16,2,0,t,t,t,90,2,2,t
331,2210601,66672,2122,34,2022-04-23 11:30:00,1,13,3,1,t,t,t,90,3,4,t
337,2210607,66678,2122,34,2022-04-23 14:00:00,9,2,0,0,t,t,t,90,2,3,t
339,2210609,66680,2122,34,2022-04-23 14:00:00,12,18,5,1,t,t,t,90,2,5,t
340,2210610,66681,2122,34,2022-04-23 14:00:00,15,14,0,3,t,t,t,90,2,2,t
332,2210602,66673,2122,34,2022-04-23 16:30:00,3,17,0,0,t,t,t,90,3,2,t
333,2210603,66674,2122,34,2022-04-24 13:00:00,4,16,2,2,t,t,t,90,2,2,t
334,2210604,66675,2122,34,2022-04-24 13:00:00,5,20,1,0,t,t,t,90,3,2,t
335,2210605,66676,2122,34,2022-04-24 13:00:00,6,19,1,0,t,t,t,90,3,4,t
338,2210608,66679,2122,34,2022-04-24 15:30:00,11,8,2,0,t,t,t,90,2,5,t
336,2210606,66677,2122,34,2022-04-25 19:00:00,7,10,0,0,t,t,t,90,2,2,t
364,2210634,66705,2122,34,2022-04-28 18:45:00,13,6,1,1,t,t,t,90,4,4,t
345,2210615,66686,2122,35,2022-04-30 11:30:00,14,11,0,1,t,t,t,90,4,3,t
341,2210611,66682,2122,35,2022-04-30 14:00:00,2,15,2,0,t,t,t,90,2,2,t
346,2210616,66687,2122,35,2022-04-30 14:00:00,16,7,1,2,t,t,t,90,2,3,t
348,2210618,66689,2122,35,2022-04-30 14:00:00,18,5,1,2,t,t,t,90,2,2,t
350,2210620,66691,2122,35,2022-04-30 14:00:00,20,4,0,3,t,t,t,90,2,3,t
343,2210613,66684,2122,35,2022-04-30 16:30:00,10,12,0,4,t,t,t,90,5,2,t
342,2210612,66683,2122,35,2022-05-01 13:00:00,8,6,1,0,t,t,t,90,4,2,t
347,2210617,66688,2122,35,2022-05-01 13:00:00,17,9,3,1,t,t,t,90,2,4,t
349,2210619,66690,2122,35,2022-05-01 15:30:00,19,1,1,2,t,t,t,90,4,3,t
344,2210614,66685,2122,35,2022-05-02 19:00:00,13,3,3,0,t,t,t,90,2,4,t
352,2210622,66693,2122,36,2022-05-07 14:00:00,3,16,3,0,t,t,t,90,2,2,t
354,2210624,66695,2122,36,2022-05-07 14:00:00,5,2,1,3,t,t,t,90,2,2,t
1,,,2018-19,1,2018-08-12 15:00:00,1,13,0,2,,t,,,,,
2,,,2018-19,1,2018-08-11 14:00:00,2,5,2,0,,t,,,,,
11,,,2016-17,2,2016-08-19 19:00:00,11,13,2,0,,t,,,,,
12,,,2016-17,2,2016-08-20 14:00:00,3,9,2,0,,t,,,,,
13,,,2016-17,2,2016-08-20 16:30:00,8,1,0,0,,t,,,,,
14,,,2016-17,2,2016-08-20 11:30:00,14,10,1,4,,t,,,,,
15,,,2016-17,2,2016-08-20 14:00:00,16,7,0,2,,t,,,,,
16,,,2016-17,2,2016-08-20 14:00:00,17,5,1,0,,t,,,,,
17,,,2016-17,2,2016-08-20 14:00:00,18,4,1,2,,t,,,,,
18,,,2016-17,2,2016-08-20 14:00:00,19,6,1,2,,t,,,,,
19,,,2016-17,2,2016-08-21 12:30:00,15,12,1,2,,,,,,,
20,,,2016-17,2,2016-08-21 15:00:00,20,2,1,0,,t,,,,,
21,,,2016-17,3,2016-08-27 14:00:00,4,3,3,0,,,,,,,
22,,,2016-17,3,2016-08-27 14:00:00,5,2,1,1,,,,,,,
23,,,2016-17,3,2016-08-27 14:00:00,6,14,1,0,,,,,,,
24,,,2016-17,3,2016-08-27 16:30:00,7,11,0,1,,,,,,,
25,,,2016-17,3,2016-08-27 14:00:00,8,16,2,1,,,,,,,
26,,,2016-17,3,2016-08-27 14:00:00,13,15,1,1,,,,,,,
27,,,2016-17,3,2016-08-27 11:30:00,17,9,1,1,,,,,,,
28,,,2016-17,3,2016-08-27 14:00:00,18,1,1,3,,,,,,,
29,,,2016-17,3,2016-08-28 15:00:00,10,20,3,1,,,,,,,
30,,,2016-17,3,2016-08-28 12:30:00,19,12,0,0,,,,,,,
31,,,2016-17,4,2016-09-10 14:00:00,1,13,2,1,,,,,,,
32,,,2016-17,4,2016-09-10 14:00:00,2,19,1,0,,,,,,,
33,,,2016-17,4,2016-09-10 14:00:00,3,7,1,1,,,,,,,
34,,,2016-17,4,2016-09-10 16:30:00,9,8,4,1,,,,,,,
35,,,2016-17,4,2016-09-10 11:30:00,11,10,1,2,,,,,,,
36,,,2016-17,4,2016-09-10 14:00:00,12,5,1,2,,,,,,,
37,,,2016-17,4,2016-09-10 14:00:00,14,17,0,4,,,,,,,
38,,,2016-17,4,2016-09-10 14:00:00,20,18,2,4,,,,,,,
39,,,2016-17,4,2016-09-11 15:00:00,16,4,2,2,,,,,,,
40,,,2016-17,4,2016-09-12 19:00:00,15,6,0,3,,,,,,,
41,,,2016-17,5,2016-09-16 19:00:00,4,9,1,2,,,,,,,
42,,,2016-17,5,2016-09-17 16:30:00,6,12,3,1,,,,,,,
43,,,2016-17,5,2016-09-17 14:00:00,7,1,1,4,,,,,,,
44,,,2016-17,5,2016-09-17 14:00:00,8,3,3,0,,,,,,,
45,,,2016-17,5,2016-09-17 14:00:00,10,2,4,0,,,,,,,
46,,,2016-17,5,2016-09-17 14:00:00,19,20,4,2,,,,,,,
47,,,2016-17,5,2016-09-18 13:15:00,5,14,4,1,,,,,,,
48,,,2016-17,5,2016-09-18 13:15:00,13,16,1,0,,,,,,,
49,,,2016-17,5,2016-09-18 15:30:00,17,15,1,0,,,,,,,
50,,,2016-17,5,2016-09-18 11:00:00,18,11,3,1,,,,,,,
63,,,2017-18,7,2017-09-30 11:30:00,8,17,0,4,,,,,,,
64,,,2017-18,7,2017-09-30 14:00:00,12,6,4,0,,,,,,,
65,,,2017-18,7,2017-09-30 14:00:00,15,14,2,1,,,,,,,
66,,,2017-18,7,2017-09-30 14:00:00,19,18,2,2,,,,,,,
67,,,2017-18,7,2017-09-30 14:00:00,20,16,1,0,,,,,,,
68,,,2017-18,7,2017-10-01 11:00:00,1,3,2,0,,,,,,,
70,,,2017-18,7,2017-10-01 15:30:00,13,10,1,1,,,,,,,
71,,,2017-18,8,2017-10-15 12:30:00,3,7,1,1,,,,,,,
72,,,2017-18,8,2017-10-14 14:00:00,4,20,1,1,,,,,,,
73,,,2017-18,8,2017-10-14 14:00:00,6,5,2,1,,,,,,,
74,,,2017-18,8,2017-10-16 19:00:00,9,19,1,1,,,,,,,
75,,,2017-18,8,2017-10-14 11:30:00,10,12,0,0,,,,,,,
76,,,2017-18,8,2017-10-14 14:00:00,11,15,7,2,,,,,,,
77,,,2017-18,8,2017-10-15 15:00:00,14,13,2,2,,,,,,,
78,,,2017-18,8,2017-10-14 14:00:00,16,8,2,0,,,,,,,
79,,,2017-18,8,2017-10-14 14:00:00,17,2,1,0,,,,,,,
80,,,2017-18,8,2017-10-14 16:30:00,18,1,2,1,,,,,,,
81,,,2017-18,9,2017-10-21 11:30:00,5,18,4,2,,,,,,,
82,,,2017-18,9,2017-10-22 12:30:00,4,1,2,5,,,,,,,
83,,,2017-18,9,2017-10-21 14:00:00,8,12,2,1,,,,,,,
84,,,2017-18,9,2017-10-21 14:00:00,11,4,3,0,,,,,,,
85,,,2017-18,9,2017-10-21 14:00:00,13,6,1,0,,,,,,,
86,,,2017-18,9,2017-10-21 16:30:00,14,19,1,0,,,,,,,
87,,,2017-18,9,2017-10-21 14:00:00,15,2,1,2,,,,,,,
88,,,2017-18,9,2017-10-21 14:00:00,16,9,1,2,,,,,,,
89,,,2017-18,9,2017-10-22 15:00:00,17,10,4,1,,,,,,,
90,,,2017-18,9,2017-10-20 19:00:00,20,3,0,3,,,,,,,
91,,,2017-18,10,2017-10-28 14:00:00,1,16,2,1,,,,,,,
92,,,2017-18,10,2017-10-28 16:30:00,2,5,0,1,,,,,,,
93,,,2017-18,10,2017-10-29 13:30:00,3,14,1,1,,,,,,,
94,,,2017-18,10,2017-10-30 20:00:00,4,13,1,0,,,,,,,
95,,,2017-18,10,2017-10-28 14:00:00,6,20,2,2,,,,,,,
96,,,2017-18,10,2017-10-29 16:00:00,9,7,2,0,,,,,,,
97,,,2017-18,10,2017-10-28 14:00:00,10,8,3,0,,,,,,,
98,,,2017-18,10,2017-10-28 11:30:00,12,17,1,0,,,,,,,
99,,,2017-18,10,2017-10-28 14:00:00,18,15,0,1,,,,,,,
100,,,2017-18,10,2017-10-28 14:00:00,19,11,2,3,,,,,,,
101,,,2017-18,11,2017-11-05 16:30:00,5,12,1,0,,,,,,,
102,,,2017-18,11,2017-11-05 16:30:00,4,18,3,2,,,,,,,
103,,,2017-18,11,2017-11-04 15:00:00,8,19,1,0,,,,,,,
104,,,2017-18,11,2017-11-04 15:00:00,13,2,0,1,,,,,,,
105,,,2017-18,11,2017-11-04 15:00:00,14,4,0,1,,,,,,,
106,,,2017-18,11,2017-11-04 12:30:00,15,9,2,2,,,,,,,
107,,,2017-18,11,2017-11-04 15:00:00,16,3,0,1,,,,,,,
108,,,2017-18,11,2017-11-05 12:00:00,17,6,1,0,,,,,,,
109,,,2017-18,11,2017-11-04 17:30:00,20,10,1,4,,,,,,,
110,,,2017-18,11,2017-11-05 14:15:00,11,1,3,1,,,,,,,
111,,,2017-18,12,2017-11-18 12:30:00,1,17,2,0,,,,,,,
112,,,2017-18,12,2017-11-18 15:00:00,2,8,4,0,,,,,,,
113,,,2017-18,12,2017-11-20 20:00:00,3,15,2,2,,,,,,,
114,,,2017-18,12,2017-11-18 15:00:00,4,16,2,0,,,,,,,
115,,,2017-18,12,2017-11-18 15:00:00,6,7,2,2,,,,,,,
116,,,2017-18,12,2017-11-18 15:00:00,9,11,0,2,,,,,,,
117,,,2017-18,12,2017-11-18 15:00:00,10,14,3,0,,,,,,,
118,,,2017-18,12,2017-11-18 17:30:00,12,13,4,1,,,,,,,
119,,,2017-18,12,2017-11-19 16:00:00,18,20,2,0,,,,,,,
120,,,2017-18,12,2017-11-18 15:00:00,19,5,0,4,,,,,,,
121,,,2017-18,13,2017-11-25 15:00:00,6,15,2,1,,,,,,,
122,,,2017-18,13,2017-11-26 16:00:00,8,11,1,2,,,,,,,
123,,,2017-18,13,2017-11-25 17:30:00,10,5,1,1,,,,,,,
124,,,2017-18,13,2017-11-25 15:00:00,12,3,1,0,,,,,,,
125,,,2017-18,13,2017-11-25 15:00:00,13,18,0,3,,,,,,,
126,,,2017-18,13,2017-11-26 13:30:00,14,7,4,1,,,,,,,
127,,,2017-18,13,2017-11-25 15:00:00,16,2,0,0,,,,,,,
128,,,2017-18,13,2017-11-25 15:00:00,17,19,1,1,,,,,,,
129,,,2017-18,13,2017-11-24 20:00:00,20,9,1,1,,,,,,,
130,,,2017-18,13,2017-11-26 14:00:00,4,1,0,1,,,,,,,
131,,,2017-18,14,2017-11-28 19:45:00,3,6,0,0,,,,,,,
132,,,2017-18,14,2017-11-28 19:45:00,9,17,2,1,,,,,,,
133,,,2017-18,14,2017-11-28 20:00:00,18,12,2,4,,,,,,,
134,,,2017-18,14,2017-11-28 20:00:00,19,13,2,2,,,,,,,
135,,,2017-18,14,2017-11-29 19:45:00,1,8,5,0,,,,,,,
136,,,2017-18,14,2017-11-29 19:45:00,2,4,1,2,,,,,,,
137,,,2017-18,14,2017-11-29 19:45:00,5,16,1,0,,,,,,,
138,,,2017-18,14,2017-11-29 20:00:00,4,20,4,0,,,,,,,
139,,,2017-18,14,2017-11-29 20:00:00,11,14,2,1,,,,,,,
140,,,2017-18,14,2017-11-29 20:00:00,15,10,0,3,,,,,,,
141,,,2017-18,15,2017-12-02 17:30:00,1,12,1,3,,,,,,,
142,,,2017-18,15,2017-12-03 13:30:00,2,14,1,1,,,,,,,
143,,,2017-18,15,2017-12-02 15:00:00,3,10,1,5,,,,,,,
144,,,2017-18,15,2017-12-02 12:30:00,5,13,3,1,,,,,,,
145,,,2017-18,15,2017-12-02 15:00:00,4,8,2,0,,,,,,,
146,,,2017-18,15,2017-12-02 15:00:00,9,4,1,0,,,,,,,
147,,,2017-18,15,2017-12-03 16:00:00,11,20,2,1,,,,,,,
148,,,2017-18,15,2017-12-02 15:00:00,15,16,2,1,,,,,,,
149,,,2017-18,15,2017-12-02 15:00:00,18,17,1,1,,,,,,,
150,,,2017-18,15,2017-12-02 15:00:00,19,6,0,0,,,,,,,
151,,,2017-18,16,2017-12-09 15:00:00,4,18,1,0,,,,,,,
152,,,2017-18,16,2017-12-09 15:00:00,6,2,2,2,,,,,,,
153,,,2017-18,16,2017-12-09 15:00:00,8,3,2,0,,,,,,,
154,,,2017-18,16,2017-12-10 14:15:00,10,7,1,1,,,,,,,
155,,,2017-18,16,2017-12-10 16:30:00,12,11,1,2,,,,,,,
156,,,2017-18,16,2017-12-09 17:30:00,13,9,2,3,,,,,,,
157,,,2017-18,16,2017-12-09 15:00:00,16,19,1,0,,,,,,,
158,,,2017-18,16,2017-12-09 15:00:00,17,15,5,1,,,,,,,
159,,,2017-18,16,2017-12-09 12:30:00,20,5,1,0,,,,,,,
160,,,2017-18,16,2017-12-10 12:00:00,14,1,1,1,,,,,,,
161,,,2017-18,17,2017-12-12 19:45:00,4,15,1,0,,,,,,,
162,,,2017-18,17,2017-12-12 20:00:00,6,18,2,1,,,,,,,
163,,,2017-18,17,2017-12-12 20:00:00,8,5,1,3,,,,,,,
164,,,2017-18,17,2017-12-13 20:00:00,12,2,1,0,,,,,,,
165,,,2017-18,17,2017-12-13 19:45:00,16,11,0,4,,,,,,,
166,,,2017-18,17,2017-12-13 20:00:00,10,19,0,0,,,,,,,
167,,,2017-18,17,2017-12-13 19:45:00,13,7,0,1,,,,,,,
168,,,2017-18,17,2017-12-13 19:45:00,14,9,1,4,,,,,,,
169,,,2017-18,17,2017-12-13 20:00:00,17,3,2,0,,,,,,,
170,,,2017-18,17,2017-12-13 20:00:00,20,1,0,0,,,,,,,
171,,,2017-18,18,2017-12-16 15:00:00,1,13,1,0,,,,,,,
172,,,2017-18,18,2017-12-17 16:30:00,2,10,0,4,,,,,,,
173,,,2017-18,18,2017-12-16 15:00:00,3,4,0,0,,,,,,,
174,,,2017-18,18,2017-12-16 15:00:00,5,14,1,0,,,,,,,
175,,,2017-18,18,2017-12-18 20:00:00,4,16,3,1,,,,,,,
176,,,2017-18,18,2017-12-16 12:30:00,9,6,0,3,,,,,,,
177,,,2017-18,18,2017-12-16 17:30:00,11,17,4,1,,,,,,,
178,,,2017-18,18,2017-12-16 16:00:00,15,20,0,3,,,,,,,
179,,,2017-18,18,2017-12-16 15:00:00,18,8,1,4,,,,,,,
180,,,2017-18,18,2017-12-17 14:15:00,19,12,1,2,,,,,,,
181,,,2017-18,19,2017-12-22 19:45:00,1,10,3,3,,,,,,,
182,,,2017-18,19,2017-12-23 15:00:00,3,18,1,0,,,,,,,
183,,,2017-18,19,2017-12-23 17:30:00,4,17,0,3,,,,,,,
184,,,2017-18,19,2017-12-23 12:30:00,4,5,0,0,,,,,,,
185,,,2017-18,19,2017-12-23 19:45:00,9,12,2,2,,,,,,,
186,,,2017-18,19,2017-12-23 15:00:00,11,2,4,0,,,,,,,
187,,,2017-18,19,2017-12-23 15:00:00,14,8,1,1,,,,,,,
188,,,2017-18,19,2017-12-23 15:00:00,15,19,3,1,,,,,,,
189,,,2017-18,19,2017-12-23 15:00:00,16,6,1,1,,,,,,,
190,,,2017-18,19,2017-12-23 15:00:00,20,13,2,3,,,,,,,
191,,,2017-18,20,2017-12-26 15:00:00,2,20,3,3,,,,,,,
192,,,2017-18,20,2017-12-26 15:00:00,5,3,2,0,,,,,,,
193,,,2017-18,20,2017-12-28 20:00:00,6,1,2,3,,,,,,,
194,,,2017-18,20,2017-12-26 15:00:00,8,15,1,1,,,,,,,
195,,,2017-18,20,2017-12-26 17:30:00,10,16,5,0,,,,,,,
196,,,2017-18,20,2017-12-26 15:00:00,12,4,2,2,,,,,,,
197,,,2017-18,20,2017-12-27 19:45:00,13,11,0,1,,,,,,,
198,,,2017-18,20,2017-12-26 12:30:00,17,14,5,2,,,,,,,
199,,,2017-18,20,2017-12-26 15:00:00,18,9,2,1,,,,,,,
200,,,2017-18,20,2017-12-26 15:00:00,19,7,0,0,,,,,,,
201,,,2017-18,21,2017-12-30 15:00:00,2,7,2,1,,,,,,,
202,,,2017-18,21,2017-12-30 15:00:00,5,15,5,0,,,,,,,
203,,,2017-18,21,2017-12-31 12:00:00,6,11,0,0,,,,,,,
204,,,2017-18,21,2017-12-30 15:00:00,8,4,0,0,,,,,,,
205,,,2017-18,21,2017-12-30 15:00:00,10,9,2,1,,,,,,,
206,,,2017-18,21,2017-12-30 17:30:00,12,14,0,0,,,,,,,
207,,,2017-18,21,2017-12-30 15:00:00,13,3,0,0,,,,,,,
208,,,2017-18,22,2018-01-04 20:00:00,17,20,1,1,,,,,,,
209,,,2017-18,21,2017-12-30 15:00:00,18,16,1,2,,,,,,,
210,,,2017-18,21,2017-12-31 16:30:00,19,1,1,1,,,,,,,
211,,,2017-18,22,2018-01-03 19:45:00,1,5,2,2,,,,,,,
212,,,2017-18,22,2018-01-01 12:30:00,3,2,2,2,,,,,,,
213,,,2017-18,22,2018-01-01 15:00:00,4,10,1,2,,,,,,,
214,,,2017-18,22,2018-01-01 17:30:00,4,12,0,2,,,,,,,
215,,,2017-18,22,2018-01-01 15:00:00,9,8,3,0,,,,,,,
216,,,2017-18,22,2018-01-02 20:00:00,11,18,3,1,,,,,,,
217,,,2017-18,22,2018-01-02 19:45:00,14,6,1,2,,,,,,,
218,,,2017-18,22,2018-01-01 15:00:00,15,13,0,1,,,,,,,
219,,,2017-18,22,2018-01-02 19:45:00,16,17,0,2,,,,,,,
220,,,2017-18,22,2018-01-02 19:45:00,20,19,2,1,,,,,,,
221,,,2017-18,23,2018-01-14 13:30:00,2,1,2,1,,,,,,,
222,,,2017-18,23,2018-01-13 15:00:00,5,9,0,0,,,,,,,
223,,,2017-18,23,2018-01-13 15:00:00,6,4,1,0,,,,,,,
224,,,2017-18,23,2018-01-13 15:00:00,8,20,1,4,,,,,,,
225,,,2017-18,23,2018-01-14 16:00:00,10,11,4,3,,,,,,,
226,,,2017-18,23,2018-01-15 20:00:00,12,15,3,0,,,,,,,
227,,,2017-18,23,2018-01-13 15:00:00,13,16,1,1,,,,,,,
228,,,2017-18,23,2018-01-13 17:30:00,17,7,4,0,,,,,,,
229,,,2017-18,23,2018-01-13 15:00:00,18,14,2,2,,,,,,,
230,,,2017-18,23,2018-01-13 15:00:00,19,3,2,0,,,,,,,
231,,,2017-18,24,2018-01-20 15:00:00,1,6,4,1,,,,,,,
232,,,2017-18,24,2018-01-20 12:30:00,3,5,0,4,,,,,,,
233,,,2017-18,24,2018-01-20 15:00:00,4,12,0,1,,,,,,,
234,,,2017-18,24,2018-01-20 15:00:00,4,19,1,1,,,,,,,
235,,,2017-18,24,2018-01-20 15:00:00,9,18,2,0,,,,,,,
236,,,2017-18,24,2018-01-20 17:30:00,11,13,3,1,,,,,,,
237,,,2017-18,24,2018-01-21 16:00:00,14,17,1,1,,,,,,,
238,,,2017-18,24,2018-01-20 15:00:00,15,8,2,0,,,,,,,
239,,,2017-18,24,2018-01-22 20:00:00,16,10,1,0,,,,,,,
240,,,2017-18,24,2018-01-20 15:00:00,20,2,1,1,,,,,,,
241,,,2017-18,25,2018-01-30 20:00:00,8,10,0,3,,,,,,,
242,,,2017-18,25,2018-01-30 19:45:00,16,1,3,1,,,,,,,
243,,,2017-18,25,2018-01-30 19:45:00,20,6,1,1,,,,,,,
244,,,2017-18,25,2018-01-31 19:45:00,5,2,0,3,,,,,,,
245,,,2017-18,25,2018-01-31 19:45:00,7,9,2,1,,,,,,,
246,,,2017-18,25,2018-01-31 20:00:00,11,19,3,0,,,,,,,
247,,,2017-18,25,2018-01-31 19:45:00,13,4,1,1,,,,,,,
248,,,2017-18,25,2018-01-31 19:45:00,14,3,1,1,,,,,,,
249,,,2017-18,25,2018-01-31 20:00:00,15,18,0,0,,,,,,,
250,,,2017-18,25,2018-01-31 20:00:00,17,12,2,0,,,,,,,
251,,,2017-18,26,2018-02-03 17:30:00,1,7,5,1,,,,,,,
252,,,2017-18,26,2018-02-03 15:00:00,2,15,2,1,,,,,,,
253,,,2017-18,26,2018-02-03 15:00:00,3,20,3,1,,,,,,,
254,,,2017-18,26,2018-02-03 12:30:00,4,11,1,1,,,,,,,
255,,,2017-18,26,2018-02-04 14:15:00,6,13,1,1,,,,,,,
256,,,2017-18,26,2018-02-03 15:00:00,9,16,1,1,,,,,,,
257,,,2017-18,26,2018-02-04 16:30:00,10,17,2,2,,,,,,,
258,,,2017-18,26,2018-02-03 15:00:00,12,8,2,0,,,,,,,
259,,,2017-18,26,2018-02-05 20:00:00,18,5,4,1,,,,,,,
260,,,2017-18,26,2018-02-03 15:00:00,19,14,2,3,,,,,,,
261,,,2017-18,27,2018-02-12 20:00:00,5,19,3,0,,,,,,,
262,,,2017-18,27,2018-02-10 15:00:00,7,6,3,1,,,,,,,
263,,,2017-18,27,2018-02-11 12:00:00,8,2,4,1,,,,,,,
264,,,2017-18,27,2018-02-10 17:30:00,11,9,5,1,,,,,,,
265,,,2017-18,27,2018-02-11 14:15:00,13,12,1,0,,,,,,,
266,,,2017-18,27,2018-02-11 16:30:00,14,10,0,2,,,,,,,
267,,,2017-18,27,2018-02-10 15:00:00,15,3,1,1,,,,,,,
268,,,2017-18,27,2018-02-10 15:00:00,16,4,1,0,,,,,,,
269,,,2017-18,27,2018-02-10 12:30:00,17,1,1,0,,,,,,,
270,,,2017-18,27,2018-02-10 15:00:00,20,18,2,0,,,,,,,
271,,,2017-18,28,2018-03-01 19:45:00,1,11,0,3,,,,,,,
272,,,2017-18,28,2018-02-24 15:00:00,2,13,2,2,,,,,,,
273,,,2017-18,28,2018-02-24 15:00:00,3,16,4,1,,,,,,,
274,,,2017-18,28,2018-02-24 15:00:00,4,14,1,1,,,,,,,
275,,,2017-18,28,2018-02-25 12:00:00,6,17,0,1,,,,,,,
276,,,2017-18,28,2018-02-24 12:30:00,9,15,1,1,,,,,,,
277,,,2017-18,28,2018-02-24 15:00:00,10,20,4,1,,,,,,,
278,,,2017-18,28,2018-02-25 14:05:00,12,5,2,1,,,,,,,
279,,,2017-18,28,2018-02-24 17:30:00,18,7,1,0,,,,,,,
280,,,2017-18,28,2018-02-24 15:00:00,19,8,1,2,,,,,,,
281,,,2017-18,29,2018-03-04 13:30:00,3,1,2,1,,,,,,,
282,,,2017-18,29,2018-03-03 12:30:00,4,7,2,1,,,,,,,
283,,,2017-18,29,2018-03-05 20:00:00,6,12,2,3,,,,,,,
284,,,2017-18,29,2018-03-03 15:00:00,9,2,1,1,,,,,,,
285,,,2017-18,29,2018-03-03 17:30:00,10,13,2,0,,,,,,,
286,,,2017-18,29,2018-03-04 16:00:00,11,5,1,0,,,,,,,
287,,,2017-18,29,2018-03-03 15:00:00,14,15,0,0,,,,,,,
288,,,2017-18,29,2018-03-03 15:00:00,16,20,4,1,,,,,,,
289,,,2017-18,29,2018-03-03 15:00:00,17,8,2,0,,,,,,,
290,,,2017-18,29,2018-03-03 15:00:00,18,19,1,0,,,,,,,
291,,,2017-18,30,2018-03-11 13:30:00,1,18,3,0,,,,,,,
292,,,2017-18,30,2018-03-11 16:00:00,2,17,1,4,,,,,,,
293,,,2017-18,30,2018-03-10 17:30:00,5,6,2,1,,,,,,,
294,,,2017-18,30,2018-03-10 15:00:00,7,3,2,0,,,,,,,
295,,,2017-18,30,2018-03-10 15:00:00,8,16,0,0,,,,,,,
296,,,2017-18,30,2018-03-10 12:30:00,12,10,2,1,,,,,,,
297,,,2017-18,30,2018-03-10 15:00:00,13,14,3,0,,,,,,,
298,,,2017-18,30,2018-03-12 20:00:00,15,11,0,2,,,,,,,
299,,,2017-18,30,2018-03-10 15:00:00,19,9,1,4,,,,,,,
300,,,2017-18,30,2018-03-10 15:00:00,20,4,0,3,,,,,,,
301,,,2017-18,31,2018-03-17 15:00:00,2,19,2,1,,,,,,,
302,,,2017-18,34,2018-04-19 18:45:00,4,5,1,2,,,,,,,
303,,,2017-18,31,2018-03-17 15:00:00,8,6,0,2,,,,,,,
304,,,2017-18,37,2018-05-09 18:45:00,9,1,3,1,,,,,,,
305,,,2017-18,31,2018-03-17 17:30:00,10,18,5,0,,,,,,,
306,,,2017-18,37,2018-05-09 19:00:00,11,3,3,1,,,,,,,
307,,,2017-18,31,2018-03-17 15:00:00,15,7,1,2,,,,,,,
308,,,2017-18,37,2018-05-08 18:45:00,16,14,0,1,,,,,,,
309,,,2017-18,37,2018-05-09 19:00:00,17,13,1,0,,,,,,,
310,,,2017-18,37,2018-05-10 18:45:00,20,12,0,0,,,,,,,
311,,,2017-18,32,2018-04-01 12:30:00,1,15,3,0,,,,,,,
312,,,2017-18,32,2018-03-31 14:00:00,3,9,0,2,,,,,,,
313,,,2017-18,32,2018-04-01 15:00:00,5,17,1,3,,,,,,,
314,,,2017-18,32,2018-03-31 11:30:00,6,10,1,2,,,,,,,
315,,,2017-18,32,2018-03-31 16:30:00,7,11,1,3,,,,,,,
316,,,2017-18,32,2018-03-31 14:00:00,12,16,2,0,,,,,,,
317,,,2017-18,32,2018-03-31 14:00:00,13,8,1,0,,,,,,,
318,,,2017-18,32,2018-03-31 14:00:00,18,2,2,2,,,,,,,
319,,,2017-18,32,2018-03-31 14:00:00,19,4,1,2,,,,,,,
320,,,2017-18,32,2018-03-31 14:00:00,20,14,3,0,,,,,,,
321,,,2017-18,33,2018-04-08 13:15:00,1,14,3,2,,,,,,,
322,,,2017-18,33,2018-04-07 14:00:00,2,6,2,2,,,,,,,
323,,,2017-18,33,2018-04-07 14:00:00,3,8,1,1,,,,,,,
324,,,2017-18,33,2018-04-08 15:30:00,5,20,1,1,,,,,,,
325,,,2017-18,33,2018-04-07 11:30:00,7,10,0,0,,,,,,,
326,,,2017-18,33,2018-04-07 14:00:00,9,13,1,2,,,,,,,
327,,,2017-18,33,2018-04-07 16:30:00,11,12,2,3,,,,,,,
328,,,2017-18,33,2018-04-07 14:00:00,15,17,1,2,,,,,,,
329,,,2017-18,33,2018-04-07 14:00:00,18,4,1,2,,,,,,,
330,,,2017-18,33,2018-04-07 14:00:00,19,16,1,1,,,,,,,
331,,,2017-18,34,2018-04-14 14:00:00,4,9,2,1,,,,,,,
332,,,2017-18,34,2018-04-14 14:00:00,6,3,3,2,,,,,,,
333,,,2017-18,34,2018-04-14 14:00:00,8,18,1,0,,,,,,,
334,,,2017-18,34,2018-04-14 16:30:00,10,2,3,0,,,,,,,
335,,,2017-18,34,2018-04-15 15:00:00,12,19,0,1,,,,,,,
336,,,2017-18,34,2018-04-15 12:30:00,13,1,2,1,,,,,,,
337,,,2017-18,34,2018-04-14 11:30:00,14,5,2,3,,,,,,,
338,,,2017-18,34,2018-04-14 14:00:00,16,7,1,1,,,,,,,
339,,,2017-18,34,2018-04-14 18:45:00,17,11,1,3,,,,,,,
340,,,2017-18,34,2018-04-16 19:00:00,20,15,1,1,,,,,,,
341,,,2017-18,35,2018-04-22 12:30:00,1,20,4,1,,,,,,,
342,,,2017-18,34,2018-04-18 18:45:00,2,12,0,2,,,,,,,
343,,,2017-18,34,2018-04-17 18:45:00,3,17,1,1,,,,,,,
344,,,2017-18,37,2018-05-09 18:45:00,5,8,1,1,,,,,,,
345,,,2017-18,35,2018-04-23 19:00:00,7,13,1,0,,,,,,,
346,,,2017-18,34,2018-04-19 18:45:00,9,14,0,0,,,,,,,
347,,,2017-18,35,2018-04-22 15:30:00,11,16,5,0,,,,,,,
348,,,2017-18,35,2018-04-22 12:30:00,15,4,1,1,,,,,,,
349,,,2017-18,35,2018-04-21 14:00:00,18,6,0,0,,,,,,,
350,,,2017-18,35,2018-04-21 11:30:00,19,10,2,2,,,,,,,
351,,,2017-18,36,2018-04-28 14:00:00,4,3,0,0,,,,,,,
352,,,2017-18,36,2018-04-28 14:00:00,6,9,5,0,,,,,,,
353,,,2017-18,36,2018-04-28 14:00:00,8,7,0,2,,,,,,,
354,,,2017-18,36,2018-04-28 11:30:00,10,15,0,0,,,,,,,
355,,,2017-18,36,2018-04-29 15:30:00,12,1,2,1,,,,,,,
356,,,2017-18,36,2018-04-28 14:00:00,13,19,0,1,,,,,,,
357,,,2017-18,36,2018-04-28 14:00:00,14,2,2,1,,,,,,,
358,,,2017-18,36,2018-04-28 16:30:00,16,5,0,1,,,,,,,
359,,,2017-18,36,2018-04-30 19:00:00,17,18,2,0,,,,,,,
360,,,2017-18,36,2018-04-29 13:15:00,20,11,1,4,,,,,,,
361,,,2017-18,37,2018-05-06 15:30:00,1,4,5,0,,,,,,,
362,,,2017-18,37,2018-05-05 14:00:00,2,16,1,0,,,,,,,
363,,,2017-18,37,2018-05-04 19:00:00,3,12,1,0,,,,,,,
364,,,2017-18,37,2018-05-06 15:30:00,5,10,1,0,,,,,,,
365,,,2017-18,37,2018-05-05 16:30:00,7,14,1,1,,,,,,,
366,,,2017-18,37,2018-05-05 14:00:00,9,20,0,2,,,,,,,
367,,,2017-18,37,2018-05-06 12:30:00,11,8,0,0,,,,,,,
368,,,2017-18,37,2018-05-05 11:30:00,15,6,1,2,,,,,,,
369,,,2017-18,37,2018-05-05 14:00:00,18,13,2,1,,,,,,,
370,,,2017-18,37,2018-05-05 14:00:00,19,17,1,0,,,,,,,
371,,,2017-18,38,2018-05-13 14:00:00,4,2,1,2,,,,,,,
372,,,2017-18,38,2018-05-13 14:00:00,6,19,2,0,,,,,,,
373,,,2017-18,38,2018-05-13 14:00:00,8,1,0,1,,,,,,,
374,,,2017-18,38,2018-05-13 14:00:00,10,3,4,0,,,,,,,
375,,,2017-18,38,2018-05-13 14:00:00,12,18,1,0,,,,,,,
376,,,2017-18,38,2018-05-13 14:00:00,13,5,3,0,,,,,,,
377,,,2017-18,38,2018-05-13 14:00:00,14,11,0,1,,,,,,,
378,,,2017-18,38,2018-05-13 14:00:00,16,15,1,2,,,,,,,
15,,,2017-18,2,2017-08-19 14:00:00,14,20,3,2,,,,,,,
18,,,2017-18,2,2017-08-20 12:30:00,8,13,1,0,,,,,,,
21,,,2017-18,3,2017-08-26 11:30:00,2,11,1,2,,,,,,,
22,,,2017-18,3,2017-08-27 12:30:00,5,7,2,0,,,,,,,
23,,,2017-18,3,2017-08-26 14:00:00,6,16,0,2,,,,,,,
24,,,2017-18,3,2017-08-26 14:00:00,8,14,0,0,,,,,,,
25,,,2017-18,3,2017-08-26 16:30:00,12,9,2,0,,,,,,,
26,,,2017-18,3,2017-08-26 14:00:00,13,20,3,0,,,,,,,
27,,,2017-18,3,2017-08-26 14:00:00,18,3,0,0,,,,,,,
28,,,2017-18,3,2017-08-27 15:00:00,10,1,4,0,,,,,,,
29,,,2017-18,3,2017-08-27 15:00:00,17,4,1,1,,,,,,,
30,,,2017-18,3,2017-08-27 12:30:00,19,15,1,1,,,,,,,
31,,,2017-18,4,2017-09-09 14:00:00,1,2,3,0,,,,,,,
32,,,2017-18,4,2017-09-09 14:00:00,3,19,3,1,,,,,,,
33,,,2017-18,4,2017-09-09 14:00:00,4,17,0,3,,,,,,,
34,,,2017-18,4,2017-09-09 14:00:00,9,5,1,2,,,,,,,
35,,,2017-18,4,2017-09-09 11:30:00,11,10,5,0,,,,,,,
36,,,2017-18,4,2017-09-09 14:00:00,14,18,0,2,,,,,,,
37,,,2017-18,4,2017-09-09 16:30:00,15,12,2,2,,,,,,,
38,,,2017-18,4,2017-09-10 12:30:00,4,6,1,0,,,,,,,
39,,,2017-18,4,2017-09-10 15:00:00,16,13,0,1,,,,,,,
40,,,2017-18,4,2017-09-11 19:00:00,20,8,2,0,,,,,,,
41,,,2017-18,5,2017-09-15 19:00:00,2,3,2,1,,,,,,,
42,,,2017-18,5,2017-09-16 11:30:00,6,14,0,1,,,,,,,
43,,,2017-18,5,2017-09-16 14:00:00,8,9,1,1,,,,,,,
44,,,2017-18,5,2017-09-16 14:00:00,10,4,1,1,,,,,,,
45,,,2017-18,5,2017-09-16 14:00:00,13,15,2,1,,,,,,,
46,,,2017-18,5,2017-09-16 16:30:00,17,16,0,0,,,,,,,
47,,,2017-18,5,2017-09-16 14:00:00,18,11,0,6,,,,,,,
48,,,2017-18,5,2017-09-16 14:00:00,19,20,0,0,,,,,,,
49,,,2017-18,5,2017-09-17 12:30:00,5,1,0,0,,,,,,,
50,,,2017-18,5,2017-09-17 15:00:00,12,7,4,0,,,,,,,
51,,,2017-18,6,2017-09-23 14:00:00,4,8,0,0,,,,,,,
52,,,2017-18,6,2017-09-23 14:00:00,4,2,2,1,,,,,,,
53,,,2017-18,6,2017-09-23 16:30:00,9,10,2,3,,,,,,,
54,,,2017-18,6,2017-09-23 14:00:00,11,6,5,0,,,,,,,
55,,,2017-18,6,2017-09-23 14:00:00,14,12,0,1,,,,,,,
56,,,2017-18,6,2017-09-23 14:00:00,15,5,0,4,,,,,,,
57,,,2017-18,6,2017-09-23 14:00:00,16,18,1,2,,,,,,,
58,,,2017-18,6,2017-09-23 11:30:00,20,17,2,3,,,,,,,
59,,,2017-18,6,2017-09-24 15:00:00,3,13,1,0,,,,,,,
60,,,2017-18,6,2017-09-25 19:00:00,1,19,2,0,,,,,,,
61,,,2017-18,7,2017-09-30 14:00:00,2,9,0,0,,,,,,,
62,,,2017-18,7,2017-09-30 16:30:00,5,11,0,1,,,,,,,
379,,,2017-18,38,2018-05-13 14:00:00,17,9,5,4,,,,,,,
380,,,2017-18,38,2018-05-13 14:00:00,20,7,3,1,,,,,,,
1,,,2023-24,1,2023-08-11 19:00:00,6,13,0,3,,,,,,,
3,,,2023-24,1,2023-08-12 14:00:00,3,19,1,1,,,,,,,
4,,,2023-24,1,2023-08-12 14:00:00,5,12,4,1,,,,,,,
5,,,2023-24,1,2023-08-12 14:00:00,9,10,0,1,,,,,,,
6,,,2023-24,1,2023-08-12 16:30:00,15,2,5,1,,,,,,,
7,,,2023-24,1,2023-08-12 14:00:00,17,8,0,1,,,,,,,
8,,,2023-24,1,2023-08-13 13:00:00,4,18,2,2,,,,,,,
9,,,2023-24,1,2023-08-13 15:30:00,7,11,1,1,,,,,,,
10,,,2023-24,1,2023-08-14 19:00:00,14,20,1,0,,,,,,,
11,,,2023-24,2,2023-08-20 13:00:00,2,9,4,0,,,,,,,
12,,,2023-24,2,2023-08-21 19:00:00,8,1,0,1,,,,,,,
13,,,2023-24,2,2023-08-19 14:00:00,10,4,0,3,,,,,,,
14,,,2023-24,2,2023-08-19 14:00:00,11,3,3,1,,,,,,,
15,,,2023-24,7,2023-10-03 18:30:00,12,6,1,2,,,,,,,
16,,,2023-24,2,2023-08-19 19:00:00,13,15,1,0,,,,,,,
17,,,2023-24,2,2023-08-18 18:45:00,16,17,2,1,,,,,,,
18,,,2023-24,2,2023-08-19 16:30:00,18,14,2,0,,,,,,,
19,,,2023-24,2,2023-08-20 15:30:00,19,7,3,1,,,,,,,
20,,,2023-24,2,2023-08-19 14:00:00,20,5,1,4,,,,,,,
21,,,2023-24,3,2023-08-26 14:00:00,16,10,2,2,,,,,,,
22,,,2023-24,3,2023-08-26 11:30:00,3,18,0,2,,,,,,,
23,,,2023-24,3,2023-08-26 14:00:00,4,8,1,1,,,,,,,
24,,,2023-24,3,2023-08-26 16:30:00,5,19,1,3,,,,,,,
25,,,2023-24,3,2023-08-27 13:00:00,6,2,1,3,,,,,,,
26,,,2023-24,3,2023-08-25 19:00:00,7,12,3,0,,,,,,,
27,,,2023-24,3,2023-08-26 14:00:00,9,20,0,1,,,,,,,
28,,,2023-24,3,2023-08-26 14:00:00,14,16,3,2,,,,,,,
29,,,2023-24,3,2023-08-27 15:30:00,15,11,1,2,,,,,,,
30,,,2023-24,3,2023-08-27 13:00:00,17,13,1,2,,,,,,,
31,,,2023-24,4,2023-09-03 15:30:00,1,14,3,1,,,,,,,
32,,,2023-24,4,2023-09-02 14:00:00,4,3,2,2,,,,,,,
33,,,2023-24,4,2023-09-02 16:30:00,5,15,3,1,,,,,,,
34,,,2023-24,4,2023-09-02 14:00:00,6,18,2,5,,,,,,,
35,,,2023-24,4,2023-09-02 14:00:00,7,16,0,1,,,,,,,
36,,,2023-24,4,2023-09-03 13:00:00,8,20,3,2,,,,,,,
37,,,2023-24,4,2023-09-03 13:00:00,11,2,3,0,,,,,,,
38,,,2023-24,4,2023-09-01 19:00:00,12,19,1,2,,,,,,,
39,,,2023-24,4,2023-09-02 14:00:00,13,10,5,1,,,,,,,
40,,,2023-24,4,2023-09-02 11:30:00,17,9,2,2,,,,,,,
41,,,2023-24,5,2023-09-16 14:00:00,2,8,3,1,,,,,,,
42,,,2023-24,5,2023-09-17 13:00:00,3,7,0,0,,,,,,,
43,,,2023-24,5,2023-09-17 15:30:00,9,1,0,1,,,,,,,
44,,,2023-24,5,2023-09-16 14:00:00,10,12,1,0,,,,,,,
45,,,2023-24,5,2023-09-16 14:00:00,14,5,1,3,,,,,,,
46,,,2023-24,5,2023-09-16 16:30:00,15,4,1,0,,,,,,,
47,,,2023-24,5,2023-09-18 18:45:00,16,6,1,1,,,,,,,
48,,,2023-24,5,2023-09-16 14:00:00,18,17,2,1,,,,,,,
49,,,2023-24,5,2023-09-16 14:00:00,19,13,1,3,,,,,,,
50,,,2023-24,5,2023-09-16 11:30:00,20,11,1,3,,,,,,,
51,,,2023-24,6,2023-09-24 13:00:00,1,18,2,2,,,,,,,
52,,,2023-24,6,2023-09-23 16:30:00,4,9,1,3,,,,,,,
53,,,2023-24,6,2023-09-24 13:00:00,5,3,3,1,,,,,,,
54,,,2023-24,6,2023-09-23 19:00:00,6,14,0,1,,,,,,,
55,,,2023-24,6,2023-09-24 13:00:00,7,2,0,1,,,,,,,
56,,,2023-24,6,2023-09-23 14:00:00,8,10,0,0,,,,,,,
57,,,2023-24,6,2023-09-24 13:00:00,11,19,3,1,,,,,,,
58,,,2023-24,6,2023-09-23 14:00:00,12,20,1,1,,,,,,,
59,,,2023-24,6,2023-09-23 14:00:00,13,16,2,0,,,,,,,
60,,,2023-24,6,2023-09-24 15:30:00,17,15,0,8,,,,,,,
61,,,2023-24,7,2023-09-30 11:30:00,2,5,6,1,,,,,,,
62,,,2023-24,7,2023-09-30 14:00:00,3,1,0,4,,,,,,,
63,,,2023-24,7,2023-09-30 14:00:00,9,12,1,2,,,,,,,
64,,,2023-24,7,2023-10-02 19:00:00,10,7,0,2,,,,,,,
65,,,2023-24,7,2023-09-30 14:00:00,14,8,0,1,,,,,,,
66,,,2023-24,7,2023-09-30 14:00:00,15,6,2,0,,,,,,,
67,,,2023-24,7,2023-10-01 13:00:00,16,4,1,1,,,,,,,
68,,,2023-24,7,2023-09-30 16:30:00,18,11,2,1,,,,,,,
69,,,2023-24,7,2023-09-30 14:00:00,19,17,2,0,,,,,,,
70,,,2023-24,7,2023-09-30 14:00:00,20,13,2,1,,,,,,,
71,,,2023-24,8,2023-10-08 15:30:00,1,13,1,0,,,,,,,
72,,,2023-24,8,2023-10-08 13:00:00,5,11,2,2,,,,,,,
73,,,2023-24,8,2023-10-07 14:00:00,6,7,1,4,,,,,,,
74,,,2023-24,8,2023-10-07 16:30:00,8,16,0,0,,,,,,,
75,,,2023-24,8,2023-10-07 14:00:00,9,3,3,0,,,,,,,
76,,,2023-24,8,2023-10-07 14:00:00,10,17,3,1,,,,,,,
77,,,2023-24,8,2023-10-07 11:30:00,12,18,0,1,,,,,,,
78,,,2023-24,8,2023-10-07 14:00:00,14,4,2,1,,,,,,,
79,,,2023-24,8,2023-10-08 13:00:00,19,15,2,2,,,,,,,
80,,,2023-24,8,2023-10-08 13:00:00,20,2,1,1,,,,,,,
81,,,2023-24,9,2023-10-22 15:30:00,2,19,4,1,,,,,,,
82,,,2023-24,9,2023-10-21 14:00:00,3,20,1,2,,,,,,,
83,,,2023-24,9,2023-10-21 14:00:00,4,6,3,0,,,,,,,
84,,,2023-24,9,2023-10-21 16:30:00,7,1,2,2,,,,,,,
85,,,2023-24,9,2023-10-21 11:30:00,11,9,2,0,,,,,,,
86,,,2023-24,9,2023-10-21 14:00:00,13,5,2,1,,,,,,,
87,,,2023-24,9,2023-10-21 14:00:00,15,8,4,0,,,,,,,
88,,,2023-24,9,2023-10-21 14:00:00,16,12,2,2,,,,,,,
89,,,2023-24,9,2023-10-21 19:00:00,17,14,1,2,,,,,,,
90,,,2023-24,9,2023-10-23 19:00:00,18,10,2,0,,,,,,,
91,,,2023-24,10,2023-10-28 14:00:00,1,17,5,0,,,,,,,
92,,,2023-24,10,2023-10-29 14:00:00,2,12,3,1,,,,,,,
93,,,2023-24,10,2023-10-28 14:00:00,3,6,2,1,,,,,,,
94,,,2023-24,10,2023-10-29 14:00:00,5,10,1,1,,,,,,,
95,,,2023-24,10,2023-10-28 11:30:00,7,4,0,2,,,,,,,
96,,,2023-24,10,2023-10-27 19:00:00,8,18,1,2,,,,,,,
97,,,2023-24,10,2023-10-29 14:00:00,11,16,3,0,,,,,,,
98,,,2023-24,10,2023-10-29 15:30:00,14,13,0,3,,,,,,,
99,,,2023-24,10,2023-10-29 13:00:00,19,9,0,1,,,,,,,
100,,,2023-24,10,2023-10-28 16:30:00,20,15,2,2,,,,,,,
101,,,2023-24,11,2023-11-04 15:00:00,4,19,3,2,,,,,,,
102,,,2023-24,11,2023-11-04 15:00:00,6,8,0,2,,,,,,,
103,,,2023-24,11,2023-11-04 15:00:00,9,5,1,1,,,,,,,
104,,,2023-24,11,2023-11-04 12:30:00,10,14,0,1,,,,,,,
105,,,2023-24,11,2023-11-05 16:30:00,12,11,1,1,,,,,,,
106,,,2023-24,11,2023-11-04 15:00:00,13,3,6,1,,,,,,,
107,,,2023-24,11,2023-11-04 17:30:00,15,1,1,0,,,,,,,
108,,,2023-24,11,2023-11-05 14:00:00,16,2,2,0,,,,,,,
109,,,2023-24,11,2023-11-04 15:00:00,17,20,2,1,,,,,,,
110,,,2023-24,11,2023-11-06 20:00:00,18,7,1,4,,,,,,,
111,,,2023-24,12,2023-11-11 15:00:00,1,6,3,1,,,,,,,
112,,,2023-24,12,2023-11-12 14:00:00,2,10,3,1,,,,,,,
113,,,2023-24,12,2023-11-11 17:30:00,3,15,2,0,,,,,,,
114,,,2023-24,12,2023-11-12 14:00:00,5,17,1,1,,,,,,,
115,,,2023-24,12,2023-11-12 16:30:00,7,13,4,4,,,,,,,
116,,,2023-24,12,2023-11-11 15:00:00,8,9,2,3,,,,,,,
117,,,2023-24,12,2023-11-12 14:00:00,11,4,3,0,,,,,,,
118,,,2023-24,12,2023-11-11 15:00:00,14,12,1,0,,,,,,,
119,,,2023-24,12,2023-11-12 14:00:00,19,16,3,2,,,,,,,
120,,,2023-24,12,2023-11-11 12:30:00,20,18,2,1,,,,,,,
121,,,2023-24,13,2023-11-25 17:30:00,4,1,0,1,,,,,,,
122,,,2023-24,13,2023-11-25 15:00:00,6,19,1,2,,,,,,,
123,,,2023-24,13,2023-11-26 16:30:00,9,14,0,3,,,,,,,
124,,,2023-24,13,2023-11-27 20:00:00,10,20,3,2,,,,,,,
125,,,2023-24,13,2023-11-25 15:00:00,12,8,2,1,,,,,,,
126,,,2023-24,13,2023-11-25 12:30:00,13,11,1,1,,,,,,,
127,,,2023-24,13,2023-11-25 15:00:00,15,7,4,1,,,,,,,
128,,,2023-24,13,2023-11-25 15:00:00,16,5,2,3,,,,,,,
129,,,2023-24,13,2023-11-25 15:00:00,17,3,1,3,,,,,,,
130,,,2023-24,13,2023-11-26 14:00:00,18,2,1,2,,,,,,,
131,,,2023-24,14,2023-12-02 15:00:00,1,20,2,1,,,,,,,
132,,,2023-24,14,2023-12-03 14:00:00,3,2,2,2,,,,,,,
133,,,2023-24,14,2023-12-02 15:00:00,4,12,3,1,,,,,,,
134,,,2023-24,14,2023-12-02 15:00:00,6,17,5,0,,,,,,,
135,,,2023-24,14,2023-12-03 14:00:00,7,5,3,2,,,,,,,
136,,,2023-24,14,2023-12-03 14:00:00,11,10,4,3,,,,,,,
137,,,2023-24,14,2023-12-03 16:30:00,13,18,3,3,,,,,,,
138,,,2023-24,14,2023-12-02 20:00:00,15,14,1,0,,,,,,,
139,,,2023-24,14,2023-12-02 17:30:00,16,9,0,1,,,,,,,
140,,,2023-24,14,2023-12-03 14:00:00,19,8,1,1,,,,,,,
141,,,2023-24,15,2023-12-06 20:15:00,2,13,1,0,,,,,,,
142,,,2023-24,15,2023-12-06 19:30:00,5,4,2,1,,,,,,,
143,,,2023-24,15,2023-12-06 19:30:00,8,3,0,2,,,,,,,
144,,,2023-24,15,2023-12-07 19:30:00,9,15,3,0,,,,,,,
145,,,2023-24,15,2023-12-06 19:30:00,10,16,5,0,,,,,,,
146,,,2023-24,15,2023-12-05 20:15:00,12,1,3,4,,,,,,,
147,,,2023-24,15,2023-12-06 19:30:00,17,11,0,2,,,,,,,
148,,,2023-24,15,2023-12-07 20:15:00,18,19,1,2,,,,,,,
149,,,2023-24,15,2023-12-05 19:30:00,20,6,1,0,,,,,,,
150,,,2023-24,15,2023-12-06 20:15:00,14,7,2,1,,,,,,,
151,,,2023-24,16,2023-12-09 17:30:00,2,1,1,0,,,,,,,
152,,,2023-24,16,2023-12-09 15:00:00,5,6,1,1,,,,,,,
153,,,2023-24,16,2023-12-09 12:30:00,8,11,1,2,,,,,,,
154,,,2023-24,16,2023-12-10 14:00:00,9,7,2,0,,,,,,,
155,,,2023-24,16,2023-12-10 14:00:00,10,19,5,0,,,,,,,
156,,,2023-24,16,2023-12-10 14:00:00,12,13,1,2,,,,,,,
157,,,2023-24,16,2023-12-09 15:00:00,14,3,0,3,,,,,,,
158,,,2023-24,16,2023-12-09 15:00:00,17,4,1,0,,,,,,,
159,,,2023-24,16,2023-12-10 16:30:00,18,15,4,1,,,,,,,
160,,,2023-24,16,2023-12-09 15:00:00,20,16,1,1,,,,,,,
161,,,2023-24,17,2023-12-17 14:00:00,1,5,2,0,,,,,,,
162,,,2023-24,28,2024-03-13 19:30:00,3,12,4,3,,,,,,,
163,,,2023-24,17,2023-12-17 14:00:00,4,2,1,2,,,,,,,
164,,,2023-24,17,2023-12-16 17:30:00,6,9,0,2,,,,,,,
165,,,2023-24,17,2023-12-16 15:00:00,7,17,2,0,,,,,,,
166,,,2023-24,17,2023-12-17 16:30:00,11,14,0,0,,,,,,,
167,,,2023-24,17,2023-12-16 15:00:00,13,8,2,2,,,,,,,
168,,,2023-24,17,2023-12-16 15:00:00,15,10,3,0,,,,,,,
169,,,2023-24,17,2023-12-15 20:00:00,16,18,0,2,,,,,,,
170,,,2023-24,17,2023-12-17 14:00:00,19,20,3,0,,,,,,,
171,,,2023-24,18,2023-12-22 20:00:00,2,17,1,1,,,,,,,
172,,,2023-24,18,2023-12-21 20:00:00,8,5,1,1,,,,,,,
173,,,2023-24,18,2023-12-23 15:00:00,10,6,0,2,,,,,,,
174,,,2023-24,18,2023-12-23 17:30:00,11,1,1,1,,,,,,,
175,,,2023-24,18,2023-12-23 15:00:00,12,15,1,0,,,,,,,
176,,,2023-24,25,2024-02-20 19:30:00,13,4,1,0,,,,,,,
177,,,2023-24,18,2023-12-23 15:00:00,16,3,2,3,,,,,,,
178,,,2023-24,18,2023-12-23 15:00:00,18,9,2,1,,,,,,,
179,,,2023-24,18,2023-12-23 12:30:00,19,14,2,0,,,,,,,
180,,,2023-24,18,2023-12-24 13:00:00,20,7,2,1,,,,,,,
181,,,2023-24,19,2023-12-28 20:15:00,1,19,0,2,,,,,,,
182,,,2023-24,19,2023-12-26 15:00:00,3,10,3,0,,,,,,,
183,,,2023-24,19,2023-12-27 19:30:00,4,20,1,4,,,,,,,
184,,,2023-24,19,2023-12-28 19:30:00,5,18,4,2,,,,,,,
185,,,2023-24,19,2023-12-26 17:30:00,6,11,0,2,,,,,,,
186,,,2023-24,19,2023-12-27 19:30:00,7,8,2,1,,,,,,,
187,,,2023-24,19,2023-12-27 20:15:00,9,13,1,3,,,,,,,
188,,,2023-24,19,2023-12-26 20:00:00,14,2,3,2,,,,,,,
189,,,2023-24,19,2023-12-26 12:30:00,15,16,1,3,,,,,,,
190,,,2023-24,19,2023-12-26 15:00:00,17,12,2,3,,,,,,,
191,,,2023-24,20,2023-12-30 15:00:00,2,6,3,2,,,,,,,
192,,,2023-24,20,2023-12-30 15:00:00,8,4,3,1,,,,,,,
193,,,2023-24,20,2023-12-31 14:00:00,10,1,2,1,,,,,,,
194,,,2023-24,20,2024-01-01 20:00:00,11,15,4,2,,,,,,,
195,,,2023-24,20,2023-12-30 12:30:00,12,7,2,3,,,,,,,
196,,,2023-24,20,2023-12-30 15:00:00,13,17,2,0,,,,,,,
197,,,2023-24,20,2023-12-30 17:30:00,16,14,2,1,,,,,,,
198,,,2023-24,20,2023-12-31 14:00:00,18,3,3,1,,,,,,,
199,,,2023-24,20,2024-01-02 19:30:00,19,5,0,0,,,,,,,
200,,,2023-24,20,2023-12-30 15:00:00,20,9,3,0,,,,,,,
201,,,2023-24,21,2024-01-20 12:30:00,1,8,5,0,,,,,,,
202,,,2023-24,21,2024-01-21 16:30:00,3,11,0,4,,,,,,,
203,,,2023-24,21,2024-01-20 17:30:00,4,16,3,2,,,,,,,
204,,,2023-24,21,2024-01-22 19:45:00,5,20,0,0,,,,,,,
205,,,2023-24,21,2024-01-12 19:45:00,6,12,1,1,,,,,,,
206,,,2023-24,21,2024-01-13 12:30:00,7,10,1,0,,,,,,,
207,,,2023-24,21,2024-01-14 14:00:00,9,2,0,0,,,,,,,
208,,,2023-24,21,2024-01-14 16:30:00,14,18,2,2,,,,,,,
209,,,2023-24,21,2024-01-13 17:30:00,15,13,2,3,,,,,,,
210,,,2023-24,21,2024-01-21 14:00:00,17,19,2,2,,,,,,,
211,,,2023-24,22,2024-01-30 20:15:00,2,15,1,3,,,,,,,
212,,,2023-24,22,2024-01-30 20:00:00,8,17,3,2,,,,,,,
213,,,2023-24,22,2024-01-30 19:45:00,10,9,0,0,,,,,,,
214,,,2023-24,22,2024-01-30 19:45:00,12,5,4,0,,,,,,,
215,,,2023-24,22,2024-01-30 19:30:00,16,1,1,2,,,,,,,
216,,,2023-24,22,2024-01-31 19:30:00,18,4,3,2,,,,,,,
217,,,2023-24,22,2024-02-01 19:30:00,19,3,1,1,,,,,,,
218,,,2023-24,22,2024-02-01 20:15:00,20,14,3,4,,,,,,,
219,,,2023-24,22,2024-01-31 20:15:00,11,7,4,1,,,,,,,
220,,,2023-24,22,2024-01-31 19:30:00,13,6,3,1,,,,,,,
221,,,2023-24,23,2024-02-04 16:30:00,1,11,3,1,,,,,,,
222,,,2023-24,23,2024-02-04 14:00:00,3,16,1,1,,,,,,,
223,,,2023-24,23,2024-02-05 20:00:00,4,13,1,3,,,,,,,
224,,,2023-24,23,2024-02-03 15:00:00,5,8,4,1,,,,,,,
225,,,2023-24,23,2024-02-03 15:00:00,6,10,2,2,,,,,,,
226,,,2023-24,23,2024-02-04 14:00:00,7,20,2,4,,,,,,,
227,,,2023-24,23,2024-02-03 12:30:00,9,18,2,2,,,,,,,
228,,,2023-24,23,2024-02-04 14:00:00,14,19,3,0,,,,,,,
229,,,2023-24,23,2024-02-03 15:00:00,15,12,4,4,,,,,,,
230,,,2023-24,23,2024-02-03 17:30:00,17,2,0,5,,,,,,,
231,,,2023-24,24,2024-02-11 16:30:00,2,14,1,2,,,,,,,
232,,,2023-24,24,2024-02-12 20:00:00,8,7,1,3,,,,,,,
233,,,2023-24,24,2024-02-10 15:00:00,10,3,3,1,,,,,,,
234,,,2023-24,24,2024-02-10 15:00:00,11,6,3,1,,,,,,,
235,,,2023-24,24,2024-02-10 15:00:00,12,17,1,3,,,,,,,
236,,,2023-24,24,2024-02-10 12:30:00,13,9,2,0,,,,,,,
237,,,2023-24,24,2024-02-10 17:30:00,16,15,2,3,,,,,,,
238,,,2023-24,24,2024-02-10 15:00:00,18,5,2,1,,,,,,,
239,,,2023-24,24,2024-02-11 14:00:00,19,1,0,6,,,,,,,
240,,,2023-24,24,2024-02-10 15:00:00,20,4,0,2,,,,,,,
241,,,2023-24,25,2024-02-17 12:30:00,4,11,1,4,,,,,,,
242,,,2023-24,25,2024-02-17 15:00:00,6,1,0,5,,,,,,,
243,,,2023-24,25,2024-02-19 20:00:00,9,8,1,1,,,,,,,
244,,,2023-24,25,2024-02-17 15:00:00,10,2,1,2,,,,,,,
245,,,2023-24,25,2024-02-18 16:30:00,12,14,1,2,,,,,,,
246,,,2023-24,25,2024-02-17 17:30:00,13,7,1,1,,,,,,,
247,,,2023-24,25,2024-02-17 15:00:00,15,3,2,2,,,,,,,
248,,,2023-24,25,2024-02-17 15:00:00,16,19,2,0,,,,,,,
249,,,2023-24,25,2024-02-18 14:00:00,17,5,0,5,,,,,,,
250,,,2023-24,25,2024-02-17 15:00:00,18,20,1,2,,,,,,,
251,,,2023-24,26,2024-02-24 20:00:00,1,15,4,1,,,,,,,
252,,,2023-24,26,2024-02-24 15:00:00,2,16,4,2,,,,,,,
253,,,2023-24,26,2024-02-24 17:30:00,3,13,0,1,,,,,,,
254,,,2023-24,26,2024-02-24 15:00:00,5,9,1,1,,,,,,,
255,,,2023-24,35,2024-05-02 18:30:00,7,18,2,0,,,,,,,
256,,,2023-24,26,2024-02-24 15:00:00,8,6,3,0,,,,,,,
257,,,2023-24,25,2024-02-21 19:30:00,11,12,4,1,,,,,,,
258,,,2023-24,26,2024-02-24 15:00:00,14,10,1,2,,,,,,,
259,,,2023-24,26,2024-02-26 20:00:00,19,4,4,2,,,,,,,
260,,,2023-24,26,2024-02-25 13:30:00,20,17,1,0,,,,,,,
261,,,2023-24,27,2024-03-02 15:00:00,4,7,2,2,,,,,,,
262,,,2023-24,27,2024-03-03 13:00:00,6,3,0,2,,,,,,,
263,,,2023-24,27,2024-03-02 15:00:00,9,19,1,3,,,,,,,
264,,,2023-24,27,2024-03-02 15:00:00,10,5,3,0,,,,,,,
265,,,2023-24,27,2024-03-02 17:30:00,12,2,2,3,,,,,,,
266,,,2023-24,27,2024-03-03 15:30:00,13,14,3,1,,,,,,,
267,,,2023-24,27,2024-03-02 15:00:00,15,20,3,0,,,,,,,
268,,,2023-24,27,2024-03-02 15:00:00,16,11,0,1,,,,,,,
269,,,2023-24,27,2024-03-04 20:00:00,17,1,0,6,,,,,,,
270,,,2023-24,27,2024-03-02 15:00:00,18,8,3,1,,,,,,,
271,,,2023-24,28,2024-03-09 17:30:00,1,4,2,1,,,,,,,
272,,,2023-24,28,2024-03-10 13:00:00,2,18,0,4,,,,,,,
273,,,2023-24,28,2024-03-09 15:00:00,3,17,2,2,,,,,,,
274,,,2023-24,28,2024-03-10 14:00:00,5,16,1,0,,,,,,,
275,,,2023-24,28,2024-03-11 20:00:00,7,15,3,2,,,,,,,
276,,,2023-24,28,2024-03-09 15:00:00,8,12,1,1,,,,,,,
277,,,2023-24,28,2024-03-10 15:45:00,11,13,1,1,,,,,,,
278,,,2023-24,28,2024-03-09 12:30:00,14,9,2,0,,,,,,,
279,,,2023-24,28,2024-03-10 14:00:00,19,6,2,2,,,,,,,
280,,,2023-24,28,2024-03-09 15:00:00,20,10,2,1,,,,,,,
281,,,2023-24,34,2024-04-23 19:00:00,1,7,5,0,,,,,,,
282,,,2023-24,34,2024-04-25 19:00:00,5,13,0,4,,,,,,,
283,,,2023-24,29,2024-03-16 15:00:00,6,4,2,1,,,,,,,
284,,,2023-24,34,2024-04-24 19:00:00,8,15,2,0,,,,,,,
285,,,2023-24,34,2024-04-24 19:00:00,9,11,2,0,,,,,,,
286,,,2023-24,29,2024-03-16 17:30:00,10,18,3,0,,,,,,,
287,,,2023-24,29,2024-03-16 15:00:00,12,16,1,1,,,,,,,
288,,,2023-24,34,2024-04-24 19:00:00,14,17,4,2,,,,,,,
289,,,2023-24,29,2024-03-17 14:00:00,19,2,1,1,,,,,,,
290,,,2023-24,34,2024-04-24 18:45:00,20,3,0,1,,,,,,,
291,,,2023-24,30,2024-03-30 17:30:00,2,20,2,0,,,,,,,
292,,,2023-24,30,2024-03-30 15:00:00,3,9,2,1,,,,,,,
293,,,2023-24,30,2024-03-30 20:00:00,4,14,1,1,,,,,,,
294,,,2023-24,30,2024-03-30 15:00:00,7,6,2,2,,,,,,,
295,,,2023-24,30,2024-03-31 13:00:00,11,5,2,1,,,,,,,
296,,,2023-24,30,2024-03-31 15:30:00,13,1,0,0,,,,,,,
297,,,2023-24,30,2024-03-30 12:30:00,15,19,4,3,,,,,,,
298,,,2023-24,30,2024-03-30 15:00:00,16,8,1,1,,,,,,,
299,,,2023-24,30,2024-03-30 15:00:00,17,10,3,3,,,,,,,
300,,,2023-24,30,2024-03-30 15:00:00,18,12,2,1,,,,,,,
301,,,2023-24,31,2024-04-03 18:30:00,1,12,2,0,,,,,,,
302,,,2023-24,31,2024-04-02 18:45:00,3,8,1,0,,,,,,,
303,,,2023-24,31,2024-04-03 18:30:00,4,5,0,0,,,,,,,
304,,,2023-24,31,2024-04-02 18:45:00,6,20,1,1,,,,,,,
305,,,2023-24,31,2024-04-02 18:30:00,16,10,3,1,,,,,,,
306,,,2023-24,31,2024-04-02 19:15:00,19,18,1,1,,,,,,,
307,,,2023-24,31,2024-04-04 19:15:00,7,14,4,3,,,,,,,
308,,,2023-24,31,2024-04-04 18:30:00,11,17,3,1,,,,,,,
309,,,2023-24,31,2024-04-03 19:15:00,13,2,4,1,,,,,,,
310,,,2023-24,31,2024-04-02 18:30:00,15,9,1,1,,,,,,,
311,,,2023-24,32,2024-04-06 14:00:00,2,4,3,3,,,,,,,
312,,,2023-24,32,2024-04-06 16:30:00,5,1,0,3,,,,,,,
313,,,2023-24,32,2024-04-06 11:30:00,8,13,2,4,,,,,,,
314,,,2023-24,32,2024-04-06 14:00:00,9,6,1,0,,,,,,,
315,,,2023-24,32,2024-04-06 14:00:00,10,15,0,1,,,,,,,
316,,,2023-24,32,2024-04-06 14:00:00,12,3,2,1,,,,,,,
317,,,2023-24,32,2024-04-07 14:30:00,14,11,2,2,,,,,,,
318,,,2023-24,32,2024-04-07 16:30:00,17,7,2,2,,,,,,,
319,,,2023-24,32,2024-04-07 17:00:00,18,16,3,1,,,,,,,
320,,,2023-24,32,2024-04-06 14:00:00,20,19,1,2,,,,,,,
321,,,2023-24,33,2024-04-14 15:30:00,1,2,0,2,,,,,,,
322,,,2023-24,33,2024-04-13 16:30:00,3,14,2,2,,,,,,,
323,,,2023-24,33,2024-04-13 14:00:00,4,17,2,0,,,,,,,
324,,,2023-24,33,2024-04-13 14:00:00,6,5,1,1,,,,,,,
325,,,2023-24,33,2024-04-15 19:00:00,7,9,6,0,,,,,,,
326,,,2023-24,33,2024-04-14 13:00:00,11,8,0,1,,,,,,,
327,,,2023-24,33,2024-04-13 14:00:00,13,12,5,1,,,,,,,
328,,,2023-24,33,2024-04-13 11:30:00,15,18,4,0,,,,,,,
329,,,2023-24,33,2024-04-13 14:00:00,16,20,2,2,,,,,,,
330,,,2023-24,33,2024-04-14 13:00:00,19,10,0,2,,,,,,,
331,,,2023-24,34,2024-04-21 14:00:00,2,3,3,1,,,,,,,
332,,,2023-24,37,2024-05-15 18:45:00,5,7,1,2,,,,,,,
333,,,2023-24,34,2024-04-21 14:00:00,8,19,5,2,,,,,,,
334,,,2023-24,34,2024-04-21 12:30:00,9,16,2,0,,,,,,,
335,,,2023-24,34,2024-04-21 15:30:00,10,11,1,3,,,,,,,
336,,,2023-24,34,2024-04-20 14:00:00,12,4,1,5,,,,,,,
337,,,2023-24,37,2024-05-15 19:00:00,14,15,3,2,,,,,,,
338,,,2023-24,34,2024-04-20 14:00:00,17,6,1,4,,,,,,,
339,,,2023-24,37,2024-05-14 19:00:00,18,13,0,2,,,,,,,
340,,,2023-24,34,2024-04-20 18:30:00,20,1,0,2,,,,,,,
341,,,2023-24,35,2024-04-27 19:00:00,2,7,2,2,,,,,,,
342,,,2023-24,35,2024-04-28 13:00:00,3,5,3,0,,,,,,,
343,,,2023-24,35,2024-04-27 16:30:00,9,4,1,0,,,,,,,
344,,,2023-24,35,2024-04-27 14:00:00,10,8,1,1,,,,,,,
345,,,2023-24,35,2024-04-27 14:00:00,14,6,1,1,,,,,,,
346,,,2023-24,35,2024-04-27 14:00:00,15,17,5,1,,,,,,,
347,,,2023-24,35,2024-04-28 15:30:00,16,13,0,2,,,,,,,
348,,,2023-24,35,2024-04-28 13:00:00,18,1,2,3,,,,,,,
349,,,2023-24,35,2024-04-27 11:30:00,19,11,2,2,,,,,,,
350,,,2023-24,35,2024-04-27 14:00:00,20,12,2,1,,,,,,,
351,,,2023-24,36,2024-05-04 11:30:00,1,3,3,0,,,,,,,
352,,,2023-24,36,2024-05-04 14:00:00,4,10,0,0,,,,,,,
353,,,2023-24,36,2024-05-05 13:00:00,5,2,1,0,,,,,,,
354,,,2023-24,36,2024-05-04 14:00:00,6,15,1,4,,,,,,,
355,,,2023-24,36,2024-05-05 13:00:00,7,19,5,0,,,,,,,
356,,,2023-24,36,2024-05-06 19:00:00,8,14,4,0,,,,,,,
357,,,2023-24,36,2024-05-05 15:30:00,11,18,4,2,,,,,,,
358,,,2023-24,36,2024-05-03 19:00:00,12,9,1,1,,,,,,,
359,,,2023-24,36,2024-05-04 16:30:00,13,20,5,1,,,,,,,
360,,,2023-24,36,2024-05-04 14:00:00,17,16,1,3,,,,,,,
361,,,2023-24,37,2024-05-13 19:00:00,2,11,3,3,,,,,,,
362,,,2023-24,37,2024-05-11 14:00:00,3,4,1,2,,,,,,,
363,,,2023-24,37,2024-05-11 14:00:00,9,17,1,0,,,,,,,
364,,,2023-24,37,2024-05-11 11:30:00,10,13,0,4,,,,,,,
365,,,2023-24,37,2024-05-12 15:30:00,14,1,0,1,,,,,,,
366,,,2023-24,37,2024-05-11 14:00:00,15,5,1,1,,,,,,,
367,,,2023-24,37,2024-05-11 16:30:00,16,7,2,3,,,,,,,
368,,,2023-24,37,2024-05-11 14:00:00,18,6,2,1,,,,,,,
369,,,2023-24,37,2024-05-11 14:00:00,19,12,3,1,,,,,,,
370,,,2023-24,37,2024-05-11 14:00:00,20,8,1,3,,,,,,,
371,,,2023-24,38,2024-05-19 15:00:00,1,9,2,1,,,,,,,
372,,,2023-24,38,2024-05-19 15:00:00,4,15,2,4,,,,,,,
373,,,2023-24,38,2024-05-19 15:00:00,5,14,0,2,,,,,,,
374,,,2023-24,38,2024-05-19 15:00:00,6,16,1,2,,,,,,,
375,,,2023-24,38,2024-05-19 15:00:00,7,3,2,1,,,,,,,
376,,,2023-24,38,2024-05-19 15:00:00,8,2,5,0,,,,,,,
377,,,2023-24,38,2024-05-19 15:00:00,11,20,2,0,,,,,,,
378,,,2023-24,38,2024-05-19 15:00:00,12,10,2,4,,,,,,,
379,,,2023-24,38,2024-05-19 15:00:00,13,19,3,1,,,,,,,
380,,,2023-24,38,2024-05-19 15:00:00,17,18,0,3,,,,,,,
2,,,2025-26,1,2025-08-16 11:30:00,2,15,0,0,,,,,,,
3,,,2025-26,1,2025-08-16 14:00:00,6,10,1,1,,,,,,,
4,,,2025-26,1,2025-08-17 13:00:00,16,5,3,1,,,,,,,
5,,,2025-26,1,2025-08-16 14:00:00,17,19,3,0,,,,,,,
6,,,2025-26,1,2025-08-16 14:00:00,18,3,3,0,,,,,,,
7,,,2025-26,1,2025-08-16 16:30:00,20,13,0,4,,,,,,,
8,,,2025-26,1,2025-08-17 13:00:00,7,8,0,0,,,,,,,
9,,,2025-26,1,2025-08-17 15:30:00,14,1,0,1,,,,,,,
10,,,2025-26,1,2025-08-18 19:00:00,11,9,1,0,,,,,,,
11,,,2025-26,2,2025-08-23 16:30:00,1,11,5,0,,,,,,,
12,,,2025-26,2,2025-08-23 14:00:00,4,20,1,0,,,,,,,
13,,,2025-26,2,2025-08-23 14:00:00,5,2,1,0,,,,,,,
14,,,2025-26,2,2025-08-23 14:00:00,3,17,2,0,,,,,,,
15,,,2025-26,2,2025-08-24 13:00:00,8,16,1,1,,,,,,,
16,,,2025-26,2,2025-08-24 13:00:00,9,6,2,0,,,,,,,
17,,,2025-26,2,2025-08-24 15:30:00,10,14,1,1,,,,,,,
18,,,2025-26,2,2025-08-23 11:30:00,13,18,0,2,,,,,,,
19,,,2025-26,2,2025-08-25 19:00:00,15,12,2,3,,,,,,,
20,,,2025-26,2,2025-08-22 19:00:00,19,7,1,5,,,,,,,
21,,,2025-26,3,2025-08-31 18:00:00,2,8,0,3,,,,,,,
22,,,2025-26,3,2025-08-31 13:00:00,6,13,2,1,,,,,,,
23,,,2025-26,3,2025-08-30 11:30:00,7,10,2,0,,,,,,,
24,,,2025-26,3,2025-08-30 16:30:00,11,15,0,0,,,,,,,
25,,,2025-26,3,2025-08-31 15:30:00,12,1,1,0,,,,,,,
26,,,2025-26,3,2025-08-30 14:00:00,14,3,3,2,,,,,,,
27,,,2025-26,3,2025-08-31 13:00:00,16,19,0,3,,,,,,,
28,,,2025-26,3,2025-08-30 14:00:00,17,5,2,1,,,,,,,
29,,,2025-26,3,2025-08-30 14:00:00,18,4,0,1,,,,,,,
30,,,2025-26,3,2025-08-30 14:00:00,20,9,2,3,,,,,,,
31,,,2025-26,4,2025-09-13 11:30:00,1,16,3,0,,,,,,,
32,,,2025-26,4,2025-09-13 14:00:00,4,6,2,1,,,,,,,
33,,,2025-26,4,2025-09-13 19:00:00,5,7,2,2,,,,,,,
34,,,2025-26,4,2025-09-14 13:00:00,3,12,0,1,,,,,,,
35,,,2025-26,4,2025-09-13 14:00:00,8,17,0,0,,,,,,,
36,,,2025-26,4,2025-09-13 14:00:00,9,2,0,0,,,,,,,
37,,,2025-26,4,2025-09-13 14:00:00,10,11,1,0,,,,,,,
38,,,2025-26,4,2025-09-14 15:30:00,13,14,3,0,,,,,,,
39,,,2025-26,4,2025-09-13 14:00:00,15,20,1,0,,,,,,,
40,,,2025-26,4,2025-09-13 16:30:00,19,18,0,3,,,,,,,
41,,,2025-26,5,2025-09-21 15:30:00,1,13,1,1,,,,,,,
42,,,2025-26,5,2025-09-21 13:00:00,4,15,0,0,,,,,,,
43,,,2025-26,5,2025-09-20 14:00:00,6,18,2,2,,,,,,,
44,,,2025-26,5,2025-09-20 14:00:00,3,16,1,1,,,,,,,
45,,,2025-26,5,2025-09-20 19:00:00,10,5,3,1,,,,,,,
46,,,2025-26,5,2025-09-20 11:30:00,12,9,2,1,,,,,,,
47,,,2025-26,5,2025-09-20 16:30:00,14,7,2,1,,,,,,,
48,,,2025-26,5,2025-09-21 13:00:00,17,2,1,1,,,,,,,
49,,,2025-26,5,2025-09-20 14:00:00,19,8,1,2,,,,,,,
50,,,2025-26,5,2025-09-20 14:00:00,20,11,1,3,,,,,,,
51,,,2025-26,6,2025-09-28 13:00:00,2,10,3,1,,,,,,,
52,,,2025-26,6,2025-09-27 11:30:00,5,14,3,1,,,,,,,
53,,,2025-26,6,2025-09-27 14:00:00,7,6,1,3,,,,,,,
54,,,2025-26,6,2025-09-27 14:00:00,8,12,2,1,,,,,,,
55,,,2025-26,6,2025-09-29 19:00:00,9,19,1,1,,,,,,,
56,,,2025-26,6,2025-09-27 14:00:00,11,4,2,2,,,,,,,
57,,,2025-26,6,2025-09-27 14:00:00,13,3,5,1,,,,,,,
58,,,2025-26,6,2025-09-28 15:30:00,15,1,1,2,,,,,,,
59,,,2025-26,6,2025-09-27 16:30:00,16,17,0,1,,,,,,,
60,,,2025-26,6,2025-09-27 19:00:00,18,20,1,1,,,,,,,
61,,,2025-26,7,2025-10-04 14:00:00,1,19,2,0,,,,,,,
62,,,2025-26,7,2025-10-05 13:00:00,2,3,2,1,,,,,,,
63,,,2025-26,7,2025-10-03 19:00:00,4,10,3,1,,,,,,,
64,,,2025-26,7,2025-10-05 15:30:00,5,13,0,1,,,,,,,
65,,,2025-26,7,2025-10-04 16:30:00,7,12,2,1,,,,,,,
66,,,2025-26,7,2025-10-05 13:00:00,9,8,2,1,,,,,,,
67,,,2025-26,7,2025-10-04 11:30:00,11,18,1,2,,,,,,,
68,,,2025-26,7,2025-10-04 14:00:00,14,17,2,0,,,,,,,
69,,,2025-26,7,2025-10-05 13:00:00,15,16,2,0,,,,,,,
70,,,2025-26,7,2025-10-05 13:00:00,20,6,1,1,,,,,,,
71,,,2025-26,8,2025-10-18 14:00:00,6,15,2,1,,,,,,,
72,,,2025-26,8,2025-10-18 14:00:00,3,11,2,0,,,,,,,
73,,,2025-26,8,2025-10-18 14:00:00,8,4,3,3,,,,,,,
74,,,2025-26,8,2025-10-18 16:30:00,10,1,0,1,,,,,,,
75,,,2025-26,8,2025-10-19 15:30:00,12,14,1,2,,,,,,,
76,,,2025-26,8,2025-10-18 14:00:00,13,9,2,0,,,,,,,
77,,,2025-26,8,2025-10-18 11:30:00,16,7,0,3,,,,,,,
78,,,2025-26,8,2025-10-18 14:00:00,17,20,2,0,,,,,,,
79,,,2025-26,8,2025-10-19 13:00:00,18,2,1,2,,,,,,,
80,,,2025-26,8,2025-10-20 19:00:00,19,5,0,2,,,,,,,
81,,,2025-26,9,2025-10-26 14:00:00,1,8,1,0,,,,,,,
82,,,2025-26,9,2025-10-26 14:00:00,2,13,1,0,,,,,,,
83,,,2025-26,9,2025-10-26 14:00:00,4,16,2,0,,,,,,,
84,,,2025-26,9,2025-10-25 19:00:00,5,12,3,2,,,,,,,
85,,,2025-26,9,2025-10-25 14:00:00,7,17,1,2,,,,,,,
86,,,2025-26,9,2025-10-26 16:30:00,9,18,0,3,,,,,,,
87,,,2025-26,9,2025-10-24 19:00:00,11,19,2,1,,,,,,,
88,,,2025-26,9,2025-10-25 16:30:00,14,6,4,2,,,,,,,
89,,,2025-26,9,2025-10-25 14:00:00,15,10,2,1,,,,,,,
90,,,2025-26,9,2025-10-26 14:00:00,20,3,2,3,,,,,,,
91,,,2025-26,10,2025-11-01 15:00:00,6,11,3,0,,,,,,,
92,,,2025-26,10,2025-11-01 15:00:00,3,1,0,2,,,,,,,
93,,,2025-26,10,2025-11-01 15:00:00,8,5,2,0,,,,,,,
94,,,2025-26,10,2025-11-01 15:00:00,10,20,3,0,,,,,,,
95,,,2025-26,10,2025-11-01 20:00:00,12,2,2,0,,,,,,,
96,,,2025-26,10,2025-11-02 16:30:00,13,4,3,1,,,,,,,
97,,,2025-26,10,2025-11-01 15:00:00,16,14,2,2,,,,,,,
98,,,2025-26,10,2025-11-03 20:00:00,17,9,1,1,,,,,,,
99,,,2025-26,10,2025-11-01 17:30:00,18,7,0,1,,,,,,,
100,,,2025-26,10,2025-11-02 14:00:00,19,15,3,1,,,,,,,
101,,,2025-26,11,2025-11-09 14:00:00,2,4,4,0,,,,,,,
102,,,2025-26,11,2025-11-09 14:00:00,5,15,3,1,,,,,,,
103,,,2025-26,11,2025-11-08 20:00:00,7,20,3,0,,,,,,,
104,,,2025-26,11,2025-11-09 14:00:00,8,6,0,0,,,,,,,
105,,,2025-26,11,2025-11-08 15:00:00,9,10,2,0,,,,,,,
106,,,2025-26,11,2025-11-09 16:30:00,13,12,3,0,,,,,,,
107,,,2025-26,11,2025-11-09 14:00:00,16,11,3,1,,,,,,,
108,,,2025-26,11,2025-11-08 17:30:00,17,1,2,2,,,,,,,
109,,,2025-26,11,2025-11-08 12:30:00,18,14,2,2,,,,,,,
110,,,2025-26,11,2025-11-08 15:00:00,19,3,3,2,,,,,,,
111,,,2025-26,12,2025-11-23 16:30:00,1,18,4,1,,,,,,,
112,,,2025-26,12,2025-11-22 15:00:00,4,19,2,2,,,,,,,
113,,,2025-26,12,2025-11-22 15:00:00,6,5,2,1,,,,,,,
114,,,2025-26,12,2025-11-22 12:30:00,3,7,0,2,,,,,,,
115,,,2025-26,12,2025-11-22 15:00:00,10,17,1,0,,,,,,,
116,,,2025-26,12,2025-11-23 14:00:00,11,2,1,2,,,,,,,
117,,,2025-26,12,2025-11-22 15:00:00,12,16,0,3,,,,,,,
118,,,2025-26,12,2025-11-24 20:00:00,14,9,0,1,,,,,,,
119,,,2025-26,12,2025-11-22 17:30:00,15,13,2,1,,,,,,,
120,,,2025-26,12,2025-11-22 15:00:00,20,8,0,2,,,,,,,
121,,,2025-26,13,2025-11-30 14:05:00,2,20,1,0,,,,,,,
122,,,2025-26,13,2025-11-29 15:00:00,5,3,3,1,,,,,,,
123,,,2025-26,13,2025-11-30 16:30:00,7,1,1,1,,,,,,,
124,,,2025-26,13,2025-11-30 12:00:00,8,14,1,2,,,,,,,
125,,,2025-26,13,2025-11-29 17:30:00,9,15,1,4,,,,,,,
126,,,2025-26,13,2025-11-29 15:00:00,13,11,3,2,,,,,,,
127,,,2025-26,13,2025-11-30 14:05:00,16,6,0,2,,,,,,,
128,,,2025-26,13,2025-11-29 15:00:00,17,4,3,2,,,,,,,
129,,,2025-26,13,2025-11-29 20:00:00,18,10,1,2,,,,,,,
130,,,2025-26,13,2025-11-30 14:05:00,19,12,0,2,,,,,,,
131,,,2025-26,14,2025-12-03 19:30:00,1,5,2,0,,,,,,,
132,,,2025-26,14,2025-12-02 19:30:00,4,9,0,1,,,,,,,
133,,,2025-26,14,2025-12-03 19:30:00,6,2,3,4,,,,,,,
134,,,2025-26,14,2025-12-03 19:30:00,3,8,0,1,,,,,,,
135,,,2025-26,14,2025-12-02 19:30:00,10,13,4,5,,,,,,,
136,,,2025-26,14,2025-12-03 20:15:00,11,7,3,1,,,,,,,
137,,,2025-26,14,2025-12-03 20:15:00,12,17,1,1,,,,,,,
138,,,2025-26,14,2025-12-04 20:00:00,14,19,1,1,,,,,,,
139,,,2025-26,14,2025-12-02 20:15:00,15,18,2,2,,,,,,,
140,,,2025-26,14,2025-12-03 19:30:00,20,16,0,1,,,,,,,
141,,,2025-26,15,2025-12-06 12:30:00,2,1,2,1,,,,,,,
142,,,2025-26,15,2025-12-06 15:00:00,4,7,0,0,,,,,,,
143,,,2025-26,15,2025-12-07 14:00:00,6,19,1,1,,,,,,,
144,,,2025-26,15,2025-12-06 15:00:00,9,16,3,0,,,,,,,
145,,,2025-26,15,2025-12-07 16:30:00,10,8,1,2,,,,,,,
146,,,2025-26,15,2025-12-06 17:30:00,11,12,3,3,,,,,,,
147,,,2025-26,15,2025-12-06 15:00:00,13,17,3,0,,,,,,,
148,,,2025-26,15,2025-12-06 15:00:00,15,3,2,1,,,,,,,
149,,,2025-26,15,2025-12-06 15:00:00,18,5,2,0,,,,,,,
150,,,2025-26,15,2025-12-08 20:00:00,20,14,1,4,,,,,,,
151,,,2025-26,16,2025-12-13 20:00:00,1,20,2,1,,,,,,,
152,,,2025-26,16,2025-12-14 16:30:00,5,11,1,1,,,,,,,
153,,,2025-26,16,2025-12-13 17:30:00,3,10,2,3,,,,,,,
154,,,2025-26,16,2025-12-13 15:00:00,7,9,2,0,,,,,,,
155,,,2025-26,16,2025-12-14 14:00:00,8,13,0,3,,,,,,,
156,,,2025-26,16,2025-12-13 15:00:00,12,6,2,0,,,,,,,
157,,,2025-26,16,2025-12-15 20:00:00,14,4,4,4,,,,,,,
158,,,2025-26,16,2025-12-14 14:00:00,16,18,3,0,,,,,,,
159,,,2025-26,16,2025-12-14 14:00:00,17,15,1,0,,,,,,,
160,,,2025-26,16,2025-12-14 14:00:00,19,2,2,3,,,,,,,
161,,,2025-26,17,2025-12-21 16:30:00,2,14,2,1,,,,,,,
162,,,2025-26,17,2025-12-20 15:00:00,4,3,1,1,,,,,,,
163,,,2025-26,17,2025-12-20 15:00:00,6,17,0,0,,,,,,,
164,,,2025-26,17,2025-12-20 20:00:00,9,1,0,1,,,,,,,
165,,,2025-26,17,2025-12-22 20:00:00,10,16,1,0,,,,,,,
166,,,2025-26,17,2025-12-20 20:00:00,11,8,4,1,,,,,,,
167,,,2025-26,17,2025-12-20 15:00:00,13,19,3,0,,,,,,,
168,,,2025-26,17,2025-12-20 12:30:00,15,7,2,2,,,,,,,
169,,,2025-26,17,2025-12-20 17:30:00,18,12,1,2,,,,,,,
170,,,2025-26,17,2025-12-20 15:00:00,20,5,0,2,,,,,,,
171,,,2025-26,18,2025-12-27 15:00:00,1,6,2,1,,,,,,,
172,,,2025-26,18,2025-12-27 15:00:00,5,4,4,1,,,,,,,
173,,,2025-26,18,2025-12-27 15:00:00,3,9,0,0,,,,,,,
174,,,2025-26,18,2025-12-27 17:30:00,7,2,1,2,,,,,,,
175,,,2025-26,18,2025-12-28 16:30:00,8,18,0,1,,,,,,,
176,,,2025-26,18,2025-12-27 15:00:00,12,20,2,1,,,,,,,
177,,,2025-26,18,2025-12-26 20:00:00,14,15,1,0,,,,,,,
178,,,2025-26,18,2025-12-27 12:30:00,16,13,1,2,,,,,,,
179,,,2025-26,18,2025-12-28 14:00:00,17,11,1,1,,,,,,,
180,,,2025-26,18,2025-12-27 15:00:00,19,10,0,1,,,,,,,
181,,,2025-26,19,2025-12-30 20:15:00,1,2,4,1,,,,,,,
182,,,2025-26,19,2026-01-01 20:00:00,5,18,0,0,,,,,,,
183,,,2025-26,19,2025-12-30 19:30:00,3,15,1,3,,,,,,,
184,,,2025-26,19,2025-12-30 19:30:00,7,4,2,2,,,,,,,
185,,,2025-26,19,2026-01-01 17:30:00,8,10,1,1,,,,,,,
186,,,2025-26,19,2026-01-01 17:30:00,12,11,0,0,,,,,,,
187,,,2025-26,19,2025-12-30 20:15:00,14,20,1,1,,,,,,,
188,,,2025-26,19,2025-12-30 19:30:00,16,9,0,2,,,,,,,
189,,,2025-26,19,2026-01-01 20:00:00,17,13,0,0,,,,,,,
190,,,2025-26,19,2025-12-30 19:30:00,19,6,2,2,,,,,,,
191,,,2025-26,20,2026-01-03 12:30:00,2,16,3,1,,,,,,,
192,,,2025-26,20,2026-01-03 17:30:00,4,1,2,3,,,,,,,
193,,,2025-26,20,2026-01-03 15:00:00,6,3,2,0,,,,,,,
194,,,2025-26,20,2026-01-04 15:00:00,9,5,2,4,,,,,,,
195,,,2025-26,20,2026-01-04 15:15:00,10,12,2,2,,,,,,,
196,,,2025-26,20,2026-01-04 12:30:00,11,14,1,1,,,,,,,
197,,,2025-26,20,2026-01-04 17:30:00,13,7,1,1,,,,,,,
198,,,2025-26,20,2026-01-04 15:00:00,15,8,2,0,,,,,,,
199,,,2025-26,20,2026-01-04 15:00:00,18,17,1,1,,,,,,,
200,,,2025-26,20,2026-01-03 15:00:00,20,19,3,0,,,,,,,
201,,,2025-26,21,2026-01-08 20:00:00,1,12,0,0,,,,,,,
202,,,2025-26,21,2026-01-07 19:30:00,4,18,3,2,,,,,,,
203,,,2025-26,21,2026-01-07 19:30:00,5,17,3,0,,,,,,,
204,,,2025-26,21,2026-01-07 20:15:00,3,14,2,2,,,,,,,
205,,,2025-26,21,2026-01-07 19:30:00,8,2,0,0,,,,,,,
206,,,2025-26,21,2026-01-07 19:30:00,9,20,1,1,,,,,,,
207,,,2025-26,21,2026-01-07 19:30:00,10,7,2,1,,,,,,,
208,,,2025-26,21,2026-01-07 19:30:00,13,6,1,1,,,,,,,
209,,,2025-26,21,2026-01-07 20:15:00,15,11,4,3,,,,,,,
210,,,2025-26,21,2026-01-06 20:00:00,19,16,1,2,,,,,,,
211,,,2025-26,22,2026-01-18 16:30:00,2,9,0,1,,,,,,,
212,,,2025-26,22,2026-01-19 20:00:00,6,4,1,1,,,,,,,
213,,,2025-26,22,2026-01-17 15:00:00,7,5,2,0,,,,,,,
214,,,2025-26,22,2026-01-17 15:00:00,11,10,1,0,,,,,,,
215,,,2025-26,22,2026-01-17 15:00:00,12,3,1,1,,,,,,,
216,,,2025-26,22,2026-01-17 12:30:00,14,13,2,0,,,,,,,
217,,,2025-26,22,2026-01-17 17:30:00,16,1,0,0,,,,,,,
218,,,2025-26,22,2026-01-17 15:00:00,17,8,2,1,,,,,,,
219,,,2025-26,22,2026-01-17 15:00:00,18,19,1,2,,,,,,,
220,,,2025-26,22,2026-01-18 14:00:00,20,15,0,0,,,,,,,
221,,,2025-26,23,2026-01-25 16:30:00,1,14,2,3,,,,,,,
222,,,2025-26,23,2026-01-24 17:30:00,4,12,3,2,,,,,,,
223,,,2025-26,23,2026-01-25 14:00:00,5,16,0,2,,,,,,,
224,,,2025-26,23,2026-01-24 15:00:00,3,18,2,2,,,,,,,
225,,,2025-26,23,2026-01-25 14:00:00,8,7,1,3,,,,,,,
226,,,2025-26,23,2026-01-26 20:00:00,9,11,1,1,,,,,,,
227,,,2025-26,23,2026-01-24 15:00:00,10,6,2,1,,,,,,,
228,,,2025-26,23,2026-01-24 15:00:00,13,20,2,0,,,,,,,
229,,,2025-26,23,2026-01-25 14:00:00,15,2,0,2,,,,,,,
230,,,2025-26,23,2026-01-24 12:30:00,19,17,3,1,,,,,,,
231,,,2025-26,24,2026-02-01 14:00:00,2,5,0,1,,,,,,,
232,,,2025-26,24,2026-01-31 15:00:00,6,9,1,1,,,,,,,
233,,,2025-26,24,2026-01-31 17:30:00,7,19,3,2,,,,,,,
234,,,2025-26,24,2026-01-31 15:00:00,11,1,0,4,,,,,,,
235,,,2025-26,24,2026-01-31 20:00:00,12,15,4,1,,,,,,,
236,,,2025-26,24,2026-02-01 14:00:00,14,10,3,2,,,,,,,
237,,,2025-26,24,2026-02-01 14:00:00,16,8,1,1,,,,,,,
238,,,2025-26,24,2026-02-02 20:00:00,17,3,3,0,,,,,,,
239,,,2025-26,24,2026-02-01 16:30:00,18,13,2,2,,,,,,,
240,,,2025-26,24,2026-01-31 15:00:00,20,4,0,2,,,,,,,
241,,,2025-26,25,2026-02-07 15:00:00,1,17,3,0,,,,,,,
242,,,2025-26,25,2026-02-07 15:00:00,4,2,1,1,,,,,,,
243,,,2025-26,25,2026-02-08 14:00:00,6,8,0,1,,,,,,,
244,,,2025-26,25,2026-02-07 15:00:00,3,19,0,2,,,,,,,
245,,,2025-26,25,2026-02-07 15:00:00,10,9,1,2,,,,,,,
246,,,2025-26,25,2026-02-06 20:00:00,11,16,3,1,,,,,,,
247,,,2025-26,25,2026-02-08 16:30:00,12,13,1,2,,,,,,,
248,,,2025-26,25,2026-02-07 12:30:00,14,18,2,0,,,,,,,
249,,,2025-26,25,2026-02-07 17:30:00,15,5,2,3,,,,,,,
250,,,2025-26,25,2026-02-07 15:00:00,20,7,1,3,,,,,,,
251,,,2025-26,26,2026-02-11 19:30:00,2,6,1,0,,,,,,,
252,,,2025-26,26,2026-02-12 20:00:00,5,1,1,1,,,,,,,
253,,,2025-26,26,2026-02-10 19:30:00,7,11,2,2,,,,,,,
254,,,2025-26,26,2026-02-11 19:40:00,8,3,2,3,,,,,,,
255,,,2025-26,26,2026-02-10 19:30:00,9,4,1,2,,,,,,,
256,,,2025-26,26,2026-02-11 19:30:00,13,10,3,0,,,,,,,
257,,,2025-26,26,2026-02-11 19:30:00,16,20,0,0,,,,,,,
258,,,2025-26,26,2026-02-11 20:15:00,17,12,0,1,,,,,,,
259,,,2025-26,26,2026-02-10 19:30:00,18,15,1,2,,,,,,,
260,,,2025-26,26,2026-02-10 20:15:00,19,14,1,1,,,,,,,
261,,,2025-26,27,2026-02-21 15:00:00,2,11,1,1,,,,,,,
262,,,2025-26,27,2026-02-21 15:00:00,5,6,0,2,,,,,,,
263,,,2025-26,27,2026-02-21 15:00:00,7,3,1,1,,,,,,,
264,,,2025-26,27,2026-02-22 14:00:00,8,20,1,0,,,,,,,
265,,,2025-26,27,2026-02-23 20:00:00,9,14,0,1,,,,,,,
266,,,2025-26,27,2026-02-21 20:00:00,13,15,2,1,,,,,,,
267,,,2025-26,27,2026-02-22 14:00:00,16,12,0,1,,,,,,,
268,,,2025-26,27,2026-02-22 14:00:00,17,10,1,3,,,,,,,
269,,,2025-26,27,2026-02-22 16:30:00,18,1,1,4,,,,,,,
270,,,2025-26,27,2026-02-21 17:30:00,19,4,0,0,,,,,,,
1,,,2019-20,1,2019-08-09 19:00:00,10,14,4,1,,,,,,,
2,,,2019-20,1,2019-08-10 14:00:00,3,15,1,1,,,,,,,
3,,,2019-20,1,2019-08-10 14:00:00,5,16,3,0,,,,,,,
4,,,2019-20,1,2019-08-10 14:00:00,7,8,0,0,,,,,,,
5,,,2019-20,1,2019-08-11 13:00:00,9,20,0,0,,,,,,,
6,,,2019-20,1,2019-08-10 16:30:00,17,2,3,1,,,,,,,
7,,,2019-20,1,2019-08-10 14:00:00,18,4,0,3,,,,,,,
8,,,2019-20,1,2019-08-10 11:30:00,19,11,0,5,,,,,,,
9,,,2019-20,1,2019-08-11 15:30:00,12,6,4,0,,,,,,,
10,,,2019-20,1,2019-08-11 13:00:00,13,1,0,1,,,,,,,
11,,,2019-20,2,2019-08-17 11:30:00,1,5,2,1,,,,,,,
12,,,2019-20,2,2019-08-17 14:00:00,2,3,1,2,,,,,,,
13,,,2019-20,2,2019-08-17 14:00:00,4,19,1,1,,,,,,,
14,,,2019-20,2,2019-08-18 15:30:00,6,9,1,1,,,,,,,
271,,,2025-26,28,2026-03-01 16:30:00,1,7,2,1,,,,,,,
272,,,2025-26,28,2026-02-28 12:30:00,4,17,1,1,,,,,,,
273,,,2025-26,28,2026-03-01 14:00:00,6,16,2,1,,,,,,,
274,,,2025-26,28,2026-02-28 15:00:00,3,5,3,4,,,,,,,
275,,,2025-26,28,2026-03-01 14:00:00,10,18,2,1,,,,,,,
276,,,2025-26,28,2026-02-28 17:30:00,11,13,0,1,,,,,,,
277,,,2025-26,28,2026-02-28 15:00:00,12,19,5,2,,,,,,,
278,,,2025-26,28,2026-03-01 14:00:00,14,8,2,1,,,,,,,
279,,,2025-26,28,2026-02-28 15:00:00,15,9,2,3,,,,,,,
280,,,2025-26,28,2026-02-27 20:00:00,20,2,2,0,,,,,,,
281,,,2025-26,29,2026-03-04 19:30:00,2,7,1,4,,,,,,,
282,,,2025-26,29,2026-03-03 19:30:00,4,5,0,0,,,,,,,
283,,,2025-26,29,2026-03-04 19:30:00,6,1,0,1,,,,,,,
284,,,2025-26,29,2026-03-03 19:30:00,9,3,2,0,,,,,,,
285,,,2025-26,29,2026-03-04 19:30:00,10,19,0,1,,,,,,,
286,,,2025-26,29,2026-03-03 19:30:00,11,17,0,1,,,,,,,
287,,,2025-26,29,2026-03-04 19:30:00,13,16,2,2,,,,,,,
288,,,2025-26,29,2026-03-04 20:15:00,15,14,2,1,,,,,,,
289,,,2025-26,29,2026-03-05 20:00:00,18,8,1,3,,,,,,,
290,,,2025-26,29,2026-03-03 20:15:00,20,12,2,1,,,,,,,
291,,,2025-26,30,2026-03-14 17:30:00,1,9,2,0,,,,,,,
292,,,2025-26,30,2026-03-16 20:00:00,5,20,2,2,,,,,,,
293,,,2025-26,30,2026-03-14 15:00:00,3,4,0,0,,,,,,,
294,,,2025-26,30,2026-03-14 17:30:00,7,15,0,1,,,,,,,
295,,,2025-26,30,2026-03-15 14:00:00,8,11,0,0,,,,,,,
296,,,2025-26,30,2026-03-15 16:30:00,12,18,1,1,,,,,,,
297,,,2025-26,30,2026-03-15 14:00:00,14,2,3,1,,,,,,,
298,,,2025-26,30,2026-03-15 14:00:00,16,10,0,0,,,,,,,
299,,,2025-26,30,2026-03-14 15:00:00,17,6,0,1,,,,,,,
300,,,2025-26,30,2026-03-14 20:00:00,19,13,1,1,,,,,,,
301,,,2025-26,31,2026-03-22 14:15:00,2,19,2,0,,,,,,,
302,,,2025-26,31,2026-03-20 20:00:00,4,14,2,2,,,,,,,
303,,,2025-26,31,2026-03-21 12:45:00,6,12,2,1,,,,,,,
304,,,2025-26,31,2026-03-21 17:30:00,9,7,3,0,,,,,,,
305,,,2025-26,31,2026-03-21 15:00:00,10,3,3,1,,,,,,,
306,,,2025-26,31,2026-03-21 20:00:00,11,5,0,0,,,,,,,
307,,,2025-26,36,2026-05-13 19:00:00,13,8,3,0,,,,,,,
308,,,2025-26,31,2026-03-22 12:00:00,15,17,1,2,,,,,,,
309,,,2025-26,31,2026-03-22 14:15:00,18,16,0,3,,,,,,,
310,,,2025-26,26,2026-02-18 20:00:00,20,1,2,2,,,,,,,
311,,,2025-26,32,2026-04-11 11:30:00,1,4,1,2,,,,,,,
312,,,2025-26,32,2026-04-11 14:00:00,5,9,2,2,,,,,,,
313,,,2025-26,32,2026-04-11 14:00:00,3,6,0,2,,,,,,,
314,,,2025-26,32,2026-04-12 15:30:00,7,13,0,3,,,,,,,
315,,,2025-26,32,2026-04-12 13:00:00,8,15,2,1,,,,,,,
316,,,2025-26,32,2026-04-11 16:30:00,12,10,2,0,,,,,,,
317,,,2025-26,32,2026-04-13 19:00:00,14,11,1,2,,,,,,,
318,,,2025-26,32,2026-04-12 13:00:00,16,2,1,1,,,,,,,
319,,,2025-26,32,2026-04-12 13:00:00,17,18,1,0,,,,,,,
320,,,2025-26,32,2026-04-10 19:00:00,19,20,4,0,,,,,,,
321,,,2025-26,33,2026-04-19 13:00:00,2,17,4,3,,,,,,,
322,,,2025-26,33,2026-04-18 11:30:00,5,10,0,0,,,,,,,
323,,,2025-26,33,2026-04-18 19:00:00,7,14,0,1,,,,,,,
324,,,2025-26,33,2026-04-20 19:00:00,8,19,0,0,,,,,,,
325,,,2025-26,33,2026-04-19 13:00:00,9,12,1,2,,,,,,,
326,,,2025-26,33,2026-04-18 14:00:00,11,20,3,0,,,,,,,
327,,,2025-26,33,2026-04-19 15:30:00,13,1,2,1,,,,,,,
328,,,2025-26,33,2026-04-18 14:00:00,15,4,1,2,,,,,,,
329,,,2025-26,33,2026-04-19 13:00:00,16,3,4,1,,,,,,,
330,,,2025-26,33,2026-04-18 16:30:00,18,6,2,2,,,,,,,
331,,,2025-26,34,2026-04-25 16:30:00,1,15,1,0,,,,,,,
332,,,2025-26,33,2026-04-22 19:00:00,4,11,2,2,,,,,,,
334,,,2025-26,33,2026-04-22 19:00:00,3,13,0,1,,,,,,,
335,,,2025-26,34,2026-04-25 11:30:00,10,2,1,0,,,,,,,
336,,,2025-26,34,2026-04-25 14:00:00,12,8,3,1,,,,,,,
337,,,2025-26,34,2026-04-27 19:00:00,14,5,2,1,,,,,,,
338,,,2025-26,34,2026-04-24 19:00:00,17,16,0,5,,,,,,,
339,,,2025-26,34,2026-04-25 14:00:00,19,9,2,1,,,,,,,
340,,,2025-26,34,2026-04-25 14:00:00,20,18,0,1,,,,,,,
341,,,2025-26,35,2026-05-02 16:30:00,1,10,3,0,,,,,,,
342,,,2025-26,35,2026-05-03 18:00:00,2,18,1,2,,,,,,,
343,,,2025-26,35,2026-05-03 13:00:00,4,8,3,0,,,,,,,
344,,,2025-26,35,2026-05-02 14:00:00,5,19,3,0,,,,,,,
345,,,2025-26,35,2026-05-04 14:00:00,7,16,1,3,,,,,,,
346,,,2025-26,35,2026-05-04 19:00:00,9,13,3,3,,,,,,,
347,,,2025-26,35,2026-05-01 19:00:00,11,3,3,1,,,,,,,
348,,,2025-26,35,2026-05-03 14:30:00,14,12,3,2,,,,,,,
349,,,2025-26,35,2026-05-02 14:00:00,15,6,3,1,,,,,,,
350,,,2025-26,35,2026-05-02 14:00:00,20,17,1,1,,,,,,,
1,,,2020-21,1,2020-09-12 14:00:00,6,16,1,0,,,,,,,
2,,,2020-21,1,2020-09-12 11:30:00,8,18,0,3,,,,,,,
3,,,2020-21,1,2020-09-12 16:30:00,11,10,4,3,,,,,,,
4,,,2020-21,1,2020-09-13 15:30:00,17,7,0,1,,,,,,,
5,,,2020-21,1,2020-09-13 13:00:00,18,9,0,3,,,,,,,
6,,,2020-21,1,2020-09-12 19:00:00,19,14,0,2,,,,,,,
7,,,2020-21,1,2020-09-14 19:15:00,3,5,1,3,,,,,,,
8,,,2020-21,1,2020-09-14 17:00:00,15,20,0,2,,,,,,,
9,,,2020-21,2,2020-09-19 19:00:00,18,19,2,1,,,,,,,
10,,,2020-21,2,2020-09-21 17:00:00,2,15,1,0,,,,,,,
11,,,2020-21,2,2020-09-20 15:30:00,5,11,0,2,,,,,,,
12,,,2020-21,2,2020-09-19 11:30:00,7,18,5,2,,,,,,,
13,,,2020-21,2,2020-09-19 14:00:00,10,8,4,3,,,,,,,
14,,,2020-21,2,2020-09-20 18:00:00,9,4,4,2,,,,,,,
15,,,2020-21,2,2020-09-19 16:30:00,13,6,1,3,,,,,,,
51,,,2016-17,6,2016-09-24 16:30:00,1,4,3,0,,,,,,,
52,,,2016-17,6,2016-09-24 14:00:00,2,6,1,0,,,,,,,
53,,,2016-17,6,2016-09-24 14:00:00,9,7,5,1,,,,,,,
54,,,2016-17,6,2016-09-24 11:30:00,11,8,4,1,,,,,,,
55,,,2016-17,6,2016-09-24 14:00:00,12,17,1,2,,,,,,,
56,,,2016-17,6,2016-09-24 14:00:00,14,19,1,1,,,,,,,
57,,,2016-17,6,2016-09-24 14:00:00,15,5,2,3,,,,,,,
58,,,2016-17,6,2016-09-24 14:00:00,16,10,1,3,,,,,,,
59,,,2016-17,6,2016-09-25 15:00:00,20,13,0,3,,,,,,,
60,,,2016-17,6,2016-09-26 19:00:00,3,18,2,0,,,,,,,
61,,,2016-17,7,2016-10-02 15:30:00,3,1,0,1,,,,,,,
62,,,2016-17,7,2016-09-30 19:00:00,6,5,1,1,,,,,,,
63,,,2016-17,7,2016-10-01 14:00:00,7,4,0,2,,,,,,,
64,,,2016-17,7,2016-10-02 13:15:00,8,13,0,0,,,,,,,
65,,,2016-17,7,2016-10-02 11:00:00,11,14,1,1,,,,,,,
66,,,2016-17,7,2016-10-01 14:00:00,15,19,1,1,,,,,,,
67,,,2016-17,7,2016-10-01 11:30:00,16,9,1,2,,,,,,,
68,,,2016-17,7,2016-10-02 13:15:00,17,10,2,0,,,,,,,
69,,,2016-17,7,2016-10-01 14:00:00,18,2,2,2,,,,,,,
70,,,2016-17,7,2016-10-01 14:00:00,20,12,1,1,,,,,,,
71,,,2016-17,8,2016-10-15 14:00:00,1,16,3,2,,,,,,,
72,,,2016-17,8,2016-10-15 14:00:00,2,7,6,1,,,,,,,
73,,,2016-17,8,2016-10-15 11:30:00,4,8,3,0,,,,,,,
74,,,2016-17,8,2016-10-15 16:30:00,5,20,0,1,,,,,,,
75,,,2016-17,8,2016-10-17 19:00:00,9,11,0,0,,,,,,,
76,,,2016-17,8,2016-10-15 14:00:00,10,6,1,1,,,,,,,
77,,,2016-17,8,2016-10-16 12:30:00,12,18,0,1,,,,,,,
78,,,2016-17,8,2016-10-16 15:00:00,13,3,3,1,,,,,,,
79,,,2016-17,8,2016-10-15 14:00:00,14,15,2,0,,,,,,,
80,,,2016-17,8,2016-10-15 14:00:00,19,17,1,1,,,,,,,
81,,,2016-17,9,2016-10-22 14:00:00,1,12,0,0,,,,,,,
82,,,2016-17,9,2016-10-22 11:30:00,2,17,0,0,,,,,,,
83,,,2016-17,9,2016-10-22 14:00:00,3,6,2,1,,,,,,,
84,,,2016-17,9,2016-10-23 15:00:00,4,11,4,0,,,,,,,
85,,,2016-17,9,2016-10-22 14:00:00,7,14,0,2,,,,,,,
86,,,2016-17,9,2016-10-22 14:00:00,8,5,3,1,,,,,,,
87,,,2016-17,9,2016-10-22 16:30:00,9,19,2,1,,,,,,,
88,,,2016-17,9,2016-10-23 12:30:00,10,13,1,1,,,,,,,
89,,,2016-17,9,2016-10-22 14:00:00,16,18,0,0,,,,,,,
90,,,2016-17,9,2016-10-22 14:00:00,20,15,1,0,,,,,,,
91,,,2016-17,10,2016-10-29 16:30:00,5,9,2,4,,,,,,,
92,,,2016-17,10,2016-10-30 13:30:00,6,20,2,0,,,,,,,
93,,,2016-17,10,2016-10-29 14:00:00,11,3,0,0,,,,,,,
94,,,2016-17,10,2016-10-29 14:00:00,12,2,2,0,,,,,,,
95,,,2016-17,10,2016-10-30 16:00:00,13,4,0,2,,,,,,,
96,,,2016-17,10,2016-10-31 20:00:00,14,16,3,1,,,,,,,
97,,,2016-17,10,2016-10-29 11:30:00,15,1,1,4,,,,,,,
98,,,2016-17,10,2016-10-29 14:00:00,17,8,1,1,,,,,,,
99,,,2016-17,10,2016-10-29 14:00:00,18,7,1,0,,,,,,,
100,,,2016-17,10,2016-10-29 14:00:00,19,10,0,4,,,,,,,
101,,,2016-17,11,2016-11-06 12:00:00,1,17,1,1,,,,,,,
102,,,2016-17,11,2016-11-05 15:00:00,2,15,1,2,,,,,,,
103,,,2016-17,11,2016-11-05 15:00:00,3,5,3,2,,,,,,,
104,,,2016-17,11,2016-11-05 17:30:00,4,6,5,0,,,,,,,
105,,,2016-17,11,2016-11-06 14:15:00,7,13,2,1,,,,,,,
106,,,2016-17,11,2016-11-06 16:30:00,8,19,1,2,,,,,,,
107,,,2016-17,11,2016-11-06 14:15:00,9,18,6,1,,,,,,,
108,,,2016-17,11,2016-11-05 15:00:00,10,12,1,1,,,,,,,
109,,,2016-17,11,2016-11-06 15:00:00,16,11,1,3,,,,,,,
110,,,2016-17,11,2016-11-05 15:00:00,20,14,1,1,,,,,,,
111,,,2016-17,12,2016-11-19 15:00:00,5,10,1,2,,,,,,,
112,,,2016-17,12,2016-11-19 15:00:00,6,16,1,1,,,,,,,
113,,,2016-17,12,2016-11-19 12:30:00,11,1,1,1,,,,,,,
114,,,2016-17,12,2016-11-20 16:00:00,12,4,0,1,,,,,,,
115,,,2016-17,12,2016-11-19 15:00:00,13,9,0,0,,,,,,,
116,,,2016-17,12,2016-11-19 15:00:00,14,2,0,1,,,,,,,
117,,,2016-17,12,2016-11-19 15:00:00,15,7,3,0,,,,,,,
118,,,2016-17,12,2016-11-19 17:30:00,17,20,3,2,,,,,,,
119,,,2016-17,12,2016-11-19 15:00:00,18,8,2,1,,,,,,,
120,,,2016-17,12,2016-11-21 20:00:00,19,3,4,0,,,,,,,
121,,,2016-17,13,2016-11-27 14:15:00,1,2,3,1,,,,,,,
122,,,2016-17,13,2016-11-26 12:30:00,3,10,1,2,,,,,,,
123,,,2016-17,13,2016-11-26 17:30:00,4,17,2,1,,,,,,,
124,,,2016-17,13,2016-11-26 15:00:00,7,19,1,1,,,,,,,
125,,,2016-17,13,2016-11-26 15:00:00,8,12,2,2,,,,,,,
126,,,2016-17,13,2016-11-26 15:00:00,9,15,2,0,,,,,,,
127,,,2016-17,13,2016-11-27 16:30:00,11,20,1,1,,,,,,,
128,,,2016-17,13,2016-11-27 16:30:00,13,6,1,0,,,,,,,
129,,,2016-17,13,2016-11-26 15:00:00,16,5,5,4,,,,,,,
130,,,2016-17,13,2016-11-27 12:00:00,18,14,0,1,,,,,,,
131,,,2016-17,14,2016-12-04 13:30:00,2,9,4,3,,,,,,,
132,,,2016-17,14,2016-12-03 15:00:00,5,13,3,0,,,,,,,
133,,,2016-17,14,2016-12-04 16:00:00,6,11,1,1,,,,,,,
134,,,2016-17,14,2016-12-03 12:30:00,10,4,1,3,,,,,,,
135,,,2016-17,14,2016-12-05 20:00:00,12,7,1,0,,,,,,,
136,,,2016-17,14,2016-12-03 15:00:00,14,3,2,0,,,,,,,
137,,,2016-17,14,2016-12-03 15:00:00,15,8,2,1,,,,,,,
138,,,2016-17,14,2016-12-03 15:00:00,17,16,5,0,,,,,,,
139,,,2016-17,14,2016-12-03 15:00:00,19,18,3,1,,,,,,,
140,,,2016-17,14,2016-12-03 17:30:00,20,1,1,5,,,,,,,
141,,,2016-17,15,2016-12-10 15:00:00,1,14,3,1,,,,,,,
142,,,2016-17,15,2016-12-10 15:00:00,3,2,3,2,,,,,,,
143,,,2016-17,15,2016-12-11 12:00:00,4,19,1,0,,,,,,,
144,,,2016-17,15,2016-12-10 15:00:00,7,5,3,3,,,,,,,
145,,,2016-17,15,2016-12-10 17:30:00,8,10,4,2,,,,,,,
146,,,2016-17,15,2016-12-11 16:30:00,9,20,2,2,,,,,,,
147,,,2016-17,15,2016-12-10 15:00:00,16,15,3,0,,,,,,,
148,,,2016-17,15,2016-12-10 12:30:00,18,6,3,2,,,,,,,
149,,,2016-17,15,2016-12-11 14:15:00,11,17,1,0,,,,,,,
150,,,2016-17,15,2016-12-11 14:15:00,13,12,1,0,,,,,,,
151,,,2016-17,16,2016-12-13 19:45:00,2,8,1,0,,,,,,,
152,,,2016-17,16,2016-12-14 19:45:00,15,4,0,1,,,,,,,
153,,,2016-17,16,2016-12-14 20:00:00,19,16,3,1,,,,,,,
154,,,2016-17,16,2016-12-14 19:45:00,20,3,1,0,,,,,,,
155,,,2016-17,16,2016-12-14 20:00:00,5,11,1,2,,,,,,,
156,,,2016-17,16,2016-12-13 19:45:00,6,1,2,1,,,,,,,
157,,,2016-17,16,2016-12-14 20:00:00,10,18,2,0,,,,,,,
158,,,2016-17,16,2016-12-14 19:45:00,12,9,0,3,,,,,,,
159,,,2016-17,16,2016-12-14 20:00:00,14,13,0,0,,,,,,,
160,,,2016-17,16,2016-12-14 20:00:00,17,7,3,0,,,,,,,
161,,,2016-17,17,2016-12-18 13:30:00,2,13,1,3,,,,,,,
162,,,2016-17,17,2016-12-17 12:30:00,5,4,0,1,,,,,,,
163,,,2016-17,17,2016-12-19 20:00:00,6,9,0,1,,,,,,,
164,,,2016-17,17,2016-12-18 16:00:00,10,1,2,1,,,,,,,
165,,,2016-17,17,2016-12-17 15:00:00,12,16,3,0,,,,,,,
166,,,2016-17,17,2016-12-17 15:00:00,14,8,2,2,,,,,,,
167,,,2016-17,17,2016-12-17 15:00:00,15,18,1,0,,,,,,,
168,,,2016-17,17,2016-12-18 16:00:00,17,3,2,1,,,,,,,
169,,,2016-17,17,2016-12-17 17:30:00,19,11,0,2,,,,,,,
170,,,2016-17,17,2016-12-17 15:00:00,20,7,1,0,,,,,,,
171,,,2016-17,18,2016-12-26 15:00:00,1,19,1,0,,,,,,,
172,,,2016-17,18,2016-12-26 15:00:00,3,12,1,0,,,,,,,
173,,,2016-17,18,2016-12-26 15:00:00,4,2,3,0,,,,,,,
174,,,2016-17,18,2016-12-26 17:15:00,7,10,0,3,,,,,,,
175,,,2016-17,18,2016-12-26 15:00:00,8,6,0,2,,,,,,,
176,,,2016-17,18,2016-12-27 17:15:00,9,14,4,1,,,,,,,
177,,,2016-17,18,2016-12-26 15:00:00,11,15,3,1,,,,,,,
333,,,2025-26,33,2026-04-21 19:00:00,6,7,3,0,,,,,,,
178,,,2016-17,18,2016-12-28 19:45:00,13,17,1,4,,,,,,,
179,,,2016-17,18,2016-12-26 15:00:00,16,20,1,4,,,,,,,
180,,,2016-17,18,2016-12-26 12:30:00,18,5,1,1,,,,,,,
181,,,2016-17,19,2017-01-01 16:00:00,1,5,2,0,,,,,,,
182,,,2016-17,19,2016-12-31 15:00:00,3,15,4,1,,,,,,,
183,,,2016-17,19,2016-12-31 15:00:00,4,14,4,2,,,,,,,
184,,,2016-17,19,2016-12-30 20:00:00,7,6,2,2,,,,,,,
185,,,2016-17,19,2016-12-31 15:00:00,8,20,1,0,,,,,,,
186,,,2016-17,19,2016-12-31 17:30:00,9,10,1,0,,,,,,,
187,,,2016-17,19,2016-12-31 15:00:00,11,12,2,1,,,,,,,
188,,,2016-17,19,2016-12-31 15:00:00,13,19,1,2,,,,,,,
189,,,2016-17,19,2016-12-31 15:00:00,16,2,0,3,,,,,,,
190,,,2016-17,19,2017-01-01 13:30:00,18,17,1,4,,,,,,,
191,,,2016-17,20,2017-01-03 19:45:00,2,1,3,3,,,,,,,
192,,,2016-17,20,2017-01-03 20:00:00,5,16,1,2,,,,,,,
193,,,2016-17,20,2017-01-02 15:00:00,6,13,3,0,,,,,,,
194,,,2016-17,20,2017-01-02 15:00:00,10,3,2,1,,,,,,,
195,,,2016-17,20,2017-01-02 12:30:00,12,8,0,0,,,,,,,
196,,,2016-17,20,2017-01-03 20:00:00,14,18,2,0,,,,,,,
197,,,2016-17,20,2017-01-02 15:00:00,15,9,2,2,,,,,,,
198,,,2016-17,20,2017-01-04 20:00:00,17,4,2,0,,,,,,,
199,,,2016-17,20,2017-01-02 15:00:00,19,7,3,1,,,,,,,
200,,,2016-17,20,2017-01-02 17:15:00,20,11,0,2,,,,,,,
201,,,2016-17,21,2017-01-14 15:00:00,3,13,1,0,,,,,,,
202,,,2016-17,21,2017-01-15 13:30:00,6,10,4,0,,,,,,,
203,,,2016-17,21,2017-01-14 15:00:00,7,2,3,1,,,,,,,
204,,,2016-17,21,2017-01-14 17:30:00,8,4,0,3,,,,,,,
205,,,2016-17,21,2017-01-15 16:00:00,11,9,1,1,,,,,,,
206,,,2016-17,21,2017-01-14 15:00:00,15,14,1,3,,,,,,,
207,,,2016-17,21,2017-01-14 15:00:00,16,1,0,4,,,,,,,
208,,,2016-17,21,2017-01-14 12:30:00,17,19,4,0,,,,,,,
209,,,2016-17,21,2017-01-14 15:00:00,18,12,0,0,,,,,,,
210,,,2016-17,21,2017-01-14 15:00:00,20,5,3,0,,,,,,,
211,,,2016-17,22,2017-01-22 14:15:00,1,3,2,1,,,,,,,
212,,,2016-17,22,2017-01-21 15:00:00,2,18,2,2,,,,,,,
213,,,2016-17,22,2017-01-22 16:30:00,4,7,2,0,,,,,,,
214,,,2016-17,22,2017-01-21 15:00:00,5,6,0,1,,,,,,,
215,,,2016-17,22,2017-01-21 12:30:00,9,16,2,3,,,,,,,
216,,,2016-17,22,2017-01-21 17:30:00,10,17,2,2,,,,,,,
217,,,2016-17,22,2017-01-21 15:00:00,12,20,1,3,,,,,,,
218,,,2016-17,22,2017-01-22 12:00:00,13,8,3,0,,,,,,,
219,,,2016-17,22,2017-01-21 15:00:00,14,11,1,1,,,,,,,
220,,,2016-17,22,2017-01-21 15:00:00,19,15,2,0,,,,,,,
221,,,2016-17,23,2017-01-31 19:45:00,1,18,1,2,,,,,,,
222,,,2016-17,23,2017-01-31 19:45:00,2,5,0,2,,,,,,,
223,,,2016-17,23,2017-01-31 19:45:00,3,8,1,0,,,,,,,
224,,,2016-17,23,2017-01-31 19:45:00,12,19,1,1,,,,,,,
225,,,2016-17,23,2017-01-31 19:45:00,15,17,0,0,,,,,,,
226,,,2016-17,23,2017-01-31 19:45:00,16,13,2,1,,,,,,,
227,,,2016-17,23,2017-02-01 19:45:00,20,10,0,4,,,,,,,
228,,,2016-17,23,2017-01-31 20:00:00,9,4,1,1,,,,,,,
229,,,2016-17,23,2017-02-01 20:00:00,11,7,0,0,,,,,,,
230,,,2016-17,23,2017-02-01 20:00:00,14,6,1,1,,,,,,,
231,,,2016-17,24,2017-02-04 12:30:00,4,1,3,1,,,,,,,
232,,,2016-17,24,2017-02-04 15:00:00,5,15,0,4,,,,,,,
233,,,2016-17,24,2017-02-04 15:00:00,6,2,6,3,,,,,,,
234,,,2016-17,24,2017-02-04 15:00:00,7,9,2,0,,,,,,,
235,,,2016-17,24,2017-02-05 16:00:00,8,11,0,3,,,,,,,
236,,,2016-17,24,2017-02-05 13:30:00,10,16,2,1,,,,,,,
237,,,2016-17,24,2017-02-04 15:00:00,13,20,1,3,,,,,,,
238,,,2016-17,24,2017-02-04 17:30:00,17,12,1,0,,,,,,,
239,,,2016-17,24,2017-02-04 15:00:00,18,3,2,1,,,,,,,
240,,,2016-17,24,2017-02-04 15:00:00,19,14,1,0,,,,,,,
241,,,2016-17,25,2017-02-11 12:30:00,1,7,2,0,,,,,,,
242,,,2016-17,25,2017-02-13 20:00:00,2,10,0,2,,,,,,,
243,,,2016-17,25,2017-02-12 13:30:00,3,4,1,1,,,,,,,
244,,,2016-17,25,2017-02-11 17:30:00,9,17,2,0,,,,,,,
245,,,2016-17,25,2017-02-11 15:00:00,11,18,2,0,,,,,,,
246,,,2016-17,25,2017-02-11 15:00:00,12,6,0,0,,,,,,,
247,,,2016-17,25,2017-02-11 15:00:00,14,5,1,0,,,,,,,
248,,,2016-17,25,2017-02-11 15:00:00,15,13,0,4,,,,,,,
249,,,2016-17,25,2017-02-12 16:00:00,16,8,2,0,,,,,,,
250,,,2016-17,25,2017-02-11 15:00:00,20,19,2,2,,,,,,,
251,,,2016-17,26,2017-02-25 15:00:00,4,16,3,1,,,,,,,
252,,,2016-17,26,2017-02-25 15:00:00,5,12,1,0,,,,,,,
253,,,2016-17,26,2017-02-25 15:00:00,6,15,2,0,,,,,,,
254,,,2016-17,26,2017-02-25 15:00:00,7,3,1,1,,,,,,,
255,,,2016-17,26,2017-02-27 20:00:00,8,9,3,1,,,,,,,
256,,,2016-17,34,2017-04-27 19:00:00,10,11,0,0,,,,,,,
257,,,2016-17,36,2017-05-10 18:45:00,13,1,0,2,,,,,,,
258,,,2016-17,26,2017-02-26 13:30:00,17,14,4,0,,,,,,,
259,,,2016-17,26,2017-02-25 17:30:00,18,20,1,1,,,,,,,
260,,,2016-17,26,2017-02-25 15:00:00,19,2,2,1,,,,,,,
261,,,2016-17,27,2017-03-04 15:00:00,8,7,3,1,,,,,,,
262,,,2016-17,27,2017-03-04 17:30:00,9,1,3,1,,,,,,,
263,,,2016-17,27,2017-03-04 12:30:00,11,2,1,1,,,,,,,
264,,,2016-17,27,2017-03-04 15:00:00,14,12,2,0,,,,,,,
265,,,2016-17,27,2017-03-05 16:00:00,15,10,0,2,,,,,,,
266,,,2016-17,27,2017-03-04 15:00:00,16,3,3,2,,,,,,,
267,,,2016-17,27,2017-03-05 13:30:00,17,6,3,2,,,,,,,
268,,,2016-17,27,2017-03-04 15:00:00,18,13,3,4,,,,,,,
269,,,2016-17,27,2017-03-04 15:00:00,19,5,0,2,,,,,,,
270,,,2016-17,27,2017-03-06 20:00:00,20,4,1,2,,,,,,,
271,,,2016-17,34,2017-04-26 18:45:00,1,8,1,0,,,,,,,
272,,,2016-17,28,2017-03-11 15:00:00,2,20,3,2,,,,,,,
273,,,2016-17,37,2017-05-15 19:00:00,4,18,4,3,,,,,,,
274,,,2016-17,34,2017-04-26 19:00:00,5,17,0,1,,,,,,,
275,,,2016-17,28,2017-03-11 15:00:00,6,19,3,0,,,,,,,
276,,,2016-17,28,2017-03-11 15:00:00,7,16,2,1,,,,,,,
277,,,2016-17,27,2017-03-08 20:00:00,10,14,0,0,,,,,,,
278,,,2016-17,34,2017-04-26 18:45:00,12,15,1,0,,,,,,,
279,,,2016-17,37,2017-05-17 18:45:00,13,11,0,0,,,,,,,
280,,,2016-17,28,2017-03-12 16:00:00,9,3,2,1,,,,,,,
281,,,2016-17,29,2017-03-18 17:30:00,2,16,2,0,,,,,,,
282,,,2016-17,29,2017-03-18 15:00:00,5,18,1,0,,,,,,,
283,,,2016-17,29,2017-03-18 15:00:00,6,7,4,0,,,,,,,
284,,,2016-17,29,2017-03-19 16:30:00,10,9,1,1,,,,,,,
285,,,2016-17,29,2017-03-19 12:00:00,12,11,1,3,,,,,,,
286,,,2016-17,29,2017-03-18 15:00:00,14,4,1,2,,,,,,,
287,,,2016-17,29,2017-03-18 15:00:00,15,3,0,0,,,,,,,
288,,,2016-17,29,2017-03-19 14:15:00,17,13,2,1,,,,,,,
289,,,2016-17,29,2017-03-18 12:30:00,19,1,3,1,,,,,,,
290,,,2016-17,29,2017-03-18 15:00:00,20,8,2,3,,,,,,,
291,,,2016-17,30,2017-04-02 15:00:00,1,10,2,2,,,,,,,
292,,,2016-17,30,2017-04-01 14:00:00,3,17,0,2,,,,,,,
293,,,2016-17,30,2017-04-01 14:00:00,4,5,1,2,,,,,,,
294,,,2016-17,30,2017-04-01 14:00:00,7,20,2,1,,,,,,,
295,,,2016-17,30,2017-04-01 14:00:00,8,14,2,0,,,,,,,
296,,,2016-17,30,2017-04-01 11:30:00,9,6,3,1,,,,,,,
297,,,2016-17,30,2017-04-01 14:00:00,11,19,0,0,,,,,,,
298,,,2016-17,30,2017-04-01 16:30:00,13,2,0,0,,,,,,,
299,,,2016-17,30,2017-04-02 12:30:00,16,12,0,0,,,,,,,
300,,,2016-17,30,2017-04-01 14:00:00,18,15,1,0,,,,,,,
301,,,2016-17,31,2017-04-05 18:45:00,1,20,3,0,,,,,,,
302,,,2016-17,31,2017-04-04 18:45:00,3,14,1,0,,,,,,,
303,,,2016-17,31,2017-04-05 18:45:00,7,12,4,2,,,,,,,
304,,,2016-17,31,2017-04-04 18:45:00,8,15,2,0,,,,,,,
305,,,2016-17,31,2017-04-04 19:00:00,11,6,1,1,,,,,,,
306,,,2016-17,31,2017-04-05 18:45:00,16,17,1,3,,,,,,,
307,,,2016-17,31,2017-04-04 18:45:00,18,19,2,0,,,,,,,
308,,,2016-17,31,2017-04-05 19:00:00,4,10,2,1,,,,,,,
309,,,2016-17,31,2017-04-05 19:00:00,9,2,2,2,,,,,,,
310,,,2016-17,31,2017-04-05 18:45:00,13,5,3,1,,,,,,,
311,,,2016-17,32,2017-04-08 16:30:00,2,4,1,3,,,,,,,
312,,,2016-17,32,2017-04-10 19:00:00,5,1,3,0,,,,,,,
313,,,2016-17,32,2017-04-09 15:00:00,6,8,4,2,,,,,,,
314,,,2016-17,32,2017-04-08 14:00:00,10,7,3,1,,,,,,,
315,,,2016-17,32,2017-04-08 14:00:00,12,3,0,0,,,,,,,
316,,,2016-17,32,2017-04-08 14:00:00,14,9,1,2,,,,,,,
317,,,2016-17,32,2017-04-09 12:30:00,15,11,0,3,,,,,,,
318,,,2016-17,32,2017-04-08 11:30:00,17,18,4,0,,,,,,,
319,,,2016-17,32,2017-04-08 14:00:00,19,13,0,1,,,,,,,
320,,,2016-17,32,2017-04-08 14:00:00,20,16,1,0,,,,,,,
321,,,2016-17,33,2017-04-15 14:00:00,5,8,2,2,,,,,,,
322,,,2016-17,33,2017-04-15 14:00:00,6,3,3,1,,,,,,,
323,,,2016-17,33,2017-04-16 15:00:00,11,4,2,0,,,,,,,
324,,,2016-17,33,2017-04-17 19:00:00,12,1,1,2,,,,,,,
325,,,2016-17,33,2017-04-15 16:30:00,13,10,0,3,,,,,,,
326,,,2016-17,33,2017-04-15 14:00:00,14,7,3,1,,,,,,,
327,,,2016-17,33,2017-04-15 14:00:00,15,20,2,2,,,,,,,
328,,,2016-17,33,2017-04-15 11:30:00,17,2,4,0,,,,,,,
329,,,2016-17,33,2017-04-15 14:00:00,18,16,1,0,,,,,,,
330,,,2016-17,33,2017-04-16 12:30:00,19,9,0,1,,,,,,,
331,,,2016-17,37,2017-05-16 18:45:00,1,15,2,0,,,,,,,
332,,,2016-17,34,2017-04-22 14:00:00,2,12,4,0,,,,,,,
333,,,2016-17,34,2017-04-23 13:15:00,3,11,0,2,,,,,,,
334,,,2016-17,34,2017-04-25 18:45:00,4,13,4,2,,,,,,,
335,,,2016-17,34,2017-04-22 14:00:00,7,18,2,0,,,,,,,
336,,,2016-17,37,2017-05-18 18:45:00,8,17,1,6,,,,,,,
337,,,2016-17,34,2017-04-23 15:30:00,9,5,1,2,,,,,,,
338,,,2016-17,37,2017-05-16 19:00:00,10,19,3,1,,,,,,,
339,,,2016-17,34,2017-04-22 14:00:00,16,14,2,0,,,,,,,
340,,,2016-17,34,2017-04-22 14:00:00,20,6,0,0,,,,,,,
341,,,2016-17,35,2017-04-29 16:30:00,5,3,0,2,,,,,,,
342,,,2016-17,35,2017-04-30 13:05:00,6,4,0,3,,,,,,,
343,,,2016-17,35,2017-04-30 11:00:00,11,16,1,1,,,,,,,
344,,,2016-17,35,2017-04-30 13:05:00,12,10,2,2,,,,,,,
345,,,2016-17,35,2017-04-29 14:00:00,13,7,0,0,,,,,,,
346,,,2016-17,35,2017-04-29 14:00:00,14,20,0,0,,,,,,,
347,,,2016-17,35,2017-04-29 14:00:00,15,2,0,1,,,,,,,
348,,,2016-17,35,2017-04-30 15:30:00,17,1,2,0,,,,,,,
349,,,2016-17,35,2017-05-01 19:00:00,18,9,0,1,,,,,,,
350,,,2016-17,35,2017-04-29 14:00:00,19,8,0,1,,,,,,,
351,,,2016-17,36,2017-05-07 15:00:00,1,11,2,0,,,,,,,
352,,,2016-17,36,2017-05-06 14:00:00,2,14,2,2,,,,,,,
353,,,2016-17,36,2017-05-06 14:00:00,3,19,2,2,,,,,,,
354,,,2016-17,36,2017-05-08 19:00:00,4,12,3,0,,,,,,,
355,,,2016-17,36,2017-05-06 14:00:00,7,15,0,2,,,,,,,
356,,,2016-17,36,2017-05-06 14:00:00,8,18,3,0,,,,,,,
357,,,2016-17,36,2017-05-07 12:30:00,9,13,0,0,,,,,,,
358,,,2016-17,36,2017-05-06 11:30:00,10,5,5,0,,,,,,,
359,,,2016-17,36,2017-05-06 16:30:00,16,6,1,0,,,,,,,
360,,,2016-17,36,2017-05-05 19:00:00,20,17,1,0,,,,,,,
361,,,2016-17,37,2017-05-13 14:00:00,2,3,2,1,,,,,,,
362,,,2016-17,37,2017-05-14 11:00:00,5,7,4,0,,,,,,,
363,,,2016-17,37,2017-05-12 18:45:00,6,18,1,0,,,,,,,
364,,,2016-17,37,2017-05-13 11:30:00,10,8,2,1,,,,,,,
365,,,2016-17,37,2017-05-13 14:00:00,12,13,1,2,,,,,,,
366,,,2016-17,37,2017-05-13 16:30:00,14,1,1,4,,,,,,,
367,,,2016-17,37,2017-05-13 14:00:00,15,16,0,2,,,,,,,
368,,,2016-17,37,2017-05-14 15:30:00,17,11,2,1,,,,,,,
369,,,2016-17,37,2017-05-12 19:00:00,19,4,0,1,,,,,,,
370,,,2016-17,37,2017-05-14 13:15:00,20,9,0,4,,,,,,,
371,,,2016-17,38,2017-05-21 14:00:00,1,6,3,1,,,,,,,
372,,,2016-17,38,2017-05-21 14:00:00,3,20,1,2,,,,,,,
373,,,2016-17,38,2017-05-21 14:00:00,4,15,5,1,,,,,,,
374,,,2016-17,38,2017-05-21 14:00:00,7,17,1,7,,,,,,,
375,,,2016-17,38,2017-05-21 14:00:00,8,2,1,1,,,,,,,
376,,,2016-17,38,2017-05-21 14:00:00,9,12,3,0,,,,,,,
377,,,2016-17,38,2017-05-21 14:00:00,11,5,2,0,,,,,,,
378,,,2016-17,38,2017-05-21 14:00:00,13,14,0,1,,,,,,,
379,,,2016-17,38,2017-05-21 14:00:00,16,19,2,1,,,,,,,
380,,,2016-17,38,2017-05-21 14:00:00,18,10,0,5,,,,,,,
15,,,2018-19,2,2018-08-20 19:00:00,7,12,0,2,,,,,,,
16,,,2018-19,2,2018-08-18 14:00:00,8,16,2,1,,,,,,,
17,,,2018-19,2,2018-08-18 14:00:00,11,20,2,0,,,,,,,
18,,,2018-19,2,2018-08-19 12:30:00,13,10,6,1,,,,,,,
21,,,2018-19,3,2018-08-25 14:00:00,1,19,3,1,,,,,,,
22,,,2018-19,3,2018-08-25 14:00:00,2,8,2,2,,,,,,,
23,,,2018-19,3,2018-08-26 15:00:00,9,4,4,2,,,,,,,
24,,,2018-19,3,2018-08-25 14:00:00,10,5,0,0,,,,,,,
25,,,2018-19,3,2018-08-25 16:30:00,12,3,1,0,,,,,,,
26,,,2018-19,3,2018-08-27 19:00:00,14,17,0,3,,,,,,,
27,,,2018-19,3,2018-08-26 15:00:00,15,6,1,2,,,,,,,
28,,,2018-19,3,2018-08-25 14:00:00,16,11,1,2,,,,,,,
29,,,2018-19,3,2018-08-26 12:30:00,18,7,2,1,,,,,,,
30,,,2018-19,3,2018-08-25 11:30:00,20,13,1,1,,,,,,,
31,,,2018-19,4,2018-09-01 14:00:00,3,9,2,2,,,,,,,
32,,,2018-19,4,2018-09-02 15:00:00,4,14,0,2,,,,,,,
33,,,2018-19,4,2018-09-02 12:30:00,5,1,2,3,,,,,,,
34,,,2018-19,4,2018-09-01 14:00:00,6,2,2,0,,,,,,,
35,,,2018-19,4,2018-09-01 14:00:00,7,16,0,2,,,,,,,
36,,,2018-19,4,2018-09-01 14:00:00,8,10,1,1,,,,,,,
37,,,2018-19,4,2018-09-01 11:30:00,11,12,1,2,,,,,,,
38,,,2018-19,4,2018-09-01 16:30:00,13,15,2,1,,,,,,,
39,,,2018-19,4,2018-09-02 15:00:00,18,17,2,1,,,,,,,
40,,,2018-19,4,2018-09-01 14:00:00,19,20,0,1,,,,,,,
41,,,2018-19,5,2018-09-15 14:00:00,2,11,4,2,,,,,,,
42,,,2018-19,5,2018-09-15 14:00:00,6,5,4,1,,,,,,,
43,,,2018-19,5,2018-09-16 15:00:00,8,19,1,3,,,,,,,
44,,,2018-19,5,2018-09-15 14:00:00,10,7,0,1,,,,,,,
45,,,2018-19,5,2018-09-15 14:00:00,13,9,3,0,,,,,,,
46,,,2018-19,5,2018-09-15 14:00:00,15,1,1,2,,,,,,,
47,,,2018-19,5,2018-09-17 19:00:00,16,3,2,2,,,,,,,
48,,,2018-19,5,2018-09-15 11:30:00,17,12,1,2,,,,,,,
49,,,2018-19,5,2018-09-15 16:30:00,18,14,1,2,,,,,,,
50,,,2018-19,5,2018-09-16 12:30:00,20,4,1,0,,,,,,,
51,,,2018-19,6,2018-09-23 15:00:00,1,8,2,0,,,,,,,
52,,,2018-19,6,2018-09-22 16:30:00,3,17,1,2,,,,,,,
53,,,2018-19,6,2018-09-22 14:00:00,4,2,4,0,,,,,,,
54,,,2018-19,6,2018-09-22 14:00:00,5,13,0,5,,,,,,,
55,,,2018-19,6,2018-09-22 14:00:00,7,15,0,0,,,,,,,
56,,,2018-19,6,2018-09-22 11:30:00,9,18,1,1,,,,,,,
57,,,2018-19,6,2018-09-22 14:00:00,11,10,3,1,,,,,,,
58,,,2018-19,6,2018-09-22 14:00:00,12,16,3,0,,,,,,,
59,,,2018-19,6,2018-09-22 14:00:00,14,20,1,1,,,,,,,
60,,,2018-19,6,2018-09-23 12:30:00,19,6,0,0,,,,,,,
61,,,2018-19,7,2018-09-29 14:00:00,1,18,2,0,,,,,,,
62,,,2018-19,7,2018-10-01 19:00:00,2,7,2,1,,,,,,,
63,,,2018-19,7,2018-09-30 15:00:00,5,4,1,2,,,,,,,
64,,,2018-19,7,2018-09-29 16:30:00,6,12,1,1,,,,,,,
65,,,2018-19,7,2018-09-29 14:00:00,8,9,3,0,,,,,,,
66,,,2018-19,7,2018-09-29 14:00:00,10,17,0,2,,,,,,,
67,,,2018-19,7,2018-09-29 14:00:00,13,3,2,0,,,,,,,
68,,,2018-19,7,2018-09-29 14:00:00,15,11,0,2,,,,,,,
69,,,2018-19,7,2018-09-29 11:30:00,19,14,3,1,,,,,,,
70,,,2018-19,7,2018-09-29 14:00:00,20,16,2,0,,,,,,,
71,,,2018-19,8,2018-10-05 19:00:00,3,19,1,0,,,,,,,
72,,,2018-19,8,2018-10-06 14:00:00,4,10,1,1,,,,,,,
73,,,2018-19,8,2018-10-06 14:00:00,7,20,0,1,,,,,,,
74,,,2018-19,8,2018-10-07 11:00:00,9,1,1,5,,,,,,,
75,,,2018-19,8,2018-10-06 14:00:00,11,8,1,2,,,,,,,
76,,,2018-19,8,2018-10-07 15:30:00,12,13,0,0,,,,,,,
77,,,2018-19,8,2018-10-06 16:30:00,14,15,3,2,,,,,,,
78,,,2018-19,8,2018-10-07 13:15:00,16,6,0,3,,,,,,,
79,,,2018-19,8,2018-10-06 14:00:00,17,5,1,0,,,,,,,
80,,,2018-19,8,2018-10-06 14:00:00,18,2,0,4,,,,,,,
81,,,2018-19,9,2018-10-22 19:00:00,1,11,3,1,,,,,,,
82,,,2018-19,9,2018-10-20 14:00:00,2,16,0,0,,,,,,,
83,,,2018-19,9,2018-10-20 14:00:00,5,9,4,2,,,,,,,
84,,,2018-19,9,2018-10-20 11:30:00,6,14,2,2,,,,,,,
85,,,2018-19,9,2018-10-21 15:00:00,8,7,2,0,,,,,,,
86,,,2018-19,9,2018-10-20 16:30:00,10,12,0,1,,,,,,,
87,,,2018-19,9,2018-10-20 14:00:00,13,4,5,0,,,,,,,
88,,,2018-19,9,2018-10-20 14:00:00,15,3,0,1,,,,,,,
89,,,2018-19,9,2018-10-20 14:00:00,19,17,0,1,,,,,,,
90,,,2018-19,9,2018-10-20 14:00:00,20,18,0,2,,,,,,,
91,,,2018-19,10,2018-10-27 14:00:00,3,20,1,0,,,,,,,
92,,,2018-19,10,2018-10-28 13:30:00,4,6,0,4,,,,,,,
93,,,2018-19,10,2018-10-28 13:30:00,7,1,2,2,,,,,,,
94,,,2018-19,10,2018-10-27 14:00:00,9,2,0,3,,,,,,,
95,,,2018-19,10,2018-10-27 16:30:00,11,19,1,1,,,,,,,
96,,,2018-19,10,2018-10-27 14:00:00,12,5,4,1,,,,,,,
97,,,2018-19,10,2018-10-28 16:00:00,14,8,2,1,,,,,,,
98,,,2018-19,10,2018-10-27 14:00:00,16,15,0,0,,,,,,,
99,,,2018-19,10,2018-10-29 20:00:00,17,13,0,1,,,,,,,
100,,,2018-19,10,2018-10-27 14:00:00,18,10,3,0,,,,,,,
101,,,2018-19,11,2018-11-03 17:30:00,1,12,1,1,,,,,,,
102,,,2018-19,11,2018-11-03 12:30:00,2,14,1,2,,,,,,,
103,,,2018-19,11,2018-11-03 15:00:00,5,11,0,1,,,,,,,
104,,,2018-19,11,2018-11-04 16:00:00,6,7,3,1,,,,,,,
105,,,2018-19,11,2018-11-03 15:00:00,8,3,3,1,,,,,,,
106,,,2018-19,11,2018-11-05 20:00:00,10,9,1,0,,,,,,,
107,,,2018-19,11,2018-11-04 15:00:00,13,16,6,1,,,,,,,
108,,,2018-19,11,2018-11-03 15:00:00,15,18,1,0,,,,,,,
109,,,2018-19,11,2018-11-03 15:00:00,19,4,4,2,,,,,,,
110,,,2018-19,11,2018-11-03 19:45:00,20,17,2,3,,,,,,,
111,,,2018-19,12,2018-11-11 16:30:00,1,20,1,1,,,,,,,
112,,,2018-19,12,2018-11-10 12:30:00,5,3,2,1,,,,,,,
113,,,2018-19,12,2018-11-11 14:15:00,6,8,0,0,,,,,,,
114,,,2018-19,12,2018-11-10 17:30:00,7,17,0,1,,,,,,,
115,,,2018-19,12,2018-11-10 15:00:00,10,19,1,1,,,,,,,
116,,,2018-19,12,2018-11-10 15:00:00,11,4,0,0,,,,,,,
117,,,2018-19,12,2018-11-11 12:00:00,12,9,2,0,,,,,,,
118,,,2018-19,12,2018-11-11 16:30:00,13,14,3,1,,,,,,,
119,,,2018-19,12,2018-11-10 15:00:00,15,2,2,1,,,,,,,
120,,,2018-19,12,2018-11-10 15:00:00,16,18,1,1,,,,,,,
121,,,2018-19,13,2018-11-25 13:30:00,2,1,1,2,,,,,,,
122,,,2018-19,13,2018-11-24 15:00:00,3,11,1,1,,,,,,,
123,,,2018-19,13,2018-11-26 20:30:00,4,15,1,2,,,,,,,
124,,,2018-19,13,2018-11-24 15:00:00,8,5,1,0,,,,,,,
125,,,2018-19,13,2018-11-24 15:00:00,9,16,3,2,,,,,,,
126,,,2018-19,13,2018-11-24 15:00:00,14,7,0,0,,,,,,,
127,,,2018-19,13,2018-11-24 17:30:00,17,6,3,1,,,,,,,
128,,,2018-19,13,2018-11-24 15:00:00,18,12,0,3,,,,,,,
129,,,2018-19,13,2018-11-24 15:00:00,19,13,0,4,,,,,,,
130,,,2018-19,13,2018-11-25 16:00:00,20,10,0,2,,,,,,,
131,,,2018-19,14,2018-12-02 14:05:00,1,17,4,2,,,,,,,
132,,,2018-19,14,2018-11-30 20:00:00,5,20,2,1,,,,,,,
133,,,2018-19,14,2018-12-02 12:00:00,6,9,2,0,,,,,,,
134,,,2018-19,14,2018-12-01 15:00:00,7,4,2,0,,,,,,,
135,,,2018-19,14,2018-12-01 15:00:00,10,3,1,2,,,,,,,
136,,,2018-19,14,2018-12-01 15:00:00,11,18,2,0,,,,,,,
137,,,2018-19,14,2018-12-02 16:15:00,12,8,1,0,,,,,,,
138,,,2018-19,14,2018-12-01 15:00:00,13,2,3,1,,,,,,,
139,,,2018-19,14,2018-12-01 15:00:00,15,19,0,3,,,,,,,
140,,,2018-19,14,2018-12-01 17:30:00,16,14,2,2,,,,,,,
141,,,2018-19,15,2018-12-04 19:45:00,2,10,2,1,,,,,,,
142,,,2018-19,15,2018-12-04 19:45:00,3,7,3,1,,,,,,,
143,,,2018-19,15,2018-12-05 19:45:00,4,12,1,3,,,,,,,
144,,,2018-19,15,2018-12-05 19:45:00,9,11,1,1,,,,,,,
145,,,2018-19,15,2018-12-05 20:00:00,14,1,2,2,,,,,,,
146,,,2018-19,15,2018-12-04 20:00:00,18,13,1,2,,,,,,,
147,,,2018-19,15,2018-12-04 19:45:00,19,5,3,1,,,,,,,
148,,,2018-19,15,2018-12-05 19:45:00,20,6,2,1,,,,,,,
149,,,2018-19,15,2018-12-05 19:45:00,8,15,1,1,,,,,,,
150,,,2018-19,15,2018-12-05 20:00:00,17,16,3,1,,,,,,,
151,,,2018-19,16,2018-12-08 15:00:00,1,10,1,0,,,,,,,
152,,,2018-19,16,2018-12-08 12:30:00,2,12,0,4,,,,,,,
153,,,2018-19,16,2018-12-08 15:00:00,4,3,1,0,,,,,,,
154,,,2018-19,16,2018-12-08 15:00:00,5,16,1,0,,,,,,,
155,,,2018-19,16,2018-12-08 17:30:00,6,13,2,0,,,,,,,
156,,,2018-19,16,2018-12-10 20:00:00,8,18,2,2,,,,,,,
157,,,2018-19,16,2018-12-08 19:45:00,11,17,0,2,,,,,,,
158,,,2018-19,16,2018-12-08 15:00:00,14,9,4,1,,,,,,,
159,,,2018-19,16,2018-12-09 16:00:00,15,20,1,2,,,,,,,
160,,,2018-19,16,2018-12-08 15:00:00,19,7,3,2,,,,,,,
161,,,2018-19,17,2018-12-16 13:30:00,3,6,1,2,,,,,,,
162,,,2018-19,17,2018-12-15 15:00:00,7,11,1,0,,,,,,,
163,,,2018-19,17,2018-12-15 17:30:00,9,19,0,2,,,,,,,
164,,,2018-19,17,2018-12-15 15:00:00,10,15,0,1,,,,,,,
165,,,2018-19,17,2018-12-16 16:00:00,12,14,3,1,,,,,,,
166,,,2018-19,17,2018-12-15 12:30:00,13,8,3,1,,,,,,,
167,,,2018-19,17,2018-12-16 13:30:00,16,1,3,2,,,,,,,
168,,,2018-19,17,2018-12-15 15:00:00,17,4,1,0,,,,,,,
169,,,2018-19,17,2018-12-15 15:00:00,18,5,3,2,,,,,,,
170,,,2018-19,17,2018-12-15 15:00:00,20,2,2,0,,,,,,,
171,,,2018-19,18,2018-12-22 12:30:00,1,4,3,1,,,,,,,
172,,,2018-19,18,2018-12-22 15:00:00,2,3,2,0,,,,,,,
173,,,2018-19,18,2018-12-22 17:30:00,5,14,1,5,,,,,,,
174,,,2018-19,18,2018-12-22 15:00:00,6,11,0,1,,,,,,,
175,,,2018-19,18,2018-12-23 16:00:00,8,17,2,6,,,,,,,
176,,,2018-19,18,2018-12-22 15:00:00,10,16,1,3,,,,,,,
177,,,2018-19,18,2018-12-22 15:00:00,13,7,2,3,,,,,,,
178,,,2018-19,18,2018-12-22 15:00:00,15,9,0,0,,,,,,,
179,,,2018-19,18,2018-12-22 15:00:00,19,18,0,2,,,,,,,
180,,,2018-19,18,2018-12-21 20:00:00,20,12,0,2,,,,,,,
181,,,2018-19,19,2018-12-26 17:15:00,3,1,1,1,,,,,,,
182,,,2018-19,19,2018-12-26 15:00:00,4,8,1,5,,,,,,,
183,,,2018-19,19,2018-12-26 15:00:00,7,5,0,0,,,,,,,
184,,,2018-19,19,2018-12-26 12:30:00,9,20,1,1,,,,,,,
185,,,2018-19,19,2018-12-26 15:00:00,11,13,2,1,,,,,,,
186,,,2018-19,19,2018-12-26 15:00:00,12,15,4,0,,,,,,,
187,,,2018-19,19,2018-12-26 15:00:00,14,10,3,1,,,,,,,
188,,,2018-19,19,2018-12-27 19:45:00,16,19,1,2,,,,,,,
189,,,2018-19,19,2018-12-26 15:00:00,17,2,5,0,,,,,,,
190,,,2018-19,19,2018-12-26 19:30:00,18,6,1,2,,,,,,,
191,,,2018-19,20,2018-12-29 15:00:00,3,8,1,0,,,,,,,
192,,,2018-19,20,2018-12-30 14:15:00,4,19,2,0,,,,,,,
193,,,2018-19,20,2018-12-30 12:00:00,7,6,0,1,,,,,,,
194,,,2018-19,20,2018-12-29 15:00:00,9,10,1,0,,,,,,,
195,,,2018-19,20,2018-12-29 15:00:00,11,5,0,1,,,,,,,
196,,,2018-19,20,2018-12-29 17:30:00,12,1,5,1,,,,,,,
197,,,2018-19,20,2018-12-30 16:30:00,14,2,4,1,,,,,,,
198,,,2018-19,20,2018-12-30 14:15:00,16,13,1,3,,,,,,,
199,,,2018-19,20,2018-12-29 15:00:00,17,20,1,3,,,,,,,
200,,,2018-19,20,2018-12-29 15:00:00,18,15,1,1,,,,,,,
201,,,2018-19,21,2019-01-01 15:00:00,1,9,4,1,,,,,,,
202,,,2018-19,21,2019-01-02 19:45:00,2,18,3,3,,,,,,,
203,,,2018-19,21,2019-01-01 17:30:00,5,17,0,3,,,,,,,
204,,,2018-19,21,2019-01-02 19:45:00,6,16,0,0,,,,,,,
205,,,2018-19,21,2019-01-01 12:30:00,8,11,0,1,,,,,,,
206,,,2018-19,21,2019-01-02 19:45:00,10,4,1,2,,,,,,,
207,,,2018-19,21,2019-01-03 20:00:00,13,12,2,1,,,,,,,
208,,,2018-19,21,2019-01-02 20:00:00,15,14,0,2,,,,,,,
209,,,2018-19,21,2019-01-02 19:45:00,19,3,2,2,,,,,,,
210,,,2018-19,21,2019-01-02 19:45:00,20,7,0,2,,,,,,,
211,,,2018-19,22,2019-01-12 15:00:00,3,12,0,1,,,,,,,
212,,,2018-19,22,2019-01-12 15:00:00,4,9,2,1,,,,,,,
213,,,2018-19,22,2019-01-12 15:00:00,5,10,0,0,,,,,,,
214,,,2018-19,22,2019-01-12 17:30:00,6,15,2,1,,,,,,,
215,,,2018-19,22,2019-01-12 15:00:00,7,18,1,2,,,,,,,
216,,,2018-19,22,2019-01-13 14:15:00,8,2,2,0,,,,,,,
217,,,2018-19,22,2019-01-12 15:00:00,11,16,1,2,,,,,,,
218,,,2018-19,22,2019-01-14 20:00:00,13,20,3,0,,,,,,,
219,,,2018-19,22,2019-01-13 16:30:00,17,14,0,1,,,,,,,
220,,,2018-19,22,2019-01-12 12:30:00,19,1,1,0,,,,,,,
221,,,2018-19,23,2019-01-19 17:30:00,1,6,2,0,,,,,,,
222,,,2018-19,23,2019-01-19 15:00:00,2,19,2,0,,,,,,,
223,,,2018-19,23,2019-01-20 16:00:00,9,17,1,2,,,,,,,
224,,,2018-19,23,2019-01-20 13:30:00,10,13,0,3,,,,,,,
225,,,2018-19,23,2019-01-19 15:00:00,12,7,4,3,,,,,,,
226,,,2018-19,23,2019-01-19 15:00:00,14,3,2,1,,,,,,,
227,,,2018-19,23,2019-01-19 15:00:00,15,5,3,0,,,,,,,
228,,,2018-19,23,2019-01-19 15:00:00,16,8,2,1,,,,,,,
229,,,2018-19,23,2019-01-19 15:00:00,18,4,0,0,,,,,,,
230,,,2018-19,23,2019-01-19 12:30:00,20,11,4,3,,,,,,,
231,,,2018-19,24,2019-01-29 19:45:00,1,5,2,1,,,,,,,
232,,,2018-19,24,2019-01-30 19:45:00,2,6,4,0,,,,,,,
233,,,2018-19,24,2019-01-29 19:45:00,9,3,4,2,,,,,,,
234,,,2018-19,24,2019-01-29 19:45:00,10,8,0,1,,,,,,,
235,,,2018-19,24,2019-01-29 20:00:00,14,4,2,2,,,,,,,
236,,,2018-19,24,2019-01-29 19:45:00,20,19,3,0,,,,,,,
237,,,2018-19,24,2019-01-30 20:00:00,12,11,1,1,,,,,,,
238,,,2018-19,24,2019-01-29 20:00:00,15,13,2,1,,,,,,,
239,,,2018-19,24,2019-01-30 19:45:00,16,7,1,1,,,,,,,
240,,,2018-19,24,2019-01-30 20:00:00,17,18,2,1,,,,,,,
241,,,2018-19,25,2019-02-02 15:00:00,3,18,0,0,,,,,,,
242,,,2018-19,25,2019-02-02 15:00:00,4,16,1,1,,,,,,,
243,,,2018-19,25,2019-02-02 17:30:00,5,2,2,0,,,,,,,
244,,,2018-19,25,2019-02-02 15:00:00,6,10,5,0,,,,,,,
245,,,2018-19,25,2019-02-02 15:00:00,7,9,2,0,,,,,,,
246,,,2018-19,25,2019-02-02 15:00:00,8,20,1,3,,,,,,,
247,,,2018-19,25,2019-02-03 14:05:00,11,14,0,1,,,,,,,
248,,,2018-19,25,2019-02-03 16:30:00,13,1,3,1,,,,,,,
249,,,2018-19,25,2019-02-02 12:30:00,17,15,1,0,,,,,,,
250,,,2018-19,25,2019-02-04 20:00:00,19,12,1,1,,,,,,,
251,,,2018-19,26,2019-02-09 17:30:00,3,4,1,3,,,,,,,
252,,,2018-19,26,2019-02-09 15:00:00,7,19,1,1,,,,,,,
253,,,2018-19,26,2019-02-09 12:30:00,9,14,0,3,,,,,,,
254,,,2018-19,26,2019-02-09 15:00:00,10,1,1,2,,,,,,,
255,,,2018-19,26,2019-02-09 15:00:00,12,2,3,0,,,,,,,
256,,,2018-19,26,2019-02-10 16:00:00,13,6,6,0,,,,,,,
257,,,2018-19,26,2019-02-09 15:00:00,16,5,1,2,,,,,,,
258,,,2018-19,26,2019-02-10 13:30:00,17,11,3,1,,,,,,,
259,,,2018-19,26,2019-02-09 15:00:00,18,8,1,0,,,,,,,
260,,,2018-19,26,2019-02-11 20:00:00,20,15,1,1,,,,,,,
261,,,2018-19,27,2019-02-24 14:05:00,1,16,2,0,,,,,,,
262,,,2018-19,27,2019-02-23 15:00:00,2,20,1,1,,,,,,,
263,,,2018-19,27,2019-02-23 12:30:00,4,17,2,1,,,,,,,
264,,,2018-19,27,2019-02-22 19:45:00,5,18,1,5,,,,,,,
265,,,2018-19,32,2019-04-03 18:45:00,6,3,3,0,,,,,,,
266,,,2018-19,25,2019-02-06 19:45:00,8,13,0,2,,,,,,,
267,,,2018-19,27,2019-02-23 17:30:00,11,7,1,4,,,,,,,
268,,,2018-19,27,2019-02-24 14:05:00,14,12,0,0,,,,,,,
269,,,2018-19,27,2019-02-23 15:00:00,15,10,2,0,,,,,,,
270,,,2018-19,27,2019-02-22 19:45:00,19,9,3,1,,,,,,,
271,,,2018-19,28,2019-02-27 19:45:00,1,2,5,1,,,,,,,
272,,,2018-19,28,2019-02-26 19:45:00,5,8,0,3,,,,,,,
273,,,2018-19,28,2019-02-27 20:00:00,7,14,1,3,,,,,,,
274,,,2018-19,28,2019-02-26 19:45:00,10,20,1,0,,,,,,,
275,,,2018-19,28,2019-02-26 19:45:00,11,3,2,1,,,,,,,
276,,,2018-19,28,2019-02-27 20:00:00,6,17,2,0,,,,,,,
277,,,2018-19,28,2019-02-27 20:00:00,12,18,5,0,,,,,,,
278,,,2018-19,28,2019-02-27 20:00:00,13,19,1,0,,,,,,,
279,,,2018-19,28,2019-02-26 20:00:00,15,4,2,0,,,,,,,
280,,,2018-19,28,2019-02-27 19:45:00,16,9,2,0,,,,,,,
281,,,2018-19,29,2019-03-02 15:00:00,2,13,0,1,,,,,,,
282,,,2018-19,29,2019-03-02 15:00:00,3,10,1,0,,,,,,,
283,,,2018-19,29,2019-03-02 15:00:00,4,7,1,3,,,,,,,
284,,,2018-19,29,2019-03-03 16:15:00,8,12,0,0,,,,,,,
285,,,2018-19,29,2019-03-03 14:05:00,9,6,1,2,,,,,,,
286,,,2018-19,29,2019-03-02 15:00:00,14,16,3,2,,,,,,,
287,,,2018-19,29,2019-03-02 12:30:00,17,1,1,1,,,,,,,
288,,,2018-19,29,2019-03-03 12:00:00,18,11,2,1,,,,,,,
289,,,2018-19,29,2019-03-02 17:30:00,19,15,2,0,,,,,,,
290,,,2018-19,29,2019-03-02 15:00:00,20,5,2,0,,,,,,,
291,,,2018-19,30,2019-03-10 16:30:00,1,14,2,0,,,,,,,
292,,,2018-19,30,2019-03-09 15:00:00,5,19,2,0,,,,,,,
293,,,2018-19,30,2019-03-10 14:05:00,6,20,1,1,,,,,,,
294,,,2018-19,30,2019-03-09 12:30:00,7,3,1,2,,,,,,,
295,,,2018-19,30,2019-03-09 15:00:00,10,2,0,2,,,,,,,
296,,,2018-19,30,2019-03-09 15:00:00,11,9,3,1,,,,,,,
297,,,2018-19,30,2019-03-10 12:00:00,12,4,4,2,,,,,,,
298,,,2018-19,30,2019-03-09 17:30:00,13,18,3,1,,,,,,,
299,,,2018-19,30,2019-03-09 15:00:00,15,8,3,2,,,,,,,
300,,,2018-19,30,2019-03-09 15:00:00,16,17,2,1,,,,,,,
301,,,2018-19,31,2019-03-16 15:00:00,2,15,2,2,,,,,,,
302,,,2018-19,34,2019-04-16 18:45:00,3,5,0,2,,,,,,,
303,,,2018-19,31,2019-03-16 15:00:00,4,11,1,2,,,,,,,
304,,,2018-19,31,2019-03-17 16:30:00,8,6,2,0,,,,,,,
305,,,2018-19,31,2019-03-17 14:15:00,9,12,1,2,,,,,,,
306,,,2018-19,35,2019-04-24 19:00:00,14,13,0,2,,,,,,,
307,,,2018-19,32,2019-04-03 18:45:00,17,7,2,0,,,,,,,
308,,,2018-19,35,2019-04-23 18:45:00,18,16,1,1,,,,,,,
309,,,2018-19,31,2019-03-16 15:00:00,19,10,4,3,,,,,,,
310,,,2018-19,35,2019-04-24 18:45:00,20,1,3,1,,,,,,,
311,,,2018-19,32,2019-04-01 19:00:00,1,15,2,0,,,,,,,
312,,,2018-19,32,2019-03-30 15:00:00,3,16,0,1,,,,,,,
313,,,2018-19,32,2019-03-30 15:00:00,4,20,2,0,,,,,,,
314,,,2018-19,32,2019-03-31 13:05:00,5,6,1,2,,,,,,,
315,,,2018-19,32,2019-03-30 15:00:00,7,10,2,0,,,,,,,
316,,,2018-19,32,2019-03-30 12:30:00,9,13,0,2,,,,,,,
317,,,2018-19,32,2019-03-30 15:00:00,11,2,2,0,,,,,,,
318,,,2018-19,32,2019-03-31 15:30:00,12,17,2,1,,,,,,,
319,,,2018-19,32,2019-03-30 15:00:00,14,18,2,1,,,,,,,
320,,,2018-19,32,2019-03-30 17:30:00,19,8,0,2,,,,,,,
321,,,2018-19,33,2019-04-06 14:00:00,2,4,1,3,,,,,,,
322,,,2018-19,33,2019-04-08 19:00:00,6,19,2,0,,,,,,,
323,,,2018-19,33,2019-04-07 13:05:00,8,1,1,0,,,,,,,
324,,,2018-19,33,2019-04-06 14:00:00,10,11,1,4,,,,,,,
325,,,2018-19,32,2019-04-03 18:45:00,13,5,2,0,,,,,,,
326,,,2018-19,33,2019-04-06 14:00:00,15,7,0,1,,,,,,,
327,,,2018-19,33,2019-04-05 19:00:00,16,12,1,3,,,,,,,
328,,,2018-19,35,2019-04-23 18:45:00,17,3,1,0,,,,,,,
329,,,2018-19,32,2019-04-02 18:45:00,18,9,4,1,,,,,,,
330,,,2018-19,32,2019-04-02 18:45:00,20,14,2,1,,,,,,,
331,,,2018-19,34,2019-04-13 14:00:00,3,2,0,5,,,,,,,
332,,,2018-19,34,2019-04-13 14:00:00,4,5,2,0,,,,,,,
333,,,2018-19,34,2019-04-14 13:05:00,7,13,1,3,,,,,,,
334,,,2018-19,34,2019-04-13 14:00:00,9,8,2,0,,,,,,,
335,,,2018-19,34,2019-04-12 19:00:00,11,15,0,1,,,,,,,
336,,,2018-19,34,2019-04-14 15:30:00,12,6,2,0,,,,,,,
337,,,2018-19,34,2019-04-13 16:30:00,14,19,2,1,,,,,,,
338,,,2018-19,34,2019-04-13 14:00:00,16,20,3,1,,,,,,,
339,,,2018-19,34,2019-04-13 11:30:00,17,10,4,0,,,,,,,
340,,,2018-19,34,2019-04-15 19:00:00,18,1,0,1,,,,,,,
341,,,2018-19,35,2019-04-21 15:00:00,1,7,2,3,,,,,,,
342,,,2018-19,35,2019-04-20 14:00:00,2,9,0,1,,,,,,,
343,,,2018-19,35,2019-04-21 15:00:00,5,12,0,2,,,,,,,
344,,,2018-19,35,2019-04-22 19:00:00,6,4,2,2,,,,,,,
345,,,2018-19,35,2019-04-21 12:30:00,8,14,4,0,,,,,,,
346,,,2018-19,35,2019-04-20 14:00:00,10,18,1,2,,,,,,,
347,,,2018-19,35,2019-04-20 11:30:00,13,17,1,0,,,,,,,
348,,,2018-19,35,2019-04-20 16:30:00,15,16,3,1,,,,,,,
349,,,2018-19,35,2019-04-20 14:00:00,19,11,2,2,,,,,,,
350,,,2018-19,35,2019-04-20 14:00:00,20,3,0,0,,,,,,,
351,,,2018-19,36,2019-04-27 16:30:00,3,15,1,1,,,,,,,
352,,,2018-19,36,2019-04-28 13:05:00,4,13,0,1,,,,,,,
353,,,2018-19,36,2019-04-27 14:00:00,7,8,0,0,,,,,,,
354,,,2018-19,36,2019-04-27 14:00:00,9,5,1,0,,,,,,,
355,,,2018-19,36,2019-04-28 11:00:00,11,1,3,0,,,,,,,
356,,,2018-19,36,2019-04-26 19:00:00,12,10,5,0,,,,,,,
357,,,2018-19,36,2019-04-28 15:30:00,14,6,1,1,,,,,,,
358,,,2018-19,36,2019-04-27 14:00:00,16,2,3,3,,,,,,,
359,,,2018-19,36,2019-04-27 11:30:00,17,19,0,1,,,,,,,
360,,,2018-19,36,2019-04-27 14:00:00,18,20,1,2,,,,,,,
361,,,2018-19,37,2019-05-05 15:30:00,1,3,1,1,,,,,,,
362,,,2018-19,37,2019-05-04 11:30:00,2,17,1,0,,,,,,,
363,,,2018-19,37,2019-05-04 16:30:00,5,7,2,3,,,,,,,
364,,,2018-19,37,2019-05-05 13:00:00,6,18,3,0,,,,,,,
365,,,2018-19,37,2019-05-03 19:00:00,8,4,2,0,,,,,,,
366,,,2018-19,37,2019-05-05 13:00:00,10,14,1,1,,,,,,,
367,,,2018-19,37,2019-05-06 19:00:00,13,11,1,0,,,,,,,
368,,,2018-19,37,2019-05-04 18:45:00,15,12,2,3,,,,,,,
369,,,2018-19,37,2019-05-04 14:00:00,19,16,3,0,,,,,,,
370,,,2018-19,37,2019-05-04 14:00:00,20,9,1,0,,,,,,,
371,,,2018-19,38,2019-05-12 14:00:00,3,13,1,4,,,,,,,
372,,,2018-19,38,2019-05-12 14:00:00,4,1,1,3,,,,,,,
373,,,2018-19,38,2019-05-12 14:00:00,7,2,5,3,,,,,,,
374,,,2018-19,38,2019-05-12 14:00:00,9,15,0,4,,,,,,,
375,,,2018-19,38,2019-05-12 14:00:00,11,6,0,0,,,,,,,
376,,,2018-19,38,2019-05-12 14:00:00,12,20,2,0,,,,,,,
377,,,2018-19,38,2019-05-12 14:00:00,14,5,0,2,,,,,,,
378,,,2018-19,38,2019-05-12 14:00:00,16,10,1,1,,,,,,,
379,,,2018-19,38,2019-05-12 14:00:00,17,8,2,2,,,,,,,
380,,,2018-19,38,2019-05-12 14:00:00,18,19,1,4,,,,,,,
15,,,2019-20,2,2019-08-17 14:00:00,8,18,1,0,,,,,,,
16,,,2019-20,2,2019-08-17 16:30:00,11,17,2,2,,,,,,,
17,,,2019-20,2,2019-08-17 14:00:00,14,13,3,1,,,,,,,
18,,,2019-20,2,2019-08-18 13:00:00,15,7,1,0,,,,,,,
19,,,2019-20,2,2019-08-17 14:00:00,16,10,1,2,,,,,,,
20,,,2019-20,2,2019-08-19 19:00:00,20,12,1,1,,,,,,,
21,,,2019-20,3,2019-08-23 19:00:00,2,8,2,0,,,,,,,
22,,,2019-20,3,2019-08-25 13:00:00,3,11,1,3,,,,,,,
23,,,2019-20,3,2019-08-24 14:00:00,4,16,0,2,,,,,,,
24,,,2019-20,3,2019-08-24 16:30:00,10,1,3,1,,,,,,,
25,,,2019-20,3,2019-08-24 14:00:00,12,7,1,2,,,,,,,
26,,,2019-20,3,2019-08-24 11:30:00,14,6,2,3,,,,,,,
27,,,2019-20,3,2019-08-24 14:00:00,15,9,1,2,,,,,,,
28,,,2019-20,3,2019-08-25 15:30:00,17,13,0,1,,,,,,,
29,,,2019-20,3,2019-08-24 14:00:00,18,19,1,3,,,,,,,
30,,,2019-20,3,2019-08-25 15:30:00,20,5,1,1,,,,,,,
31,,,2019-20,4,2019-09-01 15:30:00,1,17,2,2,,,,,,,
32,,,2019-20,4,2019-08-31 16:30:00,5,10,0,3,,,,,,,
33,,,2019-20,4,2019-08-31 14:00:00,6,15,2,2,,,,,,,
34,,,2019-20,4,2019-08-31 14:00:00,7,2,1,0,,,,,,,
35,,,2019-20,4,2019-09-01 13:00:00,8,20,3,2,,,,,,,
36,,,2019-20,4,2019-08-31 14:00:00,9,3,3,1,,,,,,,
37,,,2019-20,4,2019-08-31 14:00:00,11,4,4,0,,,,,,,
38,,,2019-20,4,2019-08-31 14:00:00,13,18,1,1,,,,,,,
39,,,2019-20,4,2019-08-31 11:30:00,16,12,1,1,,,,,,,
40,,,2019-20,4,2019-08-31 14:00:00,19,14,2,0,,,,,,,
41,,,2019-20,5,2019-09-16 19:00:00,2,19,0,0,,,,,,,
42,,,2019-20,5,2019-09-15 13:00:00,3,8,3,1,,,,,,,
43,,,2019-20,5,2019-09-14 14:00:00,4,5,1,1,,,,,,,
44,,,2019-20,5,2019-09-14 11:30:00,10,13,3,1,,,,,,,
45,,,2019-20,5,2019-09-14 14:00:00,12,9,1,0,,,,,,,
46,,,2019-20,5,2019-09-14 16:30:00,14,11,3,2,,,,,,,
47,,,2019-20,5,2019-09-14 14:00:00,15,16,0,1,,,,,,,
48,,,2019-20,5,2019-09-14 14:00:00,17,7,4,0,,,,,,,
49,,,2019-20,5,2019-09-15 15:30:00,18,1,2,2,,,,,,,
50,,,2019-20,5,2019-09-14 14:00:00,20,6,2,5,,,,,,,
51,,,2019-20,6,2019-09-22 15:30:00,1,2,3,2,,,,,,,
52,,,2019-20,6,2019-09-21 14:00:00,5,14,2,0,,,,,,,
53,,,2019-20,6,2019-09-22 15:30:00,6,10,1,2,,,,,,,
54,,,2019-20,6,2019-09-22 13:00:00,7,20,1,1,,,,,,,
55,,,2019-20,6,2019-09-21 14:00:00,8,15,0,2,,,,,,,
56,,,2019-20,6,2019-09-21 11:30:00,9,17,2,1,,,,,,,
57,,,2019-20,6,2019-09-21 14:00:00,11,18,8,0,,,,,,,
58,,,2019-20,6,2019-09-21 16:30:00,13,4,0,0,,,,,,,
59,,,2019-20,6,2019-09-20 19:00:00,16,3,1,3,,,,,,,
60,,,2019-20,6,2019-09-22 13:00:00,19,12,2,0,,,,,,,
61,,,2019-20,7,2019-09-28 14:00:00,2,5,2,2,,,,,,,
62,,,2019-20,7,2019-09-28 14:00:00,3,19,2,2,,,,,,,
63,,,2019-20,7,2019-09-28 14:00:00,6,4,2,0,,,,,,,
64,,,2019-20,7,2019-09-28 14:00:00,7,14,2,0,,,,,,,
65,,,2019-20,7,2019-09-28 16:30:00,8,11,1,3,,,,,,,
66,,,2019-20,7,2019-09-29 15:30:00,9,13,5,0,,,,,,,
67,,,2019-20,7,2019-09-30 19:00:00,12,1,1,1,,,,,,,
68,,,2019-20,7,2019-09-28 11:30:00,15,10,0,1,,,,,,,
69,,,2019-20,7,2019-09-28 14:00:00,17,16,2,1,,,,,,,
70,,,2019-20,7,2019-09-28 14:00:00,20,18,2,0,,,,,,,
71,,,2019-20,8,2019-10-06 13:00:00,1,3,1,0,,,,,,,
72,,,2019-20,8,2019-10-05 11:30:00,4,17,3,0,,,,,,,
73,,,2019-20,8,2019-10-05 14:00:00,5,8,1,0,,,,,,,
74,,,2019-20,8,2019-10-05 14:00:00,10,9,2,1,,,,,,,
75,,,2019-20,8,2019-10-06 13:00:00,11,20,0,2,,,,,,,
76,,,2019-20,8,2019-10-06 15:30:00,13,12,1,0,,,,,,,
77,,,2019-20,8,2019-10-05 14:00:00,14,2,1,5,,,,,,,
78,,,2019-20,8,2019-10-06 13:00:00,16,6,1,4,,,,,,,
79,,,2019-20,8,2019-10-05 14:00:00,18,15,0,0,,,,,,,
80,,,2019-20,8,2019-10-05 16:30:00,19,7,1,2,,,,,,,
81,,,2019-20,9,2019-10-19 14:00:00,2,4,2,1,,,,,,,
82,,,2019-20,9,2019-10-19 14:00:00,3,14,0,0,,,,,,,
83,,,2019-20,9,2019-10-19 14:00:00,6,13,1,0,,,,,,,
84,,,2019-20,9,2019-10-19 16:30:00,7,11,0,2,,,,,,,
85,,,2019-20,9,2019-10-19 11:30:00,8,19,2,0,,,,,,,
86,,,2019-20,9,2019-10-19 14:00:00,9,5,2,1,,,,,,,
87,,,2019-20,9,2019-10-20 15:30:00,12,10,1,1,,,,,,,
88,,,2019-20,9,2019-10-21 19:00:00,15,1,1,0,,,,,,,
89,,,2019-20,9,2019-10-19 14:00:00,17,18,1,1,,,,,,,
90,,,2019-20,9,2019-10-19 14:00:00,20,16,1,1,,,,,,,
91,,,2019-20,10,2019-10-27 16:30:00,1,7,2,2,,,,,,,
92,,,2019-20,10,2019-10-26 14:00:00,4,8,3,2,,,,,,,
93,,,2019-20,10,2019-10-26 16:30:00,5,6,2,4,,,,,,,
94,,,2019-20,10,2019-10-27 16:30:00,10,17,2,1,,,,,,,
95,,,2019-20,10,2019-10-26 11:30:00,11,2,3,0,,,,,,,
96,,,2019-20,10,2019-10-27 14:00:00,13,20,1,1,,,,,,,
97,,,2019-20,10,2019-10-27 16:30:00,14,12,1,3,,,,,,,
98,,,2019-20,10,2019-10-25 19:00:00,16,9,0,9,,,,,,,
99,,,2019-20,10,2019-10-26 14:00:00,18,3,0,0,,,,,,,
100,,,2019-20,10,2019-10-26 14:00:00,19,15,1,1,,,,,,,
101,,,2019-20,11,2019-11-02 15:00:00,1,20,1,1,,,,,,,
102,,,2019-20,11,2019-11-02 15:00:00,2,10,1,2,,,,,,,
103,,,2019-20,11,2019-11-02 12:30:00,3,12,1,0,,,,,,,
104,,,2019-20,11,2019-11-02 15:00:00,4,14,2,0,,,,,,,
105,,,2019-20,11,2019-11-03 14:00:00,7,9,0,2,,,,,,,
106,,,2019-20,11,2019-11-03 16:30:00,8,17,1,1,,,,,,,
107,,,2019-20,11,2019-11-02 15:00:00,11,16,2,1,,,,,,,
108,,,2019-20,11,2019-11-02 15:00:00,15,5,3,0,,,,,,,
109,,,2019-20,11,2019-11-02 17:30:00,18,6,1,2,,,,,,,
110,,,2019-20,11,2019-11-02 15:00:00,19,13,2,3,,,,,,,
111,,,2019-20,12,2019-11-09 15:00:00,5,19,3,0,,,,,,,
112,,,2019-20,12,2019-11-09 12:30:00,6,7,2,0,,,,,,,
113,,,2019-20,12,2019-11-09 17:30:00,9,1,2,0,,,,,,,
114,,,2019-20,12,2019-11-10 16:30:00,10,11,3,1,,,,,,,
115,,,2019-20,12,2019-11-10 14:00:00,12,4,3,1,,,,,,,
116,,,2019-20,12,2019-11-09 15:00:00,13,3,2,1,,,,,,,
117,,,2019-20,12,2019-11-08 20:00:00,14,18,0,2,,,,,,,
120,,,2019-20,12,2019-11-10 14:00:00,20,2,2,1,,,,,,,
121,,,2019-20,13,2019-11-23 15:00:00,1,16,2,2,,,,,,,
122,,,2019-20,13,2019-11-25 20:00:00,2,13,2,0,,,,,,,
123,,,2019-20,13,2019-11-23 15:00:00,3,20,1,2,,,,,,,
124,,,2019-20,13,2019-11-23 15:00:00,4,9,0,2,,,,,,,
125,,,2019-20,13,2019-11-23 15:00:00,7,10,1,2,,,,,,,
126,,,2019-20,13,2019-11-23 15:00:00,8,14,0,2,,,,,,,
127,,,2019-20,13,2019-11-23 17:30:00,11,6,2,1,,,,,,,
128,,,2019-20,13,2019-11-24 16:30:00,15,12,3,3,,,,,,,
129,,,2019-20,13,2019-11-23 15:00:00,18,5,0,3,,,,,,,
130,,,2019-20,13,2019-11-23 12:30:00,19,17,2,3,,,,,,,
131,,,2019-20,14,2019-11-30 15:00:00,5,7,0,2,,,,,,,
132,,,2019-20,14,2019-11-30 15:00:00,6,19,0,1,,,,,,,
133,,,2019-20,14,2019-12-01 16:30:00,9,8,2,1,,,,,,,
134,,,2019-20,14,2019-11-30 15:00:00,10,4,2,1,,,,,,,
135,,,2019-20,14,2019-12-01 16:30:00,12,2,2,2,,,,,,,
136,,,2019-20,14,2019-11-30 12:30:00,13,11,2,2,,,,,,,
137,,,2019-20,14,2019-12-01 14:00:00,14,1,2,2,,,,,,,
138,,,2019-20,14,2019-11-30 17:30:00,16,18,2,1,,,,,,,
139,,,2019-20,14,2019-11-30 15:00:00,17,3,3,2,,,,,,,
140,,,2019-20,14,2019-12-01 14:00:00,20,15,1,1,,,,,,,
141,,,2019-20,15,2019-12-05 20:15:00,1,4,1,2,,,,,,,
142,,,2019-20,15,2019-12-03 20:15:00,5,11,1,4,,,,,,,
143,,,2019-20,15,2019-12-04 19:30:00,9,18,2,0,,,,,,,
144,,,2019-20,15,2019-12-04 19:30:00,12,17,2,1,,,,,,,
145,,,2019-20,15,2019-12-05 19:30:00,15,13,0,2,,,,,,,
146,,,2019-20,15,2019-12-04 19:30:00,20,19,2,0,,,,,,,
147,,,2019-20,15,2019-12-04 19:30:00,6,2,2,1,,,,,,,
148,,,2019-20,15,2019-12-03 19:30:00,7,3,1,0,,,,,,,
149,,,2019-20,15,2019-12-04 20:15:00,10,8,5,2,,,,,,,
150,,,2019-20,15,2019-12-04 19:30:00,16,14,2,1,,,,,,,
151,,,2019-20,16,2019-12-08 14:00:00,2,9,1,4,,,,,,,
152,,,2019-20,16,2019-12-07 15:00:00,3,10,0,3,,,,,,,
153,,,2019-20,16,2019-12-08 16:30:00,4,20,2,2,,,,,,,
154,,,2019-20,16,2019-12-07 12:30:00,8,6,3,1,,,,,,,
155,,,2019-20,16,2019-12-07 17:30:00,11,12,1,2,,,,,,,
156,,,2019-20,16,2019-12-08 14:00:00,13,16,2,1,,,,,,,
157,,,2019-20,16,2019-12-08 14:00:00,14,15,1,2,,,,,,,
158,,,2019-20,16,2019-12-07 15:00:00,17,5,5,0,,,,,,,
159,,,2019-20,16,2019-12-07 15:00:00,18,7,0,0,,,,,,,
160,,,2019-20,16,2019-12-09 20:00:00,19,1,1,3,,,,,,,
161,,,2019-20,17,2019-12-15 16:30:00,1,11,0,3,,,,,,,
162,,,2019-20,17,2019-12-14 15:00:00,5,13,1,0,,,,,,,
163,,,2019-20,17,2019-12-14 15:00:00,6,3,0,1,,,,,,,
164,,,2019-20,17,2019-12-16 19:45:00,7,4,1,1,,,,,,,
165,,,2019-20,17,2019-12-14 15:00:00,9,14,1,1,,,,,,,
166,,,2019-20,17,2019-12-14 12:30:00,10,18,2,0,,,,,,,
167,,,2019-20,17,2019-12-15 14:00:00,12,8,1,1,,,,,,,
168,,,2019-20,17,2019-12-14 15:00:00,15,2,2,0,,,,,,,
169,,,2019-20,17,2019-12-14 17:30:00,16,19,0,1,,,,,,,
170,,,2019-20,17,2019-12-15 14:00:00,20,17,1,2,,,,,,,
171,,,2019-20,18,2019-12-21 15:00:00,2,16,1,3,,,,,,,
172,,,2019-20,18,2019-12-21 15:00:00,3,5,0,1,,,,,,,
173,,,2019-20,18,2019-12-21 15:00:00,4,15,0,1,,,,,,,
174,,,2019-20,18,2019-12-21 12:30:00,8,1,0,0,,,,,,,
175,,,2019-20,18,2019-12-21 17:30:00,11,9,3,1,,,,,,,
176,,,2019-20,18,2019-12-21 15:00:00,13,7,1,0,,,,,,,
177,,,2019-20,18,2019-12-21 15:00:00,14,20,1,2,,,,,,,
178,,,2019-20,18,2019-12-22 16:30:00,17,6,0,2,,,,,,,
179,,,2019-20,18,2019-12-22 14:00:00,18,12,2,0,,,,,,,
180,,,2019-20,24,2020-01-29 19:45:00,19,10,0,2,,,,,,,
181,,,2019-20,19,2019-12-26 15:00:00,2,14,1,0,,,,,,,
182,,,2019-20,19,2019-12-26 15:00:00,3,1,1,1,,,,,,,
183,,,2019-20,19,2019-12-26 15:00:00,6,16,0,2,,,,,,,
184,,,2019-20,19,2019-12-26 15:00:00,7,19,2,1,,,,,,,
185,,,2019-20,19,2019-12-26 15:00:00,8,5,1,0,,,,,,,
186,,,2019-20,19,2019-12-26 20:00:00,9,10,0,4,,,,,,,
187,,,2019-20,19,2019-12-26 17:30:00,12,13,4,1,,,,,,,
188,,,2019-20,19,2019-12-26 15:00:00,15,18,1,1,,,,,,,
189,,,2019-20,19,2019-12-26 12:30:00,17,4,2,1,,,,,,,
190,,,2019-20,19,2019-12-27 19:45:00,20,11,3,2,,,,,,,
191,,,2019-20,20,2019-12-29 14:00:00,1,6,1,2,,,,,,,
192,,,2019-20,20,2019-12-28 12:30:00,4,3,2,0,,,,,,,
193,,,2019-20,20,2019-12-28 19:45:00,5,12,0,2,,,,,,,
194,,,2019-20,20,2019-12-29 16:30:00,10,20,1,0,,,,,,,
195,,,2019-20,20,2019-12-29 18:00:00,11,15,2,0,,,,,,,
196,,,2019-20,20,2019-12-28 15:00:00,13,8,1,2,,,,,,,
197,,,2019-20,20,2019-12-28 17:30:00,14,17,2,2,,,,,,,
198,,,2019-20,20,2019-12-28 15:00:00,16,7,1,1,,,,,,,
199,,,2019-20,20,2019-12-28 15:00:00,18,2,3,0,,,,,,,
200,,,2019-20,20,2019-12-28 17:30:00,19,9,1,2,,,,,,,
201,,,2019-20,21,2020-01-01 20:00:00,1,12,2,0,,,,,,,
202,,,2019-20,21,2020-01-01 12:30:00,4,6,1,1,,,,,,,
203,,,2019-20,21,2020-01-01 12:30:00,5,2,1,2,,,,,,,
204,,,2019-20,21,2020-01-02 20:00:00,10,15,2,0,,,,,,,
205,,,2019-20,21,2020-01-01 17:30:00,11,8,2,1,,,,,,,
206,,,2019-20,21,2020-01-01 15:00:00,13,9,0,3,,,,,,,
207,,,2019-20,21,2020-01-01 17:30:00,14,7,1,1,,,,,,,
208,,,2019-20,21,2020-01-01 15:00:00,16,17,1,0,,,,,,,
209,,,2019-20,21,2020-01-01 15:00:00,18,20,2,1,,,,,,,
210,,,2019-20,21,2020-01-01 17:30:00,19,3,4,0,,,,,,,
211,,,2019-20,22,2020-01-12 16:30:00,2,11,1,6,,,,,,,
212,,,2019-20,22,2020-01-12 14:00:00,3,18,0,3,,,,,,,
213,,,2019-20,22,2020-01-11 15:00:00,6,5,3,0,,,,,,,
214,,,2019-20,22,2020-01-11 12:30:00,8,1,1,1,,,,,,,
215,,,2019-20,22,2020-01-11 15:00:00,8,4,1,0,,,,,,,
216,,,2019-20,22,2020-01-11 15:00:00,9,16,1,2,,,,,,,
217,,,2019-20,22,2020-01-11 15:00:00,12,14,4,0,,,,,,,
239,,,2019-20,24,2020-01-21 19:30:00,7,16,0,2,,,,,,,
240,,,2019-20,24,2020-01-22 19:30:00,17,14,2,1,,,,,,,
241,,,2019-20,25,2020-02-01 15:00:00,3,2,2,1,,,,,,,
242,,,2019-20,25,2020-02-02 14:00:00,5,1,0,0,,,,,,,
243,,,2019-20,25,2020-02-01 15:00:00,7,15,0,1,,,,,,,
244,,,2019-20,25,2020-02-01 12:30:00,9,6,2,2,,,,,,,
245,,,2019-20,25,2020-02-01 15:00:00,10,16,4,0,,,,,,,
246,,,2019-20,25,2020-02-01 17:30:00,12,20,0,0,,,,,,,
247,,,2019-20,25,2020-02-01 15:00:00,13,14,0,0,,,,,,,
248,,,2019-20,25,2020-02-02 16:30:00,17,11,2,0,,,,,,,
249,,,2019-20,25,2020-02-01 15:00:00,18,8,2,3,,,,,,,
250,,,2019-20,25,2020-02-01 15:00:00,19,4,3,3,,,,,,,
251,,,2019-20,26,2020-02-16 16:30:00,1,13,4,0,,,,,,,
252,,,2019-20,26,2020-02-16 14:00:00,2,17,2,3,,,,,,,
253,,,2019-20,26,2020-02-08 17:30:00,4,18,1,1,,,,,,,
254,,,2019-20,26,2020-02-17 20:00:00,6,12,0,2,,,,,,,
255,,,2019-20,26,2020-02-08 12:30:00,8,7,3,1,,,,,,,
256,,,2019-20,26,2020-02-19 19:30:00,11,19,2,0,,,,,,,
257,,,2019-20,26,2020-02-15 17:30:00,14,10,0,1,,,,,,,
258,,,2019-20,26,2020-02-09 14:00:00,15,3,2,1,,,,,,,
259,,,2019-20,26,2020-02-15 12:30:00,16,5,1,2,,,,,,,
260,,,2019-20,26,2020-02-14 20:00:00,20,9,0,0,,,,,,,
261,,,2019-20,27,2020-02-23 16:30:00,1,8,3,2,,,,,,,
262,,,2019-20,27,2020-02-22 15:00:00,5,3,3,0,,,,,,,
263,,,2019-20,27,2020-02-22 12:30:00,6,17,2,1,,,,,,,
264,,,2019-20,27,2020-02-22 15:00:00,7,13,1,0,,,,,,,
265,,,2019-20,27,2020-02-22 17:30:00,9,11,0,1,,,,,,,
266,,,2019-20,27,2020-02-24 20:00:00,10,19,3,2,,,,,,,
267,,,2019-20,27,2020-02-23 14:00:00,12,18,3,0,,,,,,,
268,,,2019-20,27,2020-02-22 15:00:00,15,4,1,1,,,,,,,
269,,,2019-20,27,2020-02-22 15:00:00,16,2,2,0,,,,,,,
270,,,2019-20,27,2020-02-23 14:00:00,20,14,3,0,,,,,,,
271,,,2019-20,39,2020-06-17 17:00:00,2,15,0,0,,,,,,,
272,,,2019-20,28,2020-02-29 15:00:00,3,6,2,2,,,,,,,
273,,,2019-20,28,2020-02-29 12:30:00,4,7,0,1,,,,,,,
274,,,2019-20,28,2020-03-01 14:00:00,8,12,1,1,,,,,,,
275,,,2019-20,29,2020-03-11 19:30:00,11,1,,,,,,,,,
276,,,2019-20,28,2020-02-29 15:00:00,13,5,0,0,,,,,,,
277,,,2019-20,28,2020-02-28 20:00:00,14,9,1,0,,,,,,,
278,,,2019-20,28,2020-03-01 14:00:00,17,20,2,3,,,,,,,
279,,,2019-20,28,2020-02-29 17:30:00,18,10,3,0,,,,,,,
280,,,2019-20,28,2020-02-29 15:00:00,19,16,3,1,,,,,,,
281,,,2019-20,29,2020-03-07 15:00:00,1,19,1,0,,,,,,,
282,,,2019-20,29,2020-03-07 17:30:00,5,17,1,1,,,,,,,
283,,,2019-20,29,2020-03-08 14:00:00,6,8,4,0,,,,,,,
284,,,2019-20,29,2020-03-07 15:00:00,7,18,1,0,,,,,,,
285,,,2019-20,29,2020-03-09 20:00:00,9,2,4,0,,,,,,,
286,,,2019-20,29,2020-03-07 12:30:00,10,3,2,1,,,,,,,
287,,,2019-20,29,2020-03-08 16:30:00,12,11,2,0,,,,,,,
288,,,2019-20,29,2020-03-07 15:00:00,15,14,1,0,,,,,,,
289,,,2019-20,29,2020-03-07 15:00:00,16,13,0,1,,,,,,,
290,,,2019-20,29,2020-03-07 15:00:00,20,4,0,0,,,,,,,
291,,,2019-20,39,2020-06-21 15:15:00,2,6,1,2,,,,,,,
292,,,2019-20,39,2020-06-20 18:45:00,3,7,0,2,,,,,,,
293,,,2019-20,39,2020-06-20 14:00:00,4,1,2,1,,,,,,,
294,,,2019-20,39,2020-06-21 18:00:00,8,10,0,0,,,,,,,
295,,,2019-20,39,2020-06-22 19:00:00,11,5,5,0,,,,,,,
296,,,2019-20,39,2020-06-21 13:00:00,13,15,3,0,,,,,,,
297,,,2019-20,39,2020-06-19 17:00:00,14,16,0,3,,,,,,,
298,,,2019-20,39,2020-06-19 19:15:00,17,12,1,1,,,,,,,
299,,,2019-20,39,2020-06-20 11:30:00,18,9,1,1,,,,,,,
39,2292848,74949,2223,4,2022-08-27 11:30:00,17,14,0,1,t,t,t,90,3,2,t
33,2292842,74943,2223,4,2022-08-27 14:00:00,4,8,1,1,t,t,t,90,2,3,t
34,2292843,74944,2223,4,2022-08-27 14:00:00,5,11,1,0,t,t,t,90,2,3,t
35,2292844,74945,2223,4,2022-08-27 14:00:00,6,10,2,1,t,t,t,90,3,4,t
36,2292845,74946,2223,4,2022-08-27 14:00:00,12,3,9,0,t,t,t,90,2,4,t
37,2292846,74947,2223,4,2022-08-27 14:00:00,13,7,4,2,t,t,t,90,2,5,t
31,2292840,74941,2223,4,2022-08-27 16:30:00,1,9,2,1,t,t,t,90,2,4,t
32,2292841,74942,2223,4,2022-08-28 13:00:00,2,19,0,1,t,t,t,90,2,2,t
40,2292849,74950,2223,4,2022-08-28 13:00:00,20,15,1,1,t,t,t,90,3,2,t
38,2292847,74948,2223,4,2022-08-28 15:30:00,16,18,0,2,t,t,t,90,3,2,t
43,2292852,74953,2223,5,2022-08-30 18:30:00,7,4,1,1,t,t,t,90,3,2,t
44,2292853,74954,2223,5,2022-08-30 18:30:00,9,5,2,1,t,t,t,90,3,2,t
50,2292859,74960,2223,5,2022-08-30 18:45:00,17,6,2,1,t,t,t,90,3,2,t
45,2292854,74955,2223,5,2022-08-30 19:00:00,11,8,1,1,t,t,t,90,2,2,t
41,2292851,74951,2223,5,2022-08-31 18:30:00,1,2,2,1,t,t,t,90,2,4,t
300,,,2019-20,39,2020-06-20 16:30:00,19,20,0,2,,,,,,,
301,,,2019-20,40,2020-06-25 17:00:00,5,18,1,0,,,,,,,
302,,,2019-20,40,2020-06-25 19:15:00,6,11,2,1,,,,,,,
303,,,2019-20,40,2020-06-23 17:00:00,9,4,0,0,,,,,,,
304,,,2019-20,40,2020-06-24 19:15:00,10,7,4,0,,,,,,,
305,,,2019-20,40,2020-06-24 17:00:00,12,15,3,0,,,,,,,
306,,,2019-20,40,2020-06-24 17:00:00,13,2,1,1,,,,,,,
307,,,2019-20,40,2020-06-24 17:00:00,14,8,0,1,,,,,,,
308,,,2019-20,40,2020-06-25 17:00:00,16,1,0,2,,,,,,,
309,,,2019-20,40,2020-06-23 19:15:00,17,19,2,0,,,,,,,
310,,,2019-20,40,2020-06-24 17:00:00,20,3,1,0,,,,,,,
311,,,2019-20,41,2020-07-01 17:00:00,1,14,4,0,,,,,,,
312,,,2019-20,41,2020-06-27 11:30:00,2,20,0,1,,,,,,,
313,,,2019-20,41,2020-07-01 17:00:00,3,13,1,4,,,,,,,
314,,,2019-20,41,2020-06-30 19:15:00,4,12,0,3,,,,,,,
315,,,2019-20,41,2020-06-29 19:00:00,7,5,0,1,,,,,,,
316,,,2019-20,41,2020-07-01 17:00:00,8,9,2,1,,,,,,,
317,,,2019-20,41,2020-07-02 19:15:00,11,10,4,0,,,,,,,
318,,,2019-20,41,2020-07-02 17:00:00,15,17,3,1,,,,,,,
319,,,2019-20,41,2020-06-28 15:30:00,18,16,1,3,,,,,,,
320,,,2019-20,41,2020-07-01 19:15:00,19,6,3,2,,,,,,,
321,,,2019-20,42,2020-07-05 11:00:00,5,15,1,1,,,,,,,
322,,,2019-20,42,2020-07-04 19:00:00,6,18,3,0,,,,,,,
323,,,2019-20,42,2020-07-04 14:00:00,9,7,3,0,,,,,,,
324,,,2019-20,42,2020-07-05 15:30:00,10,2,2,0,,,,,,,
325,,,2019-20,42,2020-07-04 14:00:00,12,3,5,2,,,,,,,
326,,,2019-20,42,2020-07-05 13:15:00,13,19,2,2,,,,,,,
327,,,2019-20,42,2020-07-04 11:30:00,14,4,0,1,,,,,,,
328,,,2019-20,42,2020-07-05 18:00:00,16,11,1,0,,,,,,,
329,,,2019-20,42,2020-07-06 19:00:00,17,8,1,0,,,,,,,
330,,,2019-20,42,2020-07-04 16:30:00,20,1,0,2,,,,,,,
331,,,2019-20,43,2020-07-07 19:15:00,1,9,1,1,,,,,,,
332,,,2019-20,43,2020-07-09 19:15:00,2,12,0,3,,,,,,,
333,,,2019-20,43,2020-07-09 17:00:00,3,17,0,0,,,,,,,
334,,,2019-20,43,2020-07-08 19:15:00,4,10,1,3,,,,,,,
335,,,2019-20,43,2020-07-07 17:00:00,7,6,2,3,,,,,,,
336,,,2019-20,43,2020-07-09 17:00:00,8,16,1,1,,,,,,,
337,,,2019-20,43,2020-07-08 17:00:00,11,13,5,0,,,,,,,
338,,,2019-20,43,2020-07-08 17:00:00,15,20,1,0,,,,,,,
339,,,2019-20,43,2020-07-07 17:00:00,18,14,2,1,,,,,,,
340,,,2019-20,43,2020-07-08 17:00:00,19,5,0,1,,,,,,,
341,,,2019-20,44,2020-07-12 13:15:00,2,7,2,0,,,,,,,
342,,,2019-20,44,2020-07-12 18:00:00,3,9,4,1,,,,,,,
343,,,2019-20,44,2020-07-11 19:00:00,4,11,0,5,,,,,,,
344,,,2019-20,44,2020-07-11 14:00:00,10,5,1,1,,,,,,,
345,,,2019-20,44,2020-07-13 19:00:00,12,16,2,2,,,,,,,
346,,,2019-20,44,2020-07-11 11:30:00,14,19,0,4,,,,,,,
347,,,2019-20,44,2020-07-11 16:30:00,15,6,3,0,,,,,,,
348,,,2019-20,44,2020-07-12 15:30:00,17,1,2,1,,,,,,,
349,,,2019-20,44,2020-07-11 11:30:00,18,13,2,1,,,,,,,
350,,,2019-20,44,2020-07-12 11:00:00,20,8,3,0,,,,,,,
351,,,2019-20,45,2020-07-15 19:15:00,1,10,2,1,,,,,,,
352,,,2019-20,45,2020-07-15 17:00:00,5,20,1,1,,,,,,,
353,,,2019-20,45,2020-07-14 19:15:00,6,14,1,0,,,,,,,
354,,,2019-20,45,2020-07-16 19:15:00,7,12,0,2,,,,,,,
355,,,2019-20,45,2020-07-16 17:00:00,8,2,1,1,,,,,,,
356,,,2019-20,45,2020-07-16 17:00:00,9,15,2,0,,,,,,,
357,,,2019-20,45,2020-07-15 17:00:00,11,3,2,1,,,,,,,
358,,,2019-20,45,2020-07-15 17:00:00,13,17,1,3,,,,,,,
359,,,2019-20,45,2020-07-16 19:15:00,16,4,1,1,,,,,,,
360,,,2019-20,45,2020-07-17 19:00:00,19,18,3,1,,,,,,,
361,,,2019-20,46,2020-07-21 19:15:00,2,1,1,0,,,,,,,
362,,,2019-20,46,2020-07-19 13:00:00,3,16,0,2,,,,,,,
363,,,2019-20,46,2020-07-20 17:00:00,4,13,0,0,,,,,,,
364,,,2019-20,46,2020-07-22 19:15:00,10,6,5,3,,,,,,,
365,,,2019-20,46,2020-07-22 17:00:00,12,19,1,1,,,,,,,
366,,,2019-20,46,2020-07-18 16:30:00,14,5,0,2,,,,,,,
367,,,2019-20,46,2020-07-20 17:00:00,15,8,0,1,,,,,,,
368,,,2019-20,46,2020-07-19 15:00:00,17,9,3,0,,,,,,,
369,,,2019-20,46,2020-07-21 17:00:00,18,11,0,4,,,,,,,
370,,,2019-20,46,2020-07-20 19:15:00,20,7,2,0,,,,,,,
371,,,2019-20,47,2020-07-26 15:00:00,1,18,3,2,,,,,,,
372,,,2019-20,47,2020-07-26 15:00:00,5,4,1,2,,,,,,,
373,,,2019-20,47,2020-07-26 15:00:00,6,20,2,0,,,,,,,
374,,,2019-20,47,2020-07-26 15:00:00,7,17,1,1,,,,,,,
375,,,2019-20,47,2020-07-26 15:00:00,8,3,1,3,,,,,,,
376,,,2019-20,47,2020-07-26 15:00:00,9,12,0,2,,,,,,,
377,,,2019-20,47,2020-07-26 15:00:00,11,14,5,0,,,,,,,
378,,,2019-20,47,2020-07-26 15:00:00,13,10,1,3,,,,,,,
379,,,2019-20,47,2020-07-26 15:00:00,16,15,3,1,,,,,,,
380,,,2019-20,47,2020-07-26 15:00:00,19,2,1,1,,,,,,,
16,,,2020-21,2,2020-09-20 13:00:00,14,3,0,3,,,,,,,
17,,,2020-21,2,2020-09-20 11:00:00,16,17,2,5,,,,,,,
18,,,2020-21,2,2020-09-21 19:15:00,20,12,1,3,,,,,,,
19,,,2020-21,3,2020-09-26 11:30:00,3,13,2,3,,,,,,,
20,,,2020-21,3,2020-09-26 19:00:00,4,16,0,1,,,,,,,
21,,,2020-21,3,2020-09-26 14:00:00,6,7,1,2,,,,,,,
22,,,2020-21,3,2020-09-28 16:45:00,8,2,0,3,,,,,,,
23,,,2020-21,3,2020-09-28 19:00:00,11,18,3,1,,,,,,,
24,,,2020-21,3,2020-09-27 15:30:00,12,9,2,5,,,,,,,
25,,,2020-21,3,2020-09-27 11:00:00,15,10,0,1,,,,,,,
26,,,2020-21,3,2020-09-27 13:00:00,17,14,1,1,,,,,,,
27,,,2020-21,3,2020-09-26 16:30:00,18,5,3,3,,,,,,,
28,,,2020-21,3,2020-09-27 18:00:00,19,20,4,0,,,,,,,
29,,,2020-21,4,2020-10-04 13:00:00,18,15,2,1,,,,,,,
30,,,2020-21,4,2020-10-04 18:15:00,2,11,7,2,,,,,,,
31,,,2020-21,4,2020-10-03 11:30:00,5,6,4,0,,,,,,,
32,,,2020-21,4,2020-10-03 14:00:00,7,3,4,2,,,,,,,
33,,,2020-21,4,2020-10-03 16:30:00,10,12,1,1,,,,,,,
34,,,2020-21,4,2020-10-04 11:00:00,9,19,0,3,,,,,,,
35,,,2020-21,4,2020-10-04 15:30:00,13,17,1,6,,,,,,,
36,,,2020-21,4,2020-10-03 19:00:00,14,4,3,1,,,,,,,
37,,,2020-21,4,2020-10-04 11:00:00,16,18,2,0,,,,,,,
38,,,2020-21,4,2020-10-04 13:00:00,20,8,1,0,,,,,,,
39,,,2020-21,5,2020-10-17 14:00:00,5,16,3,3,,,,,,,
40,,,2020-21,5,2020-10-18 13:00:00,6,3,1,1,,,,,,,
41,,,2020-21,5,2020-10-17 11:30:00,7,11,2,2,,,,,,,
42,,,2020-21,5,2020-10-19 19:00:00,10,20,0,1,,,,,,,
43,,,2020-21,5,2020-10-18 18:15:00,9,2,0,1,,,,,,,
44,,,2020-21,5,2020-10-17 16:30:00,12,18,1,0,,,,,,,
45,,,2020-21,5,2020-10-17 19:00:00,14,13,1,4,,,,,,,
46,,,2020-21,5,2020-10-18 11:00:00,15,8,1,1,,,,,,,
47,,,2020-21,5,2020-10-18 15:30:00,17,19,3,3,,,,,,,
48,,,2020-21,5,2020-10-19 16:30:00,18,4,0,0,,,,,,,
49,,,2020-21,6,2020-10-25 19:15:00,1,9,0,1,,,,,,,
50,,,2020-21,6,2020-10-23 19:00:00,2,10,0,3,,,,,,,
51,,,2020-21,6,2020-10-26 17:30:00,3,18,1,1,,,,,,,
52,,,2020-21,6,2020-10-26 20:00:00,4,17,0,1,,,,,,,
53,,,2020-21,6,2020-10-24 14:00:00,8,6,1,2,,,,,,,
54,,,2020-21,6,2020-10-24 19:00:00,11,15,2,1,,,,,,,
55,,,2020-21,6,2020-10-24 16:30:00,13,5,0,0,,,,,,,
56,,,2020-21,6,2020-10-25 14:00:00,16,7,2,0,,,,,,,
57,,,2020-21,6,2020-10-24 11:30:00,19,12,1,1,,,,,,,
58,,,2020-21,6,2020-10-25 16:30:00,20,14,1,1,,,,,,,
59,,,2020-21,7,2020-11-01 12:00:00,2,16,3,4,,,,,,,
60,,,2020-21,7,2020-10-31 15:00:00,4,5,0,3,,,,,,,
61,,,2020-21,7,2020-11-02 17:30:00,8,18,2,0,,,,,,,
62,,,2020-21,7,2020-11-02 20:00:00,10,9,1,4,,,,,,,
63,,,2020-21,7,2020-10-31 17:30:00,11,19,2,1,,,,,,,
64,,,2020-21,7,2020-11-01 16:30:00,13,1,0,1,,,,,,,
65,,,2020-21,7,2020-11-01 14:00:00,14,7,2,1,,,,,,,
66,,,2020-21,7,2020-10-31 12:30:00,15,12,0,1,,,,,,,
67,,,2020-21,7,2020-11-01 19:15:00,17,3,2,1,,,,,,,
68,,,2020-21,7,2020-10-30 20:00:00,20,6,2,0,,,,,,,
69,,,2020-21,8,2020-11-08 19:15:00,1,2,0,3,,,,,,,
70,,,2020-21,8,2020-11-06 17:30:00,3,4,0,0,,,,,,,
71,,,2020-21,8,2020-11-07 17:30:00,5,15,4,1,,,,,,,
72,,,2020-21,8,2020-11-07 15:00:00,6,10,4,1,,,,,,,
73,,,2020-21,8,2020-11-07 12:30:00,7,13,1,3,,,,,,,
74,,,2020-21,8,2020-11-08 14:00:00,9,20,1,0,,,,,,,
75,,,2020-21,8,2020-11-08 16:30:00,12,11,1,1,,,,,,,
76,,,2020-21,8,2020-11-06 20:00:00,16,14,2,0,,,,,,,
77,,,2020-21,8,2020-11-08 12:00:00,18,17,0,1,,,,,,,
78,,,2020-21,8,2020-11-07 20:00:00,19,8,1,0,,,,,,,
79,,,2020-21,9,2020-11-21 15:00:00,2,3,1,2,,,,,,,
80,,,2020-21,9,2020-11-23 17:30:00,4,6,1,0,,,,,,,
81,,,2020-21,9,2020-11-22 12:00:00,8,7,2,3,,,,,,,
82,,,2020-21,9,2020-11-22 16:30:00,10,1,0,0,,,,,,,
83,,,2020-21,9,2020-11-22 19:15:00,11,9,3,0,,,,,,,
84,,,2020-21,9,2020-11-21 20:00:00,13,18,1,0,,,,,,,
85,,,2020-21,9,2020-11-21 12:30:00,14,5,0,2,,,,,,,
86,,,2020-21,9,2020-11-22 14:00:00,15,19,0,1,,,,,,,
87,,,2020-21,9,2020-11-21 17:30:00,17,12,2,0,,,,,,,
88,,,2020-21,9,2020-11-23 20:00:00,20,16,1,1,,,,,,,
89,,,2020-21,10,2020-11-29 19:15:00,1,20,1,2,,,,,,,
90,,,2020-21,10,2020-11-28 12:30:00,3,11,1,1,,,,,,,
91,,,2020-21,10,2020-11-29 16:30:00,5,17,0,0,,,,,,,
92,,,2020-21,10,2020-11-27 20:00:00,6,14,0,2,,,,,,,
93,,,2020-21,10,2020-11-28 17:30:00,7,10,0,1,,,,,,,
94,,,2020-21,10,2020-11-30 17:30:00,9,8,1,2,,,,,,,
95,,,2020-21,10,2020-11-28 15:00:00,12,4,5,0,,,,,,,
96,,,2020-21,10,2020-11-29 14:00:00,16,13,2,3,,,,,,,
97,,,2020-21,10,2020-11-28 20:00:00,18,15,1,0,,,,,,,
98,,,2020-21,10,2020-11-30 20:00:00,19,2,2,1,,,,,,,
99,,,2020-21,19,2021-01-23 20:00:00,2,14,2,0,,,,,,,
100,,,2020-21,11,2020-12-07 20:00:00,3,16,1,2,,,,,,,
101,,,2020-21,11,2020-12-05 12:30:00,4,7,1,1,,,,,,,
102,,,2020-21,11,2020-12-05 20:00:00,5,10,3,1,,,,,,,
103,,,2020-21,11,2020-12-06 19:15:00,11,20,4,0,,,,,,,
104,,,2020-21,11,2020-12-05 15:00:00,12,8,2,0,,,,,,,
105,,,2020-21,11,2020-12-06 14:15:00,15,9,1,2,,,,,,,
106,,,2020-21,11,2020-12-06 16:30:00,17,1,2,0,,,,,,,
107,,,2020-21,11,2020-12-06 12:00:00,18,6,1,5,,,,,,,
108,,,2020-21,11,2020-12-05 17:30:00,19,13,1,3,,,,,,,
109,,,2020-21,12,2020-12-13 19:15:00,1,4,0,1,,,,,,,
110,,,2020-21,12,2020-12-13 14:15:00,6,17,1,1,,,,,,,
111,,,2020-21,12,2020-12-12 20:00:00,7,5,1,0,,,,,,,
112,,,2020-21,12,2020-12-13 16:30:00,8,11,1,1,,,,,,,
113,,,2020-21,12,2020-12-11 20:00:00,10,19,1,2,,,,,,,
114,,,2020-21,12,2020-12-13 19:15:00,9,3,3,0,,,,,,,
115,,,2020-21,12,2020-12-12 17:30:00,13,12,0,0,,,,,,,
116,,,2020-21,12,2020-12-12 15:00:00,14,18,2,1,,,,,,,
117,,,2020-21,12,2020-12-13 12:00:00,16,15,3,0,,,,,,,
118,,,2020-21,12,2020-12-12 12:30:00,20,2,0,1,,,,,,,
119,,,2020-21,13,2020-12-16 18:00:00,1,16,1,1,,,,,,,
120,,,2020-21,13,2020-12-17 18:00:00,2,4,0,0,,,,,,,
121,,,2020-21,13,2020-12-16 20:00:00,8,3,0,0,,,,,,,
122,,,2020-21,13,2020-12-16 18:00:00,10,14,5,2,,,,,,,
123,,,2020-21,13,2020-12-16 18:00:00,9,7,0,2,,,,,,,
124,,,2020-21,13,2020-12-17 20:00:00,15,13,2,3,,,,,,,
125,,,2020-21,13,2020-12-16 20:00:00,19,6,1,1,,,,,,,
126,,,2020-21,13,2020-12-15 18:00:00,20,5,2,1,,,,,,,
127,,,2020-21,13,2020-12-16 20:00:00,11,17,2,1,,,,,,,
128,,,2020-21,13,2020-12-15 20:00:00,12,18,1,1,,,,,,,
129,,,2020-21,14,2020-12-20 12:00:00,3,15,1,1,,,,,,,
130,,,2020-21,14,2020-12-21 17:30:00,4,20,2,1,,,,,,,
131,,,2020-21,14,2020-12-21 20:00:00,5,19,3,0,,,,,,,
132,,,2020-21,14,2020-12-19 12:30:00,6,11,0,7,,,,,,,
133,,,2020-21,14,2020-12-19 17:30:00,7,1,2,1,,,,,,,
134,,,2020-21,14,2020-12-20 16:30:00,13,10,6,2,,,,,,,
135,,,2020-21,14,2020-12-19 20:00:00,14,8,1,1,,,,,,,
136,,,2020-21,14,2020-12-19 15:00:00,16,12,0,1,,,,,,,
138,,,2020-21,14,2020-12-20 19:15:00,18,2,0,3,,,,,,,
139,,,2020-21,15,2020-12-26 17:30:00,1,5,3,1,,,,,,,
140,,,2020-21,15,2020-12-26 15:00:00,2,6,3,0,,,,,,,
141,,,2020-21,15,2020-12-26 15:00:00,8,16,0,0,,,,,,,
142,,,2020-21,15,2020-12-27 12:00:00,10,4,1,0,,,,,,,
143,,,2020-21,15,2020-12-26 12:30:00,9,13,2,2,,,,,,,
144,,,2020-21,15,2020-12-27 16:30:00,11,18,1,1,,,,,,,
145,,,2020-21,15,2020-12-26 20:00:00,12,14,2,0,,,,,,,
146,,,2020-21,15,2020-12-26 20:00:00,15,7,0,1,,,,,,,
147,,,2020-21,15,2020-12-27 14:15:00,19,3,2,2,,,,,,,
148,,,2020-21,15,2020-12-27 19:15:00,20,17,1,1,,,,,,,
149,,,2020-21,16,2020-12-29 18:00:00,3,1,0,1,,,,,,,
150,,,2020-21,16,2020-12-29 18:00:00,4,15,1,0,,,,,,,
151,,,2020-21,16,2020-12-28 17:30:00,5,2,1,1,,,,,,,
152,,,2020-21,16,2020-12-28 15:00:00,6,9,1,1,,,,,,,
153,,,2020-21,24,2021-02-17 20:15:00,7,12,1,3,,,,,,,
154,,,2020-21,16,2020-12-29 20:00:00,13,20,1,0,,,,,,,
155,,,2020-21,16,2020-12-30 20:00:00,14,11,0,0,,,,,,,
156,,,2020-21,16,2020-12-29 18:00:00,16,19,0,0,,,,,,,
157,,,2020-21,18,2021-01-13 20:15:00,17,8,1,1,,,,,,,
158,,,2020-21,16,2020-12-29 18:00:00,18,10,0,5,,,,,,,
159,,,2020-21,17,2021-01-02 17:30:00,3,20,3,3,,,,,,,
160,,,2020-21,24,2021-02-17 18:00:00,4,8,1,1,,,,,,,
161,,,2020-21,17,2021-01-03 16:30:00,5,12,1,3,,,,,,,
162,,,2020-21,17,2021-01-02 15:00:00,6,15,2,0,,,,,,,
163,,,2020-21,17,2021-01-01 17:30:00,7,19,0,1,,,,,,,
164,,,2020-21,17,2021-01-01 20:00:00,13,2,2,1,,,,,,,
165,,,2020-21,17,2021-01-03 14:15:00,14,9,1,2,,,,,,,
166,,,2020-21,17,2021-01-04 20:00:00,16,11,1,0,,,,,,,
167,,,2020-21,17,2021-01-02 12:30:00,17,10,3,0,,,,,,,
168,,,2020-21,17,2021-01-02 20:00:00,18,1,0,4,,,,,,,
169,,,2020-21,18,2021-01-14 20:00:00,1,6,0,0,,,,,,,
170,,,2020-21,29,2021-03-21 19:30:00,2,17,0,2,,,,,,,
171,,,2020-21,19,2021-01-20 20:15:00,8,13,1,2,,,,,,,
172,,,2020-21,25,2021-02-23 18:00:00,10,16,3,0,,,,,,,
173,,,2020-21,19,2021-01-19 20:15:00,9,5,2,0,,,,,,,
174,,,2020-21,18,2021-01-12 18:00:00,15,14,1,0,,,,,,,
175,,,2020-21,19,2021-01-19 18:00:00,19,18,2,1,,,,,,,
176,,,2020-21,18,2021-01-12 20:15:00,20,7,1,2,,,,,,,
177,,,2020-21,19,2021-01-21 20:00:00,11,4,0,1,,,,,,,
178,,,2020-21,18,2021-01-13 18:00:00,12,3,1,0,,,,,,,
179,,,2020-21,19,2021-01-18 20:00:00,1,14,3,0,,,,,,,
180,,,2020-21,35,2021-05-13 17:00:00,2,7,0,0,,,,,,,
181,,,2020-21,19,2021-01-16 17:30:00,8,5,0,1,,,,,,,
182,,,2020-21,19,2021-01-16 15:00:00,10,3,0,1,,,,,,,
183,,,2020-21,19,2021-01-16 20:00:00,9,16,2,0,,,,,,,
184,,,2020-21,19,2021-01-17 16:30:00,11,13,0,0,,,,,,,
185,,,2020-21,19,2021-01-17 19:15:00,12,6,4,0,,,,,,,
186,,,2020-21,19,2021-01-17 14:00:00,15,17,1,3,,,,,,,
187,,,2020-21,19,2021-01-16 15:00:00,19,4,1,0,,,,,,,
188,,,2020-21,19,2021-01-16 12:30:00,20,18,2,3,,,,,,,
189,,,2020-21,20,2021-01-27 19:30:00,3,8,0,0,,,,,,,
190,,,2020-21,20,2021-01-27 18:00:00,4,2,3,2,,,,,,,
191,,,2020-21,20,2021-01-27 20:15:00,7,9,1,1,,,,,,,
192,,,2020-21,20,2021-01-27 20:15:00,13,15,1,2,,,,,,,
193,,,2020-21,20,2021-01-26 20:15:00,18,12,0,5,,,,,,,
194,,,2020-21,20,2021-01-27 18:00:00,5,20,0,0,,,,,,,
195,,,2020-21,20,2021-01-26 18:00:00,6,19,2,3,,,,,,,
196,,,2020-21,20,2021-01-26 18:00:00,14,10,1,2,,,,,,,
197,,,2020-21,20,2021-01-26 20:15:00,16,1,1,3,,,,,,,
198,,,2020-21,20,2021-01-28 20:00:00,17,11,1,3,,,,,,,
199,,,2020-21,21,2021-01-30 17:30:00,1,13,0,0,,,,,,,
200,,,2020-21,21,2021-01-31 19:15:00,3,17,1,0,,,,,,,
201,,,2020-21,21,2021-01-31 12:00:00,5,4,2,0,,,,,,,
202,,,2020-21,21,2021-01-30 15:00:00,6,20,1,0,,,,,,,
203,,,2020-21,21,2021-01-30 12:30:00,7,14,0,2,,,,,,,
204,,,2020-21,21,2021-01-31 14:00:00,9,10,1,3,,,,,,,
205,,,2020-21,21,2021-01-30 15:00:00,12,15,1,0,,,,,,,
206,,,2020-21,21,2021-01-30 20:00:00,16,2,0,1,,,,,,,
207,,,2020-21,21,2021-01-30 15:00:00,18,8,2,2,,,,,,,
208,,,2020-21,21,2021-01-31 16:30:00,19,11,1,3,,,,,,,
209,,,2020-21,22,2021-02-03 20:15:00,2,19,1,3,,,,,,,
210,,,2020-21,22,2021-02-03 18:00:00,4,12,0,2,,,,,,,
211,,,2020-21,22,2021-02-03 18:00:00,8,9,0,2,,,,,,,
212,,,2020-21,22,2021-02-03 19:30:00,10,7,1,2,,,,,,,
213,,,2020-21,22,2021-02-02 20:15:00,13,16,9,0,,,,,,,
214,,,2020-21,22,2021-02-02 18:00:00,15,18,2,1,,,,,,,
215,,,2020-21,22,2021-02-02 18:00:00,20,1,2,1,,,,,,,
216,,,2020-21,22,2021-02-03 20:15:00,11,3,0,1,,,,,,,
217,,,2020-21,22,2021-02-02 20:15:00,14,6,1,2,,,,,,,
218,,,2020-21,22,2021-02-04 20:00:00,17,5,0,1,,,,,,,
219,,,2020-21,23,2021-02-06 12:30:00,2,1,1,0,,,,,,,
220,,,2020-21,23,2021-02-06 15:00:00,4,3,1,1,,,,,,,
221,,,2020-21,23,2021-02-06 17:30:00,8,19,0,0,,,,,,,
222,,,2020-21,23,2021-02-08 20:00:00,10,6,2,0,,,,,,,
223,,,2020-21,23,2021-02-07 16:30:00,11,12,1,4,,,,,,,
224,,,2020-21,23,2021-02-06 20:00:00,13,7,3,3,,,,,,,
225,,,2020-21,23,2021-02-06 15:00:00,14,16,3,2,,,,,,,
226,,,2020-21,23,2021-02-07 19:15:00,15,5,1,2,,,,,,,
227,,,2020-21,23,2021-02-07 12:00:00,17,18,2,0,,,,,,,
228,,,2020-21,23,2021-02-07 14:00:00,20,9,0,0,,,,,,,
229,,,2020-21,24,2021-02-14 16:30:00,1,10,4,2,,,,,,,
230,,,2020-21,24,2021-02-13 20:00:00,3,2,0,0,,,,,,,
231,,,2020-21,24,2021-02-15 20:00:00,5,14,2,0,,,,,,,
232,,,2020-21,24,2021-02-13 15:00:00,6,4,0,3,,,,,,,
233,,,2020-21,24,2021-02-14 19:00:00,7,8,0,2,,,,,,,
234,,,2020-21,24,2021-02-13 12:30:00,9,11,3,1,,,,,,,
235,,,2020-21,24,2021-02-13 17:30:00,12,17,3,0,,,,,,,
236,,,2020-21,24,2021-02-14 12:00:00,16,20,1,2,,,,,,,
237,,,2020-21,24,2021-02-14 14:00:00,18,13,1,1,,,,,,,
238,,,2020-21,24,2021-02-15 18:00:00,19,15,3,0,,,,,,,
239,,,2020-21,25,2021-02-21 16:30:00,1,12,0,1,,,,,,,
240,,,2020-21,25,2021-02-21 14:05:00,2,9,1,2,,,,,,,
241,,,2020-21,25,2021-02-22 20:00:00,3,6,1,2,,,,,,,
242,,,2020-21,25,2021-02-20 15:00:00,4,18,0,0,,,,,,,
243,,,2020-21,25,2021-02-20 20:00:00,8,15,1,0,,,,,,,
244,,,2020-21,25,2021-02-20 17:30:00,11,7,0,2,,,,,,,
245,,,2020-21,25,2021-02-21 19:00:00,13,14,3,1,,,,,,,
246,,,2020-21,25,2021-02-20 12:30:00,16,5,1,1,,,,,,,
247,,,2020-21,25,2021-02-21 12:00:00,19,17,2,1,,,,,,,
248,,,2020-21,25,2021-02-19 20:00:00,20,10,1,0,,,,,,,
249,,,2020-21,26,2021-02-28 16:30:00,5,13,0,0,,,,,,,
250,,,2020-21,26,2021-02-28 12:00:00,6,8,0,0,,,,,,,
251,,,2020-21,26,2021-03-01 20:00:00,7,16,1,0,,,,,,,
252,,,2020-21,26,2021-02-27 17:30:00,10,2,0,1,,,,,,,
253,,,2020-21,26,2021-02-28 12:00:00,9,1,1,3,,,,,,,
254,,,2020-21,26,2021-02-27 12:30:00,12,19,2,1,,,,,,,
255,,,2020-21,26,2021-02-27 20:00:00,14,20,1,1,,,,,,,
256,,,2020-21,26,2021-02-28 19:15:00,15,11,0,2,,,,,,,
257,,,2020-21,26,2021-02-28 14:00:00,17,4,4,0,,,,,,,
258,,,2020-21,26,2021-02-27 15:00:00,18,3,1,0,,,,,,,
259,,,2020-21,27,2021-03-06 17:30:00,2,20,0,0,,,,,,,
260,,,2020-21,27,2021-03-06 20:00:00,3,9,1,2,,,,,,,
261,,,2020-21,27,2021-03-06 12:30:00,4,1,1,1,,,,,,,
262,,,2020-21,27,2021-03-08 18:00:00,5,7,2,0,,,,,,,
263,,,2020-21,27,2021-03-07 14:00:00,11,8,0,1,,,,,,,
264,,,2020-21,27,2021-03-07 16:30:00,12,13,0,2,,,,,,,
265,,,2020-21,27,2021-03-06 15:00:00,15,16,0,2,,,,,,,
266,,,2020-21,27,2021-03-07 19:15:00,17,6,4,1,,,,,,,
267,,,2020-21,27,2021-03-07 12:00:00,18,14,0,0,,,,,,,
268,,,2020-21,27,2021-03-08 20:00:00,19,10,2,0,,,,,,,
269,,,2020-21,28,2021-03-14 16:30:00,1,17,2,1,,,,,,,
270,,,2020-21,28,2021-03-13 15:00:00,6,18,1,0,,,,,,,
271,,,2020-21,28,2021-03-13 17:30:00,7,4,1,2,,,,,,,
272,,,2020-21,28,2021-03-13 20:00:00,8,12,0,3,,,,,,,
273,,,2020-21,28,2021-03-13 12:30:00,10,5,0,0,,,,,,,
274,,,2020-21,28,2021-03-14 14:00:00,9,15,5,0,,,,,,,
275,,,2020-21,28,2021-03-14 19:15:00,13,19,1,0,,,,,,,
276,,,2020-21,28,2021-03-12 20:00:00,14,2,1,1,,,,,,,
277,,,2020-21,28,2021-03-14 12:00:00,16,3,1,2,,,,,,,
278,,,2020-21,28,2021-03-15 20:00:00,20,11,0,1,,,,,,,
279,,,2020-21,29,2021-03-20 20:00:00,3,14,3,0,,,,,,,
280,,,2020-21,26,2021-03-03 18:00:00,4,9,1,1,,,,,,,
281,,,2020-21,26,2021-03-03 20:15:00,6,13,0,0,,,,,,,
282,,,2020-21,29,2021-03-19 20:00:00,8,10,1,2,,,,,,,
283,,,2020-21,26,2021-03-04 20:15:00,11,5,0,1,,,,,,,
284,,,2020-21,26,2021-03-02 20:00:00,12,20,4,1,,,,,,,
285,,,2020-21,26,2021-03-03 18:00:00,15,2,1,0,,,,,,,
286,,,2020-21,32,2021-04-21 17:00:00,17,16,2,1,,,,,,,
287,,,2020-21,26,2021-03-04 18:00:00,18,7,0,1,,,,,,,
288,,,2020-21,29,2021-03-21 15:00:00,19,1,3,3,,,,,,,
289,,,2020-21,30,2021-04-03 19:00:00,1,11,0,3,,,,,,,
290,,,2020-21,30,2021-04-04 15:30:00,2,8,3,1,,,,,,,
291,,,2020-21,30,2021-04-03 11:30:00,5,18,2,5,,,,,,,
292,,,2020-21,30,2021-04-05 17:00:00,7,6,1,1,,,,,,,
293,,,2020-21,30,2021-04-03 14:00:00,10,15,2,1,,,,,,,
294,,,2020-21,30,2021-04-03 16:30:00,9,12,0,2,,,,,,,
295,,,2020-21,30,2021-04-04 18:30:00,13,3,2,1,,,,,,,
296,,,2020-21,30,2021-04-04 13:05:00,14,17,2,2,,,,,,,
297,,,2020-21,30,2021-04-04 11:00:00,16,4,3,2,,,,,,,
298,,,2020-21,30,2021-04-05 19:15:00,20,19,2,3,,,,,,,
299,,,2020-21,31,2021-04-12 19:15:00,3,7,0,0,,,,,,,
300,,,2020-21,31,2021-04-11 11:00:00,4,14,1,2,,,,,,,
301,,,2020-21,31,2021-04-10 16:30:00,6,5,1,4,,,,,,,
302,,,2020-21,31,2021-04-09 19:00:00,8,20,0,1,,,,,,,
303,,,2020-21,31,2021-04-10 14:00:00,11,2,2,1,,,,,,,
304,,,2020-21,31,2021-04-10 11:30:00,12,10,1,2,,,,,,,
305,,,2020-21,31,2021-04-11 18:00:00,15,1,0,3,,,,,,,
306,,,2020-21,31,2021-04-11 15:30:00,17,13,1,3,,,,,,,
307,,,2020-21,31,2021-04-12 17:00:00,18,16,3,0,,,,,,,
308,,,2020-21,31,2021-04-11 13:05:00,19,9,3,2,,,,,,,
309,,,2020-21,32,2021-04-18 12:30:00,1,8,1,1,,,,,,,
310,,,2020-21,32,2021-04-21 19:15:00,2,12,1,2,,,,,,,
311,,,2020-21,32,2021-04-20 19:15:00,5,3,0,0,,,,,,,
312,,,2020-21,32,2021-04-16 19:00:00,7,17,2,2,,,,,,,
313,,,2020-21,32,2021-04-19 19:00:00,10,11,1,1,,,,,,,
314,,,2020-21,32,2021-04-22 19:00:00,9,18,3,0,,,,,,,
315,,,2020-21,32,2021-04-18 15:00:00,13,4,3,1,,,,,,,
316,,,2020-21,32,2021-04-17 11:30:00,14,19,3,2,,,,,,,
317,,,2020-21,35,2021-05-11 19:15:00,16,6,3,1,,,,,,,
318,,,2020-21,32,2021-04-17 19:15:00,20,15,1,0,,,,,,,
319,,,2020-21,33,2021-04-23 19:00:00,1,7,0,1,,,,,,,
320,,,2020-21,33,2021-04-25 18:00:00,2,18,2,2,,,,,,,
321,,,2020-21,26,2021-03-04 18:00:00,8,17,0,1,,,,,,,
322,,,2020-21,33,2021-04-25 13:00:00,10,13,0,0,,,,,,,
323,,,2020-21,33,2021-04-26 19:00:00,9,6,2,1,,,,,,,
324,,,2020-21,33,2021-04-24 11:30:00,11,14,1,1,,,,,,,
325,,,2020-21,27,2021-03-10 18:00:00,12,16,5,2,,,,,,,
326,,,2020-21,33,2021-04-24 19:00:00,15,3,1,0,,,,,,,
327,,,2020-21,33,2021-04-24 16:30:00,19,5,0,1,,,,,,,
328,,,2020-21,33,2021-04-25 11:00:00,20,4,0,4,,,,,,,
329,,,2020-21,34,2021-05-01 14:00:00,3,10,2,0,,,,,,,
330,,,2020-21,34,2021-05-03 19:15:00,4,19,1,2,,,,,,,
331,,,2020-21,34,2021-05-01 16:30:00,5,8,2,0,,,,,,,
332,,,2020-21,34,2021-05-01 11:30:00,6,12,0,2,,,,,,,
333,,,2020-21,34,2021-05-01 19:00:00,7,2,1,2,,,,,,,
334,,,2020-21,35,2021-05-13 19:15:00,13,11,2,4,,,,,,,
335,,,2020-21,34,2021-05-02 13:00:00,14,1,0,2,,,,,,,
336,,,2020-21,34,2021-04-30 19:00:00,16,9,1,1,,,,,,,
337,,,2020-21,34,2021-05-02 18:15:00,17,15,4,0,,,,,,,
338,,,2020-21,34,2021-05-03 17:00:00,18,20,1,1,,,,,,,
339,,,2020-21,35,2021-05-09 18:00:00,1,18,3,1,,,,,,,
340,,,2020-21,35,2021-05-09 13:05:00,2,13,1,3,,,,,,,
341,,,2020-21,35,2021-05-10 19:00:00,8,4,0,2,,,,,,,
342,,,2020-21,35,2021-05-08 11:30:00,10,17,3,1,,,,,,,
343,,,2020-21,35,2021-05-07 19:00:00,9,14,2,4,,,,,,,
344,,,2020-21,35,2021-05-08 19:15:00,11,16,2,0,,,,,,,
345,,,2020-21,35,2021-05-08 16:30:00,12,5,1,2,,,,,,,
346,,,2020-21,35,2021-05-08 14:00:00,15,6,0,2,,,,,,,
347,,,2020-21,35,2021-05-09 15:30:00,19,7,0,1,,,,,,,
348,,,2020-21,35,2021-05-09 11:00:00,20,3,2,1,,,,,,,
349,,,2020-21,36,2021-05-15 19:00:00,3,19,1,1,,,,,,,
350,,,2020-21,36,2021-05-15 11:30:00,4,10,0,4,,,,,,,
351,,,2020-21,36,2021-05-16 18:00:00,7,15,0,1,,,,,,,
352,,,2020-21,35,2021-05-11 17:00:00,13,9,1,2,,,,,,,
353,,,2020-21,36,2021-05-16 15:30:00,18,11,1,2,,,,,,,
354,,,2020-21,35,2021-05-12 19:15:00,5,1,0,1,,,,,,,
355,,,2020-21,36,2021-05-16 11:00:00,6,2,3,2,,,,,,,
356,,,2020-21,36,2021-05-14 19:00:00,14,12,3,4,,,,,,,
357,,,2020-21,36,2021-05-15 14:00:00,16,8,3,1,,,,,,,
358,,,2020-21,36,2021-05-16 13:05:00,17,20,2,0,,,,,,,
359,,,2020-21,37,2021-05-18 18:00:00,3,12,3,2,,,,,,,
360,,,2020-21,37,2021-05-19 19:15:00,4,11,0,3,,,,,,,
361,,,2020-21,37,2021-05-18 19:15:00,5,9,2,1,,,,,,,
362,,,2020-21,37,2021-05-19 18:00:00,6,1,1,3,,,,,,,
363,,,2020-21,37,2021-05-19 17:00:00,7,20,1,0,,,,,,,
364,,,2020-21,37,2021-05-18 17:00:00,13,8,1,1,,,,,,,
365,,,2020-21,37,2021-05-19 17:00:00,14,15,1,0,,,,,,,
366,,,2020-21,37,2021-05-18 17:00:00,16,10,0,2,,,,,,,
367,,,2020-21,37,2021-05-19 17:00:00,17,2,1,2,,,,,,,
368,,,2020-21,37,2021-05-19 19:15:00,18,19,1,3,,,,,,,
369,,,2020-21,38,2021-05-23 15:00:00,1,3,2,0,,,,,,,
370,,,2020-21,38,2021-05-23 15:00:00,2,5,2,1,,,,,,,
371,,,2020-21,38,2021-05-23 15:00:00,8,14,0,2,,,,,,,
372,,,2020-21,38,2021-05-23 15:00:00,10,18,3,1,,,,,,,
373,,,2020-21,38,2021-05-23 15:00:00,9,17,2,4,,,,,,,
374,,,2020-21,38,2021-05-23 15:00:00,11,6,2,0,,,,,,,
375,,,2020-21,38,2021-05-23 15:00:00,12,7,5,0,,,,,,,
376,,,2020-21,38,2021-05-23 15:00:00,15,4,1,0,,,,,,,
377,,,2020-21,38,2021-05-23 15:00:00,19,16,3,0,,,,,,,
378,,,2020-21,38,2021-05-23 15:00:00,20,13,1,2,,,,,,,
379,,,2020-21,18,2021-01-12 20:15:00,4,13,0,1,,,,,,,
380,,,2020-21,19,2021-01-20 18:00:00,12,2,2,0,,,,,,,
1,,,2021-22,1,2021-08-13 19:00:00,3,1,2,0,,,,,,,
2,,,2021-22,1,2021-08-14 14:00:00,5,4,1,2,,,,,,,
3,,,2021-22,1,2021-08-14 14:00:00,6,7,3,0,,,,,,,
4,,,2021-22,1,2021-08-14 14:00:00,8,16,3,1,,,,,,,
5,,,2021-22,1,2021-08-14 14:00:00,9,20,1,0,,,,,,,
6,,,2021-22,1,2021-08-14 11:30:00,13,10,5,1,,,,,,,
7,,,2021-22,1,2021-08-14 16:30:00,15,11,0,3,,,,,,,
8,,,2021-22,1,2021-08-14 14:00:00,18,2,3,2,,,,,,,
9,,,2021-22,1,2021-08-15 13:00:00,14,19,2,4,,,,,,,
10,,,2021-22,1,2021-08-15 15:30:00,17,12,1,0,,,,,,,
11,,,2021-22,2,2021-08-21 14:00:00,2,14,2,0,,,,,,,
12,,,2021-22,2,2021-08-21 16:30:00,4,18,2,0,,,,,,,
13,,,2021-22,2,2021-08-21 14:00:00,7,3,0,0,,,,,,,
14,,,2021-22,2,2021-08-21 14:00:00,10,8,2,2,,,,,,,
15,,,2021-22,2,2021-08-21 11:30:00,11,5,2,0,,,,,,,
16,,,2021-22,2,2021-08-21 14:00:00,12,15,5,0,,,,,,,
17,,,2021-22,2,2021-08-22 13:00:00,20,17,0,1,,,,,,,
18,,,2021-22,2,2021-08-22 15:30:00,1,6,0,2,,,,,,,
19,,,2021-22,2,2021-08-22 13:00:00,16,13,1,1,,,,,,,
20,,,2021-22,2,2021-08-23 19:00:00,19,9,4,1,,,,,,,
21,,,2021-22,3,2021-08-28 14:00:00,2,3,1,1,,,,,,,
22,,,2021-22,3,2021-08-28 14:00:00,4,8,0,2,,,,,,,
23,,,2021-22,3,2021-08-28 16:30:00,11,6,1,1,,,,,,,
24,,,2021-22,3,2021-08-28 11:30:00,12,1,5,0,,,,,,,
25,,,2021-22,3,2021-08-28 14:00:00,14,16,2,2,,,,,,,
26,,,2021-22,3,2021-08-28 14:00:00,15,9,1,2,,,,,,,
27,,,2021-22,3,2021-08-29 13:00:00,17,18,1,0,,,,,,,
28,,,2021-22,3,2021-08-28 14:00:00,19,7,2,2,,,,,,,
29,,,2021-22,3,2021-08-29 13:00:00,5,10,1,1,,,,,,,
30,,,2021-22,3,2021-08-29 15:30:00,20,13,0,1,,,,,,,
31,,,2021-22,4,2021-09-11 14:00:00,1,15,1,0,,,,,,,
32,,,2021-22,4,2021-09-11 14:00:00,3,4,0,1,,,,,,,
33,,,2021-22,4,2021-09-11 16:30:00,6,2,3,0,,,,,,,
34,,,2021-22,4,2021-09-11 11:30:00,7,17,3,0,,,,,,,
35,,,2021-22,4,2021-09-13 19:00:00,8,5,3,1,,,,,,,
36,,,2021-22,4,2021-09-12 15:30:00,10,11,0,3,,,,,,,
37,,,2021-22,4,2021-09-11 14:00:00,9,12,0,1,,,,,,,
38,,,2021-22,4,2021-09-11 14:00:00,13,14,4,1,,,,,,,
39,,,2021-22,4,2021-09-11 14:00:00,16,19,0,0,,,,,,,
40,,,2021-22,4,2021-09-11 14:00:00,18,20,0,2,,,,,,,
41,,,2021-22,5,2021-09-18 16:30:00,2,8,3,0,,,,,,,
42,,,2021-22,5,2021-09-19 13:00:00,4,9,2,1,,,,,,,
43,,,2021-22,5,2021-09-18 14:00:00,5,1,0,1,,,,,,,
44,,,2021-22,5,2021-09-18 14:00:00,11,7,3,0,,,,,,,
45,,,2021-22,5,2021-09-18 14:00:00,12,16,0,0,,,,,,,
46,,,2021-22,5,2021-09-17 19:00:00,14,10,1,1,,,,,,,
47,,,2021-22,5,2021-09-18 14:00:00,15,18,1,3,,,,,,,
48,,,2021-22,5,2021-09-19 15:30:00,17,6,0,3,,,,,,,
49,,,2021-22,5,2021-09-19 13:00:00,19,13,1,2,,,,,,,
50,,,2021-22,5,2021-09-18 11:30:00,20,3,0,2,,,,,,,
51,,,2021-22,6,2021-09-26 15:30:00,1,17,3,1,,,,,,,
52,,,2021-22,6,2021-09-25 16:30:00,3,11,3,3,,,,,,,
53,,,2021-22,6,2021-09-25 11:30:00,6,12,0,1,,,,,,,
54,,,2021-22,6,2021-09-27 19:00:00,7,4,1,1,,,,,,,
55,,,2021-22,6,2021-09-25 14:00:00,8,15,2,0,,,,,,,
56,,,2021-22,6,2021-09-25 14:00:00,10,19,1,2,,,,,,,
57,,,2021-22,6,2021-09-25 14:00:00,9,5,2,2,,,,,,,
58,,,2021-22,6,2021-09-25 11:30:00,13,2,0,1,,,,,,,
59,,,2021-22,6,2021-09-26 13:00:00,16,20,0,1,,,,,,,
60,,,2021-22,6,2021-09-25 14:00:00,18,14,1,1,,,,,,,
61,,,2021-22,7,2021-10-02 16:30:00,4,1,0,0,,,,,,,
62,,,2021-22,7,2021-10-02 14:00:00,5,15,0,0,,,,,,,
63,,,2021-22,7,2021-10-02 14:00:00,6,16,3,1,,,,,,,
64,,,2021-22,7,2021-10-03 13:00:00,7,9,2,2,,,,,,,
65,,,2021-22,7,2021-10-02 14:00:00,10,18,1,0,,,,,,,
66,,,2021-22,7,2021-10-03 15:30:00,11,12,2,2,,,,,,,
67,,,2021-22,7,2021-10-02 11:30:00,13,8,1,1,,,,,,,
68,,,2021-22,7,2021-10-03 13:00:00,17,2,2,1,,,,,,,
69,,,2021-22,7,2021-10-03 13:00:00,19,3,1,2,,,,,,,
70,,,2021-22,7,2021-10-02 14:00:00,20,14,2,1,,,,,,,
71,,,2021-22,8,2021-10-18 19:00:00,1,7,2,2,,,,,,,
72,,,2021-22,8,2021-10-16 14:00:00,2,20,2,3,,,,,,,
73,,,2021-22,8,2021-10-16 16:30:00,3,6,0,1,,,,,,,
74,,,2021-22,8,2021-10-17 13:00:00,8,19,0,1,,,,,,,
75,,,2021-22,8,2021-10-16 14:00:00,9,13,4,2,,,,,,,
76,,,2021-22,8,2021-10-16 14:00:00,12,5,2,0,,,,,,,
77,,,2021-22,8,2021-10-17 15:30:00,14,17,2,3,,,,,,,
78,,,2021-22,8,2021-10-16 14:00:00,15,4,0,0,,,,,,,
79,,,2021-22,8,2021-10-16 14:00:00,16,10,1,0,,,,,,,
80,,,2021-22,8,2021-10-16 11:30:00,18,11,0,5,,,,,,,
81,,,2021-22,9,2021-10-22 19:00:00,1,2,3,1,,,,,,,
82,,,2021-22,9,2021-10-24 13:00:00,3,9,1,2,,,,,,,
83,,,2021-22,9,2021-10-23 16:30:00,4,12,1,4,,,,,,,
84,,,2021-22,9,2021-10-23 11:30:00,6,15,7,0,,,,,,,
85,,,2021-22,9,2021-10-23 14:00:00,7,14,1,1,,,,,,,
86,,,2021-22,9,2021-10-23 14:00:00,8,18,2,5,,,,,,,
87,,,2021-22,9,2021-10-23 14:00:00,10,20,1,1,,,,,,,
88,,,2021-22,9,2021-10-24 15:30:00,13,11,0,5,,,,,,,
89,,,2021-22,9,2021-10-23 14:00:00,16,5,2,2,,,,,,,
90,,,2021-22,9,2021-10-24 13:00:00,19,17,1,0,,,,,,,
91,,,2021-22,10,2021-10-31 16:30:00,2,19,1,4,,,,,,,
92,,,2021-22,10,2021-10-30 14:00:00,5,3,3,1,,,,,,,
93,,,2021-22,10,2021-10-30 11:30:00,9,1,0,2,,,,,,,
94,,,2021-22,10,2021-10-30 14:00:00,11,4,2,2,,,,,,,
95,,,2021-22,10,2021-10-30 14:00:00,12,7,0,2,,,,,,,
96,,,2021-22,10,2021-10-30 14:00:00,14,6,0,3,,,,,,,
97,,,2021-22,10,2021-10-31 14:00:00,15,10,1,2,,,,,,,
98,,,2021-22,10,2021-10-30 16:30:00,17,13,0,3,,,,,,,
99,,,2021-22,10,2021-10-30 14:00:00,18,16,0,1,,,,,,,
100,,,2021-22,10,2021-11-01 20:00:00,20,8,2,1,,,,,,,
101,,,2021-22,11,2021-11-07 14:00:00,1,18,1,0,,,,,,,
102,,,2021-22,11,2021-11-06 15:00:00,3,15,1,2,,,,,,,
103,,,2021-22,11,2021-11-06 17:30:00,4,14,1,1,,,,,,,
104,,,2021-22,11,2021-11-06 15:00:00,6,5,1,1,,,,,,,
105,,,2021-22,11,2021-11-06 15:00:00,7,20,2,0,,,,,,,
106,,,2021-22,11,2021-11-07 14:00:00,8,17,0,0,,,,,,,
107,,,2021-22,11,2021-11-07 14:00:00,10,9,1,1,,,,,,,
108,,,2021-22,11,2021-11-06 12:30:00,13,12,0,2,,,,,,,
109,,,2021-22,11,2021-11-05 20:00:00,16,2,1,0,,,,,,,
110,,,2021-22,11,2021-11-07 16:30:00,19,11,3,2,,,,,,,
111,,,2021-22,12,2021-11-20 15:00:00,2,4,2,0,,,,,,,
112,,,2021-22,12,2021-11-20 15:00:00,5,7,3,3,,,,,,,
113,,,2021-22,12,2021-11-20 12:30:00,9,6,0,3,,,,,,,
114,,,2021-22,12,2021-11-20 17:30:00,11,1,4,0,,,,,,,
115,,,2021-22,12,2021-11-21 14:00:00,12,8,3,0,,,,,,,
116,,,2021-22,12,2021-11-20 15:00:00,14,3,3,3,,,,,,,
117,,,2021-22,12,2021-11-20 15:00:00,15,16,2,1,,,,,,,
118,,,2021-22,12,2021-11-21 16:30:00,17,10,2,1,,,,,,,
119,,,2021-22,12,2021-11-20 15:00:00,18,13,4,1,,,,,,,
120,,,2021-22,12,2021-11-20 15:00:00,20,19,1,0,,,,,,,
121,,,2021-22,13,2021-11-27 12:30:00,1,14,2,0,,,,,,,
122,,,2021-22,13,2021-11-28 14:00:00,3,8,1,0,,,,,,,
123,,,2021-22,13,2021-11-27 17:30:00,4,10,0,0,,,,,,,
124,,,2021-22,26,2022-02-23 19:30:00,5,17,1,0,,,,,,,
125,,,2021-22,13,2021-11-28 16:30:00,6,13,1,1,,,,,,,
126,,,2021-22,13,2021-11-27 15:00:00,7,2,1,2,,,,,,,
127,,,2021-22,13,2021-11-28 14:00:00,9,18,4,2,,,,,,,
128,,,2021-22,13,2021-11-27 15:00:00,11,16,4,0,,,,,,,
129,,,2021-22,13,2021-11-28 14:00:00,12,19,2,1,,,,,,,
130,,,2021-22,13,2021-11-27 15:00:00,15,20,0,0,,,,,,,
131,,,2021-22,14,2021-12-01 20:15:00,2,12,1,2,,,,,,,
132,,,2021-22,14,2021-12-01 20:15:00,8,11,1,4,,,,,,,
133,,,2021-22,14,2021-11-30 20:15:00,10,7,1,0,,,,,,,
134,,,2021-22,14,2021-12-02 20:15:00,13,1,3,2,,,,,,,
135,,,2021-22,14,2021-12-01 19:30:00,18,6,1,2,,,,,,,
136,,,2021-22,14,2021-12-01 19:30:00,19,4,1,1,,,,,,,
137,,,2021-22,14,2021-12-01 19:30:00,20,5,0,0,,,,,,,
138,,,2021-22,14,2021-11-30 19:30:00,14,15,1,1,,,,,,,
139,,,2021-22,14,2021-12-01 19:30:00,16,9,2,2,,,,,,,
140,,,2021-22,14,2021-12-02 19:30:00,17,3,2,0,,,,,,,
141,,,2021-22,15,2021-12-05 16:30:00,2,9,2,1,,,,,,,
142,,,2021-22,15,2021-12-06 20:00:00,8,1,2,1,,,,,,,
143,,,2021-22,15,2021-12-05 14:00:00,10,3,2,2,,,,,,,
144,,,2021-22,15,2021-12-05 14:00:00,13,7,1,0,,,,,,,
145,,,2021-22,15,2021-12-04 15:00:00,14,5,1,0,,,,,,,
146,,,2021-22,15,2021-12-04 15:00:00,16,4,1,1,,,,,,,
147,,,2021-22,15,2021-12-05 14:00:00,17,15,3,0,,,,,,,
148,,,2021-22,15,2021-12-04 17:30:00,18,12,1,3,,,,,,,
149,,,2021-22,15,2021-12-04 12:30:00,19,6,3,2,,,,,,,
150,,,2021-22,15,2021-12-04 15:00:00,20,11,0,1,,,,,,,
151,,,2021-22,16,2021-12-11 15:00:00,1,16,3,0,,,,,,,
152,,,2021-22,16,2021-12-10 20:00:00,3,18,2,1,,,,,,,
153,,,2021-22,29,2022-03-16 19:30:00,4,17,0,2,,,,,,,
154,,,2021-22,16,2021-12-12 14:00:00,5,19,0,0,,,,,,,
155,,,2021-22,16,2021-12-11 15:00:00,6,10,3,2,,,,,,,
156,,,2021-22,16,2021-12-12 16:30:00,7,8,3,1,,,,,,,
157,,,2021-22,16,2021-12-12 14:00:00,9,14,4,0,,,,,,,
158,,,2021-22,16,2021-12-11 15:00:00,11,2,1,0,,,,,,,
159,,,2021-22,16,2021-12-11 12:30:00,12,20,1,0,,,,,,,
160,,,2021-22,16,2021-12-11 17:30:00,15,13,0,1,,,,,,,
161,,,2021-22,17,2021-12-15 20:00:00,1,19,2,0,,,,,,,
162,,,2021-22,22,2022-01-19 20:00:00,3,13,1,3,,,,,,,
163,,,2021-22,17,2021-12-15 19:30:00,4,20,0,1,,,,,,,
164,,,2021-22,23,2022-02-05 18:00:00,5,18,0,0,,,,,,,
165,,,2021-22,17,2021-12-15 19:30:00,7,16,2,2,,,,,,,
166,,,2021-22,22,2022-01-19 19:30:00,9,17,2,3,,,,,,,
167,,,2021-22,17,2021-12-14 19:45:00,15,2,0,2,,,,,,,
168,,,2021-22,17,2021-12-16 19:45:00,6,8,1,1,,,,,,,
169,,,2021-22,17,2021-12-16 20:00:00,11,14,3,1,,,,,,,
170,,,2021-22,17,2021-12-14 20:00:00,12,10,7,0,,,,,,,
171,,,2021-22,37,2022-05-19 19:00:00,2,5,1,1,,,,,,,
172,,,2021-22,33,2022-04-20 18:45:00,8,9,1,1,,,,,,,
173,,,2021-22,18,2021-12-18 17:30:00,10,1,1,4,,,,,,,
174,,,2021-22,25,2022-02-15 20:15:00,13,4,2,0,,,,,,,
175,,,2021-22,18,2021-12-19 14:00:00,14,12,0,4,,,,,,,
176,,,2021-22,21,2022-01-11 19:45:00,16,3,4,1,,,,,,,
177,,,2021-22,18,2021-12-19 16:30:00,17,11,2,2,,,,,,,
178,,,2021-22,26,2022-02-23 19:30:00,18,7,1,4,,,,,,,
179,,,2021-22,21,2022-01-12 19:45:00,19,15,2,0,,,,,,,
180,,,2021-22,18,2021-12-19 14:00:00,20,6,0,0,,,,,,,
181,,,2021-22,19,2021-12-26 17:30:00,2,6,1,3,,,,,,,
182,,,2021-22,19,2021-12-26 20:00:00,4,3,2,0,,,,,,,
183,,,2021-22,31,2022-04-06 18:30:00,5,8,3,2,,,,,,,
184,,,2021-22,26,2022-02-23 19:45:00,11,10,6,0,,,,,,,
185,,,2021-22,19,2021-12-26 15:00:00,12,9,6,3,,,,,,,
186,,,2021-22,19,2021-12-27 20:00:00,14,13,1,1,,,,,,,
187,,,2021-22,19,2021-12-26 15:00:00,15,1,0,5,,,,,,,
188,,,2021-22,19,2021-12-26 15:00:00,17,7,3,0,,,,,,,
189,,,2021-22,19,2021-12-26 15:00:00,19,16,2,3,,,,,,,
190,,,2021-22,28,2022-03-10 19:30:00,20,18,4,0,,,,,,,
191,,,2021-22,26,2022-02-24 19:45:00,1,20,2,1,,,,,,,
192,,,2021-22,20,2021-12-29 20:15:00,3,12,0,1,,,,,,,
193,,,2021-22,20,2021-12-29 19:30:00,6,4,1,1,,,,,,,
194,,,2021-22,20,2021-12-28 15:00:00,7,15,3,0,,,,,,,
195,,,2021-22,29,2022-03-17 19:45:00,8,14,1,0,,,,,,,
196,,,2021-22,28,2022-03-10 19:45:00,10,2,0,3,,,,,,,
197,,,2021-22,20,2021-12-28 20:00:00,9,11,1,0,,,,,,,
198,,,2021-22,20,2021-12-30 20:15:00,13,5,3,1,,,,,,,
199,,,2021-22,20,2021-12-28 15:00:00,16,17,1,1,,,,,,,
200,,,2021-22,20,2021-12-28 15:00:00,18,19,1,4,,,,,,,
201,,,2021-22,21,2022-01-01 12:30:00,1,12,1,2,,,,,,,
202,,,2021-22,21,2022-01-02 14:00:00,3,2,2,1,,,,,,,
203,,,2021-22,21,2022-01-02 16:30:00,6,11,2,2,,,,,,,
204,,,2021-22,21,2022-01-01 17:30:00,7,19,2,3,,,,,,,
205,,,2021-22,21,2022-01-02 14:00:00,8,4,2,3,,,,,,,
206,,,2021-22,21,2022-01-02 14:00:00,10,5,3,1,,,,,,,
207,,,2021-22,36,2022-05-11 18:45:00,9,15,3,0,,,,,,,
208,,,2021-22,21,2022-01-03 17:30:00,13,20,0,1,,,,,,,
209,,,2021-22,28,2022-03-10 19:30:00,16,14,1,2,,,,,,,
210,,,2021-22,21,2022-01-01 15:00:00,18,17,0,1,,,,,,,
211,,,2021-22,22,2022-01-15 17:30:00,2,13,2,2,,,,,,,
212,,,2021-22,22,2022-01-14 20:00:00,4,7,1,1,,,,,,,
213,,,2021-22,27,2022-03-01 19:45:00,5,9,0,2,,,,,,,
214,,,2021-22,22,2022-01-16 14:00:00,11,3,3,0,,,,,,,
215,,,2021-22,22,2022-01-15 12:30:00,12,6,1,0,,,,,,,
216,,,2021-22,22,2022-01-15 15:00:00,14,18,1,1,,,,,,,
217,,,2021-22,22,2022-01-15 15:00:00,15,8,2,1,,,,,,,
218,,,2021-22,36,2022-05-12 18:45:00,17,1,3,0,,,,,,,
219,,,2021-22,22,2022-01-16 14:00:00,19,10,2,3,,,,,,,
220,,,2021-22,22,2022-01-15 15:00:00,20,16,3,1,,,,,,,
221,,,2021-22,23,2022-01-23 14:00:00,1,5,0,0,,,,,,,
222,,,2021-22,23,2022-01-22 15:00:00,3,20,1,2,,,,,,,
223,,,2021-22,23,2022-01-23 16:30:00,6,17,2,0,,,,,,,
224,,,2021-22,23,2022-01-23 14:00:00,7,11,1,3,,,,,,,
225,,,2021-22,23,2022-01-22 12:30:00,8,2,0,1,,,,,,,
226,,,2021-22,23,2022-01-22 15:00:00,10,14,0,1,,,,,,,
227,,,2021-22,23,2022-01-23 14:00:00,9,4,1,1,,,,,,,
228,,,2021-22,23,2022-01-22 15:00:00,13,19,1,0,,,,,,,
229,,,2021-22,23,2022-01-22 17:30:00,16,12,1,1,,,,,,,
230,,,2021-22,23,2022-01-21 20:00:00,18,15,0,3,,,,,,,
231,,,2021-22,24,2022-02-09 20:00:00,2,10,3,3,,,,,,,
232,,,2021-22,22,2022-01-18 20:00:00,4,6,1,1,,,,,,,
233,,,2021-22,24,2022-02-08 20:00:00,5,13,1,1,,,,,,,
234,,,2021-22,24,2022-02-09 19:45:00,15,7,1,1,,,,,,,
235,,,2021-22,24,2022-02-08 19:45:00,19,18,1,0,,,,,,,
236,,,2021-22,24,2022-02-10 19:45:00,20,1,0,1,,,,,,,
237,,,2021-22,24,2022-02-10 19:45:00,11,9,2,0,,,,,,,
238,,,2021-22,24,2022-02-09 19:45:00,12,3,2,0,,,,,,,
239,,,2021-22,24,2022-02-08 19:45:00,14,8,3,1,,,,,,,
240,,,2021-22,24,2022-02-09 19:45:00,17,16,2,3,,,,,,,
241,,,2021-22,25,2022-02-12 15:00:00,3,7,0,0,,,,,,,
242,,,2021-22,25,2022-02-13 14:00:00,5,11,0,1,,,,,,,
243,,,2021-22,33,2022-04-20 18:45:00,6,1,2,4,,,,,,,
244,,,2021-22,25,2022-02-12 15:00:00,8,10,3,0,,,,,,,
245,,,2021-22,25,2022-02-13 16:30:00,9,19,2,2,,,,,,,
246,,,2021-22,25,2022-02-12 12:30:00,13,16,1,1,,,,,,,
247,,,2021-22,25,2022-02-13 14:00:00,14,2,1,0,,,,,,,
248,,,2021-22,25,2022-02-12 17:30:00,15,12,0,4,,,,,,,
249,,,2021-22,25,2022-02-13 14:00:00,17,20,0,2,,,,,,,
250,,,2021-22,25,2022-02-12 15:00:00,18,4,0,2,,,,,,,
251,,,2021-22,26,2022-02-19 15:00:00,1,3,2,1,,,,,,,
252,,,2021-22,26,2022-02-19 15:00:00,2,18,0,1,,,,,,,
253,,,2021-22,26,2022-02-19 15:00:00,4,5,0,3,,,,,,,
254,,,2021-22,26,2022-02-19 15:00:00,7,6,0,1,,,,,,,
255,,,2021-22,26,2022-02-20 14:00:00,10,13,2,4,,,,,,,
256,,,2021-22,26,2022-02-19 15:00:00,11,15,3,1,,,,,,,
257,,,2021-22,26,2022-02-19 17:30:00,12,17,2,3,,,,,,,
258,,,2021-22,26,2022-02-19 15:00:00,16,8,2,0,,,,,,,
259,,,2021-22,26,2022-02-19 12:30:00,19,14,1,1,,,,,,,
260,,,2021-22,26,2022-02-20 16:30:00,20,9,2,1,,,,,,,
261,,,2021-22,29,2022-03-16 20:15:00,1,11,0,2,,,,,,,
262,,,2021-22,27,2022-02-26 15:00:00,3,14,0,2,,,,,,,
263,,,2021-22,27,2022-02-26 15:00:00,4,2,0,2,,,,,,,
264,,,2021-22,37,2022-05-19 19:00:00,6,9,1,1,,,,,,,
265,,,2021-22,27,2022-02-26 15:00:00,7,5,1,1,,,,,,,
266,,,2021-22,27,2022-02-26 17:30:00,8,12,0,1,,,,,,,
267,,,2021-22,27,2022-02-26 12:30:00,10,17,0,4,,,,,,,
268,,,2021-22,27,2022-02-26 15:00:00,13,18,0,0,,,,,,,
269,,,2021-22,27,2022-02-25 20:00:00,16,15,2,0,,,,,,,
270,,,2021-22,27,2022-02-27 14:00:00,19,20,1,0,,,,,,,
271,,,2021-22,28,2022-03-05 15:00:00,2,16,4,0,,,,,,,
272,,,2021-22,28,2022-03-05 15:00:00,5,6,0,4,,,,,,,
273,,,2021-22,28,2022-03-05 12:30:00,9,10,1,0,,,,,,,
274,,,2021-22,28,2022-03-05 17:30:00,11,19,1,0,,,,,,,
275,,,2021-22,28,2022-03-06 16:30:00,12,13,4,1,,,,,,,
276,,,2021-22,28,2022-03-05 15:00:00,14,4,2,1,,,,,,,
277,,,2021-22,28,2022-03-05 15:00:00,15,3,1,3,,,,,,,
278,,,2021-22,28,2022-03-07 20:00:00,17,8,5,0,,,,,,,
279,,,2021-22,28,2022-03-06 14:00:00,18,1,2,3,,,,,,,
280,,,2021-22,28,2022-03-05 15:00:00,20,7,0,2,,,,,,,
281,,,2021-22,29,2022-03-13 16:30:00,1,9,2,0,,,,,,,
282,,,2021-22,29,2022-03-12 15:00:00,3,5,2,0,,,,,,,
283,,,2021-22,29,2022-03-12 12:30:00,4,11,0,2,,,,,,,
284,,,2021-22,29,2022-03-13 14:00:00,6,14,1,0,,,,,,,
285,,,2021-22,29,2022-03-14 20:00:00,7,12,0,0,,,,,,,
286,,,2021-22,29,2022-03-13 14:00:00,8,20,0,1,,,,,,,
287,,,2021-22,29,2022-03-13 14:00:00,10,15,2,1,,,,,,,
288,,,2021-22,29,2022-03-12 17:30:00,13,17,3,2,,,,,,,
289,,,2021-22,29,2022-03-13 14:00:00,16,18,1,2,,,,,,,
290,,,2021-22,29,2022-03-13 14:00:00,19,2,2,1,,,,,,,
291,,,2021-22,30,2022-03-19 12:30:00,2,1,0,1,,,,,,,
292,,,2021-22,33,2022-04-21 18:45:00,5,16,2,0,,,,,,,
293,,,2021-22,30,2022-03-20 14:00:00,9,3,2,1,,,,,,,
294,,,2021-22,33,2022-04-19 19:00:00,11,13,4,0,,,,,,,
295,,,2021-22,33,2022-04-20 19:00:00,12,4,3,0,,,,,,,
296,,,2021-22,33,2022-04-20 18:45:00,14,7,1,0,,,,,,,
297,,,2021-22,28,2022-03-10 19:30:00,15,6,1,3,,,,,,,
298,,,2021-22,30,2022-03-20 16:30:00,17,19,3,1,,,,,,,
299,,,2021-22,36,2022-05-11 18:45:00,18,8,0,0,,,,,,,
300,,,2021-22,30,2022-03-18 20:00:00,20,10,2,3,,,,,,,
301,,,2021-22,31,2022-04-02 14:00:00,4,15,0,0,,,,,,,
302,,,2021-22,31,2022-04-02 14:00:00,5,12,0,2,,,,,,,
303,,,2021-22,31,2022-04-02 14:00:00,6,3,1,4,,,,,,,
304,,,2021-22,31,2022-04-04 19:00:00,7,1,3,0,,,,,,,
305,,,2021-22,31,2022-04-02 14:00:00,10,16,1,1,,,,,,,
306,,,2021-22,31,2022-04-02 11:30:00,11,18,2,0,,,,,,,
307,,,2021-22,31,2022-04-02 16:30:00,13,9,1,1,,,,,,,
308,,,2021-22,31,2022-04-03 15:30:00,17,14,5,1,,,,,,,
309,,,2021-22,31,2022-04-03 13:00:00,19,8,2,1,,,,,,,
310,,,2021-22,31,2022-04-02 14:00:00,20,2,2,1,,,,,,,
311,,,2021-22,32,2022-04-09 14:00:00,1,4,1,2,,,,,,,
312,,,2021-22,32,2022-04-09 16:30:00,2,17,0,4,,,,,,,
313,,,2021-22,32,2022-04-10 13:00:00,3,19,2,0,,,,,,,
314,,,2021-22,32,2022-04-09 11:30:00,8,13,1,0,,,,,,,
315,,,2021-22,32,2022-04-10 13:00:00,9,7,2,1,,,,,,,
316,,,2021-22,32,2022-04-10 15:30:00,12,11,2,2,,,,,,,
317,,,2021-22,32,2022-04-08 19:00:00,14,20,1,0,,,,,,,
318,,,2021-22,32,2022-04-10 13:00:00,15,5,2,0,,,,,,,
319,,,2021-22,32,2022-04-09 14:00:00,16,6,0,6,,,,,,,
320,,,2021-22,32,2022-04-09 14:00:00,18,10,0,3,,,,,,,
321,,,2021-22,36,2022-05-10 19:00:00,2,11,1,2,,,,,,,
322,,,2021-22,37,2022-05-19 18:45:00,8,7,3,2,,,,,,,
323,,,2021-22,36,2022-05-11 18:30:00,10,6,0,3,,,,,,,
324,,,2021-22,33,2022-04-16 14:00:00,13,15,3,2,,,,,,,
325,,,2021-22,33,2022-04-17 13:15:00,14,9,2,1,,,,,,,
326,,,2021-22,33,2022-04-16 14:00:00,16,1,1,0,,,,,,,
327,,,2021-22,33,2022-04-16 11:30:00,17,4,0,1,,,,,,,
328,,,2021-22,33,2022-04-16 14:00:00,18,3,1,2,,,,,,,
329,,,2021-22,33,2022-04-17 13:15:00,19,5,1,1,,,,,,,
330,,,2021-22,36,2022-05-11 19:15:00,20,12,1,5,,,,,,,
331,,,2021-22,34,2022-04-23 11:30:00,1,13,3,1,,,,,,,
332,,,2021-22,34,2022-04-23 16:30:00,3,17,0,0,,,,,,,
333,,,2021-22,34,2022-04-24 13:00:00,4,16,2,2,,,,,,,
334,,,2021-22,34,2022-04-24 13:00:00,5,20,1,0,,,,,,,
335,,,2021-22,34,2022-04-24 13:00:00,6,19,1,0,,,,,,,
336,,,2021-22,34,2022-04-25 19:00:00,7,10,0,0,,,,,,,
337,,,2021-22,34,2022-04-23 14:00:00,9,2,0,0,,,,,,,
338,,,2021-22,34,2022-04-24 15:30:00,11,8,2,0,,,,,,,
339,,,2021-22,34,2022-04-23 14:00:00,12,18,5,1,,,,,,,
340,,,2021-22,34,2022-04-23 14:00:00,15,14,0,3,,,,,,,
341,,,2021-22,35,2022-04-30 14:00:00,2,15,2,0,,,,,,,
342,,,2021-22,35,2022-05-01 13:00:00,8,6,1,0,,,,,,,
343,,,2021-22,35,2022-04-30 16:30:00,10,12,0,4,,,,,,,
344,,,2021-22,35,2022-05-02 19:00:00,13,3,3,0,,,,,,,
345,,,2021-22,35,2022-04-30 11:30:00,14,11,0,1,,,,,,,
346,,,2021-22,35,2022-04-30 14:00:00,16,7,1,2,,,,,,,
347,,,2021-22,35,2022-05-01 13:00:00,17,9,3,1,,,,,,,
348,,,2021-22,35,2022-04-30 14:00:00,18,5,1,2,,,,,,,
349,,,2021-22,35,2022-05-01 15:30:00,19,1,1,2,,,,,,,
350,,,2021-22,35,2022-04-30 14:00:00,20,4,0,3,,,,,,,
351,,,2021-22,36,2022-05-08 13:00:00,1,10,2,1,,,,,,,
352,,,2021-22,36,2022-05-07 14:00:00,3,16,3,0,,,,,,,
353,,,2021-22,36,2022-05-07 16:30:00,4,13,4,0,,,,,,,
354,,,2021-22,36,2022-05-07 14:00:00,5,2,1,3,,,,,,,
355,,,2021-22,36,2022-05-07 14:00:00,6,20,2,2,,,,,,,
356,,,2021-22,36,2022-05-07 14:00:00,7,18,1,0,,,,,,,
357,,,2021-22,36,2022-05-08 13:00:00,9,8,1,2,,,,,,,
358,,,2021-22,36,2022-05-07 18:45:00,11,17,1,1,,,,,,,
359,,,2021-22,36,2022-05-08 15:30:00,12,14,5,0,,,,,,,
360,,,2021-22,36,2022-05-08 13:00:00,15,19,0,4,,,,,,,
361,,,2021-22,37,2022-05-15 13:00:00,2,7,1,1,,,,,,,
362,,,2021-22,37,2022-05-15 15:30:00,8,3,2,3,,,,,,,
363,,,2021-22,37,2022-05-15 13:00:00,10,4,1,1,,,,,,,
364,,,2021-22,34,2022-04-28 18:45:00,13,6,1,1,,,,,,,
365,,,2021-22,37,2022-05-16 19:00:00,14,1,2,0,,,,,,,
366,,,2021-22,37,2022-05-17 18:45:00,16,11,1,2,,,,,,,
367,,,2021-22,37,2022-05-15 11:00:00,17,5,1,0,,,,,,,
368,,,2021-22,37,2022-05-15 13:00:00,18,9,1,5,,,,,,,
369,,,2021-22,37,2022-05-15 13:00:00,19,12,2,2,,,,,,,
370,,,2021-22,37,2022-05-15 13:00:00,20,15,1,1,,,,,,,
371,,,2021-22,38,2022-05-22 15:00:00,1,8,5,1,,,,,,,
372,,,2021-22,38,2022-05-22 15:00:00,3,10,1,2,,,,,,,
373,,,2021-22,38,2022-05-22 15:00:00,4,19,3,1,,,,,,,
374,,,2021-22,38,2022-05-22 15:00:00,5,14,1,2,,,,,,,
375,,,2021-22,38,2022-05-22 15:00:00,6,18,2,1,,,,,,,
376,,,2021-22,38,2022-05-22 15:00:00,7,13,1,0,,,,,,,
377,,,2021-22,38,2022-05-22 15:00:00,9,16,4,1,,,,,,,
378,,,2021-22,38,2022-05-22 15:00:00,11,20,3,1,,,,,,,
379,,,2021-22,38,2022-05-22 15:00:00,12,2,3,2,,,,,,,
380,,,2021-22,38,2022-05-22 15:00:00,15,17,0,5,,,,,,,
1,,,2022-23,1,2022-08-05 19:00:00,7,17,0,2,,,,,,,
2,,,2022-23,1,2022-08-06 14:00:00,3,2,2,0,,,,,,,
3,,,2022-23,1,2022-08-06 16:30:00,8,6,0,1,,,,,,,
4,,,2022-23,1,2022-08-06 11:30:00,9,12,2,2,,,,,,,
5,,,2022-23,1,2022-08-06 14:00:00,11,20,2,1,,,,,,,
6,,,2022-23,1,2022-08-07 13:00:00,10,4,2,2,,,,,,,
7,,,2022-23,1,2022-08-06 14:00:00,15,16,2,0,,,,,,,
8,,,2022-23,1,2022-08-06 14:00:00,18,17,4,1,,,,,,,
9,,,2022-23,1,2022-08-07 13:00:00,14,5,1,2,,,,,,,
10,,,2022-23,1,2022-08-07 15:30:00,19,13,0,2,,,,,,,
11,,,2022-23,2,2022-08-13 14:00:00,17,10,4,2,,,,,,,
12,,,2022-23,2,2022-08-13 11:30:00,2,8,2,1,,,,,,,
13,,,2022-23,2,2022-08-13 16:30:00,4,14,4,0,,,,,,,
14,,,2022-23,2,2022-08-13 14:00:00,5,15,0,0,,,,,,,
15,,,2022-23,2,2022-08-14 15:30:00,6,18,2,2,,,,,,,
16,,,2022-23,2,2022-08-15 19:00:00,12,7,1,1,,,,,,,
17,,,2022-23,2,2022-08-13 14:00:00,13,3,4,0,,,,,,,
18,,,2022-23,2,2022-08-14 13:00:00,16,19,1,0,,,,,,,
19,,,2022-23,2,2022-08-13 14:00:00,17,11,2,2,,,,,,,
20,,,2022-23,2,2022-08-13 14:00:00,20,9,0,0,,,,,,,
21,,,2022-23,3,2022-08-20 16:30:00,3,17,0,3,,,,,,,
22,,,2022-23,3,2022-08-20 14:00:00,7,2,3,1,,,,,,,
23,,,2022-23,3,2022-08-20 14:00:00,8,16,1,1,,,,,,,
24,,,2022-23,3,2022-08-20 14:00:00,9,4,3,2,,,,,,,
25,,,2022-23,3,2022-08-21 13:00:00,11,6,3,0,,,,,,,
26,,,2022-23,3,2022-08-20 14:00:00,10,17,1,2,,,,,,,
27,,,2022-23,3,2022-08-22 19:00:00,14,12,2,1,,,,,,,
28,,,2022-23,3,2022-08-21 15:30:00,15,13,3,3,,,,,,,
29,,,2022-23,3,2022-08-20 11:30:00,18,20,1,0,,,,,,,
30,,,2022-23,3,2022-08-21 13:00:00,19,5,0,2,,,,,,,
31,,,2022-23,4,2022-08-27 16:30:00,17,9,2,1,,,,,,,
32,,,2022-23,4,2022-08-28 13:00:00,2,19,0,1,,,,,,,
33,,,2022-23,4,2022-08-27 14:00:00,4,8,1,1,,,,,,,
34,,,2022-23,4,2022-08-27 14:00:00,5,11,1,0,,,,,,,
35,,,2022-23,4,2022-08-27 14:00:00,6,10,2,1,,,,,,,
36,,,2022-23,4,2022-08-27 14:00:00,12,3,9,0,,,,,,,
37,,,2022-23,4,2022-08-27 14:00:00,13,7,4,2,,,,,,,
38,,,2022-23,4,2022-08-28 15:30:00,16,18,0,2,,,,,,,
39,,,2022-23,4,2022-08-27 11:30:00,17,14,0,1,,,,,,,
40,,,2022-23,4,2022-08-28 13:00:00,20,15,1,1,,,,,,,
41,,,2022-23,5,2022-08-31 18:30:00,17,2,2,1,,,,,,,
42,,,2022-23,5,2022-08-31 18:30:00,3,20,0,0,,,,,,,
43,,,2022-23,5,2022-08-30 18:30:00,7,4,1,1,,,,,,,
44,,,2022-23,5,2022-08-30 18:30:00,9,5,2,1,,,,,,,
45,,,2022-23,5,2022-08-30 19:00:00,11,8,1,1,,,,,,,
46,,,2022-23,5,2022-09-01 19:00:00,10,14,0,1,,,,,,,
47,,,2022-23,5,2022-08-31 18:45:00,19,18,1,1,,,,,,,
48,,,2022-23,5,2022-08-31 19:00:00,12,15,2,1,,,,,,,
49,,,2022-23,5,2022-08-31 18:30:00,13,16,6,0,,,,,,,
50,,,2022-23,5,2022-08-30 18:45:00,17,6,2,1,,,,,,,
51,,,2022-23,6,2022-09-03 16:30:00,2,13,1,1,,,,,,,
52,,,2022-23,6,2022-09-03 14:00:00,4,11,5,2,,,,,,,
53,,,2022-23,6,2022-09-04 13:00:00,5,10,5,2,,,,,,,
54,,,2022-23,6,2022-09-03 14:00:00,6,19,2,1,,,,,,,
55,,,2022-23,6,2022-09-03 11:30:00,8,12,0,0,,,,,,,
56,,,2022-23,6,2022-09-04 15:30:00,14,1,3,1,,,,,,,
57,,,2022-23,6,2022-09-03 14:00:00,15,7,0,0,,,,,,,
58,,,2022-23,6,2022-09-03 14:00:00,16,3,2,3,,,,,,,
59,,,2022-23,6,2022-09-03 14:00:00,18,9,2,1,,,,,,,
60,,,2022-23,6,2022-09-03 14:00:00,20,17,1,0,,,,,,,
61,,,2022-23,25,2023-03-01 19:45:00,1,8,4,0,,,,,,,
62,,,2022-23,29,2023-04-04 18:45:00,3,5,0,2,,,,,,,
63,,,2022-23,20,2023-01-18 20:00:00,7,14,1,1,,,,,,,
64,,,2022-23,19,2023-01-12 20:00:00,9,6,2,1,,,,,,,
65,,,2022-23,29,2023-04-04 18:45:00,11,16,2,1,,,,,,,
66,,,2022-23,29,2023-04-04 18:45:00,10,2,1,2,,,,,,,
67,,,2022-23,25,2023-03-01 20:00:00,12,20,2,0,,,,,,,
68,,,2022-23,20,2023-01-19 20:00:00,13,18,4,2,,,,,,,
69,,,2022-23,27,2023-03-15 19:30:00,17,4,0,2,,,,,,,
70,,,2022-23,29,2023-04-05 19:00:00,19,15,1,5,,,,,,,
71,,,2022-23,8,2022-09-16 19:00:00,2,17,1,0,,,,,,,
72,,,2022-23,8,2022-09-18 11:00:00,4,1,0,3,,,,,,,
73,,,2022-23,27,2023-03-15 19:30:00,5,7,1,0,,,,,,,
74,,,2022-23,29,2023-04-04 19:00:00,6,12,0,0,,,,,,,
75,,,2022-23,8,2022-09-18 13:15:00,8,19,1,0,,,,,,,
76,,,2022-23,22,2023-02-08 20:00:00,14,11,2,2,,,,,,,
77,,,2022-23,8,2022-09-17 14:00:00,15,3,1,1,,,,,,,
78,,,2022-23,8,2022-09-16 19:00:00,16,9,2,3,,,,,,,
79,,,2022-23,8,2022-09-17 16:30:00,18,10,6,2,,,,,,,
80,,,2022-23,8,2022-09-17 11:30:00,20,13,0,3,,,,,,,
81,,,2022-23,9,2022-10-01 11:30:00,1,18,3,1,,,,,,,
82,,,2022-23,9,2022-10-01 14:00:00,3,4,0,0,,,,,,,
83,,,2022-23,9,2022-10-01 14:00:00,7,6,1,2,,,,,,,
84,,,2022-23,9,2022-10-01 14:00:00,9,15,1,4,,,,,,,
85,,,2022-23,9,2022-10-02 15:30:00,11,2,0,0,,,,,,,
86,,,2022-23,9,2022-10-03 19:00:00,10,16,4,0,,,,,,,
87,,,2022-23,9,2022-10-01 14:00:00,12,5,3,3,,,,,,,
88,,,2022-23,9,2022-10-02 13:00:00,13,14,6,3,,,,,,,
89,,,2022-23,9,2022-10-01 14:00:00,17,8,1,2,,,,,,,
90,,,2022-23,9,2022-10-01 16:30:00,19,20,2,0,,,,,,,
91,,,2022-23,10,2022-10-09 15:30:00,1,12,3,2,,,,,,,
92,,,2022-23,10,2022-10-08 14:00:00,3,10,2,1,,,,,,,
93,,,2022-23,10,2022-10-08 16:30:00,5,18,0,1,,,,,,,
94,,,2022-23,10,2022-10-08 14:00:00,6,20,3,0,,,,,,,
95,,,2022-23,10,2022-10-09 13:00:00,7,11,2,1,,,,,,,
96,,,2022-23,10,2022-10-09 18:00:00,8,14,1,2,,,,,,,
97,,,2022-23,10,2022-10-08 14:00:00,13,17,4,0,,,,,,,
98,,,2022-23,10,2022-10-08 14:00:00,15,4,5,1,,,,,,,
99,,,2022-23,10,2022-10-10 19:00:00,16,2,1,1,,,,,,,
100,,,2022-23,10,2022-10-09 13:00:00,19,9,3,1,,,,,,,
101,,,2022-23,11,2022-10-16 13:00:00,2,6,0,2,,,,,,,
102,,,2022-23,11,2022-10-14 19:00:00,4,5,2,0,,,,,,,
103,,,2022-23,11,2022-10-15 14:00:00,9,3,2,2,,,,,,,
104,,,2022-23,11,2022-10-16 13:00:00,11,1,0,1,,,,,,,
105,,,2022-23,11,2022-10-15 11:30:00,10,7,0,0,,,,,,,
106,,,2022-23,11,2022-10-16 15:30:00,12,13,1,0,,,,,,,
107,,,2022-23,11,2022-10-16 13:00:00,14,15,0,0,,,,,,,
108,,,2022-23,11,2022-10-16 13:00:00,17,19,1,1,,,,,,,
109,,,2022-23,11,2022-10-15 16:30:00,18,8,2,0,,,,,,,
110,,,2022-23,11,2022-10-15 14:00:00,20,16,1,0,,,,,,,
111,,,2022-23,23,2023-02-15 19:30:00,1,13,1,3,,,,,,,
112,,,2022-23,12,2022-10-19 18:30:00,3,17,0,1,,,,,,,
113,,,2022-23,12,2022-10-19 18:30:00,4,6,0,0,,,,,,,
114,,,2022-23,12,2022-10-18 18:30:00,5,16,0,0,,,,,,,
115,,,2022-23,12,2022-10-18 19:15:00,7,20,2,1,,,,,,,
116,,,2022-23,12,2022-10-20 18:30:00,9,2,3,0,,,,,,,
117,,,2022-23,12,2022-10-20 19:15:00,10,11,2,0,,,,,,,
118,,,2022-23,12,2022-10-19 18:30:00,12,19,1,0,,,,,,,
119,,,2022-23,12,2022-10-19 19:15:00,14,18,2,0,,,,,,,
120,,,2022-23,12,2022-10-19 18:30:00,15,8,1,0,,,,,,,
121,,,2022-23,13,2022-10-23 13:00:00,2,4,4,0,,,,,,,
122,,,2022-23,13,2022-10-22 16:30:00,6,14,1,1,,,,,,,
123,,,2022-23,13,2022-10-22 14:00:00,8,7,3,0,,,,,,,
124,,,2022-23,13,2022-10-23 13:00:00,11,9,2,3,,,,,,,
125,,,2022-23,13,2022-10-22 14:00:00,13,5,3,1,,,,,,,
126,,,2022-23,13,2022-10-22 11:30:00,16,12,1,0,,,,,,,
127,,,2022-23,13,2022-10-23 13:00:00,17,1,1,1,,,,,,,
128,,,2022-23,13,2022-10-23 15:30:00,18,15,1,2,,,,,,,
129,,,2022-23,13,2022-10-24 19:00:00,19,3,2,0,,,,,,,
130,,,2022-23,13,2022-10-23 13:00:00,20,10,0,4,,,,,,,
131,,,2022-23,14,2022-10-30 14:00:00,1,16,5,0,,,,,,,
132,,,2022-23,14,2022-10-29 14:00:00,3,18,2,3,,,,,,,
133,,,2022-23,14,2022-10-29 14:00:00,4,20,1,1,,,,,,,
134,,,2022-23,14,2022-10-29 14:00:00,5,6,4,1,,,,,,,
135,,,2022-23,14,2022-10-29 14:00:00,7,17,1,0,,,,,,,
136,,,2022-23,14,2022-10-29 16:30:00,9,8,0,0,,,,,,,
137,,,2022-23,14,2022-10-29 11:30:00,10,13,0,1,,,,,,,
138,,,2022-23,14,2022-10-29 18:45:00,12,11,1,2,,,,,,,
139,,,2022-23,14,2022-10-30 16:15:00,14,19,1,0,,,,,,,
140,,,2022-23,14,2022-10-29 14:00:00,15,2,4,0,,,,,,,
141,,,2022-23,15,2022-11-06 14:00:00,2,14,3,1,,,,,,,
142,,,2022-23,15,2022-11-06 12:00:00,6,1,0,1,,,,,,,
143,,,2022-23,15,2022-11-05 17:30:00,8,10,0,2,,,,,,,
144,,,2022-23,15,2022-11-05 15:00:00,11,3,4,3,,,,,,,
145,,,2022-23,15,2022-11-05 15:00:00,13,9,2,1,,,,,,,
146,,,2022-23,15,2022-11-05 15:00:00,16,4,2,2,,,,,,,
147,,,2022-23,15,2022-11-06 14:00:00,17,15,1,4,,,,,,,
148,,,2022-23,15,2022-11-06 16:30:00,18,12,1,2,,,,,,,
149,,,2022-23,15,2022-11-06 14:00:00,19,7,1,2,,,,,,,
150,,,2022-23,15,2022-11-05 15:00:00,20,5,2,3,,,,,,,
151,,,2022-23,16,2022-11-12 15:00:00,3,8,3,0,,,,,,,
152,,,2022-23,16,2022-11-13 14:00:00,5,2,1,2,,,,,,,
153,,,2022-23,16,2022-11-13 16:30:00,9,14,1,2,,,,,,,
154,,,2022-23,16,2022-11-12 15:00:00,12,17,3,1,,,,,,,
155,,,2022-23,16,2022-11-12 12:30:00,13,4,1,2,,,,,,,
156,,,2022-23,16,2022-11-12 17:30:00,15,6,1,0,,,,,,,
157,,,2022-23,16,2022-11-12 15:00:00,16,7,1,0,,,,,,,
158,,,2022-23,16,2022-11-12 15:00:00,18,11,4,3,,,,,,,
159,,,2022-23,16,2022-11-12 15:00:00,19,10,0,2,,,,,,,
160,,,2022-23,16,2022-11-12 19:45:00,20,1,0,2,,,,,,,
161,,,2022-23,17,2022-12-26 20:00:00,1,19,3,1,,,,,,,
162,,,2022-23,17,2022-12-26 17:30:00,2,12,1,3,,,,,,,
163,,,2022-23,17,2022-12-26 12:30:00,4,18,2,2,,,,,,,
164,,,2022-23,17,2022-12-27 17:30:00,6,3,2,0,,,,,,,
165,,,2022-23,17,2022-12-26 15:00:00,7,9,0,3,,,,,,,
166,,,2022-23,17,2022-12-26 15:00:00,8,20,1,2,,,,,,,
167,,,2022-23,17,2022-12-28 20:00:00,11,13,1,3,,,,,,,
168,,,2022-23,17,2022-12-26 15:00:00,10,15,0,3,,,,,,,
169,,,2022-23,17,2022-12-27 20:00:00,14,16,3,0,,,,,,,
170,,,2022-23,17,2022-12-26 15:00:00,17,5,1,3,,,,,,,
171,,,2022-23,18,2022-12-31 15:00:00,3,7,0,2,,,,,,,
172,,,2022-23,18,2022-12-31 17:30:00,5,1,2,4,,,,,,,
173,,,2022-23,18,2022-12-31 15:00:00,9,17,2,1,,,,,,,
174,,,2022-23,18,2022-12-30 20:00:00,12,10,2,1,,,,,,,
175,,,2022-23,18,2022-12-31 15:00:00,13,8,1,1,,,,,,,
176,,,2022-23,18,2022-12-31 15:00:00,15,11,0,0,,,,,,,
177,,,2022-23,18,2023-01-01 16:30:00,16,6,1,1,,,,,,,
178,,,2022-23,18,2023-01-01 14:00:00,18,2,0,2,,,,,,,
179,,,2022-23,18,2022-12-30 19:45:00,19,4,0,2,,,,,,,
180,,,2022-23,18,2022-12-31 12:30:00,20,14,0,1,,,,,,,
181,,,2022-23,19,2023-01-03 19:45:00,1,15,0,0,,,,,,,
182,,,2022-23,19,2023-01-04 20:00:00,2,20,1,1,,,,,,,
183,,,2022-23,19,2023-01-02 17:30:00,4,12,3,1,,,,,,,
184,,,2022-23,19,2023-01-05 20:00:00,6,13,0,1,,,,,,,
185,,,2022-23,19,2023-01-04 20:00:00,7,18,0,4,,,,,,,
186,,,2022-23,19,2023-01-03 19:45:00,8,5,1,4,,,,,,,
187,,,2022-23,19,2023-01-04 19:45:00,11,19,2,2,,,,,,,
188,,,2022-23,19,2023-01-03 19:45:00,10,9,0,1,,,,,,,
189,,,2022-23,19,2023-01-03 20:00:00,14,3,3,0,,,,,,,
190,,,2022-23,19,2023-01-04 19:30:00,17,16,0,1,,,,,,,
191,,,2022-23,20,2023-01-13 20:00:00,2,11,2,1,,,,,,,
192,,,2022-23,20,2023-01-14 17:30:00,4,3,2,0,,,,,,,
193,,,2022-23,20,2023-01-14 15:00:00,5,12,3,0,,,,,,,
194,,,2022-23,20,2023-01-15 14:00:00,6,7,1,0,,,,,,,
195,,,2022-23,20,2023-01-14 15:00:00,8,17,1,2,,,,,,,
196,,,2022-23,20,2023-01-14 12:30:00,14,13,2,1,,,,,,,
197,,,2022-23,20,2023-01-15 14:00:00,15,9,1,0,,,,,,,
198,,,2022-23,20,2023-01-14 15:00:00,16,10,2,0,,,,,,,
199,,,2022-23,20,2023-01-15 16:30:00,18,1,0,2,,,,,,,
200,,,2022-23,20,2023-01-14 15:00:00,20,19,1,0,,,,,,,
201,,,2022-23,21,2023-01-22 16:30:00,1,14,3,2,,,,,,,
202,,,2022-23,21,2023-01-21 15:00:00,3,16,1,1,,,,,,,
203,,,2022-23,21,2023-01-21 17:30:00,7,15,0,0,,,,,,,
204,,,2022-23,21,2023-01-23 20:15:00,9,18,0,1,,,,,,,
205,,,2022-23,21,2023-01-22 14:00:00,11,4,0,0,,,,,,,
206,,,2022-23,21,2023-01-21 15:00:00,10,5,2,2,,,,,,,
207,,,2022-23,21,2023-01-21 12:30:00,12,6,0,0,,,,,,,
208,,,2022-23,21,2023-01-22 14:00:00,13,20,3,0,,,,,,,
209,,,2022-23,21,2023-01-21 15:00:00,17,2,0,1,,,,,,,
210,,,2022-23,21,2023-01-21 15:00:00,19,8,2,0,,,,,,,
211,,,2022-23,22,2023-02-04 15:00:00,2,10,2,4,,,,,,,
212,,,2022-23,22,2023-02-04 15:00:00,4,17,3,0,,,,,,,
213,,,2022-23,22,2023-02-04 15:00:00,5,3,1,0,,,,,,,
214,,,2022-23,22,2023-02-03 20:00:00,6,9,0,0,,,,,,,
215,,,2022-23,22,2023-02-04 12:30:00,8,1,1,0,,,,,,,
216,,,2022-23,22,2023-02-04 15:00:00,14,7,2,1,,,,,,,
217,,,2022-23,22,2023-02-04 17:30:00,15,19,1,1,,,,,,,
218,,,2022-23,22,2023-02-05 14:00:00,16,11,1,0,,,,,,,
219,,,2022-23,22,2023-02-05 16:30:00,18,13,1,0,,,,,,,
220,,,2022-23,22,2023-02-04 15:00:00,20,12,3,0,,,,,,,
221,,,2022-23,23,2023-02-11 15:00:00,1,4,1,1,,,,,,,
222,,,2022-23,23,2023-02-11 17:30:00,3,15,1,1,,,,,,,
223,,,2022-23,23,2023-02-11 15:00:00,7,5,1,1,,,,,,,
224,,,2022-23,23,2023-02-11 15:00:00,9,16,2,0,,,,,,,
225,,,2022-23,23,2023-02-12 14:00:00,11,14,0,2,,,,,,,
226,,,2022-23,23,2023-02-11 15:00:00,10,18,4,1,,,,,,,
227,,,2022-23,23,2023-02-13 20:00:00,12,8,2,0,,,,,,,
228,,,2022-23,23,2023-02-12 16:30:00,13,2,3,1,,,,,,,
229,,,2022-23,23,2023-02-11 15:00:00,17,20,1,2,,,,,,,
230,,,2022-23,23,2023-02-11 12:30:00,19,6,1,1,,,,,,,
231,,,2022-23,24,2023-02-18 12:30:00,2,1,2,4,,,,,,,
232,,,2022-23,24,2023-02-18 15:00:00,4,7,1,1,,,,,,,
233,,,2022-23,24,2023-02-18 15:00:00,5,9,0,1,,,,,,,
234,,,2022-23,24,2023-02-18 15:00:00,6,17,0,1,,,,,,,
235,,,2022-23,24,2023-02-18 15:00:00,8,11,1,0,,,,,,,
236,,,2022-23,24,2023-02-19 14:00:00,14,10,3,0,,,,,,,
237,,,2022-23,24,2023-02-18 17:30:00,15,12,0,2,,,,,,,
238,,,2022-23,24,2023-02-18 15:00:00,16,13,1,1,,,,,,,
239,,,2022-23,24,2023-02-19 16:30:00,18,19,2,0,,,,,,,
240,,,2022-23,24,2023-02-18 15:00:00,20,3,0,1,,,,,,,
241,,,2022-23,25,2023-02-25 17:30:00,3,13,1,4,,,,,,,
242,,,2022-23,25,2023-02-25 19:45:00,7,12,0,0,,,,,,,
243,,,2022-23,25,2023-02-25 15:00:00,8,2,0,2,,,,,,,
244,,,2022-23,25,2023-02-24 20:00:00,9,20,1,1,,,,,,,
245,,,2022-23,25,2023-02-25 15:00:00,11,17,1,0,,,,,,,
246,,,2022-23,25,2023-02-25 15:00:00,10,1,0,1,,,,,,,
247,,,2022-23,29,2023-04-05 19:00:00,14,4,1,0,,,,,,,
248,,,2022-23,36,2023-05-18 18:30:00,15,5,4,1,,,,,,,
249,,,2022-23,25,2023-02-26 13:30:00,18,6,2,0,,,,,,,
250,,,2022-23,25,2023-02-25 15:00:00,19,16,4,0,,,,,,,
251,,,2022-23,26,2023-03-04 15:00:00,1,3,3,2,,,,,,,
252,,,2022-23,26,2023-03-04 15:00:00,2,7,1,0,,,,,,,
253,,,2022-23,26,2023-03-06 20:00:00,4,9,3,2,,,,,,,
254,,,2022-23,26,2023-03-04 15:00:00,5,19,4,0,,,,,,,
255,,,2022-23,26,2023-03-04 15:00:00,6,11,1,0,,,,,,,
256,,,2022-23,26,2023-03-05 16:30:00,12,14,7,0,,,,,,,
257,,,2022-23,26,2023-03-04 12:30:00,13,15,2,0,,,,,,,
258,,,2022-23,26,2023-03-05 14:00:00,16,8,2,2,,,,,,,
259,,,2022-23,26,2023-03-04 17:30:00,17,10,1,0,,,,,,,
260,,,2022-23,26,2023-03-04 15:00:00,20,18,1,0,,,,,,,
261,,,2022-23,27,2023-03-11 12:30:00,3,12,1,0,,,,,,,
262,,,2022-23,27,2023-03-11 17:30:00,7,13,0,1,,,,,,,
263,,,2022-23,27,2023-03-11 15:00:00,8,4,1,0,,,,,,,
264,,,2022-23,27,2023-03-12 14:00:00,9,1,0,3,,,,,,,
265,,,2022-23,27,2023-03-11 15:00:00,11,5,2,2,,,,,,,
266,,,2022-23,27,2023-03-11 15:00:00,10,6,1,3,,,,,,,
267,,,2022-23,27,2023-03-12 14:00:00,14,17,0,0,,,,,,,
268,,,2022-23,27,2023-03-12 16:30:00,15,20,2,1,,,,,,,
269,,,2022-23,27,2023-03-11 15:00:00,18,16,3,1,,,,,,,
270,,,2022-23,27,2023-03-12 14:00:00,19,2,1,1,,,,,,,
271,,,2022-23,28,2023-03-19 14:00:00,1,7,4,1,,,,,,,
272,,,2022-23,28,2023-03-18 15:00:00,2,3,3,0,,,,,,,
273,,,2022-23,28,2023-03-18 15:00:00,4,10,1,1,,,,,,,
274,,,2022-23,34,2023-05-04 19:00:00,5,14,1,0,,,,,,,
275,,,2022-23,28,2023-03-18 17:30:00,6,8,2,2,,,,,,,
276,,,2022-23,34,2023-05-03 19:00:00,12,9,1,0,,,,,,,
277,,,2022-23,34,2023-05-03 19:00:00,13,19,3,0,,,,,,,
278,,,2022-23,28,2023-03-17 20:00:00,16,15,1,2,,,,,,,
279,,,2022-23,28,2023-03-18 15:00:00,17,18,3,3,,,,,,,
280,,,2022-23,28,2023-03-18 15:00:00,20,11,2,4,,,,,,,
281,,,2022-23,29,2023-04-01 14:00:00,1,11,4,1,,,,,,,
282,,,2022-23,29,2023-04-01 14:00:00,3,9,2,1,,,,,,,
283,,,2022-23,29,2023-04-01 14:00:00,5,4,3,3,,,,,,,
284,,,2022-23,29,2023-04-01 16:30:00,6,2,0,2,,,,,,,
285,,,2022-23,29,2023-04-01 14:00:00,7,10,2,1,,,,,,,
286,,,2022-23,29,2023-04-03 19:00:00,8,18,1,1,,,,,,,
287,,,2022-23,29,2023-04-01 11:30:00,13,12,4,1,,,,,,,
288,,,2022-23,29,2023-04-02 15:30:00,15,14,2,0,,,,,,,
289,,,2022-23,29,2023-04-01 14:00:00,16,20,1,1,,,,,,,
290,,,2022-23,29,2023-04-02 13:00:00,19,17,1,0,,,,,,,
291,,,2022-23,30,2023-04-08 14:00:00,2,16,2,0,,,,,,,
292,,,2022-23,30,2023-04-08 14:00:00,4,15,1,2,,,,,,,
293,,,2022-23,30,2023-04-08 14:00:00,9,19,0,1,,,,,,,
294,,,2022-23,30,2023-04-09 13:00:00,11,7,1,5,,,,,,,
295,,,2022-23,30,2023-04-08 14:00:00,10,3,0,1,,,,,,,
296,,,2022-23,30,2023-04-09 15:30:00,12,1,2,2,,,,,,,
297,,,2022-23,30,2023-04-08 11:30:00,14,8,2,0,,,,,,,
298,,,2022-23,30,2023-04-08 16:30:00,17,13,1,4,,,,,,,
299,,,2022-23,30,2023-04-08 14:00:00,18,5,2,1,,,,,,,
300,,,2022-23,30,2023-04-08 14:00:00,20,6,1,0,,,,,,,
301,,,2022-23,31,2023-04-15 11:30:00,2,15,3,0,,,,,,,
302,,,2022-23,31,2023-04-15 14:00:00,6,5,1,2,,,,,,,
303,,,2022-23,31,2023-04-15 14:00:00,8,9,1,3,,,,,,,
304,,,2022-23,31,2023-04-17 19:00:00,11,12,1,6,,,,,,,
305,,,2022-23,31,2023-04-15 16:30:00,13,10,3,1,,,,,,,
306,,,2022-23,31,2023-04-16 15:30:00,16,14,0,2,,,,,,,
307,,,2022-23,31,2023-04-15 14:00:00,17,7,0,2,,,,,,,
308,,,2022-23,31,2023-04-15 14:15:00,18,3,2,3,,,,,,,
309,,,2022-23,31,2023-04-16 13:00:00,19,1,2,2,,,,,,,
310,,,2022-23,31,2023-04-15 14:00:00,20,4,2,0,,,,,,,
311,,,2022-23,32,2023-04-21 19:00:00,1,17,3,3,,,,,,,
312,,,2022-23,32,2023-04-23 13:00:00,3,19,0,4,,,,,,,
313,,,2022-23,32,2023-04-22 14:00:00,4,2,1,1,,,,,,,
314,,,2022-23,37,2023-05-24 19:00:00,5,13,1,1,,,,,,,
315,,,2022-23,32,2023-04-22 14:00:00,7,8,0,0,,,,,,,
316,,,2022-23,32,2023-04-22 11:30:00,9,11,2,1,,,,,,,
317,,,2022-23,32,2023-04-22 14:00:00,10,20,2,1,,,,,,,
318,,,2022-23,32,2023-04-22 14:00:00,12,16,3,2,,,,,,,
319,,,2022-23,37,2023-05-25 19:00:00,14,6,4,1,,,,,,,
320,,,2022-23,32,2023-04-23 13:00:00,15,18,6,1,,,,,,,
321,,,2022-23,33,2023-04-25 18:45:00,2,9,1,0,,,,,,,
322,,,2022-23,33,2023-04-27 18:45:00,8,15,1,4,,,,,,,
323,,,2022-23,33,2023-04-25 19:00:00,11,10,1,1,,,,,,,
324,,,2022-23,33,2023-04-26 18:30:00,16,5,3,1,,,,,,,
325,,,2022-23,33,2023-04-27 19:15:00,18,14,2,2,,,,,,,
326,,,2022-23,33,2023-04-26 18:45:00,19,12,1,2,,,,,,,
327,,,2022-23,33,2023-04-25 18:30:00,20,7,2,0,,,,,,,
328,,,2022-23,33,2023-04-26 18:45:00,6,4,0,2,,,,,,,
329,,,2022-23,33,2023-04-26 19:00:00,13,1,4,1,,,,,,,
330,,,2022-23,33,2023-04-27 18:45:00,17,3,0,1,,,,,,,
331,,,2022-23,34,2023-05-02 19:00:00,1,6,3,1,,,,,,,
332,,,2022-23,34,2023-04-30 13:00:00,3,11,4,1,,,,,,,
333,,,2022-23,34,2023-04-29 14:00:00,4,16,2,1,,,,,,,
334,,,2022-23,34,2023-04-29 14:00:00,5,20,6,0,,,,,,,
335,,,2022-23,34,2023-04-29 11:30:00,7,19,4,3,,,,,,,
336,,,2022-23,34,2023-04-30 13:00:00,9,13,1,2,,,,,,,
337,,,2022-23,34,2023-05-01 19:00:00,10,8,2,2,,,,,,,
338,,,2022-23,34,2023-04-30 15:30:00,12,18,4,3,,,,,,,
339,,,2022-23,34,2023-04-30 13:00:00,14,2,1,0,,,,,,,
340,,,2022-23,34,2023-04-30 13:00:00,15,17,3,1,,,,,,,
341,,,2022-23,35,2023-05-06 14:00:00,3,6,1,3,,,,,,,
342,,,2022-23,35,2023-05-08 16:30:00,5,8,1,5,,,,,,,
343,,,2022-23,35,2023-05-08 14:00:00,9,10,5,3,,,,,,,
344,,,2022-23,35,2023-05-06 16:30:00,12,4,1,0,,,,,,,
345,,,2022-23,35,2023-05-06 14:00:00,13,11,2,1,,,,,,,
346,,,2022-23,35,2023-05-07 15:30:00,15,1,0,2,,,,,,,
347,,,2022-23,35,2023-05-08 19:00:00,16,17,4,3,,,,,,,
348,,,2022-23,35,2023-05-06 14:00:00,18,7,1,0,,,,,,,
349,,,2022-23,35,2023-05-07 18:00:00,19,14,1,0,,,,,,,
350,,,2022-23,35,2023-05-06 14:00:00,20,2,1,0,,,,,,,
351,,,2022-23,36,2023-05-14 15:30:00,1,5,0,3,,,,,,,
352,,,2022-23,36,2023-05-13 14:00:00,2,18,2,1,,,,,,,
353,,,2022-23,36,2023-05-14 13:00:00,4,19,2,0,,,,,,,
354,,,2022-23,36,2023-05-13 14:00:00,6,16,2,2,,,,,,,
355,,,2022-23,36,2023-05-13 14:00:00,7,3,2,0,,,,,,,
356,,,2022-23,36,2023-05-14 13:00:00,8,13,0,3,,,,,,,
357,,,2022-23,36,2023-05-13 11:30:00,11,15,2,2,,,,,,,
358,,,2022-23,36,2023-05-15 19:00:00,10,12,0,3,,,,,,,
359,,,2022-23,36,2023-05-13 14:00:00,14,20,2,0,,,,,,,
360,,,2022-23,36,2023-05-13 14:00:00,17,9,0,2,,,,,,,
361,,,2022-23,37,2023-05-20 14:00:00,3,14,0,1,,,,,,,
362,,,2022-23,37,2023-05-21 13:00:00,5,17,3,1,,,,,,,
363,,,2022-23,37,2023-05-20 14:00:00,9,7,2,2,,,,,,,
364,,,2022-23,37,2023-05-20 14:00:00,12,2,1,1,,,,,,,
365,,,2022-23,37,2023-05-21 15:00:00,13,6,1,0,,,,,,,
366,,,2022-23,37,2023-05-22 19:00:00,15,10,0,0,,,,,,,
367,,,2022-23,37,2023-05-20 16:30:00,16,1,1,0,,,,,,,
368,,,2022-23,37,2023-05-20 11:30:00,18,4,1,3,,,,,,,
369,,,2022-23,37,2023-05-21 12:30:00,19,11,3,1,,,,,,,
370,,,2022-23,37,2023-05-20 14:00:00,20,8,1,1,,,,,,,
371,,,2022-23,38,2023-05-28 15:30:00,1,20,5,0,,,,,,,
372,,,2022-23,38,2023-05-28 15:30:00,2,5,2,1,,,,,,,
373,,,2022-23,38,2023-05-28 15:30:00,4,13,1,0,,,,,,,
374,,,2022-23,38,2023-05-28 15:30:00,6,15,1,1,,,,,,,
375,,,2022-23,38,2023-05-28 15:30:00,7,16,1,1,,,,,,,
376,,,2022-23,38,2023-05-28 15:30:00,8,3,1,0,,,,,,,
377,,,2022-23,38,2023-05-28 15:30:00,11,18,1,4,,,,,,,
378,,,2022-23,38,2023-05-28 15:30:00,10,19,2,1,,,,,,,
379,,,2022-23,38,2023-05-28 15:30:00,14,9,2,1,,,,,,,
380,,,2022-23,38,2023-05-28 15:30:00,17,12,4,4,,,,,,,
1,,,2024-25,1,2024-08-16 19:00:00,14,9,1,0,,,,,,,
2,,,2024-25,1,2024-08-17 14:00:00,1,20,2,0,,,,,,,
3,,,2024-25,1,2024-08-17 14:00:00,8,5,0,3,,,,,,,
4,,,2024-25,1,2024-08-17 11:30:00,10,12,0,2,,,,,,,
5,,,2024-25,1,2024-08-17 14:00:00,15,17,1,0,,,,,,,
6,,,2024-25,1,2024-08-17 14:00:00,16,3,1,1,,,,,,,
7,,,2024-25,1,2024-08-17 16:30:00,19,2,1,2,,,,,,,
8,,,2024-25,1,2024-08-18 13:00:00,4,7,2,1,,,,,,,
9,,,2024-25,1,2024-08-18 15:30:00,6,13,0,2,,,,,,,
10,,,2024-25,1,2024-08-19 19:00:00,11,18,1,1,,,,,,,
11,,,2024-25,2,2024-08-24 16:30:00,2,1,0,2,,,,,,,
12,,,2024-25,2,2024-08-25 13:00:00,3,15,1,1,,,,,,,
13,,,2024-25,2,2024-08-24 11:30:00,5,14,2,1,,,,,,,
14,,,2024-25,2,2024-08-24 14:00:00,7,19,0,2,,,,,,,
15,,,2024-25,2,2024-08-24 14:00:00,9,11,2,1,,,,,,,
16,,,2024-25,2,2024-08-25 15:30:00,12,4,2,0,,,,,,,
17,,,2024-25,2,2024-08-24 14:00:00,13,10,4,1,,,,,,,
18,,,2024-25,2,2024-08-24 14:00:00,17,16,0,1,,,,,,,
19,,,2024-25,2,2024-08-24 14:00:00,18,8,4,0,,,,,,,
20,,,2024-25,2,2024-08-25 13:00:00,20,6,2,6,,,,,,,
21,,,2024-25,3,2024-08-31 11:30:00,1,5,1,1,,,,,,,
22,,,2024-25,3,2024-08-31 14:00:00,4,17,3,1,,,,,,,
23,,,2024-25,3,2024-09-01 12:30:00,6,7,1,1,,,,,,,
24,,,2024-25,3,2024-08-31 14:00:00,8,3,2,3,,,,,,,
25,,,2024-25,3,2024-08-31 14:00:00,10,9,1,1,,,,,,,
26,,,2024-25,3,2024-08-31 14:00:00,11,2,1,2,,,,,,,
27,,,2024-25,3,2024-09-01 15:00:00,14,12,0,3,,,,,,,
28,,,2024-25,3,2024-09-01 12:30:00,15,18,2,1,,,,,,,
29,,,2024-25,3,2024-08-31 14:00:00,16,20,1,1,,,,,,,
30,,,2024-25,3,2024-08-31 16:30:00,19,13,1,3,,,,,,,
31,,,2024-25,4,2024-09-14 16:30:00,2,8,3,2,,,,,,,
32,,,2024-25,4,2024-09-14 19:00:00,3,6,0,1,,,,,,,
33,,,2024-25,4,2024-09-14 14:00:00,5,10,0,0,,,,,,,
34,,,2024-25,4,2024-09-14 14:00:00,7,11,2,2,,,,,,,
35,,,2024-25,4,2024-09-14 14:00:00,9,19,1,1,,,,,,,
36,,,2024-25,4,2024-09-14 14:00:00,12,16,0,1,,,,,,,
37,,,2024-25,4,2024-09-14 14:00:00,13,4,2,1,,,,,,,
38,,,2024-25,4,2024-09-14 11:30:00,17,14,0,3,,,,,,,
39,,,2024-25,4,2024-09-15 13:00:00,18,1,0,1,,,,,,,
40,,,2024-25,4,2024-09-15 15:30:00,20,15,1,2,,,,,,,
41,,,2024-25,5,2024-09-21 14:00:00,2,20,3,1,,,,,,,
42,,,2024-25,5,2024-09-22 13:00:00,5,16,2,2,,,,,,,
43,,,2024-25,5,2024-09-21 16:30:00,7,14,0,0,,,,,,,
44,,,2024-25,5,2024-09-21 14:00:00,9,15,3,1,,,,,,,
45,,,2024-25,5,2024-09-21 14:00:00,11,8,1,1,,,,,,,
46,,,2024-25,5,2024-09-21 14:00:00,12,3,3,0,,,,,,,
47,,,2024-25,5,2024-09-22 15:30:00,13,1,2,2,,,,,,,
48,,,2024-25,5,2024-09-21 14:00:00,17,10,1,1,,,,,,,
49,,,2024-25,5,2024-09-21 14:00:00,18,4,3,1,,,,,,,
50,,,2024-25,5,2024-09-21 11:30:00,19,6,0,3,,,,,,,
51,,,2024-25,6,2024-09-28 14:00:00,1,11,4,2,,,,,,,
52,,,2024-25,6,2024-09-30 19:00:00,3,17,3,1,,,,,,,
53,,,2024-25,6,2024-09-28 14:00:00,4,19,1,1,,,,,,,
54,,,2024-25,6,2024-09-28 14:00:00,6,5,4,2,,,,,,,
55,,,2024-25,6,2024-09-28 14:00:00,8,7,2,1,,,,,,,
56,,,2024-25,6,2024-09-29 13:00:00,10,2,2,2,,,,,,,
57,,,2024-25,6,2024-09-29 15:30:00,14,18,0,3,,,,,,,
58,,,2024-25,6,2024-09-28 11:30:00,15,13,1,1,,,,,,,
59,,,2024-25,6,2024-09-28 14:00:00,16,9,0,1,,,,,,,
60,,,2024-25,6,2024-09-28 16:30:00,20,12,1,2,,,,,,,
61,,,2024-25,7,2024-10-05 14:00:00,1,17,3,1,,,,,,,
62,,,2024-25,7,2024-10-06 13:00:00,2,14,0,0,,,,,,,
63,,,2024-25,7,2024-10-05 14:00:00,4,20,5,3,,,,,,,
64,,,2024-25,7,2024-10-06 15:30:00,5,18,3,2,,,,,,,
65,,,2024-25,7,2024-10-06 13:00:00,6,16,1,1,,,,,,,
66,,,2024-25,7,2024-10-05 11:30:00,7,12,0,1,,,,,,,
67,,,2024-25,7,2024-10-05 16:30:00,8,15,0,0,,,,,,,
68,,,2024-25,7,2024-10-05 14:00:00,11,3,1,0,,,,,,,
69,,,2024-25,7,2024-10-05 14:00:00,13,9,3,2,,,,,,,
70,,,2024-25,7,2024-10-05 14:00:00,19,10,4,1,,,,,,,
71,,,2024-25,8,2024-10-19 16:30:00,3,1,2,0,,,,,,,
72,,,2024-25,8,2024-10-19 14:00:00,9,2,1,3,,,,,,,
73,,,2024-25,8,2024-10-19 14:15:00,10,8,0,2,,,,,,,
74,,,2024-25,8,2024-10-20 15:30:00,12,6,2,1,,,,,,,
75,,,2024-25,8,2024-10-19 14:00:00,14,4,2,1,,,,,,,
76,,,2024-25,8,2024-10-19 14:00:00,15,5,0,1,,,,,,,
77,,,2024-25,8,2024-10-21 19:00:00,16,7,1,0,,,,,,,
78,,,2024-25,8,2024-10-19 14:00:00,17,11,2,3,,,,,,,
79,,,2024-25,8,2024-10-19 11:30:00,18,19,4,1,,,,,,,
80,,,2024-25,8,2024-10-20 13:00:00,20,13,1,2,,,,,,,
81,,,2024-25,9,2024-10-27 16:30:00,1,12,2,2,,,,,,,
82,,,2024-25,9,2024-10-26 14:00:00,2,3,1,1,,,,,,,
83,,,2024-25,9,2024-10-26 14:00:00,4,10,4,3,,,,,,,
84,,,2024-25,9,2024-10-26 14:00:00,5,20,2,2,,,,,,,
85,,,2024-25,9,2024-10-27 14:00:00,6,15,2,1,,,,,,,
86,,,2024-25,9,2024-10-27 14:00:00,7,18,1,0,,,,,,,
87,,,2024-25,9,2024-10-26 16:30:00,8,9,1,1,,,,,,,
88,,,2024-25,9,2024-10-25 19:00:00,11,16,1,3,,,,,,,
89,,,2024-25,9,2024-10-26 14:00:00,13,17,1,0,,,,,,,
90,,,2024-25,9,2024-10-27 14:00:00,19,14,2,1,,,,,,,
91,,,2024-25,10,2024-11-02 15:00:00,3,13,2,1,,,,,,,
92,,,2024-25,10,2024-11-04 20:00:00,9,4,2,1,,,,,,,
93,,,2024-25,10,2024-11-02 15:00:00,10,11,1,1,,,,,,,
94,,,2024-25,10,2024-11-02 15:00:00,12,5,2,1,,,,,,,
95,,,2024-25,10,2024-11-03 16:30:00,14,6,1,1,,,,,,,
96,,,2024-25,10,2024-11-02 12:30:00,15,1,1,0,,,,,,,
97,,,2024-25,10,2024-11-02 15:00:00,16,19,3,0,,,,,,,
98,,,2024-25,10,2024-11-02 15:00:00,17,8,1,0,,,,,,,
99,,,2024-25,10,2024-11-03 14:00:00,18,2,4,1,,,,,,,
100,,,2024-25,10,2024-11-02 17:30:00,20,7,2,2,,,,,,,
101,,,2024-25,11,2024-11-09 15:00:00,4,3,3,2,,,,,,,
102,,,2024-25,11,2024-11-09 17:30:00,5,13,2,1,,,,,,,
103,,,2024-25,11,2024-11-10 16:30:00,6,1,1,1,,,,,,,
104,,,2024-25,11,2024-11-09 15:00:00,7,9,0,2,,,,,,,
105,,,2024-25,11,2024-11-09 20:00:00,12,2,2,0,,,,,,,
106,,,2024-25,11,2024-11-10 14:00:00,14,11,3,0,,,,,,,
107,,,2024-25,11,2024-11-10 14:00:00,16,15,1,3,,,,,,,
108,,,2024-25,11,2024-11-10 14:00:00,18,10,1,2,,,,,,,
109,,,2024-25,11,2024-11-09 15:00:00,19,8,0,0,,,,,,,
110,,,2024-25,11,2024-11-09 15:00:00,20,17,2,0,,,,,,,
111,,,2024-25,12,2024-11-23 15:00:00,1,16,3,0,,,,,,,
112,,,2024-25,12,2024-11-23 15:00:00,2,7,2,2,,,,,,,
113,,,2024-25,12,2024-11-23 15:00:00,3,5,1,2,,,,,,,
114,,,2024-25,12,2024-11-23 15:00:00,8,4,0,0,,,,,,,
115,,,2024-25,12,2024-11-23 15:00:00,9,20,1,4,,,,,,,
116,,,2024-25,12,2024-11-24 16:30:00,10,14,1,1,,,,,,,
117,,,2024-25,12,2024-11-23 12:30:00,11,6,1,2,,,,,,,
118,,,2024-25,12,2024-11-23 17:30:00,13,18,0,4,,,,,,,
119,,,2024-25,12,2024-11-25 20:00:00,15,19,0,2,,,,,,,
120,,,2024-25,12,2024-11-24 14:00:00,17,12,2,3,,,,,,,
121,,,2024-25,13,2024-11-30 15:00:00,4,11,4,1,,,,,,,
122,,,2024-25,13,2024-11-29 20:00:00,5,17,1,1,,,,,,,
123,,,2024-25,13,2024-12-01 13:30:00,6,2,3,0,,,,,,,
124,,,2024-25,13,2024-11-30 15:00:00,7,15,1,1,,,,,,,
125,,,2024-25,13,2024-12-01 16:00:00,12,13,2,0,,,,,,,
126,,,2024-25,13,2024-12-01 13:30:00,14,8,4,0,,,,,,,
127,,,2024-25,13,2024-11-30 15:00:00,16,10,1,0,,,,,,,
128,,,2024-25,13,2024-12-01 13:30:00,18,9,1,1,,,,,,,
129,,,2024-25,13,2024-11-30 17:30:00,19,1,2,5,,,,,,,
130,,,2024-25,13,2024-11-30 15:00:00,20,3,2,4,,,,,,,
131,,,2024-25,14,2024-12-04 20:15:00,1,14,2,0,,,,,,,
132,,,2024-25,14,2024-12-04 20:15:00,2,4,3,1,,,,,,,
133,,,2024-25,14,2024-12-05 20:15:00,3,18,1,0,,,,,,,
134,,,2024-25,14,2024-12-04 19:30:00,8,20,4,0,,,,,,,
135,,,2024-25,14,2024-12-05 19:30:00,9,5,3,1,,,,,,,
136,,,2024-25,14,2024-12-03 19:30:00,10,7,0,1,,,,,,,
137,,,2024-25,14,2024-12-03 20:15:00,11,19,3,1,,,,,,,
138,,,2024-25,14,2024-12-04 19:30:00,13,16,3,0,,,,,,,
139,,,2024-25,14,2024-12-04 19:30:00,15,12,3,3,,,,,,,
140,,,2024-25,14,2024-12-04 19:30:00,17,6,1,5,,,,,,,
141,,,2024-25,15,2024-12-07 15:00:00,2,17,1,0,,,,,,,
142,,,2024-25,15,2024-12-07 15:00:00,4,15,4,2,,,,,,,
143,,,2024-25,15,2024-12-07 15:00:00,7,13,2,2,,,,,,,
144,,,2024-25,24,2025-02-12 19:30:00,8,12,2,2,,,,,,,
145,,,2024-25,15,2024-12-08 14:00:00,9,1,1,1,,,,,,,
146,,,2024-25,15,2024-12-08 14:00:00,10,3,1,2,,,,,,,
147,,,2024-25,15,2024-12-08 14:00:00,11,5,2,2,,,,,,,
148,,,2024-25,15,2024-12-07 17:30:00,14,16,2,3,,,,,,,
149,,,2024-25,15,2024-12-08 16:30:00,18,6,3,4,,,,,,,
150,,,2024-25,15,2024-12-09 20:00:00,19,20,2,1,,,,,,,
151,,,2024-25,16,2024-12-14 15:00:00,1,8,0,0,,,,,,,
152,,,2024-25,16,2024-12-16 20:00:00,3,19,1,1,,,,,,,
153,,,2024-25,16,2024-12-15 14:00:00,5,7,1,3,,,,,,,
154,,,2024-25,16,2024-12-15 19:00:00,6,4,2,1,,,,,,,
155,,,2024-25,16,2024-12-14 15:00:00,12,9,2,2,,,,,,,
156,,,2024-25,16,2024-12-15 16:30:00,13,14,1,2,,,,,,,
157,,,2024-25,16,2024-12-14 15:00:00,15,11,4,0,,,,,,,
158,,,2024-25,16,2024-12-14 17:30:00,16,2,2,1,,,,,,,
159,,,2024-25,16,2024-12-15 19:00:00,17,18,0,5,,,,,,,
160,,,2024-25,16,2024-12-14 15:00:00,20,10,1,2,,,,,,,
161,,,2024-25,17,2024-12-21 12:30:00,2,13,2,1,,,,,,,
162,,,2024-25,17,2024-12-21 15:00:00,4,16,0,2,,,,,,,
163,,,2024-25,17,2024-12-21 17:30:00,7,1,1,5,,,,,,,
164,,,2024-25,17,2024-12-22 14:00:00,8,6,0,0,,,,,,,
165,,,2024-25,17,2024-12-22 14:00:00,9,17,0,0,,,,,,,
166,,,2024-25,17,2024-12-21 15:00:00,10,15,0,4,,,,,,,
167,,,2024-25,17,2024-12-22 14:00:00,11,20,0,3,,,,,,,
168,,,2024-25,17,2024-12-22 14:00:00,14,3,0,3,,,,,,,
169,,,2024-25,17,2024-12-22 16:30:00,18,12,3,6,,,,,,,
170,,,2024-25,17,2024-12-21 15:00:00,19,5,1,1,,,,,,,
171,,,2024-25,18,2024-12-27 20:15:00,1,10,1,0,,,,,,,
172,,,2024-25,18,2024-12-26 15:00:00,3,7,0,0,,,,,,,
173,,,2024-25,18,2024-12-27 19:30:00,5,4,0,0,,,,,,,
174,,,2024-25,18,2024-12-26 15:00:00,6,9,1,2,,,,,,,
175,,,2024-25,18,2024-12-26 20:00:00,12,11,3,1,,,,,,,
176,,,2024-25,18,2024-12-26 12:30:00,13,8,1,1,,,,,,,
177,,,2024-25,18,2024-12-26 15:00:00,15,2,3,0,,,,,,,
178,,,2024-25,18,2024-12-26 15:00:00,16,18,1,0,,,,,,,
179,,,2024-25,18,2024-12-26 15:00:00,17,19,0,1,,,,,,,
180,,,2024-25,18,2024-12-26 17:30:00,20,14,2,0,,,,,,,
181,,,2024-25,19,2024-12-30 19:45:00,2,5,2,2,,,,,,,
182,,,2024-25,19,2025-01-01 17:30:00,4,1,1,3,,,,,,,
183,,,2024-25,19,2024-12-29 15:00:00,7,17,2,1,,,,,,,
184,,,2024-25,19,2024-12-29 15:00:00,8,16,0,2,,,,,,,
185,,,2024-25,19,2024-12-29 15:00:00,9,3,2,2,,,,,,,
186,,,2024-25,19,2024-12-30 19:45:00,10,6,2,0,,,,,,,
187,,,2024-25,19,2024-12-29 14:30:00,11,13,0,2,,,,,,,
188,,,2024-25,19,2024-12-30 20:00:00,14,15,0,2,,,,,,,
189,,,2024-25,19,2024-12-29 15:00:00,18,20,2,2,,,,,,,
190,,,2024-25,19,2024-12-29 17:15:00,19,12,0,5,,,,,,,
191,,,2024-25,20,2025-01-04 15:00:00,2,11,2,1,,,,,,,
192,,,2024-25,20,2025-01-04 15:00:00,3,8,1,0,,,,,,,
193,,,2024-25,20,2025-01-04 17:30:00,5,1,1,1,,,,,,,
194,,,2024-25,20,2025-01-04 15:00:00,7,6,1,1,,,,,,,
195,,,2024-25,20,2025-01-05 14:00:00,9,10,2,2,,,,,,,
196,,,2024-25,20,2025-01-05 16:30:00,12,14,2,2,,,,,,,
197,,,2024-25,20,2025-01-04 15:00:00,13,19,4,1,,,,,,,
198,,,2024-25,20,2025-01-04 15:00:00,17,4,0,5,,,,,,,
199,,,2024-25,20,2025-01-04 12:30:00,18,15,1,2,,,,,,,
200,,,2024-25,20,2025-01-06 20:00:00,20,16,0,3,,,,,,,
201,,,2024-25,21,2025-01-15 20:00:00,1,18,2,1,,,,,,,
202,,,2024-25,21,2025-01-14 19:30:00,4,13,2,2,,,,,,,
203,,,2024-25,21,2025-01-15 19:30:00,8,2,0,1,,,,,,,
204,,,2024-25,21,2025-01-16 19:30:00,10,5,0,2,,,,,,,
205,,,2024-25,21,2025-01-15 19:30:00,11,7,0,2,,,,,,,
206,,,2024-25,21,2025-01-14 20:00:00,16,12,1,1,,,,,,,
207,,,2024-25,21,2025-01-14 19:30:00,19,9,3,2,,,,,,,
208,,,2024-25,21,2025-01-14 19:30:00,6,3,2,2,,,,,,,
209,,,2024-25,21,2025-01-16 20:00:00,14,17,3,1,,,,,,,
210,,,2024-25,21,2025-01-15 19:30:00,15,20,3,0,,,,,,,
211,,,2024-25,22,2025-01-18 17:30:00,1,2,2,2,,,,,,,
212,,,2024-25,22,2025-01-18 15:00:00,4,12,0,2,,,,,,,
213,,,2024-25,22,2025-01-20 20:00:00,6,20,3,1,,,,,,,
214,,,2024-25,22,2025-01-19 14:00:00,8,18,3,2,,,,,,,
215,,,2024-25,22,2025-01-19 16:30:00,10,13,0,6,,,,,,,
216,,,2024-25,22,2025-01-18 15:00:00,11,9,0,2,,,,,,,
217,,,2024-25,22,2025-01-19 14:00:00,14,5,1,3,,,,,,,
218,,,2024-25,22,2025-01-18 12:30:00,15,3,1,4,,,,,,,
219,,,2024-25,22,2025-01-19 14:00:00,16,17,3,2,,,,,,,
220,,,2024-25,22,2025-01-18 15:00:00,19,7,0,2,,,,,,,
221,,,2024-25,23,2025-01-26 16:30:00,2,19,1,1,,,,,,,
222,,,2024-25,23,2025-01-25 15:00:00,3,16,5,0,,,,,,,
223,,,2024-25,23,2025-01-25 15:00:00,5,8,0,1,,,,,,,
224,,,2024-25,23,2025-01-26 14:00:00,7,4,1,2,,,,,,,
225,,,2024-25,23,2025-01-26 19:00:00,9,14,0,1,,,,,,,
226,,,2024-25,23,2025-01-25 15:00:00,12,10,4,1,,,,,,,
227,,,2024-25,23,2025-01-25 17:30:00,13,6,3,1,,,,,,,
228,,,2024-25,23,2025-01-25 15:00:00,17,15,1,3,,,,,,,
229,,,2024-25,23,2025-01-26 14:00:00,18,11,1,2,,,,,,,
230,,,2024-25,23,2025-01-25 15:00:00,20,1,0,1,,,,,,,
231,,,2024-25,24,2025-02-02 16:30:00,1,13,5,1,,,,,,,
232,,,2024-25,24,2025-02-01 15:00:00,3,12,0,2,,,,,,,
233,,,2024-25,24,2025-02-02 14:00:00,4,18,0,2,,,,,,,
234,,,2024-25,24,2025-02-03 20:00:00,6,19,2,1,,,,,,,
235,,,2024-25,24,2025-02-01 15:00:00,8,11,4,0,,,,,,,
236,,,2024-25,24,2025-02-01 15:00:00,10,17,1,2,,,,,,,
237,,,2024-25,24,2025-02-02 14:00:00,14,7,0,2,,,,,,,
238,,,2024-25,24,2025-02-01 15:00:00,15,9,1,2,,,,,,,
239,,,2024-25,24,2025-02-01 12:30:00,16,5,7,0,,,,,,,
240,,,2024-25,24,2025-02-01 17:30:00,20,2,2,0,,,,,,,
241,,,2024-25,25,2025-02-15 15:00:00,2,10,1,1,,,,,,,
242,,,2024-25,25,2025-02-14 20:00:00,5,6,3,0,,,,,,,
243,,,2024-25,25,2025-02-15 17:30:00,7,8,1,2,,,,,,,
244,,,2024-25,25,2025-02-15 15:00:00,9,16,2,1,,,,,,,
245,,,2024-25,25,2025-02-15 12:30:00,11,1,0,2,,,,,,,
246,,,2024-25,25,2025-02-16 14:00:00,12,20,2,1,,,,,,,
247,,,2024-25,25,2025-02-15 15:00:00,13,15,4,0,,,,,,,
248,,,2024-25,25,2025-02-15 15:00:00,17,3,1,3,,,,,,,
249,,,2024-25,25,2025-02-16 16:30:00,18,14,1,0,,,,,,,
250,,,2024-25,25,2025-02-15 15:00:00,19,4,0,1,,,,,,,
251,,,2024-25,26,2025-02-22 15:00:00,1,19,0,1,,,,,,,
252,,,2024-25,26,2025-02-22 17:30:00,2,6,2,1,,,,,,,
253,,,2024-25,26,2025-02-22 15:00:00,3,20,0,1,,,,,,,
254,,,2024-25,26,2025-02-22 12:30:00,8,14,2,2,,,,,,,
255,,,2024-25,26,2025-02-22 15:00:00,9,7,0,2,,,,,,,
256,,,2024-25,26,2025-02-22 15:00:00,10,18,1,4,,,,,,,
257,,,2024-25,26,2025-02-21 20:00:00,11,4,0,4,,,,,,,
258,,,2024-25,26,2025-02-23 16:30:00,13,12,0,2,,,,,,,
259,,,2024-25,26,2025-02-23 14:00:00,15,16,4,3,,,,,,,
260,,,2024-25,26,2025-02-22 15:00:00,17,5,0,4,,,,,,,
261,,,2024-25,27,2025-02-26 19:30:00,4,8,1,1,,,,,,,
262,,,2024-25,27,2025-02-25 19:30:00,5,3,2,1,,,,,,,
263,,,2024-25,27,2025-02-25 19:30:00,7,2,4,1,,,,,,,
264,,,2024-25,27,2025-02-26 19:30:00,16,1,0,0,,,,,,,
265,,,2024-25,27,2025-02-26 19:30:00,18,13,0,1,,,,,,,
266,,,2024-25,27,2025-02-27 20:00:00,19,11,2,0,,,,,,,
267,,,2024-25,27,2025-02-25 19:30:00,20,9,1,2,,,,,,,
268,,,2024-25,27,2025-02-25 20:15:00,6,17,4,0,,,,,,,
269,,,2024-25,27,2025-02-26 20:15:00,12,15,2,0,,,,,,,
270,,,2024-25,27,2025-02-26 19:30:00,14,10,3,2,,,,,,,
271,,,2024-25,28,2025-03-08 17:30:00,4,2,0,1,,,,,,,
272,,,2024-25,28,2025-03-08 15:00:00,5,9,2,1,,,,,,,
273,,,2024-25,28,2025-03-09 14:00:00,6,11,1,0,,,,,,,
274,,,2024-25,28,2025-03-08 15:00:00,7,10,1,0,,,,,,,
275,,,2024-25,28,2025-03-08 15:00:00,12,17,3,1,,,,,,,
276,,,2024-25,28,2025-03-09 16:30:00,14,1,1,1,,,,,,,
277,,,2024-25,28,2025-03-08 12:30:00,16,13,1,0,,,,,,,
278,,,2024-25,28,2025-03-09 14:00:00,18,3,2,2,,,,,,,
279,,,2024-25,28,2025-03-10 20:00:00,19,15,0,1,,,,,,,
280,,,2024-25,28,2025-03-08 20:00:00,20,8,1,1,,,,,,,
281,,,2024-25,29,2025-03-16 13:30:00,1,6,1,0,,,,,,,
282,,,2024-25,25,2025-02-19 19:30:00,2,12,2,2,,,,,,,
283,,,2024-25,29,2025-03-15 17:30:00,3,4,1,2,,,,,,,
284,,,2024-25,29,2025-03-15 15:00:00,8,19,1,1,,,,,,,
285,,,2024-25,29,2025-03-16 13:30:00,9,18,2,0,,,,,,,
286,,,2024-25,29,2025-03-15 15:00:00,10,16,2,4,,,,,,,
287,,,2024-25,29,2025-03-16 19:00:00,11,14,0,3,,,,,,,
288,,,2024-25,29,2025-03-15 15:00:00,13,5,2,2,,,,,,,
289,,,2024-25,32,2025-04-16 18:30:00,15,7,5,0,,,,,,,
290,,,2024-25,29,2025-03-15 15:00:00,17,20,1,2,,,,,,,
291,,,2024-25,30,2025-04-01 18:45:00,1,9,2,1,,,,,,,
292,,,2024-25,30,2025-04-02 18:45:00,3,10,1,2,,,,,,,
293,,,2024-25,30,2025-04-02 18:45:00,5,2,0,3,,,,,,,
294,,,2024-25,30,2025-04-01 19:00:00,16,14,1,0,,,,,,,
295,,,2024-25,30,2025-04-01 18:45:00,20,19,1,0,,,,,,,
296,,,2024-25,30,2025-04-03 19:00:00,6,18,1,0,,,,,,,
297,,,2024-25,30,2025-04-02 19:00:00,12,8,1,0,,,,,,,
298,,,2024-25,30,2025-04-02 18:45:00,13,11,2,0,,,,,,,
299,,,2024-25,30,2025-04-02 18:45:00,15,4,2,1,,,,,,,
300,,,2024-25,30,2025-04-02 18:45:00,17,7,1,1,,,,,,,
301,,,2024-25,31,2025-04-05 16:30:00,2,16,2,1,,,,,,,
302,,,2024-25,31,2025-04-06 13:00:00,4,6,0,0,,,,,,,
303,,,2024-25,31,2025-04-05 14:00:00,7,5,2,1,,,,,,,
304,,,2024-25,31,2025-04-05 11:30:00,8,1,1,1,,,,,,,
305,,,2024-25,31,2025-04-06 13:00:00,9,12,3,2,,,,,,,
306,,,2024-25,31,2025-04-05 14:00:00,10,20,1,2,,,,,,,
307,,,2024-25,31,2025-04-07 19:00:00,11,15,0,3,,,,,,,
308,,,2024-25,31,2025-04-06 15:30:00,14,13,0,0,,,,,,,
309,,,2024-25,31,2025-04-06 13:00:00,18,17,3,1,,,,,,,
310,,,2024-25,31,2025-04-05 14:00:00,19,3,2,2,,,,,,,
311,,,2024-25,32,2025-04-12 16:30:00,1,4,1,1,,,,,,,
312,,,2024-25,32,2025-04-14 19:00:00,3,9,1,0,,,,,,,
313,,,2024-25,32,2025-04-12 14:00:00,5,11,2,2,,,,,,,
314,,,2024-25,32,2025-04-13 13:00:00,6,10,2,2,,,,,,,
315,,,2024-25,32,2025-04-13 13:00:00,12,19,2,1,,,,,,,
316,,,2024-25,32,2025-04-12 11:30:00,13,7,5,2,,,,,,,
317,,,2024-25,32,2025-04-13 15:30:00,15,14,4,1,,,,,,,
318,,,2024-25,32,2025-04-12 14:00:00,16,8,0,1,,,,,,,
319,,,2024-25,32,2025-04-12 14:00:00,17,2,0,3,,,,,,,
320,,,2024-25,32,2025-04-13 13:00:00,20,18,4,2,,,,,,,
321,,,2024-25,33,2025-04-19 16:30:00,2,15,4,1,,,,,,,
322,,,2024-25,33,2025-04-19 14:00:00,4,5,4,2,,,,,,,
323,,,2024-25,33,2025-04-19 14:00:00,7,3,0,0,,,,,,,
324,,,2024-25,33,2025-04-19 14:00:00,8,13,0,2,,,,,,,
325,,,2024-25,33,2025-04-20 13:00:00,9,6,1,2,,,,,,,
326,,,2024-25,33,2025-04-20 13:00:00,10,1,0,4,,,,,,,
327,,,2024-25,33,2025-04-20 15:30:00,11,12,0,1,,,,,,,
328,,,2024-25,33,2025-04-20 13:00:00,14,20,0,1,,,,,,,
329,,,2024-25,33,2025-04-21 19:00:00,18,16,1,2,,,,,,,
330,,,2024-25,33,2025-04-19 14:00:00,19,17,1,1,,,,,,,
331,,,2024-25,33,2025-04-23 19:00:00,1,7,2,2,,,,,,,
332,,,2024-25,34,2025-04-27 13:00:00,3,14,1,1,,,,,,,
333,,,2024-25,34,2025-04-26 14:00:00,5,19,3,2,,,,,,,
334,,,2024-25,34,2025-04-26 11:30:00,6,8,1,0,,,,,,,
335,,,2024-25,34,2025-04-27 15:30:00,12,18,5,1,,,,,,,
336,,,2024-25,33,2025-04-22 19:00:00,13,2,2,1,,,,,,,
337,,,2024-25,34,2025-04-26 14:00:00,15,10,3,0,,,,,,,
338,,,2024-25,34,2025-05-01 18:30:00,16,4,0,2,,,,,,,
339,,,2024-25,34,2025-04-26 14:00:00,17,9,1,2,,,,,,,
340,,,2024-25,34,2025-04-26 14:00:00,20,11,3,0,,,,,,,
341,,,2024-25,35,2025-05-03 16:30:00,1,3,1,2,,,,,,,
342,,,2024-25,35,2025-05-03 11:30:00,2,9,1,0,,,,,,,
343,,,2024-25,35,2025-05-04 13:00:00,4,14,4,3,,,,,,,
344,,,2024-25,35,2025-05-04 13:00:00,5,15,1,1,,,,,,,
357,,,2025-26,36,2026-05-10 13:00:00,16,15,1,1,,,,,,,
358,,,2025-26,36,2026-05-09 14:00:00,17,14,0,0,,,,,,,
359,,,2025-26,36,2026-05-11 19:00:00,18,11,1,1,,,,,,,
360,,,2025-26,36,2026-05-10 15:30:00,19,1,0,1,,,,,,,
361,,,2025-26,37,2026-05-18 19:00:00,1,3,1,0,,,,,,,
362,,,2025-26,37,2026-05-15 19:00:00,2,12,4,2,,,,,,,
363,,,2025-26,37,2026-05-19 18:30:00,4,13,1,1,,,,,,,
364,,,2025-26,37,2026-05-17 14:00:00,5,8,2,2,,,,,,,
365,,,2025-26,37,2026-05-19 19:15:00,7,18,2,1,,,,,,,
366,,,2025-26,37,2026-05-17 14:00:00,9,17,1,3,,,,,,,
367,,,2025-26,37,2026-05-17 14:00:00,11,6,1,0,,,,,,,
368,,,2025-26,37,2026-05-17 11:30:00,14,16,3,2,,,,,,,
369,,,2025-26,37,2026-05-17 16:30:00,15,19,3,1,,,,,,,
370,,,2025-26,37,2026-05-17 14:00:00,20,10,1,1,,,,,,,
371,,,2025-26,38,2026-05-24 15:00:00,6,14,0,3,,,,,,,
372,,,2025-26,38,2026-05-24 15:00:00,3,20,1,1,,,,,,,
373,,,2025-26,38,2026-05-24 15:00:00,8,1,1,2,,,,,,,
375,,,2025-26,38,2026-05-24 15:00:00,12,5,1,1,,,,,,,
376,,,2025-26,38,2026-05-24 15:00:00,13,2,1,2,,,,,,,
377,,,2025-26,38,2026-05-24 15:00:00,16,4,1,1,,,,,,,
378,,,2025-26,38,2026-05-24 15:00:00,17,7,2,1,,,,,,,
379,,,2025-26,38,2026-05-24 15:00:00,18,9,1,0,,,,,,,
380,,,2025-26,38,2026-05-24 15:00:00,19,11,3,0,,,,,,,
218,,,2019-20,22,2020-01-10 20:00:00,15,19,1,0,,,,,,,
219,,,2019-20,22,2020-01-11 17:30:00,17,10,0,1,,,,,,,
220,,,2019-20,22,2020-01-11 15:00:00,20,13,1,1,,,,,,,
221,,,2019-20,23,2020-01-18 15:00:00,1,15,1,1,,,,,,,
222,,,2019-20,23,2020-01-18 15:00:00,4,2,1,1,,,,,,,
223,,,2019-20,23,2020-01-19 14:00:00,5,9,2,1,,,,,,,
224,,,2019-20,23,2020-01-19 16:30:00,10,12,2,0,,,,,,,
225,,,2019-20,23,2020-01-18 15:00:00,11,7,2,2,,,,,,,
226,,,2019-20,23,2020-01-18 17:30:00,13,6,1,0,,,,,,,
227,,,2019-20,23,2020-01-18 15:00:00,14,3,1,0,,,,,,,
228,,,2019-20,23,2020-01-18 15:00:00,16,20,2,3,,,,,,,
229,,,2019-20,23,2020-01-18 12:30:00,18,17,0,0,,,,,,,
230,,,2019-20,23,2020-01-18 15:00:00,19,8,1,1,,,,,,,
231,,,2019-20,24,2020-01-21 19:30:00,2,18,2,1,,,,,,,
232,,,2019-20,24,2020-01-21 19:30:00,3,4,3,1,,,,,,,
233,,,2019-20,24,2020-01-21 19:30:00,8,13,2,2,,,,,,,
234,,,2019-20,24,2020-01-22 19:30:00,9,19,4,1,,,,,,,
235,,,2019-20,24,2020-01-22 20:15:00,12,5,0,2,,,,,,,
236,,,2019-20,24,2020-01-21 19:30:00,15,11,0,1,,,,,,,
237,,,2019-20,24,2020-01-23 20:00:00,20,10,1,2,,,,,,,
238,,,2019-20,24,2020-01-21 20:15:00,6,1,2,2,,,,,,,
374,,,2025-26,38,2026-05-24 15:00:00,10,15,2,0,,,,,,,
355,2210625,66696,2122,36,2022-05-07 14:00:00,6,20,2,2,t,t,t,90,3,4,t
356,2210626,66697,2122,36,2022-05-07 14:00:00,7,18,1,0,t,t,t,90,2,2,t
353,2210623,66694,2122,36,2022-05-07 16:30:00,4,13,4,0,t,t,t,90,3,2,t
358,2210628,66699,2122,36,2022-05-07 18:45:00,11,17,1,1,t,t,t,90,3,5,t
351,2210621,66692,2122,36,2022-05-08 13:00:00,1,10,2,1,t,t,t,90,2,4,t
357,2210627,66698,2122,36,2022-05-08 13:00:00,9,8,1,2,t,t,t,90,2,3,t
360,2210630,66701,2122,36,2022-05-08 13:00:00,15,19,0,4,t,t,t,90,3,2,t
359,2210629,66700,2122,36,2022-05-08 15:30:00,12,14,5,0,t,t,t,90,2,5,t
321,2210591,66662,2122,36,2022-05-10 19:00:00,2,11,1,2,t,t,t,90,4,2,t
323,2210593,66664,2122,36,2022-05-11 18:30:00,10,6,0,3,t,t,t,90,4,2,t
207,2210477,66548,2122,36,2022-05-11 18:45:00,9,15,3,0,t,t,t,90,2,3,t
299,2210569,66640,2122,36,2022-05-11 18:45:00,18,8,0,0,t,t,t,90,2,2,t
330,2210600,66671,2122,36,2022-05-11 19:15:00,20,12,1,5,t,t,t,90,5,3,t
218,2210488,66559,2122,36,2022-05-12 18:45:00,17,1,3,0,t,t,t,90,4,4,t
367,2210637,66708,2122,37,2022-05-15 11:00:00,17,5,1,0,t,t,t,90,2,4,t
361,2210631,66702,2122,37,2022-05-15 13:00:00,2,7,1,1,t,t,t,90,2,2,t
363,2210633,66704,2122,37,2022-05-15 13:00:00,10,4,1,1,t,t,t,90,2,2,t
368,2210638,66709,2122,37,2022-05-15 13:00:00,18,9,1,5,t,t,t,90,2,2,t
369,2210639,66710,2122,37,2022-05-15 13:00:00,19,12,2,2,t,t,t,90,5,3,t
370,2210640,66711,2122,37,2022-05-15 13:00:00,20,15,1,1,t,t,t,90,2,3,t
362,2210632,66703,2122,37,2022-05-15 15:30:00,8,3,2,3,t,t,t,90,2,2,t
365,2210635,66706,2122,37,2022-05-16 19:00:00,14,1,2,0,t,t,t,90,4,3,t
366,2210636,66707,2122,37,2022-05-17 18:45:00,16,11,1,2,t,t,t,90,4,3,t
322,2210592,66663,2122,37,2022-05-19 18:45:00,8,7,3,2,t,t,t,90,2,2,t
171,2210441,66512,2122,37,2022-05-19 19:00:00,2,5,1,1,t,t,t,90,2,2,t
264,2210534,66605,2122,37,2022-05-19 19:00:00,6,9,1,1,t,t,t,90,2,4,t
371,2210641,66712,2122,38,2022-05-22 15:00:00,1,8,5,1,t,t,t,90,2,4,t
372,2210642,66713,2122,38,2022-05-22 15:00:00,3,10,1,2,t,t,t,90,2,2,t
373,2210643,66714,2122,38,2022-05-22 15:00:00,4,19,3,1,t,t,t,90,3,2,t
374,2210644,66715,2122,38,2022-05-22 15:00:00,5,14,1,2,t,t,t,90,2,2,t
375,2210645,66716,2122,38,2022-05-22 15:00:00,6,18,2,1,t,t,t,90,2,4,t
376,2210646,66717,2122,38,2022-05-22 15:00:00,7,13,1,0,t,t,t,90,3,2,t
377,2210647,66718,2122,38,2022-05-22 15:00:00,9,16,4,1,t,t,t,90,2,3,t
378,2210648,66719,2122,38,2022-05-22 15:00:00,11,20,3,1,t,t,t,90,3,5,t
379,2210649,66720,2122,38,2022-05-22 15:00:00,12,2,3,2,t,t,t,90,2,5,t
380,2210650,66721,2122,38,2022-05-22 15:00:00,15,17,0,5,t,t,t,90,3,2,t
4,2292813,74914,2223,1,2022-08-06 11:30:00,9,12,2,2,t,t,t,90,4,2,t
2,2292811,74912,2223,1,2022-08-06 14:00:00,3,2,2,0,t,t,t,90,2,2,t
5,2292814,74915,2223,1,2022-08-06 14:00:00,11,20,2,1,t,t,t,90,2,2,t
7,2292816,74917,2223,1,2022-08-06 14:00:00,15,16,2,0,t,t,t,90,2,4,t
8,2292817,74918,2223,1,2022-08-06 14:00:00,18,17,4,1,t,t,t,90,2,4,t
3,2292812,74913,2223,1,2022-08-06 16:30:00,8,6,0,1,t,t,t,90,3,2,t
6,2292815,74916,2223,1,2022-08-07 13:00:00,10,4,2,2,t,t,t,90,3,3,t
9,2292818,74919,2223,1,2022-08-07 13:00:00,14,5,1,2,t,t,t,90,3,4,t
10,2292819,74920,2223,1,2022-08-07 15:30:00,19,13,0,2,t,t,t,90,5,3,t
12,2292821,74922,2223,2,2022-08-13 11:30:00,2,8,2,1,t,t,t,90,2,2,t
11,2292820,74921,2223,2,2022-08-13 14:00:00,1,10,4,2,t,t,t,90,3,4,t
14,2292823,74924,2223,2,2022-08-13 14:00:00,5,15,0,0,t,t,t,90,3,3,t
17,2292826,74927,2223,2,2022-08-13 14:00:00,13,3,4,0,t,t,t,90,2,5,t
19,2292828,74929,2223,2,2022-08-13 14:00:00,17,11,2,2,t,t,t,90,2,2,t
20,2292829,74930,2223,2,2022-08-13 14:00:00,20,9,0,0,t,t,t,90,2,2,t
13,2292822,74923,2223,2,2022-08-13 16:30:00,4,14,4,0,t,t,t,90,3,3,t
18,2292827,74928,2223,2,2022-08-14 13:00:00,16,19,1,0,t,t,t,90,2,2,t
15,2292824,74925,2223,2,2022-08-14 15:30:00,6,18,2,2,t,t,t,90,3,4,t
16,2292825,74926,2223,2,2022-08-15 19:00:00,12,7,1,1,t,t,t,90,2,4,t
29,2292838,74939,2223,3,2022-08-20 11:30:00,18,20,1,0,t,t,t,90,2,4,t
22,2292831,74932,2223,3,2022-08-20 14:00:00,7,2,3,1,t,t,t,90,2,2,t
23,2292832,74933,2223,3,2022-08-20 14:00:00,8,16,1,1,t,t,t,90,2,2,t
24,2292833,74934,2223,3,2022-08-20 14:00:00,9,4,3,2,t,t,t,90,3,2,t
26,2292835,74936,2223,3,2022-08-20 14:00:00,10,17,1,2,t,t,t,90,2,3,t
21,2292830,74931,2223,3,2022-08-20 16:30:00,3,1,0,3,t,t,t,90,4,2,t
25,2292834,74935,2223,3,2022-08-21 13:00:00,11,6,3,0,t,t,t,90,3,2,t
30,2292839,74940,2223,3,2022-08-21 13:00:00,19,5,0,2,t,t,t,90,3,3,t
28,2292837,74938,2223,3,2022-08-21 15:30:00,15,13,3,3,t,t,t,90,5,4,t
27,2292836,74937,2223,3,2022-08-22 19:00:00,14,12,2,1,t,t,t,90,4,4,t
42,2292850,74952,2223,5,2022-08-31 18:30:00,3,20,0,0,t,t,t,90,2,2,t
49,2292858,74959,2223,5,2022-08-31 18:30:00,13,16,6,0,t,t,t,90,2,5,t
47,2292856,74957,2223,5,2022-08-31 18:45:00,19,18,1,1,t,t,t,90,3,3,t
48,2292857,74958,2223,5,2022-08-31 19:00:00,12,15,2,1,t,t,t,90,3,4,t
46,2292855,74956,2223,5,2022-09-01 19:00:00,10,14,0,1,t,t,t,90,3,3,t
55,2292864,74965,2223,6,2022-09-03 11:30:00,8,12,0,0,t,t,t,90,4,2,t
52,2292861,74962,2223,6,2022-09-03 14:00:00,4,11,5,2,t,t,t,90,2,3,t
54,2292863,74964,2223,6,2022-09-03 14:00:00,6,19,2,1,t,t,t,90,2,4,t
57,2292866,74967,2223,6,2022-09-03 14:00:00,15,7,0,0,t,t,t,90,2,4,t
58,2292867,74968,2223,6,2022-09-03 14:00:00,16,3,2,3,t,t,t,90,2,2,t
59,2292868,74969,2223,6,2022-09-03 14:00:00,18,9,2,1,t,t,t,90,2,4,t
60,2292869,74970,2223,6,2022-09-03 14:00:00,20,17,1,0,t,t,t,90,2,2,t
51,2292860,74961,2223,6,2022-09-03 16:30:00,2,13,1,1,t,t,t,90,5,2,t
53,2292862,74963,2223,6,2022-09-04 13:00:00,5,10,5,2,t,t,t,90,3,3,t
56,2292865,74966,2223,6,2022-09-04 15:30:00,14,1,3,1,t,t,t,90,4,4,t
71,2292880,74981,2223,8,2022-09-16 19:00:00,2,17,1,0,t,t,t,90,2,2,t
78,2292887,74988,2223,8,2022-09-16 19:00:00,16,9,2,3,t,t,t,90,2,2,t
80,2292889,74990,2223,8,2022-09-17 11:30:00,20,13,0,3,t,t,t,90,5,2,t
77,2292886,74987,2223,8,2022-09-17 14:00:00,15,3,1,1,t,t,t,90,2,4,t
79,2292888,74989,2223,8,2022-09-17 16:30:00,18,10,6,2,t,t,t,90,3,4,t
72,2292881,74982,2223,8,2022-09-18 11:00:00,4,1,0,3,t,t,t,90,4,3,t
75,2292884,74985,2223,8,2022-09-18 13:15:00,8,19,1,0,t,t,t,90,2,2,t
81,2292891,74991,2223,9,2022-10-01 11:30:00,1,18,3,1,t,t,t,90,3,4,t
82,2292890,74992,2223,9,2022-10-01 14:00:00,3,4,0,0,t,t,t,90,3,2,t
83,2292892,74993,2223,9,2022-10-01 14:00:00,7,6,1,2,t,t,t,90,3,2,t
84,2292893,74994,2223,9,2022-10-01 14:00:00,9,15,1,4,t,t,t,90,3,2,t
87,2292896,74997,2223,9,2022-10-01 14:00:00,12,5,3,3,t,t,t,90,3,4,t
89,2292898,74999,2223,9,2022-10-01 14:00:00,17,8,1,2,t,t,t,90,2,2,t
90,2292899,75000,2223,9,2022-10-01 16:30:00,19,20,2,0,t,t,t,90,2,3,t
88,2292897,74998,2223,9,2022-10-02 13:00:00,13,14,6,3,t,t,t,90,3,5,t
85,2292894,74995,2223,9,2022-10-02 15:30:00,11,2,0,0,t,t,t,90,2,2,t
86,2292895,74996,2223,9,2022-10-03 19:00:00,10,16,4,0,t,t,t,90,2,3,t
92,2292900,75002,2223,10,2022-10-08 14:00:00,3,10,2,1,t,t,t,90,3,2,t
94,2292903,75004,2223,10,2022-10-08 14:00:00,6,20,3,0,t,t,t,90,2,4,t
97,2292906,75007,2223,10,2022-10-08 14:00:00,13,17,4,0,t,t,t,90,2,5,t
98,2292907,75008,2223,10,2022-10-08 14:00:00,15,4,5,1,t,t,t,90,3,4,t
93,2292902,75003,2223,10,2022-10-08 16:30:00,5,18,0,1,t,t,t,90,3,3,t
95,2292904,75005,2223,10,2022-10-09 13:00:00,7,11,2,1,t,t,t,90,2,2,t
100,2292909,75010,2223,10,2022-10-09 13:00:00,19,9,3,1,t,t,t,90,2,3,t
91,2292901,75001,2223,10,2022-10-09 15:30:00,1,12,3,2,t,t,t,90,4,4,t
96,2292905,75006,2223,10,2022-10-09 18:00:00,8,14,1,2,t,t,t,90,3,2,t
99,2292908,75009,2223,10,2022-10-10 19:00:00,16,2,1,1,t,t,t,90,2,2,t
102,2292911,75012,2223,11,2022-10-14 19:00:00,4,5,2,0,t,t,t,90,3,3,t
105,2292914,75015,2223,11,2022-10-15 11:30:00,10,7,0,0,t,t,t,90,2,3,t
103,2292912,75013,2223,11,2022-10-15 14:00:00,9,3,2,2,t,t,t,90,2,2,t
110,2292919,75020,2223,11,2022-10-15 14:00:00,20,16,1,0,t,t,t,90,2,2,t
109,2292918,75019,2223,11,2022-10-15 16:30:00,18,8,2,0,t,t,t,90,2,4,t
101,2292910,75011,2223,11,2022-10-16 13:00:00,2,6,0,2,t,t,t,90,3,2,t
104,2292913,75014,2223,11,2022-10-16 13:00:00,11,1,0,1,t,t,t,90,4,2,t
107,2292916,75017,2223,11,2022-10-16 13:00:00,14,15,0,0,t,t,t,90,3,4,t
108,2292917,75018,2223,11,2022-10-16 13:00:00,17,19,1,1,t,t,t,90,2,2,t
106,2292915,75016,2223,11,2022-10-16 15:30:00,12,13,1,0,t,t,t,90,5,4,t
114,2292923,75024,2223,12,2022-10-18 18:30:00,5,16,0,0,t,t,t,90,2,3,t
115,2292924,75025,2223,12,2022-10-18 19:15:00,7,20,2,1,t,t,t,90,2,2,t
112,2292920,75022,2223,12,2022-10-19 18:30:00,3,17,0,1,t,t,t,90,2,2,t
113,2292922,75023,2223,12,2022-10-19 18:30:00,4,6,0,0,t,t,t,90,3,3,t
118,2292927,75028,2223,12,2022-10-19 18:30:00,12,19,1,0,t,t,t,90,2,4,t
120,2292929,75030,2223,12,2022-10-19 18:30:00,15,8,1,0,t,t,t,90,2,4,t
119,2292928,75029,2223,12,2022-10-19 19:15:00,14,18,2,0,t,t,t,90,3,4,t
116,2292925,75026,2223,12,2022-10-20 18:30:00,9,2,3,0,t,t,t,90,2,2,t
117,2292926,75027,2223,12,2022-10-20 19:15:00,10,11,2,0,t,t,t,90,2,3,t
126,2292935,75036,2223,13,2022-10-22 11:30:00,16,12,1,0,t,t,t,90,4,2,t
123,2292932,75033,2223,13,2022-10-22 14:00:00,8,7,3,0,t,t,t,90,2,2,t
125,2292934,75035,2223,13,2022-10-22 14:00:00,13,5,3,1,t,t,t,90,3,5,t
122,2292931,75032,2223,13,2022-10-22 16:30:00,6,14,1,1,t,t,t,90,3,4,t
121,2292930,75031,2223,13,2022-10-23 13:00:00,2,4,4,0,t,t,t,90,3,2,t
124,2292933,75034,2223,13,2022-10-23 13:00:00,11,9,2,3,t,t,t,90,2,2,t
127,2292936,75037,2223,13,2022-10-23 13:00:00,17,1,1,1,t,t,t,90,4,2,t
130,2292939,75040,2223,13,2022-10-23 13:00:00,20,10,0,4,t,t,t,90,3,2,t
128,2292937,75038,2223,13,2022-10-23 15:30:00,18,15,1,2,t,t,t,90,3,4,t
129,2292938,75039,2223,13,2022-10-24 19:00:00,19,3,2,0,t,t,t,90,2,3,t
137,2292946,75047,2223,14,2022-10-29 11:30:00,10,13,0,1,t,t,t,90,5,3,t
132,2292940,75042,2223,14,2022-10-29 14:00:00,3,18,2,3,t,t,t,90,3,2,t
133,2292942,75043,2223,14,2022-10-29 14:00:00,4,20,1,1,t,t,t,90,2,3,t
134,2292943,75044,2223,14,2022-10-29 14:00:00,5,6,4,1,t,t,t,90,3,3,t
135,2292944,75045,2223,14,2022-10-29 14:00:00,7,17,1,0,t,t,t,90,2,2,t
140,2292949,75050,2223,14,2022-10-29 14:00:00,15,2,4,0,t,t,t,90,2,4,t
136,2292945,75046,2223,14,2022-10-29 16:30:00,9,8,0,0,t,t,t,90,2,2,t
138,2292947,75048,2223,14,2022-10-29 18:45:00,12,11,1,2,t,t,t,90,2,4,t
131,2292941,75041,2223,14,2022-10-30 14:00:00,1,16,5,0,t,t,t,90,2,4,t
139,2292948,75049,2223,14,2022-10-30 16:15:00,14,19,1,0,t,t,t,90,2,4,t
144,2292953,75054,2223,15,2022-11-05 15:00:00,11,3,4,3,t,t,t,90,2,2,t
145,2292954,75055,2223,15,2022-11-05 15:00:00,13,9,2,1,t,t,t,90,2,5,t
146,2292955,75056,2223,15,2022-11-05 15:00:00,16,4,2,2,t,t,t,90,3,2,t
150,2292959,75060,2223,15,2022-11-05 15:00:00,20,5,2,3,t,t,t,90,3,2,t
143,2292952,75053,2223,15,2022-11-05 17:30:00,8,10,0,2,t,t,t,90,3,2,t
142,2292951,75052,2223,15,2022-11-06 12:00:00,6,1,0,1,t,t,t,90,4,4,t
141,2292950,75051,2223,15,2022-11-06 14:00:00,2,14,3,1,t,t,t,90,3,2,t
147,2292956,75057,2223,15,2022-11-06 14:00:00,17,15,1,4,t,t,t,90,3,2,t
149,2292958,75059,2223,15,2022-11-06 14:00:00,19,7,1,2,t,t,t,90,2,3,t
148,2292957,75058,2223,15,2022-11-06 16:30:00,18,12,1,2,t,t,t,90,4,4,t
155,2292964,75065,2223,16,2022-11-12 12:30:00,13,4,1,2,t,t,t,90,3,5,t
151,2292960,75061,2223,16,2022-11-12 15:00:00,3,8,3,0,t,t,t,90,2,2,t
154,2292963,75064,2223,16,2022-11-12 15:00:00,12,17,3,1,t,t,t,90,2,4,t
157,2292966,75067,2223,16,2022-11-12 15:00:00,16,7,1,0,t,t,t,90,2,2,t
158,2292967,75068,2223,16,2022-11-12 15:00:00,18,11,4,3,t,t,t,90,2,4,t
159,2292968,75069,2223,16,2022-11-12 15:00:00,19,10,0,2,t,t,t,90,3,3,t
156,2292965,75066,2223,16,2022-11-12 17:30:00,15,6,1,0,t,t,t,90,3,4,t
160,2292969,75070,2223,16,2022-11-12 19:45:00,20,1,0,2,t,t,t,90,4,2,t
152,2292961,75062,2223,16,2022-11-13 14:00:00,5,2,1,2,t,t,t,90,2,3,t
153,2292962,75063,2223,16,2022-11-13 16:30:00,9,14,1,2,t,t,t,90,3,2,t
163,2292972,75073,2223,17,2022-12-26 12:30:00,4,18,2,2,t,t,t,90,3,3,t
165,2292974,75075,2223,17,2022-12-26 15:00:00,7,9,0,3,t,t,t,90,2,2,t
166,2292975,75076,2223,17,2022-12-26 15:00:00,8,20,1,2,t,t,t,90,2,2,t
168,2292977,75078,2223,17,2022-12-26 15:00:00,10,15,0,3,t,t,t,90,3,3,t
170,2292979,75080,2223,17,2022-12-26 15:00:00,17,5,1,3,t,t,t,90,3,2,t
162,2292971,75072,2223,17,2022-12-26 17:30:00,2,12,1,3,t,t,t,90,4,2,t
161,2292970,75071,2223,17,2022-12-26 20:00:00,1,19,3,1,t,t,t,90,2,4,t
164,2292973,75074,2223,17,2022-12-27 17:30:00,6,3,2,0,t,t,t,90,2,4,t
169,2292978,75079,2223,17,2022-12-27 20:00:00,14,16,3,0,t,t,t,90,2,4,t
167,2292976,75077,2223,17,2022-12-28 20:00:00,11,13,1,3,t,t,t,90,5,2,t
179,2292988,75089,2223,18,2022-12-30 19:45:00,19,4,0,2,t,t,t,90,3,3,t
174,2292983,75084,2223,18,2022-12-30 20:00:00,12,10,2,1,t,t,t,90,3,4,t
180,2292989,75090,2223,18,2022-12-31 12:30:00,20,14,0,1,t,t,t,90,3,2,t
171,2292980,75081,2223,18,2022-12-31 15:00:00,3,7,0,2,t,t,t,90,2,2,t
173,2292982,75083,2223,18,2022-12-31 15:00:00,9,17,2,1,t,t,t,90,2,2,t
175,2292984,75085,2223,18,2022-12-31 15:00:00,13,8,1,1,t,t,t,90,2,5,t
176,2292985,75086,2223,18,2022-12-31 15:00:00,15,11,0,0,t,t,t,90,2,4,t
172,2292981,75082,2223,18,2022-12-31 17:30:00,5,1,2,4,t,t,t,90,4,3,t
178,2292987,75088,2223,18,2023-01-01 14:00:00,18,2,0,2,t,t,t,90,2,4,t
177,2292986,75087,2223,18,2023-01-01 16:30:00,16,6,1,1,t,t,t,90,3,2,t
183,2292992,75093,2223,19,2023-01-02 17:30:00,4,12,3,1,t,t,t,90,4,3,t
181,2292990,75091,2223,19,2023-01-03 19:45:00,1,15,0,0,t,t,t,90,3,4,t
186,2292995,75096,2223,19,2023-01-03 19:45:00,8,5,1,4,t,t,t,90,3,2,t
188,2292997,75098,2223,19,2023-01-03 19:45:00,10,9,0,1,t,t,t,90,2,3,t
189,2292998,75099,2223,19,2023-01-03 20:00:00,14,3,3,0,t,t,t,90,2,4,t
190,2292999,75100,2223,19,2023-01-04 19:30:00,17,16,0,1,t,t,t,90,2,2,t
187,2292996,75097,2223,19,2023-01-04 19:45:00,11,19,2,2,t,t,t,90,2,2,t
182,2292991,75092,2223,19,2023-01-04 20:00:00,2,20,1,1,t,t,t,90,2,2,t
185,2292994,75095,2223,19,2023-01-04 20:00:00,7,18,0,4,t,t,t,90,3,2,t
184,2292993,75094,2223,19,2023-01-05 20:00:00,6,13,0,1,t,t,t,90,5,4,t
64,2292873,74974,2223,19,2023-01-12 20:00:00,9,6,2,1,t,t,t,90,3,2,t
191,2293000,75101,2223,20,2023-01-13 20:00:00,2,11,2,1,t,t,t,90,2,2,t
196,2293005,75106,2223,20,2023-01-14 12:30:00,14,13,2,1,t,t,t,90,5,4,t
193,2293002,75103,2223,20,2023-01-14 15:00:00,5,12,3,0,t,t,t,90,4,3,t
195,2293004,75105,2223,20,2023-01-14 15:00:00,8,17,1,2,t,t,t,90,2,2,t
198,2293007,75108,2223,20,2023-01-14 15:00:00,16,10,2,0,t,t,t,90,3,2,t
200,2293009,75110,2223,20,2023-01-14 15:00:00,20,19,1,0,t,t,t,90,2,2,t
192,2293001,75102,2223,20,2023-01-14 17:30:00,4,3,2,0,t,t,t,90,2,3,t
194,2293003,75104,2223,20,2023-01-15 14:00:00,6,7,1,0,t,t,t,90,2,4,t
197,2293006,75107,2223,20,2023-01-15 14:00:00,15,9,1,0,t,t,t,90,2,4,t
199,2293008,75109,2223,20,2023-01-15 16:30:00,18,1,0,2,t,t,t,90,4,4,t
63,2292872,74973,2223,20,2023-01-18 20:00:00,7,14,1,1,t,t,t,90,3,2,t
68,2292877,74978,2223,20,2023-01-19 20:00:00,13,18,4,2,t,t,t,90,3,5,t
207,2293016,75117,2223,21,2023-01-21 12:30:00,12,6,0,0,t,t,t,90,3,4,t
202,2293010,75112,2223,21,2023-01-21 15:00:00,3,16,1,1,t,t,t,90,2,2,t
206,2293015,75116,2223,21,2023-01-21 15:00:00,10,5,2,2,t,t,t,90,3,3,t
209,2293018,75119,2223,21,2023-01-21 15:00:00,17,2,0,1,t,t,t,90,2,2,t
210,2293019,75120,2223,21,2023-01-21 15:00:00,19,8,2,0,t,t,t,90,2,3,t
203,2293012,75113,2223,21,2023-01-21 17:30:00,7,15,0,0,t,t,t,90,3,2,t
205,2293014,75115,2223,21,2023-01-22 14:00:00,11,4,0,0,t,t,t,90,3,2,t
208,2293017,75118,2223,21,2023-01-22 14:00:00,13,20,3,0,t,t,t,90,2,5,t
201,2293011,75111,2223,21,2023-01-22 16:30:00,1,14,3,2,t,t,t,90,3,4,t
204,2293013,75114,2223,21,2023-01-23 20:15:00,9,18,0,1,t,t,t,90,3,2,t
214,2293023,75124,2223,22,2023-02-03 20:00:00,6,9,0,0,t,t,t,90,2,4,t
215,2293024,75125,2223,22,2023-02-04 12:30:00,8,1,1,0,t,t,t,90,4,2,t
211,2293020,75121,2223,22,2023-02-04 15:00:00,2,10,2,4,t,t,t,90,3,2,t
212,2293021,75122,2223,22,2023-02-04 15:00:00,4,17,3,0,t,t,t,90,2,3,t
213,2293022,75123,2223,22,2023-02-04 15:00:00,5,3,1,0,t,t,t,90,2,3,t
216,2293025,75126,2223,22,2023-02-04 15:00:00,14,7,2,1,t,t,t,90,2,4,t
220,2293029,75130,2223,22,2023-02-04 15:00:00,20,12,3,0,t,t,t,90,4,2,t
217,2293026,75127,2223,22,2023-02-04 17:30:00,15,19,1,1,t,t,t,90,2,4,t
218,2293027,75128,2223,22,2023-02-05 14:00:00,16,11,1,0,t,t,t,90,2,2,t
219,2293028,75129,2223,22,2023-02-05 16:30:00,18,13,1,0,t,t,t,90,5,4,t
76,2292885,74986,2223,22,2023-02-08 20:00:00,14,11,2,2,t,t,t,90,2,4,t
230,2293039,75140,2223,23,2023-02-11 12:30:00,19,6,1,1,t,t,t,90,3,3,t
221,2293031,75131,2223,23,2023-02-11 15:00:00,1,4,1,1,t,t,t,90,3,4,t
223,2293032,75133,2223,23,2023-02-11 15:00:00,7,5,1,1,t,t,t,90,3,2,t
224,2293033,75134,2223,23,2023-02-11 15:00:00,9,16,2,0,t,t,t,90,2,2,t
226,2293035,75136,2223,23,2023-02-11 15:00:00,10,18,4,1,t,t,t,90,3,3,t
229,2293038,75139,2223,23,2023-02-11 15:00:00,17,20,1,2,t,t,t,90,2,2,t
222,2293030,75132,2223,23,2023-02-11 17:30:00,3,15,1,1,t,t,t,90,3,2,t
225,2293034,75135,2223,23,2023-02-12 14:00:00,11,14,0,2,t,t,t,90,3,2,t
228,2293037,75138,2223,23,2023-02-12 16:30:00,13,2,3,1,t,t,t,90,2,5,t
227,2293036,75137,2223,23,2023-02-13 20:00:00,12,8,2,0,t,t,t,90,2,4,t
111,2292921,75021,2223,23,2023-02-15 19:30:00,1,13,1,3,t,t,t,90,5,4,t
231,2293040,75141,2223,24,2023-02-18 12:30:00,2,1,2,4,t,t,t,90,4,2,t
232,2293041,75142,2223,24,2023-02-18 15:00:00,4,7,1,1,t,t,t,90,2,3,t
233,2293042,75143,2223,24,2023-02-18 15:00:00,5,9,0,1,t,t,t,90,2,3,t
234,2293043,75144,2223,24,2023-02-18 15:00:00,6,17,0,1,t,t,t,90,2,4,t
235,2293044,75145,2223,24,2023-02-18 15:00:00,8,11,1,0,t,t,t,90,2,2,t
238,2293047,75148,2223,24,2023-02-18 15:00:00,16,13,1,1,t,t,t,90,5,2,t
240,2293049,75150,2223,24,2023-02-18 15:00:00,20,3,0,1,t,t,t,90,2,2,t
237,2293046,75147,2223,24,2023-02-18 17:30:00,15,12,0,2,t,t,t,90,4,4,t
236,2293045,75146,2223,24,2023-02-19 14:00:00,14,10,3,0,t,t,t,90,3,4,t
239,2293048,75149,2223,24,2023-02-19 16:30:00,18,19,2,0,t,t,t,90,2,4,t
244,2293053,75154,2223,25,2023-02-24 20:00:00,9,20,1,1,t,t,t,90,2,2,t
243,2293052,75153,2223,25,2023-02-25 15:00:00,8,2,0,2,t,t,t,90,2,2,t
245,2293054,75155,2223,25,2023-02-25 15:00:00,11,17,1,0,t,t,t,90,2,2,t
246,2293055,75156,2223,25,2023-02-25 15:00:00,10,1,0,1,t,t,t,90,4,3,t
250,2293059,75160,2223,25,2023-02-25 15:00:00,19,16,4,0,t,t,t,90,2,3,t
241,2293050,75151,2223,25,2023-02-25 17:30:00,3,13,1,4,t,t,t,90,5,2,t
242,2293051,75152,2223,25,2023-02-25 19:45:00,7,12,0,0,t,t,t,90,4,2,t
249,2293058,75159,2223,25,2023-02-26 13:30:00,18,6,2,0,t,t,t,90,3,4,t
61,2292871,74971,2223,25,2023-03-01 19:45:00,1,8,4,0,t,t,t,90,2,4,t
67,2292876,74977,2223,25,2023-03-01 20:00:00,12,20,2,0,t,t,t,90,2,4,t
257,2293066,75167,2223,26,2023-03-04 12:30:00,13,15,2,0,t,t,t,90,3,5,t
251,2293060,75161,2223,26,2023-03-04 15:00:00,1,3,3,2,t,t,t,90,2,4,t
252,2293061,75162,2223,26,2023-03-04 15:00:00,2,7,1,0,t,t,t,90,2,2,t
254,2293063,75164,2223,26,2023-03-04 15:00:00,5,19,4,0,t,t,t,90,2,3,t
255,2293064,75165,2223,26,2023-03-04 15:00:00,6,11,1,0,t,t,t,90,2,4,t
260,2293069,75170,2223,26,2023-03-04 15:00:00,20,18,1,0,t,t,t,90,3,2,t
259,2293068,75169,2223,26,2023-03-04 17:30:00,17,10,1,0,t,t,t,90,3,2,t
258,2293067,75168,2223,26,2023-03-05 14:00:00,16,8,2,2,t,t,t,90,2,2,t
256,2293065,75166,2223,26,2023-03-05 16:30:00,12,14,7,0,t,t,t,90,3,4,t
253,2293062,75163,2223,26,2023-03-06 20:00:00,4,9,3,2,t,t,t,90,2,3,t
261,2293070,75171,2223,27,2023-03-11 12:30:00,3,12,1,0,t,t,t,90,4,2,t
263,2293072,75173,2223,27,2023-03-11 15:00:00,8,4,1,0,t,t,t,90,3,2,t
265,2293074,75175,2223,27,2023-03-11 15:00:00,11,5,2,2,t,t,t,90,3,2,t
266,2293075,75176,2223,27,2023-03-11 15:00:00,10,6,1,3,t,t,t,90,3,3,t
269,2293078,75179,2223,27,2023-03-11 15:00:00,18,16,3,1,t,t,t,90,2,4,t
262,2293071,75172,2223,27,2023-03-11 17:30:00,7,13,0,1,t,t,t,90,5,2,t
264,2293073,75174,2223,27,2023-03-12 14:00:00,9,1,0,3,t,t,t,90,4,2,t
267,2293076,75177,2223,27,2023-03-12 14:00:00,14,17,0,0,t,t,t,90,2,4,t
270,2293079,75180,2223,27,2023-03-12 14:00:00,19,2,1,1,t,t,t,90,2,3,t
268,2293077,75178,2223,27,2023-03-12 16:30:00,15,20,2,1,t,t,t,90,2,4,t
73,2292882,74983,2223,27,2023-03-15 19:30:00,5,7,1,0,t,t,t,90,2,3,t
69,2292878,74979,2223,27,2023-03-15 19:30:00,17,4,0,2,t,t,t,90,3,2,t
278,2293087,75188,2223,28,2023-03-17 20:00:00,16,15,1,2,t,t,t,90,3,2,t
272,2293081,75182,2223,28,2023-03-18 15:00:00,2,3,3,0,t,t,t,90,2,2,t
273,2293082,75183,2223,28,2023-03-18 15:00:00,4,10,1,1,t,t,t,90,3,3,t
279,2293088,75189,2223,28,2023-03-18 15:00:00,17,18,3,3,t,t,t,90,3,2,t
280,2293089,75190,2223,28,2023-03-18 15:00:00,20,11,2,4,t,t,t,90,2,2,t
275,2293084,75185,2223,28,2023-03-18 17:30:00,6,8,2,2,t,t,t,90,2,4,t
271,2293080,75181,2223,28,2023-03-19 14:00:00,1,7,4,1,t,t,t,90,2,4,t
287,2293096,75197,2223,29,2023-04-01 11:30:00,13,12,4,1,t,t,t,90,4,5,t
281,2293091,75191,2223,29,2023-04-01 14:00:00,1,11,4,1,t,t,t,90,2,4,t
282,2293090,75192,2223,29,2023-04-01 14:00:00,3,9,2,1,t,t,t,90,2,2,t
283,2293092,75193,2223,29,2023-04-01 14:00:00,5,4,3,3,t,t,t,90,3,3,t
285,2293094,75195,2223,29,2023-04-01 14:00:00,7,10,2,1,t,t,t,90,3,2,t
289,2293098,75199,2223,29,2023-04-01 14:00:00,16,20,1,1,t,t,t,90,2,2,t
284,2293093,75194,2223,29,2023-04-01 16:30:00,6,2,0,2,t,t,t,90,2,4,t
290,2293099,75200,2223,29,2023-04-02 13:00:00,19,17,1,0,t,t,t,90,2,3,t
288,2293097,75198,2223,29,2023-04-02 15:30:00,15,14,2,0,t,t,t,90,3,4,t
286,2293095,75196,2223,29,2023-04-03 19:00:00,8,18,1,1,t,t,t,90,3,2,t
62,2292870,74972,2223,29,2023-04-04 18:45:00,3,5,0,2,t,t,t,90,3,2,t
65,2292874,74975,2223,29,2023-04-04 18:45:00,11,16,2,1,t,t,t,90,2,2,t
66,2292875,74976,2223,29,2023-04-04 18:45:00,10,2,1,2,t,t,t,90,2,3,t
74,2292883,74984,2223,29,2023-04-04 19:00:00,6,12,0,0,t,t,t,90,4,4,t
247,2293056,75157,2223,29,2023-04-05 19:00:00,14,4,1,0,t,t,t,90,3,4,t
70,2292879,74980,2223,29,2023-04-05 19:00:00,19,15,1,5,t,t,t,90,3,3,t
297,2293106,75207,2223,30,2023-04-08 11:30:00,14,8,2,0,t,t,t,90,2,4,t
291,2293100,75201,2223,30,2023-04-08 14:00:00,2,16,2,0,t,t,t,90,2,2,t
292,2293101,75202,2223,30,2023-04-08 14:00:00,4,15,1,2,t,t,t,90,3,3,t
293,2293102,75203,2223,30,2023-04-08 14:00:00,9,19,0,1,t,t,t,90,2,2,t
295,2293104,75205,2223,30,2023-04-08 14:00:00,10,3,0,1,t,t,t,90,2,3,t
299,2293108,75209,2223,30,2023-04-08 14:00:00,18,5,2,1,t,t,t,90,3,4,t
300,2293109,75210,2223,30,2023-04-08 14:00:00,20,6,1,0,t,t,t,90,3,2,t
298,2293107,75208,2223,30,2023-04-08 16:30:00,17,13,1,4,t,t,t,90,5,2,t
294,2293103,75204,2223,30,2023-04-09 13:00:00,11,7,1,5,t,t,t,90,2,2,t
296,2293105,75206,2223,30,2023-04-09 15:30:00,12,1,2,2,t,t,t,90,4,4,t
301,2293110,75211,2223,31,2023-04-15 11:30:00,2,15,3,0,t,t,t,90,3,2,t
302,2293111,75212,2223,31,2023-04-15 14:00:00,6,5,1,2,t,t,t,90,3,4,t
303,2293112,75213,2223,31,2023-04-15 14:00:00,8,9,1,3,t,t,t,90,2,2,t
307,2293116,75217,2223,31,2023-04-15 14:00:00,17,7,0,2,t,t,t,90,2,2,t
310,2293119,75220,2223,31,2023-04-15 14:00:00,20,4,2,0,t,t,t,90,3,2,t
308,2293117,75218,2223,31,2023-04-15 14:15:00,18,3,2,3,t,t,t,90,2,4,t
305,2293114,75215,2223,31,2023-04-15 16:30:00,13,10,3,1,t,t,t,90,3,5,t
309,2293118,75219,2223,31,2023-04-16 13:00:00,19,1,2,2,t,t,t,90,4,3,t
306,2293115,75216,2223,31,2023-04-16 15:30:00,16,14,0,2,t,t,t,90,3,2,t
304,2293113,75214,2223,31,2023-04-17 19:00:00,11,12,1,6,t,t,t,90,4,2,t
311,2293121,75221,2223,32,2023-04-21 19:00:00,1,17,3,3,t,t,t,90,2,4,t
316,2293125,75226,2223,32,2023-04-22 11:30:00,9,11,2,1,t,t,t,90,2,2,t
313,2293122,75223,2223,32,2023-04-22 14:00:00,4,2,1,1,t,t,t,90,2,3,t
315,2293124,75225,2223,32,2023-04-22 14:00:00,7,8,0,0,t,t,t,90,2,2,t
317,2293126,75227,2223,32,2023-04-22 14:00:00,10,20,2,1,t,t,t,90,2,3,t
318,2293127,75228,2223,32,2023-04-22 14:00:00,12,16,3,2,t,t,t,90,2,4,t
312,2293120,75222,2223,32,2023-04-23 13:00:00,3,19,0,4,t,t,t,90,2,2,t
320,2293129,75230,2223,32,2023-04-23 13:00:00,15,18,6,1,t,t,t,90,3,4,t
327,2293136,75237,2223,33,2023-04-25 18:30:00,20,7,2,0,t,t,t,90,2,2,t
321,2293130,75231,2223,33,2023-04-25 18:45:00,2,9,1,0,t,t,t,90,2,2,t
323,2293132,75233,2223,33,2023-04-25 19:00:00,11,10,1,1,t,t,t,90,3,2,t
324,2293133,75234,2223,33,2023-04-26 18:30:00,16,5,3,1,t,t,t,90,3,2,t
328,2293137,75238,2223,33,2023-04-26 18:45:00,6,4,0,2,t,t,t,90,3,4,t
326,2293135,75236,2223,33,2023-04-26 18:45:00,19,12,1,2,t,t,t,90,4,3,t
329,2293138,75239,2223,33,2023-04-26 19:00:00,13,1,4,1,t,t,t,90,4,5,t
322,2293131,75232,2223,33,2023-04-27 18:45:00,8,15,1,4,t,t,t,90,3,2,t
330,2293139,75240,2223,33,2023-04-27 18:45:00,17,3,0,1,t,t,t,90,2,2,t
325,2293134,75235,2223,33,2023-04-27 19:15:00,18,14,2,2,t,t,t,90,3,4,t
335,2293144,75245,2223,34,2023-04-29 11:30:00,7,19,4,3,t,t,t,90,2,2,t
333,2293142,75243,2223,34,2023-04-29 14:00:00,4,16,2,1,t,t,t,90,2,3,t
334,2293143,75244,2223,34,2023-04-29 14:00:00,5,20,6,0,t,t,t,90,2,3,t
332,2293140,75242,2223,34,2023-04-30 13:00:00,3,11,4,1,t,t,t,90,2,2,t
336,2293145,75246,2223,34,2023-04-30 13:00:00,9,13,1,2,t,t,t,90,5,2,t
339,2293148,75249,2223,34,2023-04-30 13:00:00,14,2,1,0,t,t,t,90,2,4,t
340,2293149,75250,2223,34,2023-04-30 13:00:00,15,17,3,1,t,t,t,90,2,4,t
338,2293147,75248,2223,34,2023-04-30 15:30:00,12,18,4,3,t,t,t,90,3,4,t
337,2293146,75247,2223,34,2023-05-01 19:00:00,10,8,2,2,t,t,t,90,2,3,t
331,2293141,75241,2223,34,2023-05-02 19:00:00,1,6,3,1,t,t,t,90,3,4,t
276,2293085,75186,2223,34,2023-05-03 19:00:00,12,9,1,0,t,t,t,90,2,4,t
277,2293086,75187,2223,34,2023-05-03 19:00:00,13,19,3,0,t,t,t,90,2,5,t
274,2293083,75184,2223,34,2023-05-04 19:00:00,5,14,1,0,t,t,t,90,3,3,t
341,2293150,75251,2223,35,2023-05-06 14:00:00,3,6,1,3,t,t,t,90,3,2,t
345,2293154,75255,2223,35,2023-05-06 14:00:00,13,11,2,1,t,t,t,90,2,5,t
348,2293157,75258,2223,35,2023-05-06 14:00:00,18,7,1,0,t,t,t,90,2,4,t
350,2293159,75260,2223,35,2023-05-06 14:00:00,20,2,1,0,t,t,t,90,2,2,t
344,2293153,75254,2223,35,2023-05-06 16:30:00,12,4,1,0,t,t,t,90,3,4,t
346,2293155,75256,2223,35,2023-05-07 15:30:00,15,1,0,2,t,t,t,90,4,4,t
349,2293158,75259,2223,35,2023-05-07 18:00:00,19,14,1,0,t,t,t,90,3,3,t
343,2293152,75253,2223,35,2023-05-08 14:00:00,9,10,5,3,t,t,t,90,3,2,t
342,2293151,75252,2223,35,2023-05-08 16:30:00,5,8,1,5,t,t,t,90,2,3,t
347,2293156,75257,2223,35,2023-05-08 19:00:00,16,17,4,3,t,t,t,90,2,2,t
357,2293166,75267,2223,36,2023-05-13 11:30:00,11,15,2,2,t,t,t,90,3,2,t
352,2293161,75262,2223,36,2023-05-13 14:00:00,2,18,2,1,t,t,t,90,3,2,t
354,2293163,75264,2223,36,2023-05-13 14:00:00,6,16,2,2,t,t,t,90,2,4,t
355,2293164,75265,2223,36,2023-05-13 14:00:00,7,3,2,0,t,t,t,90,2,2,t
359,2293168,75269,2223,36,2023-05-13 14:00:00,14,20,2,0,t,t,t,90,2,4,t
360,2293169,75270,2223,36,2023-05-13 14:00:00,17,9,0,2,t,t,t,90,2,2,t
353,2293162,75263,2223,36,2023-05-14 13:00:00,4,19,2,0,t,t,t,90,2,3,t
356,2293165,75266,2223,36,2023-05-14 13:00:00,8,13,0,3,t,t,t,90,5,2,t
351,2293160,75261,2223,36,2023-05-14 15:30:00,1,5,0,3,t,t,t,90,3,4,t
358,2293167,75268,2223,36,2023-05-15 19:00:00,10,12,0,3,t,t,t,90,4,3,t
248,2293057,75158,2223,36,2023-05-18 18:30:00,15,5,4,1,t,t,t,90,3,4,t
368,2293177,75278,2223,37,2023-05-20 11:30:00,18,4,1,3,t,t,t,90,3,4,t
361,2293170,75271,2223,37,2023-05-20 14:00:00,3,14,0,1,t,t,t,90,3,2,t
363,2293172,75273,2223,37,2023-05-20 14:00:00,9,7,2,2,t,t,t,90,2,2,t
364,2293173,75274,2223,37,2023-05-20 14:00:00,12,2,1,1,t,t,t,90,2,4,t
370,2293179,75280,2223,37,2023-05-20 14:00:00,20,8,1,1,t,t,t,90,2,2,t
367,2293176,75277,2223,37,2023-05-20 16:30:00,16,1,1,0,t,t,t,90,4,2,t
369,2293178,75279,2223,37,2023-05-21 12:30:00,19,11,3,1,t,t,t,90,2,3,t
362,2293171,75272,2223,37,2023-05-21 13:00:00,5,17,3,1,t,t,t,90,2,3,t
365,2293174,75275,2223,37,2023-05-21 15:00:00,13,6,1,0,t,t,t,90,3,5,t
366,2293175,75276,2223,37,2023-05-22 19:00:00,15,10,0,0,t,t,t,90,3,4,t
314,2293123,75224,2223,37,2023-05-24 19:00:00,5,13,1,1,t,t,t,90,5,3,t
319,2293128,75229,2223,37,2023-05-25 19:00:00,14,6,4,1,t,t,t,90,3,4,t
371,2293180,75281,2223,38,2023-05-28 15:30:00,1,20,5,0,t,t,t,90,2,4,t
372,2293181,75282,2223,38,2023-05-28 15:30:00,2,5,2,1,t,t,t,90,3,2,t
373,2293182,75283,2223,38,2023-05-28 15:30:00,4,13,1,0,t,t,t,90,5,3,t
374,2293183,75284,2223,38,2023-05-28 15:30:00,6,15,1,1,t,t,t,90,3,4,t
375,2293184,75285,2223,38,2023-05-28 15:30:00,7,16,1,1,t,t,t,90,2,2,t
376,2293185,75286,2223,38,2023-05-28 15:30:00,8,3,1,0,t,t,t,90,2,2,t
377,2293186,75287,2223,38,2023-05-28 15:30:00,11,18,1,4,t,t,t,90,3,2,t
378,2293187,75288,2223,38,2023-05-28 15:30:00,10,19,2,1,t,t,t,90,2,3,t
379,2293188,75289,2223,38,2023-05-28 15:30:00,14,9,2,1,t,t,t,90,2,4,t
380,2293189,75290,2223,38,2023-05-28 15:30:00,17,12,4,4,t,t,t,90,4,2,t
17,2367554,93337,2324,2,2023-08-18 18:45:00,16,17,2,1,t,t,t,90,2,2,t
13,2367550,93333,2324,2,2023-08-19 14:00:00,10,4,0,3,t,t,t,90,2,3,t
14,2367551,93334,2324,2,2023-08-19 14:00:00,11,3,3,1,t,t,t,90,2,5,t
20,2367557,93340,2324,2,2023-08-19 14:00:00,20,5,1,4,t,t,t,90,2,2,t
18,2367555,93338,2324,2,2023-08-19 16:30:00,18,14,2,0,t,t,t,90,3,4,t
16,2367553,93336,2324,2,2023-08-19 19:00:00,13,15,1,0,t,t,t,90,3,5,t
11,2367548,93331,2324,2,2023-08-20 13:00:00,2,9,4,0,t,t,t,90,2,4,t
19,2367556,93339,2324,2,2023-08-20 15:30:00,19,7,3,1,t,t,t,90,3,3,t
12,2367549,93332,2324,2,2023-08-21 19:00:00,8,1,0,1,t,t,t,90,5,2,t
26,2367563,93346,2324,3,2023-08-25 19:00:00,7,12,3,0,t,t,t,90,2,3,t
22,2367558,93342,2324,3,2023-08-26 11:30:00,3,18,0,2,t,t,t,90,3,2,t
21,2367559,93341,2324,3,2023-08-26 14:00:00,1,10,2,2,t,t,t,90,2,5,t
23,2367560,93343,2324,3,2023-08-26 14:00:00,4,8,1,1,t,t,t,90,2,2,t
27,2367564,93347,2324,3,2023-08-26 14:00:00,9,20,0,1,t,t,t,90,2,2,t
28,2367565,93348,2324,3,2023-08-26 14:00:00,14,16,3,2,t,t,t,90,2,4,t
24,2367561,93344,2324,3,2023-08-26 16:30:00,5,19,1,3,t,t,t,90,2,3,t
25,2367562,93345,2324,3,2023-08-27 13:00:00,6,2,1,3,t,t,t,90,3,2,t
30,2367567,93350,2324,3,2023-08-27 13:00:00,17,13,1,2,t,t,t,90,5,2,t
29,2367566,93349,2324,3,2023-08-27 15:30:00,15,11,1,2,t,t,t,90,4,4,t
38,2367575,93358,2324,4,2023-09-01 19:00:00,12,19,1,2,t,t,t,90,2,2,t
40,2367577,93360,2324,4,2023-09-02 11:30:00,17,9,2,2,t,t,t,90,2,2,t
32,2367569,93352,2324,4,2023-09-02 14:00:00,4,3,2,2,t,t,t,90,2,2,t
34,2367571,93354,2324,4,2023-09-02 14:00:00,6,18,2,5,t,t,t,90,3,2,t
35,2367572,93355,2324,4,2023-09-02 14:00:00,7,16,0,1,t,t,t,90,2,3,t
39,2367576,93359,2324,4,2023-09-02 14:00:00,13,10,5,1,t,t,t,90,2,5,t
33,2367570,93353,2324,4,2023-09-02 16:30:00,5,15,3,1,t,t,t,90,3,3,t
36,2367573,93356,2324,4,2023-09-03 13:00:00,8,20,3,2,t,t,t,90,2,2,t
37,2367574,93357,2324,4,2023-09-03 13:00:00,11,2,3,0,t,t,t,90,3,5,t
31,2367568,93351,2324,4,2023-09-03 15:30:00,1,14,3,1,t,t,t,90,3,5,t
50,2367587,93370,2324,5,2023-09-16 11:30:00,20,11,1,3,t,t,t,90,4,2,t
41,2367579,93361,2324,5,2023-09-16 14:00:00,2,8,3,1,t,t,t,90,2,4,t
44,2367581,93364,2324,5,2023-09-16 14:00:00,10,12,1,0,t,t,t,90,2,3,t
45,2367582,93365,2324,5,2023-09-16 14:00:00,14,5,1,3,t,t,t,90,2,4,t
48,2367585,93368,2324,5,2023-09-16 14:00:00,18,17,2,1,t,t,t,90,2,4,t
49,2367586,93369,2324,5,2023-09-16 14:00:00,19,13,1,3,t,t,t,90,5,3,t
46,2367583,93366,2324,5,2023-09-16 16:30:00,15,4,1,0,t,t,t,90,2,4,t
42,2367578,93362,2324,5,2023-09-17 13:00:00,3,7,0,0,t,t,t,90,3,2,t
43,2367580,93363,2324,5,2023-09-17 15:30:00,9,1,0,1,t,t,t,90,5,2,t
47,2367584,93367,2324,5,2023-09-18 18:45:00,16,6,1,1,t,t,t,90,2,2,t
56,2367593,93376,2324,6,2023-09-23 14:00:00,8,10,0,0,t,t,t,90,2,2,t
58,2367595,93378,2324,6,2023-09-23 14:00:00,12,20,1,1,t,t,t,90,2,2,t
59,2367596,93379,2324,6,2023-09-23 14:00:00,13,16,2,0,t,t,t,90,2,5,t
52,2367589,93372,2324,6,2023-09-23 16:30:00,4,9,1,3,t,t,t,90,2,2,t
54,2367591,93374,2324,6,2023-09-23 19:00:00,6,14,0,1,t,t,t,90,3,2,t
51,2367588,93371,2324,6,2023-09-24 13:00:00,1,18,2,2,t,t,t,90,3,5,t
53,2367590,93373,2324,6,2023-09-24 13:00:00,5,3,3,1,t,t,t,90,2,3,t
55,2367592,93375,2324,6,2023-09-24 13:00:00,7,2,0,1,t,t,t,90,3,3,t
57,2367594,93377,2324,6,2023-09-24 13:00:00,11,19,3,1,t,t,t,90,2,5,t
60,2367597,93380,2324,6,2023-09-24 15:30:00,17,15,0,8,t,t,t,90,3,2,t
61,2367599,93381,2324,7,2023-09-30 11:30:00,2,5,6,1,t,t,t,90,2,4,t
62,2367598,93382,2324,7,2023-09-30 14:00:00,3,1,0,4,t,t,t,90,5,2,t
63,2367600,93383,2324,7,2023-09-30 14:00:00,9,12,1,2,t,t,t,90,2,2,t
65,2367602,93385,2324,7,2023-09-30 14:00:00,14,8,0,1,t,t,t,90,2,4,t
66,2367603,93386,2324,7,2023-09-30 14:00:00,15,6,2,0,t,t,t,90,2,4,t
69,2367606,93389,2324,7,2023-09-30 14:00:00,19,17,2,0,t,t,t,90,2,3,t
70,2367607,93390,2324,7,2023-09-30 14:00:00,20,13,2,1,t,t,t,90,5,2,t
68,2367605,93388,2324,7,2023-09-30 16:30:00,18,11,2,1,t,t,t,90,4,4,t
67,2367604,93387,2324,7,2023-10-01 13:00:00,16,4,1,1,t,t,t,90,2,2,t
64,2367601,93384,2324,7,2023-10-02 19:00:00,10,7,0,2,t,t,t,90,3,3,t
15,2367552,93335,2324,7,2023-10-03 18:30:00,12,6,1,2,t,t,t,90,2,2,t
77,2367614,93397,2324,8,2023-10-07 11:30:00,12,18,0,1,t,t,t,90,3,2,t
73,2367610,93393,2324,8,2023-10-07 14:00:00,6,7,1,4,t,t,t,90,3,2,t
75,2367612,93395,2324,8,2023-10-07 14:00:00,9,3,3,0,t,t,t,90,2,2,t
76,2367613,93396,2324,8,2023-10-07 14:00:00,10,17,3,1,t,t,t,90,2,3,t
78,2367615,93398,2324,8,2023-10-07 14:00:00,14,4,2,1,t,t,t,90,2,4,t
74,2367611,93394,2324,8,2023-10-07 16:30:00,8,16,0,0,t,t,t,90,2,2,t
72,2367609,93392,2324,8,2023-10-08 13:00:00,5,11,2,2,t,t,t,90,4,3,t
79,2367616,93399,2324,8,2023-10-08 13:00:00,19,15,2,2,t,t,t,90,3,3,t
80,2367617,93400,2324,8,2023-10-08 13:00:00,20,2,1,1,t,t,t,90,3,2,t
71,2367608,93391,2324,8,2023-10-08 15:30:00,1,13,1,0,t,t,t,90,5,5,t
85,2367622,93405,2324,9,2023-10-21 11:30:00,11,9,2,0,t,t,t,90,2,5,t
82,2367618,93402,2324,9,2023-10-21 14:00:00,3,20,1,2,t,t,t,90,2,2,t
83,2367620,93403,2324,9,2023-10-21 14:00:00,4,6,3,0,t,t,t,90,2,2,t
86,2367623,93406,2324,9,2023-10-21 14:00:00,13,5,2,1,t,t,t,90,2,5,t
87,2367624,93407,2324,9,2023-10-21 14:00:00,15,8,4,0,t,t,t,90,2,4,t
88,2367625,93408,2324,9,2023-10-21 14:00:00,16,12,2,2,t,t,t,90,2,2,t
84,2367621,93404,2324,9,2023-10-21 16:30:00,7,1,2,2,t,t,t,90,5,3,t
89,2367626,93409,2324,9,2023-10-21 19:00:00,17,14,1,2,t,t,t,90,3,2,t
81,2367619,93401,2324,9,2023-10-22 15:30:00,2,19,4,1,t,t,t,90,2,4,t
90,2367627,93410,2324,9,2023-10-23 19:00:00,18,10,2,0,t,t,t,90,2,4,t
96,2367633,93416,2324,10,2023-10-27 19:00:00,8,18,1,2,t,t,t,90,3,2,t
95,2367632,93415,2324,10,2023-10-28 11:30:00,7,4,0,2,t,t,t,90,2,3,t
91,2367629,93411,2324,10,2023-10-28 14:00:00,1,17,5,0,t,t,t,90,2,5,t
93,2367628,93413,2324,10,2023-10-28 14:00:00,3,6,2,1,t,t,t,90,2,2,t
100,2367637,93420,2324,10,2023-10-28 16:30:00,20,15,2,2,t,t,t,90,3,2,t
99,2367636,93419,2324,10,2023-10-29 13:00:00,19,9,0,1,t,t,t,90,2,3,t
92,2367630,93412,2324,10,2023-10-29 14:00:00,2,12,3,1,t,t,t,90,2,4,t
94,2367631,93414,2324,10,2023-10-29 14:00:00,5,10,1,1,t,t,t,90,2,3,t
97,2367634,93417,2324,10,2023-10-29 14:00:00,11,16,3,0,t,t,t,90,2,5,t
98,2367635,93418,2324,10,2023-10-29 15:30:00,14,13,0,3,t,t,t,90,5,4,t
104,2367641,93424,2324,11,2023-11-04 12:30:00,10,14,0,1,t,t,t,90,3,3,t
101,2367638,93421,2324,11,2023-11-04 15:00:00,4,19,3,2,t,t,t,90,2,2,t
102,2367639,93422,2324,11,2023-11-04 15:00:00,6,8,0,2,t,t,t,90,2,2,t
103,2367640,93423,2324,11,2023-11-04 15:00:00,9,5,1,1,t,t,t,90,2,2,t
106,2367643,93426,2324,11,2023-11-04 15:00:00,13,3,6,1,t,t,t,90,2,5,t
109,2367646,93429,2324,11,2023-11-04 15:00:00,17,20,2,1,t,t,t,90,2,2,t
107,2367644,93427,2324,11,2023-11-04 17:30:00,15,1,1,0,t,t,t,90,5,4,t
108,2367645,93428,2324,11,2023-11-05 14:00:00,16,2,2,0,t,t,t,90,3,2,t
105,2367642,93425,2324,11,2023-11-05 16:30:00,12,11,1,1,t,t,t,90,4,2,t
110,2367647,93430,2324,11,2023-11-06 20:00:00,18,7,1,4,t,t,t,90,3,4,t
120,2367657,93440,2324,12,2023-11-11 12:30:00,20,18,2,1,t,t,t,90,3,2,t
111,2367649,93431,2324,12,2023-11-11 15:00:00,1,6,3,1,t,t,t,90,2,5,t
116,2367653,93436,2324,12,2023-11-11 15:00:00,8,9,2,3,t,t,t,90,2,2,t
118,2367655,93438,2324,12,2023-11-11 15:00:00,14,12,1,0,t,t,t,90,2,4,t
113,2367648,93433,2324,12,2023-11-11 17:30:00,3,15,2,0,t,t,t,90,3,2,t
112,2367650,93432,2324,12,2023-11-12 14:00:00,2,10,3,1,t,t,t,90,2,4,t
114,2367651,93434,2324,12,2023-11-12 14:00:00,5,17,1,1,t,t,t,90,2,3,t
117,2367654,93437,2324,12,2023-11-12 14:00:00,11,4,3,0,t,t,t,90,2,5,t
119,2367656,93439,2324,12,2023-11-12 14:00:00,19,16,3,2,t,t,t,90,2,3,t
115,2367652,93435,2324,12,2023-11-12 16:30:00,7,13,4,4,t,t,t,90,5,3,t
126,2367663,93446,2324,13,2023-11-25 12:30:00,13,11,1,1,t,t,t,90,4,5,t
122,2367659,93442,2324,13,2023-11-25 15:00:00,6,19,1,2,t,t,t,90,2,2,t
125,2367662,93445,2324,13,2023-11-25 15:00:00,12,8,2,1,t,t,t,90,2,2,t
127,2367664,93447,2324,13,2023-11-25 15:00:00,15,7,4,1,t,t,t,90,3,4,t
128,2367665,93448,2324,13,2023-11-25 15:00:00,16,5,2,3,t,t,t,90,2,2,t
129,2367666,93449,2324,13,2023-11-25 15:00:00,17,3,1,3,t,t,t,90,2,2,t
121,2367658,93441,2324,13,2023-11-25 17:30:00,4,1,0,1,t,t,t,90,5,2,t
130,2367667,93450,2324,13,2023-11-26 14:00:00,18,2,1,2,t,t,t,90,3,4,t
123,2367660,93443,2324,13,2023-11-26 16:30:00,9,14,0,3,t,t,t,90,3,2,t
124,2367661,93444,2324,13,2023-11-27 20:00:00,10,20,3,2,t,t,t,90,2,3,t
131,2367669,93451,2324,14,2023-12-02 15:00:00,1,20,2,1,t,t,t,90,2,5,t
133,2367670,93453,2324,14,2023-12-02 15:00:00,4,12,3,1,t,t,t,90,2,2,t
134,2367671,93454,2324,14,2023-12-02 15:00:00,6,17,5,0,t,t,t,90,2,2,t
139,2367676,93459,2324,14,2023-12-02 17:30:00,16,9,0,1,t,t,t,90,2,2,t
138,2367675,93458,2324,14,2023-12-02 20:00:00,15,14,1,0,t,t,t,90,3,4,t
132,2367668,93452,2324,14,2023-12-03 14:00:00,3,2,2,2,t,t,t,90,3,2,t
135,2367672,93455,2324,14,2023-12-03 14:00:00,7,5,3,2,t,t,t,90,2,3,t
136,2367673,93456,2324,14,2023-12-03 14:00:00,11,10,4,3,t,t,t,90,2,5,t
140,2367677,93460,2324,14,2023-12-03 14:00:00,19,8,1,1,t,t,t,90,2,3,t
137,2367674,93457,2324,14,2023-12-03 16:30:00,13,18,3,3,t,t,t,90,3,5,t
149,2367686,93469,2324,15,2023-12-05 19:30:00,20,6,1,0,t,t,t,90,2,2,t
146,2367683,93466,2324,15,2023-12-05 20:15:00,12,1,3,4,t,t,t,90,5,2,t
142,2367679,93462,2324,15,2023-12-06 19:30:00,5,4,2,1,t,t,t,90,2,3,t
143,2367680,93463,2324,15,2023-12-06 19:30:00,8,3,0,2,t,t,t,90,2,2,t
145,2367682,93465,2324,15,2023-12-06 19:30:00,10,16,5,0,t,t,t,90,2,3,t
147,2367684,93467,2324,15,2023-12-06 19:30:00,17,11,0,2,t,t,t,90,4,2,t
141,2367678,93461,2324,15,2023-12-06 20:15:00,2,13,1,0,t,t,t,90,5,4,t
150,2367687,93470,2324,15,2023-12-06 20:15:00,14,7,2,1,t,t,t,90,3,4,t
144,2367681,93464,2324,15,2023-12-07 19:30:00,9,15,3,0,t,t,t,90,3,2,t
148,2367685,93468,2324,15,2023-12-07 20:15:00,18,19,1,2,t,t,t,90,2,4,t
153,2367690,93473,2324,16,2023-12-09 12:30:00,8,11,1,2,t,t,t,90,4,2,t
152,2367689,93472,2324,16,2023-12-09 15:00:00,5,6,1,1,t,t,t,90,2,3,t
157,2367694,93477,2324,16,2023-12-09 15:00:00,14,3,0,3,t,t,t,90,2,4,t
158,2367695,93478,2324,16,2023-12-09 15:00:00,17,4,1,0,t,t,t,90,2,2,t
160,2367697,93480,2324,16,2023-12-09 15:00:00,20,16,1,1,t,t,t,90,2,2,t
151,2367688,93471,2324,16,2023-12-09 17:30:00,2,1,1,0,t,t,t,90,5,4,t
154,2367691,93474,2324,16,2023-12-10 14:00:00,9,7,2,0,t,t,t,90,3,2,t
155,2367692,93475,2324,16,2023-12-10 14:00:00,10,19,5,0,t,t,t,90,2,3,t
156,2367693,93476,2324,16,2023-12-10 14:00:00,12,13,1,2,t,t,t,90,5,2,t
159,2367696,93479,2324,16,2023-12-10 16:30:00,18,15,4,1,t,t,t,90,3,4,t
169,2367706,93489,2324,17,2023-12-15 20:00:00,16,18,0,2,t,t,t,90,3,2,t
165,2367702,93485,2324,17,2023-12-16 15:00:00,7,17,2,0,t,t,t,90,2,3,t
167,2367704,93487,2324,17,2023-12-16 15:00:00,13,8,2,2,t,t,t,90,2,5,t
168,2367705,93488,2324,17,2023-12-16 15:00:00,15,10,3,0,t,t,t,90,2,4,t
164,2367701,93484,2324,17,2023-12-16 17:30:00,6,9,0,2,t,t,t,90,2,2,t
161,2367699,93481,2324,17,2023-12-17 14:00:00,1,5,2,0,t,t,t,90,2,5,t
163,2367700,93483,2324,17,2023-12-17 14:00:00,4,2,1,2,t,t,t,90,3,2,t
170,2367707,93490,2324,17,2023-12-17 14:00:00,19,20,3,0,t,t,t,90,2,3,t
166,2367703,93486,2324,17,2023-12-17 16:30:00,11,14,0,0,t,t,t,90,3,5,t
172,2367709,93492,2324,18,2023-12-21 20:00:00,8,5,1,1,t,t,t,90,2,2,t
171,2367708,93491,2324,18,2023-12-22 20:00:00,2,17,1,1,t,t,t,90,2,4,t
179,2367716,93499,2324,18,2023-12-23 12:30:00,19,14,2,0,t,t,t,90,3,3,t
173,2367710,93493,2324,18,2023-12-23 15:00:00,10,6,0,2,t,t,t,90,2,3,t
175,2367712,93495,2324,18,2023-12-23 15:00:00,12,15,1,0,t,t,t,90,3,2,t
177,2367714,93497,2324,18,2023-12-23 15:00:00,16,3,2,3,t,t,t,90,2,2,t
178,2367715,93498,2324,18,2023-12-23 15:00:00,18,9,2,1,t,t,t,90,2,4,t
174,2367711,93494,2324,18,2023-12-23 17:30:00,11,1,1,1,t,t,t,90,5,5,t
180,2367717,93500,2324,18,2023-12-24 13:00:00,20,7,2,1,t,t,t,90,3,2,t
189,2367726,93509,2324,19,2023-12-26 12:30:00,15,16,1,3,t,t,t,90,2,4,t
182,2367718,93502,2324,19,2023-12-26 15:00:00,3,10,3,0,t,t,t,90,2,2,t
190,2367727,93510,2324,19,2023-12-26 15:00:00,17,12,2,3,t,t,t,90,2,2,t
185,2367722,93505,2324,19,2023-12-26 17:30:00,6,11,0,2,t,t,t,90,4,2,t
188,2367725,93508,2324,19,2023-12-26 20:00:00,14,2,3,2,t,t,t,90,3,4,t
183,2367720,93503,2324,19,2023-12-27 19:30:00,4,20,1,4,t,t,t,90,2,2,t
186,2367723,93506,2324,19,2023-12-27 19:30:00,7,8,2,1,t,t,t,90,2,3,t
187,2367724,93507,2324,19,2023-12-27 20:15:00,9,13,1,3,t,t,t,90,5,2,t
184,2367721,93504,2324,19,2023-12-28 19:30:00,5,18,4,2,t,t,t,90,3,3,t
181,2367719,93501,2324,19,2023-12-28 20:15:00,1,19,0,2,t,t,t,90,2,5,t
195,2367732,93515,2324,20,2023-12-30 12:30:00,12,7,2,3,t,t,t,90,3,2,t
191,2367728,93511,2324,20,2023-12-30 15:00:00,2,6,3,2,t,t,t,90,2,4,t
192,2367729,93512,2324,20,2023-12-30 15:00:00,8,4,3,1,t,t,t,90,2,2,t
196,2367733,93516,2324,20,2023-12-30 15:00:00,13,17,2,0,t,t,t,90,2,5,t
200,2367737,93520,2324,20,2023-12-30 15:00:00,20,9,3,0,t,t,t,90,2,2,t
197,2367734,93517,2324,20,2023-12-30 17:30:00,16,14,2,1,t,t,t,90,3,2,t
193,2367730,93513,2324,20,2023-12-31 14:00:00,10,1,2,1,t,t,t,90,5,3,t
198,2367735,93518,2324,20,2023-12-31 14:00:00,18,3,3,1,t,t,t,90,2,4,t
194,2367731,93514,2324,20,2024-01-01 20:00:00,11,15,4,2,t,t,t,90,3,5,t
199,2367736,93519,2324,20,2024-01-02 19:30:00,19,5,0,0,t,t,t,90,2,3,t
205,2367742,93525,2324,21,2024-01-12 19:45:00,6,12,1,1,t,t,t,90,2,2,t
206,2367743,93526,2324,21,2024-01-13 12:30:00,7,10,1,0,t,t,t,90,2,3,t
209,2367746,93529,2324,21,2024-01-13 17:30:00,15,13,2,3,t,t,t,90,5,4,t
207,2367744,93527,2324,21,2024-01-14 14:00:00,9,2,0,0,t,t,t,90,3,2,t
208,2367745,93528,2324,21,2024-01-14 16:30:00,14,18,2,2,t,t,t,90,3,4,t
201,2367739,93521,2324,21,2024-01-20 12:30:00,1,8,5,0,t,t,t,90,2,5,t
203,2367740,93523,2324,21,2024-01-20 17:30:00,4,16,3,2,t,t,t,90,2,2,t
210,2367747,93530,2324,21,2024-01-21 14:00:00,17,19,2,2,t,t,t,90,2,2,t
202,2367738,93522,2324,21,2024-01-21 16:30:00,3,11,0,4,t,t,t,90,4,2,t
204,2367741,93524,2324,21,2024-01-22 19:45:00,5,20,0,0,t,t,t,90,2,3,t
215,2367752,93535,2324,22,2024-01-30 19:30:00,16,1,1,2,t,t,t,90,5,2,t
213,2367750,93533,2324,22,2024-01-30 19:45:00,10,9,0,0,t,t,t,90,2,3,t
214,2367751,93534,2324,22,2024-01-30 19:45:00,12,5,4,0,t,t,t,90,2,2,t
212,2367749,93532,2324,22,2024-01-30 20:00:00,8,17,3,2,t,t,t,90,2,2,t
211,2367748,93531,2324,22,2024-01-30 20:15:00,2,15,1,3,t,t,t,90,3,4,t
220,2367757,93540,2324,22,2024-01-31 19:30:00,13,6,3,1,t,t,t,90,2,5,t
216,2367753,93536,2324,22,2024-01-31 19:30:00,18,4,3,2,t,t,t,90,2,4,t
219,2367756,93539,2324,22,2024-01-31 20:15:00,11,7,4,1,t,t,t,90,3,5,t
217,2367754,93537,2324,22,2024-02-01 19:30:00,19,3,1,1,t,t,t,90,2,3,t
218,2367755,93538,2324,22,2024-02-01 20:15:00,20,14,3,4,t,t,t,90,3,2,t
227,2367764,93547,2324,23,2024-02-03 12:30:00,9,18,2,2,t,t,t,90,3,2,t
224,2367761,93544,2324,23,2024-02-03 15:00:00,5,8,4,1,t,t,t,90,2,3,t
225,2367762,93545,2324,23,2024-02-03 15:00:00,6,10,2,2,t,t,t,90,2,2,t
229,2367766,93549,2324,23,2024-02-03 15:00:00,15,12,4,4,t,t,t,90,2,4,t
230,2367767,93550,2324,23,2024-02-03 17:30:00,17,2,0,5,t,t,t,90,3,2,t
222,2367758,93542,2324,23,2024-02-04 14:00:00,3,16,1,1,t,t,t,90,2,2,t
226,2367763,93546,2324,23,2024-02-04 14:00:00,7,20,2,4,t,t,t,90,2,3,t
228,2367765,93548,2324,23,2024-02-04 14:00:00,14,19,3,0,t,t,t,90,2,4,t
221,2367759,93541,2324,23,2024-02-04 16:30:00,1,11,3,1,t,t,t,90,4,5,t
223,2367760,93543,2324,23,2024-02-05 20:00:00,4,13,1,3,t,t,t,90,5,2,t
236,2367773,93556,2324,24,2024-02-10 12:30:00,13,9,2,0,t,t,t,90,2,5,t
233,2367770,93553,2324,24,2024-02-10 15:00:00,10,3,3,1,t,t,t,90,2,3,t
234,2367771,93554,2324,24,2024-02-10 15:00:00,11,6,3,1,t,t,t,90,2,5,t
235,2367772,93555,2324,24,2024-02-10 15:00:00,12,17,1,3,t,t,t,90,2,2,t
238,2367775,93558,2324,24,2024-02-10 15:00:00,18,5,2,1,t,t,t,90,2,4,t
240,2367777,93560,2324,24,2024-02-10 15:00:00,20,4,0,2,t,t,t,90,2,2,t
237,2367774,93557,2324,24,2024-02-10 17:30:00,16,15,2,3,t,t,t,90,3,2,t
239,2367776,93559,2324,24,2024-02-11 14:00:00,19,1,0,6,t,t,t,90,5,3,t
231,2367768,93551,2324,24,2024-02-11 16:30:00,2,14,1,2,t,t,t,90,3,4,t
232,2367769,93552,2324,24,2024-02-12 20:00:00,8,7,1,3,t,t,t,90,3,2,t
241,2367778,93561,2324,25,2024-02-17 12:30:00,4,11,1,4,t,t,t,90,4,2,t
242,2367779,93562,2324,25,2024-02-17 15:00:00,6,1,0,5,t,t,t,90,5,2,t
244,2367781,93564,2324,25,2024-02-17 15:00:00,10,2,1,2,t,t,t,90,3,3,t
247,2367784,93567,2324,25,2024-02-17 15:00:00,15,3,2,2,t,t,t,90,2,4,t
248,2367785,93568,2324,25,2024-02-17 15:00:00,16,19,2,0,t,t,t,90,2,2,t
250,2367787,93570,2324,25,2024-02-17 15:00:00,18,20,1,2,t,t,t,90,2,4,t
246,2367783,93566,2324,25,2024-02-17 17:30:00,13,7,1,1,t,t,t,90,3,5,t
249,2367786,93569,2324,25,2024-02-18 14:00:00,17,5,0,5,t,t,t,90,2,2,t
245,2367782,93565,2324,25,2024-02-18 16:30:00,12,14,1,2,t,t,t,90,3,2,t
243,2367780,93563,2324,25,2024-02-19 20:00:00,9,8,1,1,t,t,t,90,2,2,t
176,2367713,93496,2324,25,2024-02-20 19:30:00,13,4,1,0,t,t,t,90,2,5,t
257,2367794,93577,2324,25,2024-02-21 19:30:00,11,12,4,1,t,t,t,90,2,5,t
252,2367790,93572,2324,26,2024-02-24 15:00:00,2,16,4,2,t,t,t,90,2,4,t
254,2367791,93574,2324,26,2024-02-24 15:00:00,5,9,1,1,t,t,t,90,2,3,t
256,2367793,93576,2324,26,2024-02-24 15:00:00,8,6,3,0,t,t,t,90,2,2,t
258,2367795,93578,2324,26,2024-02-24 15:00:00,14,10,1,2,t,t,t,90,2,4,t
253,2367788,93573,2324,26,2024-02-24 17:30:00,3,13,0,1,t,t,t,90,5,2,t
251,2367789,93571,2324,26,2024-02-24 20:00:00,1,15,4,1,t,t,t,90,3,5,t
260,2367797,93580,2324,26,2024-02-25 13:30:00,20,17,1,0,t,t,t,90,2,2,t
259,2367796,93579,2324,26,2024-02-26 20:00:00,19,4,4,2,t,t,t,90,2,3,t
261,2367798,93581,2324,27,2024-03-02 15:00:00,4,7,2,2,t,t,t,90,3,2,t
263,2367800,93583,2324,27,2024-03-02 15:00:00,9,19,1,3,t,t,t,90,2,2,t
264,2367801,93584,2324,27,2024-03-02 15:00:00,10,5,3,0,t,t,t,90,2,3,t
267,2367804,93587,2324,27,2024-03-02 15:00:00,15,20,3,0,t,t,t,90,2,4,t
268,2367805,93588,2324,27,2024-03-02 15:00:00,16,11,0,1,t,t,t,90,4,2,t
270,2367807,93590,2324,27,2024-03-02 15:00:00,18,8,3,1,t,t,t,90,2,4,t
265,2367802,93585,2324,27,2024-03-02 17:30:00,12,2,2,3,t,t,t,90,3,2,t
262,2367799,93582,2324,27,2024-03-03 13:00:00,6,3,0,2,t,t,t,90,2,2,t
266,2367803,93586,2324,27,2024-03-03 15:30:00,13,14,3,1,t,t,t,90,3,5,t
269,2367806,93589,2324,27,2024-03-04 20:00:00,17,1,0,6,t,t,t,90,5,2,t
278,2367815,93598,2324,28,2024-03-09 12:30:00,14,9,2,0,t,t,t,90,2,4,t
273,2367808,93593,2324,28,2024-03-09 15:00:00,3,17,2,2,t,t,t,90,2,2,t
276,2367813,93596,2324,28,2024-03-09 15:00:00,8,12,1,1,t,t,t,90,2,2,t
280,2367817,93600,2324,28,2024-03-09 15:00:00,20,10,2,1,t,t,t,90,2,2,t
271,2367809,93591,2324,28,2024-03-09 17:30:00,1,4,2,1,t,t,t,90,2,5,t
272,2367810,93592,2324,28,2024-03-10 13:00:00,2,18,0,4,t,t,t,90,3,4,t
274,2367811,93594,2324,28,2024-03-10 14:00:00,5,16,1,0,t,t,t,90,2,3,t
279,2367816,93599,2324,28,2024-03-10 14:00:00,19,6,2,2,t,t,t,90,2,3,t
277,2367814,93597,2324,28,2024-03-10 15:45:00,11,13,1,1,t,t,t,90,5,5,t
275,2367812,93595,2324,28,2024-03-11 20:00:00,7,15,3,2,t,t,t,90,3,3,t
162,2367698,93482,2324,28,2024-03-13 19:30:00,3,12,4,3,t,t,t,90,2,2,t
283,2367820,93603,2324,29,2024-03-16 15:00:00,6,4,2,1,t,t,t,90,2,2,t
287,2367824,93607,2324,29,2024-03-16 15:00:00,12,16,1,1,t,t,t,90,2,2,t
286,2367823,93606,2324,29,2024-03-16 17:30:00,10,18,3,0,t,t,t,90,3,3,t
289,2367826,93609,2324,29,2024-03-17 14:00:00,19,2,1,1,t,t,t,90,3,3,t
297,2367834,93617,2324,30,2024-03-30 12:30:00,15,19,4,3,t,t,t,90,2,4,t
292,2367828,93612,2324,30,2024-03-30 15:00:00,3,9,2,1,t,t,t,90,2,2,t
294,2367831,93614,2324,30,2024-03-30 15:00:00,7,6,2,2,t,t,t,90,2,3,t
298,2367835,93618,2324,30,2024-03-30 15:00:00,16,8,1,1,t,t,t,90,2,2,t
299,2367836,93619,2324,30,2024-03-30 15:00:00,17,10,3,3,t,t,t,90,2,2,t
300,2367837,93620,2324,30,2024-03-30 15:00:00,18,12,2,1,t,t,t,90,2,4,t
291,2367829,93611,2324,30,2024-03-30 17:30:00,2,20,2,0,t,t,t,90,2,4,t
293,2367830,93613,2324,30,2024-03-30 20:00:00,4,14,1,1,t,t,t,90,3,2,t
295,2367832,93615,2324,30,2024-03-31 13:00:00,11,5,2,1,t,t,t,90,2,5,t
296,2367833,93616,2324,30,2024-03-31 15:30:00,13,1,0,0,t,t,t,90,5,5,t
310,2367847,93630,2324,31,2024-04-02 18:30:00,15,9,1,1,t,t,t,90,2,4,t
305,2367842,93625,2324,31,2024-04-02 18:30:00,16,10,3,1,t,t,t,90,2,2,t
302,2367838,93622,2324,31,2024-04-02 18:45:00,3,8,1,0,t,t,t,90,2,2,t
304,2367841,93624,2324,31,2024-04-02 18:45:00,6,20,1,1,t,t,t,90,2,2,t
306,2367843,93626,2324,31,2024-04-02 19:15:00,19,18,1,1,t,t,t,90,3,3,t
301,2367839,93621,2324,31,2024-04-03 18:30:00,1,12,2,0,t,t,t,90,2,5,t
303,2367840,93623,2324,31,2024-04-03 18:30:00,4,5,0,0,t,t,t,90,2,2,t
309,2367846,93629,2324,31,2024-04-03 19:15:00,13,2,4,1,t,t,t,90,3,5,t
308,2367845,93628,2324,31,2024-04-04 18:30:00,11,17,3,1,t,t,t,90,2,5,t
307,2367844,93627,2324,31,2024-04-04 19:15:00,7,14,4,3,t,t,t,90,3,3,t
313,2367850,93633,2324,32,2024-04-06 11:30:00,8,13,2,4,t,t,t,90,5,2,t
311,2367848,93631,2324,32,2024-04-06 14:00:00,2,4,3,3,t,t,t,90,2,4,t
314,2367851,93634,2324,32,2024-04-06 14:00:00,9,6,1,0,t,t,t,90,2,2,t
315,2367852,93635,2324,32,2024-04-06 14:00:00,10,15,0,1,t,t,t,90,3,3,t
316,2367853,93636,2324,32,2024-04-06 14:00:00,12,3,2,1,t,t,t,90,2,2,t
320,2367857,93640,2324,32,2024-04-06 14:00:00,20,19,1,2,t,t,t,90,2,2,t
312,2367849,93632,2324,32,2024-04-06 16:30:00,5,1,0,3,t,t,t,90,5,3,t
317,2367854,93637,2324,32,2024-04-07 14:30:00,14,11,2,2,t,t,t,90,4,4,t
318,2367855,93638,2324,32,2024-04-07 16:30:00,17,7,2,2,t,t,t,90,3,2,t
319,2367856,93639,2324,32,2024-04-07 17:00:00,18,16,3,1,t,t,t,90,2,4,t
328,2367865,93648,2324,33,2024-04-13 11:30:00,15,18,4,0,t,t,t,90,3,4,t
323,2367860,93643,2324,33,2024-04-13 14:00:00,4,17,2,0,t,t,t,90,2,2,t
324,2367861,93644,2324,33,2024-04-13 14:00:00,6,5,1,1,t,t,t,90,2,2,t
327,2367864,93647,2324,33,2024-04-13 14:00:00,13,12,5,1,t,t,t,90,2,5,t
329,2367866,93649,2324,33,2024-04-13 14:00:00,16,20,2,2,t,t,t,90,2,2,t
322,2367858,93642,2324,33,2024-04-13 16:30:00,3,14,2,2,t,t,t,90,3,2,t
326,2367863,93646,2324,33,2024-04-14 13:00:00,11,8,0,1,t,t,t,90,2,5,t
330,2367867,93650,2324,33,2024-04-14 13:00:00,19,10,0,2,t,t,t,90,2,3,t
321,2367859,93641,2324,33,2024-04-14 15:30:00,1,2,0,2,t,t,t,90,3,5,t
325,2367862,93645,2324,33,2024-04-15 19:00:00,7,9,6,0,t,t,t,90,2,3,t
336,2367873,93656,2324,34,2024-04-20 14:00:00,12,4,1,5,t,t,t,90,2,2,t
338,2367875,93658,2324,34,2024-04-20 14:00:00,17,6,1,4,t,t,t,90,2,2,t
340,2367877,93660,2324,34,2024-04-20 18:30:00,20,1,0,2,t,t,t,90,5,2,t
334,2367871,93654,2324,34,2024-04-21 12:30:00,9,16,2,0,t,t,t,90,2,2,t
331,2367868,93651,2324,34,2024-04-21 14:00:00,2,3,3,1,t,t,t,90,2,4,t
333,2367870,93653,2324,34,2024-04-21 14:00:00,8,19,5,2,t,t,t,90,2,2,t
335,2367872,93655,2324,34,2024-04-21 15:30:00,10,11,1,3,t,t,t,90,4,3,t
281,2367818,93601,2324,34,2024-04-23 19:00:00,1,7,5,0,t,t,t,90,3,5,t
290,2367827,93610,2324,34,2024-04-24 18:45:00,20,3,0,1,t,t,t,90,2,2,t
284,2367821,93604,2324,34,2024-04-24 19:00:00,8,15,2,0,t,t,t,90,3,2,t
285,2367822,93605,2324,34,2024-04-24 19:00:00,9,11,2,0,t,t,t,90,4,2,t
288,2367825,93608,2324,34,2024-04-24 19:00:00,14,17,4,2,t,t,t,90,2,4,t
282,2367819,93602,2324,34,2024-04-25 19:00:00,5,13,0,4,t,t,t,90,5,3,t
349,2367886,93669,2324,35,2024-04-27 11:30:00,19,11,2,2,t,t,t,90,4,3,t
344,2367881,93664,2324,35,2024-04-27 14:00:00,10,8,1,1,t,t,t,90,2,3,t
345,2367882,93665,2324,35,2024-04-27 14:00:00,14,6,1,1,t,t,t,90,2,4,t
346,2367883,93666,2324,35,2024-04-27 14:00:00,15,17,5,1,t,t,t,90,2,4,t
350,2367887,93670,2324,35,2024-04-27 14:00:00,20,12,2,1,t,t,t,90,2,2,t
343,2367880,93663,2324,35,2024-04-27 16:30:00,9,4,1,0,t,t,t,90,2,2,t
341,2367879,93661,2324,35,2024-04-27 19:00:00,2,7,2,2,t,t,t,90,3,4,t
342,2367878,93662,2324,35,2024-04-28 13:00:00,3,5,3,0,t,t,t,90,2,2,t
348,2367885,93668,2324,35,2024-04-28 13:00:00,18,1,2,3,t,t,t,90,5,4,t
347,2367884,93667,2324,35,2024-04-28 15:30:00,16,13,0,2,t,t,t,90,5,2,t
255,2367792,93575,2324,35,2024-05-02 18:30:00,7,18,2,0,t,t,t,90,3,3,t
358,2367895,93678,2324,36,2024-05-03 19:00:00,12,9,1,1,t,t,t,90,2,2,t
351,2367888,93671,2324,36,2024-05-04 11:30:00,1,3,3,0,t,t,t,90,2,5,t
352,2367889,93672,2324,36,2024-05-04 14:00:00,4,10,0,0,t,t,t,90,2,2,t
354,2367891,93674,2324,36,2024-05-04 14:00:00,6,15,1,4,t,t,t,90,3,2,t
360,2367897,93680,2324,36,2024-05-04 14:00:00,17,16,1,3,t,t,t,90,2,2,t
359,2367896,93679,2324,36,2024-05-04 16:30:00,13,20,5,1,t,t,t,90,2,5,t
353,2367890,93673,2324,36,2024-05-05 13:00:00,5,2,1,0,t,t,t,90,3,3,t
355,2367892,93675,2324,36,2024-05-05 13:00:00,7,19,5,0,t,t,t,90,2,3,t
357,2367894,93677,2324,36,2024-05-05 15:30:00,11,18,4,2,t,t,t,90,3,5,t
356,2367893,93676,2324,36,2024-05-06 19:00:00,8,14,4,0,t,t,t,90,3,2,t
364,2367901,93684,2324,37,2024-05-11 11:30:00,10,13,0,4,t,t,t,90,5,3,t
362,2367898,93682,2324,37,2024-05-11 14:00:00,3,4,1,2,t,t,t,90,2,2,t
363,2367900,93683,2324,37,2024-05-11 14:00:00,9,17,1,0,t,t,t,90,2,2,t
366,2367903,93686,2324,37,2024-05-11 14:00:00,15,5,1,1,t,t,t,90,2,4,t
368,2367905,93688,2324,37,2024-05-11 14:00:00,18,6,2,1,t,t,t,90,2,4,t
369,2367906,93689,2324,37,2024-05-11 14:00:00,19,12,3,1,t,t,t,90,2,3,t
370,2367907,93690,2324,37,2024-05-11 14:00:00,20,8,1,3,t,t,t,90,2,2,t
367,2367904,93687,2324,37,2024-05-11 16:30:00,16,7,2,3,t,t,t,90,3,2,t
365,2367902,93685,2324,37,2024-05-12 15:30:00,14,1,0,1,t,t,t,90,5,4,t
361,2367899,93681,2324,37,2024-05-13 19:00:00,2,11,3,3,t,t,t,90,4,4,t
339,2367876,93659,2324,37,2024-05-14 19:00:00,18,13,0,2,t,t,t,90,5,4,t
332,2367869,93652,2324,37,2024-05-15 18:45:00,5,7,1,2,t,t,t,90,3,3,t
337,2367874,93657,2324,37,2024-05-15 19:00:00,14,15,3,2,t,t,t,90,3,4,t
371,2367908,93691,2324,38,2024-05-19 15:00:00,1,9,2,1,t,t,t,90,2,5,t
372,2367909,93692,2324,38,2024-05-19 15:00:00,4,15,2,4,t,t,t,90,3,2,t
373,2367910,93693,2324,38,2024-05-19 15:00:00,5,14,0,2,t,t,t,90,3,3,t
374,2367911,93694,2324,38,2024-05-19 15:00:00,6,16,1,2,t,t,t,90,2,2,t
375,2367912,93695,2324,38,2024-05-19 15:00:00,7,3,2,1,t,t,t,90,2,3,t
376,2367913,93696,2324,38,2024-05-19 15:00:00,8,2,5,0,t,t,t,90,3,2,t
377,2367914,93697,2324,38,2024-05-19 15:00:00,11,20,2,0,t,t,t,90,2,5,t
378,2367915,93698,2324,38,2024-05-19 15:00:00,12,10,2,4,t,t,t,90,2,2,t
379,2367916,93699,2324,38,2024-05-19 15:00:00,13,19,3,1,t,t,t,90,2,5,t
380,2367917,93700,2324,38,2024-05-19 15:00:00,17,18,0,3,t,t,t,90,3,2,t
37,2444506,115863,2425,4,2024-09-14 14:00:00,13,4,2,1,t,t,t,90,3,4,t
31,2444501,115857,2425,4,2024-09-14 16:30:00,2,8,3,2,t,t,t,90,3,4,t
32,2444500,115858,2425,4,2024-09-14 19:00:00,3,6,0,1,t,t,t,90,3,3,t
39,2444508,115865,2425,4,2024-09-15 13:00:00,18,1,0,1,t,t,t,90,5,3,t
40,2444509,115866,2425,4,2024-09-15 15:30:00,20,15,1,2,t,t,t,90,4,3,t
50,2444519,115876,2425,5,2024-09-21 11:30:00,19,6,0,3,t,t,t,90,3,2,t
41,2444510,115867,2425,5,2024-09-21 14:00:00,2,20,3,1,t,t,t,90,3,4,t
44,2444513,115870,2425,5,2024-09-21 14:00:00,9,15,3,1,t,t,t,90,4,3,t
45,2444514,115871,2425,5,2024-09-21 14:00:00,11,8,1,1,t,t,t,90,3,1,t
46,2444515,115872,2425,5,2024-09-21 14:00:00,12,3,3,0,t,t,t,90,3,5,t
48,2444517,115874,2425,5,2024-09-21 14:00:00,17,10,1,1,t,t,t,90,2,1,t
49,2444518,115875,2425,5,2024-09-21 14:00:00,18,4,3,1,t,t,t,90,3,3,t
43,2444512,115869,2425,5,2024-09-21 16:30:00,7,14,0,0,t,t,t,90,2,3,t
42,2444511,115868,2425,5,2024-09-22 13:00:00,5,16,2,2,t,t,t,90,4,3,t
47,2444516,115873,2425,5,2024-09-22 15:30:00,13,1,2,2,t,t,t,90,5,4,t
58,2444527,115884,2425,6,2024-09-28 11:30:00,15,13,1,1,t,t,t,90,4,4,t
51,2444521,115877,2425,6,2024-09-28 14:00:00,1,11,4,2,t,t,t,90,1,5,t
53,2444522,115879,2425,6,2024-09-28 14:00:00,4,19,1,1,t,t,t,90,2,3,t
54,2444523,115880,2425,6,2024-09-28 14:00:00,6,5,4,2,t,t,t,90,3,4,t
55,2444524,115881,2425,6,2024-09-28 14:00:00,8,7,2,1,t,t,t,90,3,3,t
59,2444528,115885,2425,6,2024-09-28 14:00:00,16,9,0,1,t,t,t,90,3,4,t
60,2444529,115886,2425,6,2024-09-28 16:30:00,20,12,1,2,t,t,t,90,5,3,t
56,2444525,115882,2425,6,2024-09-29 13:00:00,10,2,2,2,t,t,t,90,3,2,t
57,2444526,115883,2425,6,2024-09-29 15:30:00,14,18,0,3,t,t,t,90,2,3,t
52,2444520,115878,2425,6,2024-09-30 19:00:00,3,17,3,1,t,t,t,90,1,3,t
66,2444535,115892,2425,7,2024-10-05 11:30:00,7,12,0,1,t,t,t,90,5,3,t
61,2444530,115887,2425,7,2024-10-05 14:00:00,1,17,3,1,t,t,t,90,1,5,t
63,2444532,115889,2425,7,2024-10-05 14:00:00,4,20,5,3,t,t,t,90,3,3,t
68,2444537,115894,2425,7,2024-10-05 14:00:00,11,3,1,0,t,t,t,90,3,1,t
69,2444538,115895,2425,7,2024-10-05 14:00:00,13,9,3,2,t,t,t,90,3,4,t
70,2444539,115896,2425,7,2024-10-05 14:00:00,19,10,4,1,t,t,t,90,2,2,t
67,2444536,115893,2425,7,2024-10-05 16:30:00,8,15,0,0,t,t,t,90,4,3,t
62,2444531,115888,2425,7,2024-10-06 13:00:00,2,14,0,0,t,t,t,90,2,4,t
65,2444534,115891,2425,7,2024-10-06 13:00:00,6,16,1,1,t,t,t,90,4,4,t
64,2444533,115890,2425,7,2024-10-06 15:30:00,5,18,3,2,t,t,t,90,2,3,t
79,2444548,115905,2425,8,2024-10-19 11:30:00,18,19,4,1,t,t,t,90,2,3,t
72,2444541,115898,2425,8,2024-10-19 14:00:00,9,2,1,3,t,t,t,90,3,3,t
75,2444544,115901,2425,8,2024-10-19 14:00:00,14,4,2,1,t,t,t,90,3,3,t
76,2444545,115902,2425,8,2024-10-19 14:00:00,15,5,0,1,t,t,t,90,3,4,t
78,2444547,115904,2425,8,2024-10-19 14:00:00,17,11,2,3,t,t,t,90,1,1,t
73,2444542,115899,2425,8,2024-10-19 14:15:00,10,8,0,2,t,t,t,90,3,2,t
71,2444540,115897,2425,8,2024-10-19 16:30:00,3,1,2,0,t,t,t,90,5,3,t
80,2444549,115906,2425,8,2024-10-20 13:00:00,20,13,1,2,t,t,t,90,4,3,t
74,2444543,115900,2425,8,2024-10-20 15:30:00,12,6,2,1,t,t,t,90,3,5,t
77,2444546,115903,2425,8,2024-10-21 19:00:00,16,7,1,0,t,t,t,90,3,4,t
88,2444557,115914,2425,9,2024-10-25 19:00:00,11,16,1,3,t,t,t,90,4,1,t
82,2444551,115908,2425,9,2024-10-26 14:00:00,2,3,1,1,t,t,t,90,3,4,t
83,2444552,115909,2425,9,2024-10-26 14:00:00,4,10,4,3,t,t,t,90,2,3,t
84,2444553,115910,2425,9,2024-10-26 14:00:00,5,20,2,2,t,t,t,90,3,3,t
89,2444558,115915,2425,9,2024-10-26 14:00:00,13,17,1,0,t,t,t,90,1,4,t
87,2444556,115913,2425,9,2024-10-26 16:30:00,8,9,1,1,t,t,t,90,3,3,t
85,2444554,115911,2425,9,2024-10-27 14:00:00,6,15,2,1,t,t,t,90,4,4,t
86,2444555,115912,2425,9,2024-10-27 14:00:00,7,18,1,0,t,t,t,90,2,3,t
90,2444559,115916,2425,9,2024-10-27 14:00:00,19,14,2,1,t,t,t,90,2,2,t
81,2444550,115907,2425,9,2024-10-27 16:30:00,1,12,2,2,t,t,t,90,5,5,t
96,2444565,115922,2425,10,2024-11-02 12:30:00,15,1,1,0,t,t,t,90,5,4,t
91,2444560,115917,2425,10,2024-11-02 15:00:00,3,13,2,1,t,t,t,90,4,3,t
93,2444562,115919,2425,10,2024-11-02 15:00:00,10,11,1,1,t,t,t,90,1,2,t
94,2444563,115920,2425,10,2024-11-02 15:00:00,12,5,2,1,t,t,t,90,3,5,t
97,2444566,115923,2425,10,2024-11-02 15:00:00,16,19,3,0,t,t,t,90,2,4,t
98,2444567,115924,2425,10,2024-11-02 15:00:00,17,8,1,0,t,t,t,90,3,1,t
100,2444569,115926,2425,10,2024-11-02 17:30:00,20,7,2,2,t,t,t,90,3,3,t
99,2444568,115925,2425,10,2024-11-03 14:00:00,18,2,4,1,t,t,t,90,3,3,t
95,2444564,115921,2425,10,2024-11-03 16:30:00,14,6,1,1,t,t,t,90,3,3,t
92,2444561,115918,2425,10,2024-11-04 20:00:00,9,4,2,1,t,t,t,90,3,3,t
101,2444570,115927,2425,11,2024-11-09 15:00:00,4,3,3,2,t,t,t,90,3,3,t
104,2444573,115930,2425,11,2024-11-09 15:00:00,7,9,0,2,t,t,t,90,3,3,t
109,2444578,115935,2425,11,2024-11-09 15:00:00,19,8,0,0,t,t,t,90,3,2,t
110,2444579,115936,2425,11,2024-11-09 15:00:00,20,17,2,0,t,t,t,90,1,3,t
102,2444571,115928,2425,11,2024-11-09 17:30:00,5,13,2,1,t,t,t,90,4,3,t
105,2444574,115931,2425,11,2024-11-09 20:00:00,12,2,2,0,t,t,t,90,3,5,t
106,2444575,115932,2425,11,2024-11-10 14:00:00,14,11,3,0,t,t,t,90,1,3,t
107,2444576,115933,2425,11,2024-11-10 14:00:00,16,15,1,3,t,t,t,90,4,4,t
108,2444577,115934,2425,11,2024-11-10 14:00:00,18,10,1,2,t,t,t,90,2,3,t
103,2444572,115929,2425,11,2024-11-10 16:30:00,6,1,1,1,t,t,t,90,5,4,t
117,2444586,115943,2425,12,2024-11-23 12:30:00,11,6,1,2,t,t,t,90,3,1,t
111,2444581,115937,2425,12,2024-11-23 15:00:00,1,16,3,0,t,t,t,90,4,5,t
112,2444582,115938,2425,12,2024-11-23 15:00:00,2,7,2,2,t,t,t,90,3,4,t
113,2444580,115939,2425,12,2024-11-23 15:00:00,3,5,1,2,t,t,t,90,3,3,t
114,2444583,115940,2425,12,2024-11-23 15:00:00,8,4,0,0,t,t,t,90,3,3,t
115,2444584,115941,2425,12,2024-11-23 15:00:00,9,20,1,4,t,t,t,90,3,3,t
118,2444587,115944,2425,12,2024-11-23 17:30:00,13,18,0,4,t,t,t,90,2,4,t
120,2444589,115946,2425,12,2024-11-24 14:00:00,17,12,2,3,t,t,t,90,5,1,t
116,2444585,115942,2425,12,2024-11-24 16:30:00,10,14,1,1,t,t,t,90,2,2,t
119,2444588,115945,2425,12,2024-11-25 20:00:00,15,19,0,2,t,t,t,90,2,4,t
122,2444591,115948,2425,13,2024-11-29 20:00:00,5,17,1,1,t,t,t,90,1,3,t
121,2444590,115947,2425,13,2024-11-30 15:00:00,4,11,4,1,t,t,t,90,1,3,t
124,2444593,115950,2425,13,2024-11-30 15:00:00,7,15,1,1,t,t,t,90,4,3,t
127,2444596,115953,2425,13,2024-11-30 15:00:00,16,10,1,0,t,t,t,90,2,4,t
130,2444599,115956,2425,13,2024-11-30 15:00:00,20,3,2,4,t,t,t,90,3,3,t
129,2444598,115955,2425,13,2024-11-30 17:30:00,19,1,2,5,t,t,t,90,5,2,t
123,2444592,115949,2425,13,2024-12-01 13:30:00,6,2,3,0,t,t,t,90,3,4,t
126,2444595,115952,2425,13,2024-12-01 13:30:00,14,8,4,0,t,t,t,90,3,3,t
128,2444597,115954,2425,13,2024-12-01 13:30:00,18,9,1,1,t,t,t,90,3,3,t
125,2444594,115951,2425,13,2024-12-01 16:00:00,12,13,2,0,t,t,t,90,4,5,t
136,2444605,115962,2425,14,2024-12-03 19:30:00,10,7,0,1,t,t,t,90,3,2,t
137,2444606,115963,2425,14,2024-12-03 20:15:00,11,19,3,1,t,t,t,90,2,1,t
134,2444603,115960,2425,14,2024-12-04 19:30:00,8,20,4,0,t,t,t,90,3,3,t
138,2444607,115964,2425,14,2024-12-04 19:30:00,13,16,3,0,t,t,t,90,4,4,t
139,2444608,115965,2425,14,2024-12-04 19:30:00,15,12,3,3,t,t,t,90,5,4,t
140,2444609,115966,2425,14,2024-12-04 19:30:00,17,6,1,5,t,t,t,90,3,1,t
131,2444601,115957,2425,14,2024-12-04 20:15:00,1,14,2,0,t,t,t,90,2,5,t
132,2444602,115958,2425,14,2024-12-04 20:15:00,2,4,3,1,t,t,t,90,3,4,t
135,2444604,115961,2425,14,2024-12-05 19:30:00,9,5,3,1,t,t,t,90,3,3,t
133,2444600,115959,2425,14,2024-12-05 20:15:00,3,18,1,0,t,t,t,90,2,3,t
141,2444610,115967,2425,15,2024-12-07 15:00:00,2,17,1,0,t,t,t,90,1,4,t
142,2444611,115968,2425,15,2024-12-07 15:00:00,4,15,4,2,t,t,t,90,4,3,t
143,2444612,115969,2425,15,2024-12-07 15:00:00,7,13,2,2,t,t,t,90,4,3,t
148,2444617,115974,2425,15,2024-12-07 17:30:00,14,16,2,3,t,t,t,90,4,3,t
145,2444614,115971,2425,15,2024-12-08 14:00:00,9,1,1,1,t,t,t,90,5,3,t
146,2444615,115972,2425,15,2024-12-08 14:00:00,10,3,1,2,t,t,t,90,3,2,t
147,2444616,115973,2425,15,2024-12-08 14:00:00,11,5,2,2,t,t,t,90,3,1,t
149,2444618,115975,2425,15,2024-12-08 16:30:00,18,6,3,4,t,t,t,90,3,3,t
150,2444619,115976,2425,15,2024-12-09 20:00:00,19,20,2,1,t,t,t,90,3,2,t
151,2444621,115977,2425,16,2024-12-14 15:00:00,1,8,0,0,t,t,t,90,3,5,t
155,2444624,115981,2425,16,2024-12-14 15:00:00,12,9,2,2,t,t,t,90,3,5,t
157,2444626,115983,2425,16,2024-12-14 15:00:00,15,11,4,0,t,t,t,90,1,4,t
160,2444629,115986,2425,16,2024-12-14 15:00:00,20,10,1,2,t,t,t,90,2,3,t
158,2444627,115984,2425,16,2024-12-14 17:30:00,16,2,2,1,t,t,t,90,3,4,t
153,2444622,115979,2425,16,2024-12-15 14:00:00,5,7,1,3,t,t,t,90,3,3,t
156,2444625,115982,2425,16,2024-12-15 16:30:00,13,14,1,2,t,t,t,90,2,4,t
154,2444623,115980,2425,16,2024-12-15 19:00:00,6,4,2,1,t,t,t,90,3,4,t
159,2444628,115985,2425,16,2024-12-15 19:00:00,17,18,0,5,t,t,t,90,2,1,t
152,2444620,115978,2425,16,2024-12-16 20:00:00,3,19,1,1,t,t,t,90,2,3,t
161,2444630,115987,2425,17,2024-12-21 12:30:00,2,13,2,1,t,t,t,90,4,4,t
162,2444631,115988,2425,17,2024-12-21 15:00:00,4,16,0,2,t,t,t,90,4,3,t
166,2444635,115992,2425,17,2024-12-21 15:00:00,10,15,0,4,t,t,t,90,4,2,t
170,2444639,115996,2425,17,2024-12-21 15:00:00,19,5,1,1,t,t,t,90,3,2,t
163,2444632,115989,2425,17,2024-12-21 17:30:00,7,1,1,5,t,t,t,90,5,3,t
164,2444633,115990,2425,17,2024-12-22 14:00:00,8,6,0,0,t,t,t,90,3,3,t
165,2444634,115991,2425,17,2024-12-22 14:00:00,9,17,0,0,t,t,t,90,1,3,t
167,2444636,115993,2425,17,2024-12-22 14:00:00,11,20,0,3,t,t,t,90,3,1,t
168,2444637,115994,2425,17,2024-12-22 14:00:00,14,3,0,3,t,t,t,90,3,3,t
169,2444638,115995,2425,17,2024-12-22 16:30:00,18,12,3,6,t,t,t,90,5,3,t
176,2444645,116002,2425,18,2024-12-26 12:30:00,13,8,1,1,t,t,t,90,3,4,t
172,2444640,115998,2425,18,2024-12-26 15:00:00,3,7,0,0,t,t,t,90,3,3,t
174,2444643,116000,2425,18,2024-12-26 15:00:00,6,9,1,2,t,t,t,90,3,4,t
177,2444646,116003,2425,18,2024-12-26 15:00:00,15,2,3,0,t,t,t,90,3,4,t
178,2444647,116004,2425,18,2024-12-26 15:00:00,16,18,1,0,t,t,t,90,2,4,t
179,2444648,116005,2425,18,2024-12-26 15:00:00,17,19,0,1,t,t,t,90,2,1,t
180,2444649,116006,2425,18,2024-12-26 17:30:00,20,14,2,0,t,t,t,90,2,3,t
175,2444644,116001,2425,18,2024-12-26 20:00:00,12,11,3,1,t,t,t,90,1,5,t
173,2444642,115999,2425,18,2024-12-27 19:30:00,5,4,0,0,t,t,t,90,3,3,t
171,2444641,115997,2425,18,2024-12-27 20:15:00,1,10,1,0,t,t,t,90,2,5,t
187,2444656,116013,2425,19,2024-12-29 14:30:00,11,13,0,2,t,t,t,90,4,1,t
183,2444652,116009,2425,19,2024-12-29 15:00:00,7,17,2,1,t,t,t,90,1,3,t
184,2444653,116010,2425,19,2024-12-29 15:00:00,8,16,0,2,t,t,t,90,4,3,t
185,2444654,116011,2425,19,2024-12-29 15:00:00,9,3,2,2,t,t,t,90,3,3,t
189,2444658,116015,2425,19,2024-12-29 15:00:00,18,20,2,2,t,t,t,90,3,3,t
190,2444659,116016,2425,19,2024-12-29 17:15:00,19,12,0,5,t,t,t,90,5,2,t
181,2444650,116007,2425,19,2024-12-30 19:45:00,2,5,2,2,t,t,t,90,3,4,t
186,2444655,116012,2425,19,2024-12-30 19:45:00,10,6,2,0,t,t,t,90,3,2,t
188,2444657,116014,2425,19,2024-12-30 20:00:00,14,15,0,2,t,t,t,90,4,3,t
182,2444651,116008,2425,19,2025-01-01 17:30:00,4,1,1,3,t,t,t,90,5,3,t
199,2444668,116025,2425,20,2025-01-04 12:30:00,18,15,1,2,t,t,t,90,4,3,t
191,2444661,116017,2425,20,2025-01-04 15:00:00,2,11,2,1,t,t,t,90,1,4,t
192,2444660,116018,2425,20,2025-01-04 15:00:00,3,8,1,0,t,t,t,90,3,3,t
194,2444663,116020,2425,20,2025-01-04 15:00:00,7,6,1,1,t,t,t,90,3,3,t
197,2444666,116023,2425,20,2025-01-04 15:00:00,13,19,4,1,t,t,t,90,2,4,t
198,2444667,116024,2425,20,2025-01-04 15:00:00,17,4,0,5,t,t,t,90,3,1,t
193,2444662,116019,2425,20,2025-01-04 17:30:00,5,1,1,1,t,t,t,90,5,3,t
195,2444664,116021,2425,20,2025-01-05 14:00:00,9,10,2,2,t,t,t,90,2,3,t
196,2444665,116022,2425,20,2025-01-05 16:30:00,12,14,2,2,t,t,t,90,2,5,t
200,2444669,116026,2425,20,2025-01-06 20:00:00,20,16,0,3,t,t,t,90,4,3,t
202,2444671,116028,2425,21,2025-01-14 19:30:00,4,13,2,2,t,t,t,90,4,3,t
208,2444677,116034,2425,21,2025-01-14 19:30:00,6,3,2,2,t,t,t,90,3,4,t
207,2444676,116033,2425,21,2025-01-14 19:30:00,19,9,3,2,t,t,t,90,3,2,t
206,2444675,116032,2425,21,2025-01-14 20:00:00,16,12,1,1,t,t,t,90,5,4,t
203,2444672,116029,2425,21,2025-01-15 19:30:00,8,2,0,1,t,t,t,90,3,3,t
205,2444674,116031,2425,21,2025-01-15 19:30:00,11,7,0,2,t,t,t,90,3,1,t
210,2444679,116036,2425,21,2025-01-15 19:30:00,15,20,3,0,t,t,t,90,3,4,t
201,2444670,116027,2425,21,2025-01-15 20:00:00,1,18,2,1,t,t,t,90,2,5,t
204,2444673,116030,2425,21,2025-01-16 19:30:00,10,5,0,2,t,t,t,90,3,2,t
209,2444678,116035,2425,21,2025-01-16 20:00:00,14,17,3,1,t,t,t,90,1,3,t
218,2444687,116044,2425,22,2025-01-18 12:30:00,15,3,1,4,t,t,t,90,3,4,t
212,2444681,116038,2425,22,2025-01-18 15:00:00,4,12,0,2,t,t,t,90,5,3,t
216,2444685,116042,2425,22,2025-01-18 15:00:00,11,9,0,2,t,t,t,90,3,1,t
220,2444689,116046,2425,22,2025-01-18 15:00:00,19,7,0,2,t,t,t,90,3,2,t
211,2444680,116037,2425,22,2025-01-18 17:30:00,1,2,2,2,t,t,t,90,3,5,t
214,2444683,116040,2425,22,2025-01-19 14:00:00,8,18,3,2,t,t,t,90,2,3,t
217,2444686,116043,2425,22,2025-01-19 14:00:00,14,5,1,3,t,t,t,90,3,3,t
219,2444688,116045,2425,22,2025-01-19 14:00:00,16,17,3,2,t,t,t,90,1,4,t
215,2444684,116041,2425,22,2025-01-19 16:30:00,10,13,0,6,t,t,t,90,4,2,t
213,2444682,116039,2425,22,2025-01-20 20:00:00,6,20,3,1,t,t,t,90,3,4,t
222,2444690,116048,2425,23,2025-01-25 15:00:00,3,16,5,0,t,t,t,90,4,3,t
223,2444692,116049,2425,23,2025-01-25 15:00:00,5,8,0,1,t,t,t,90,3,3,t
226,2444695,116052,2425,23,2025-01-25 15:00:00,12,10,4,1,t,t,t,90,2,5,t
228,2444697,116054,2425,23,2025-01-25 15:00:00,17,15,1,3,t,t,t,90,4,1,t
230,2444699,116056,2425,23,2025-01-25 15:00:00,20,1,0,1,t,t,t,90,5,3,t
227,2444696,116053,2425,23,2025-01-25 17:30:00,13,6,3,1,t,t,t,90,3,4,t
224,2444693,116050,2425,23,2025-01-26 14:00:00,7,4,1,2,t,t,t,90,3,3,t
229,2444698,116055,2425,23,2025-01-26 14:00:00,18,11,1,2,t,t,t,90,1,3,t
221,2444691,116047,2425,23,2025-01-26 16:30:00,2,19,1,1,t,t,t,90,2,4,t
225,2444694,116051,2425,23,2025-01-26 19:00:00,9,14,0,1,t,t,t,90,2,3,t
239,2444708,116065,2425,24,2025-02-01 12:30:00,16,5,7,0,t,t,t,90,3,4,t
232,2444700,116058,2425,24,2025-02-01 15:00:00,3,12,0,2,t,t,t,90,5,3,t
235,2444704,116061,2425,24,2025-02-01 15:00:00,8,11,4,0,t,t,t,90,1,3,t
236,2444705,116062,2425,24,2025-02-01 15:00:00,10,17,1,2,t,t,t,90,1,2,t
238,2444707,116064,2425,24,2025-02-01 15:00:00,15,9,1,2,t,t,t,90,3,4,t
240,2444709,116066,2425,24,2025-02-01 17:30:00,20,2,2,0,t,t,t,90,3,3,t
233,2444702,116059,2425,24,2025-02-02 14:00:00,4,18,0,2,t,t,t,90,2,3,t
237,2444706,116063,2425,24,2025-02-02 14:00:00,14,7,0,2,t,t,t,90,3,3,t
231,2444701,116057,2425,24,2025-02-02 16:30:00,1,13,5,1,t,t,t,90,4,5,t
234,2444703,116060,2425,24,2025-02-03 20:00:00,6,19,2,1,t,t,t,90,2,4,t
144,2444613,115970,2425,24,2025-02-12 19:30:00,8,12,2,2,t,t,t,90,5,3,t
242,2444711,116068,2425,25,2025-02-14 20:00:00,5,6,3,0,t,t,t,90,3,3,t
245,2444714,116071,2425,25,2025-02-15 12:30:00,11,1,0,2,t,t,t,90,5,1,t
241,2444710,116067,2425,25,2025-02-15 15:00:00,2,10,1,1,t,t,t,90,2,4,t
244,2444713,116070,2425,25,2025-02-15 15:00:00,9,16,2,1,t,t,t,90,4,3,t
247,2444716,116073,2425,25,2025-02-15 15:00:00,13,15,4,0,t,t,t,90,4,4,t
248,2444717,116074,2425,25,2025-02-15 15:00:00,17,3,1,3,t,t,t,90,3,1,t
250,2444719,116076,2425,25,2025-02-15 15:00:00,19,4,0,1,t,t,t,90,3,2,t
243,2444712,116069,2425,25,2025-02-15 17:30:00,7,8,1,2,t,t,t,90,3,3,t
246,2444715,116072,2425,25,2025-02-16 14:00:00,12,20,2,1,t,t,t,90,3,5,t
249,2444718,116075,2425,25,2025-02-16 16:30:00,18,14,1,0,t,t,t,90,2,3,t
282,2444752,116108,2425,25,2025-02-19 19:30:00,2,12,2,2,t,t,t,90,5,4,t
257,2444726,116083,2425,26,2025-02-21 20:00:00,11,4,0,4,t,t,t,90,3,1,t
254,2444723,116080,2425,26,2025-02-22 12:30:00,8,14,2,2,t,t,t,90,2,3,t
251,2444721,116077,2425,26,2025-02-22 15:00:00,1,19,0,1,t,t,t,90,2,5,t
253,2444720,116079,2425,26,2025-02-22 15:00:00,3,20,0,1,t,t,t,90,3,3,t
255,2444724,116081,2425,26,2025-02-22 15:00:00,9,7,0,2,t,t,t,90,3,3,t
256,2444725,116082,2425,26,2025-02-22 15:00:00,10,18,1,4,t,t,t,90,2,2,t
260,2444729,116086,2425,26,2025-02-22 15:00:00,17,5,0,4,t,t,t,90,3,1,t
252,2444722,116078,2425,26,2025-02-22 17:30:00,2,6,2,1,t,t,t,90,3,4,t
259,2444728,116085,2425,26,2025-02-23 14:00:00,15,16,4,3,t,t,t,90,4,4,t
258,2444727,116084,2425,26,2025-02-23 16:30:00,13,12,0,2,t,t,t,90,5,4,t
262,2444731,116088,2425,27,2025-02-25 19:30:00,5,3,2,1,t,t,t,90,3,3,t
263,2444732,116089,2425,27,2025-02-25 19:30:00,7,2,4,1,t,t,t,90,3,3,t
267,2444736,116093,2425,27,2025-02-25 19:30:00,20,9,1,2,t,t,t,90,3,3,t
268,2444737,116094,2425,27,2025-02-25 20:15:00,6,17,4,0,t,t,t,90,1,4,t
261,2444730,116087,2425,27,2025-02-26 19:30:00,4,8,1,1,t,t,t,90,3,3,t
270,2444739,116096,2425,27,2025-02-26 19:30:00,14,10,3,2,t,t,t,90,2,3,t
264,2444733,116090,2425,27,2025-02-26 19:30:00,16,1,0,0,t,t,t,90,5,4,t
265,2444734,116091,2425,27,2025-02-26 19:30:00,18,13,0,1,t,t,t,90,4,3,t
269,2444738,116095,2425,27,2025-02-26 20:15:00,12,15,2,0,t,t,t,90,4,5,t
266,2444735,116092,2425,27,2025-02-27 20:00:00,19,11,2,0,t,t,t,90,1,2,t
277,2444746,116103,2425,28,2025-03-08 12:30:00,16,13,1,0,t,t,t,90,4,4,t
272,2444741,116098,2425,28,2025-03-08 15:00:00,5,9,2,1,t,t,t,90,3,3,t
274,2444743,116100,2425,28,2025-03-08 15:00:00,7,10,1,0,t,t,t,90,2,3,t
275,2444744,116101,2425,28,2025-03-08 15:00:00,12,17,3,1,t,t,t,90,1,5,t
271,2444740,116097,2425,28,2025-03-08 17:30:00,4,2,0,1,t,t,t,90,3,3,t
280,2444749,116106,2425,28,2025-03-08 20:00:00,20,8,1,1,t,t,t,90,3,3,t
273,2444742,116099,2425,28,2025-03-09 14:00:00,6,11,1,0,t,t,t,90,1,4,t
278,2444747,116104,2425,28,2025-03-09 14:00:00,18,3,2,2,t,t,t,90,3,3,t
276,2444745,116102,2425,28,2025-03-09 16:30:00,14,1,1,1,t,t,t,90,5,3,t
279,2444748,116105,2425,28,2025-03-10 20:00:00,19,15,0,1,t,t,t,90,4,2,t
284,2444753,116110,2425,29,2025-03-15 15:00:00,8,19,1,1,t,t,t,90,2,3,t
286,2444755,116112,2425,29,2025-03-15 15:00:00,10,16,2,4,t,t,t,90,4,2,t
288,2444757,116114,2425,29,2025-03-15 15:00:00,13,5,2,2,t,t,t,90,3,4,t
290,2444759,116116,2425,29,2025-03-15 15:00:00,17,20,1,2,t,t,t,90,3,1,t
283,2444750,116109,2425,29,2025-03-15 17:30:00,3,4,1,2,t,t,t,90,3,3,t
281,2444751,116107,2425,29,2025-03-16 13:30:00,1,6,1,0,t,t,t,90,3,5,t
285,2444754,116111,2425,29,2025-03-16 13:30:00,9,18,2,0,t,t,t,90,2,3,t
287,2444756,116113,2425,29,2025-03-16 19:00:00,11,14,0,3,t,t,t,90,2,1,t
291,2444761,116117,2425,30,2025-04-01 18:45:00,1,9,2,1,t,t,t,90,3,5,t
295,2444764,116121,2425,30,2025-04-01 18:45:00,20,19,1,0,t,t,t,90,2,3,t
294,2444763,116120,2425,30,2025-04-01 19:00:00,16,14,1,0,t,t,t,90,2,4,t
292,2444760,116118,2425,30,2025-04-02 18:45:00,3,10,1,2,t,t,t,90,2,3,t
293,2444762,116119,2425,30,2025-04-02 18:45:00,5,2,0,3,t,t,t,90,3,3,t
298,2444767,116124,2425,30,2025-04-02 18:45:00,13,11,2,0,t,t,t,90,1,4,t
299,2444768,116125,2425,30,2025-04-02 18:45:00,15,4,2,1,t,t,t,90,3,4,t
300,2444769,116126,2425,30,2025-04-02 18:45:00,17,7,1,1,t,t,t,90,3,1,t
297,2444766,116123,2425,30,2025-04-02 19:00:00,12,8,1,0,t,t,t,90,3,5,t
296,2444765,116122,2425,30,2025-04-03 19:00:00,6,18,1,0,t,t,t,90,2,4,t
304,2444773,116130,2425,31,2025-04-05 11:30:00,8,1,1,1,t,t,t,90,5,3,t
303,2444772,116129,2425,31,2025-04-05 14:00:00,7,5,2,1,t,t,t,90,3,3,t
306,2444775,116132,2425,31,2025-04-05 14:00:00,10,20,1,2,t,t,t,90,3,2,t
310,2444779,116136,2425,31,2025-04-05 14:00:00,19,3,2,2,t,t,t,90,3,2,t
301,2444770,116127,2425,31,2025-04-05 16:30:00,2,16,2,1,t,t,t,90,4,4,t
302,2444771,116128,2425,31,2025-04-06 13:00:00,4,6,0,0,t,t,t,90,3,3,t
305,2444774,116131,2425,31,2025-04-06 13:00:00,9,12,3,2,t,t,t,90,5,3,t
309,2444778,116135,2425,31,2025-04-06 13:00:00,18,17,3,1,t,t,t,90,1,3,t
308,2444777,116134,2425,31,2025-04-06 15:30:00,14,13,0,0,t,t,t,90,4,3,t
307,2444776,116133,2425,31,2025-04-07 19:00:00,11,15,0,3,t,t,t,90,4,1,t
316,2444785,116142,2425,32,2025-04-12 11:30:00,13,7,5,2,t,t,t,90,3,4,t
313,2444782,116139,2425,32,2025-04-12 14:00:00,5,11,2,2,t,t,t,90,1,3,t
318,2444787,116144,2425,32,2025-04-12 14:00:00,16,8,0,1,t,t,t,90,3,4,t
319,2444788,116145,2425,32,2025-04-12 14:00:00,17,2,0,3,t,t,t,90,3,1,t
311,2444781,116137,2425,32,2025-04-12 16:30:00,1,4,1,1,t,t,t,90,3,5,t
314,2444783,116140,2425,32,2025-04-13 13:00:00,6,10,2,2,t,t,t,90,2,4,t
315,2444784,116141,2425,32,2025-04-13 13:00:00,12,19,2,1,t,t,t,90,2,5,t
320,2444789,116146,2425,32,2025-04-13 13:00:00,20,18,4,2,t,t,t,90,2,3,t
317,2444786,116143,2425,32,2025-04-13 15:30:00,15,14,4,1,t,t,t,90,2,4,t
312,2444780,116138,2425,32,2025-04-14 19:00:00,3,9,1,0,t,t,t,90,3,3,t
289,2444758,116115,2425,32,2025-04-16 18:30:00,15,7,5,0,t,t,t,90,3,4,t
322,2444791,116148,2425,33,2025-04-19 14:00:00,4,5,4,2,t,t,t,90,3,3,t
323,2444792,116149,2425,33,2025-04-19 14:00:00,7,3,0,0,t,t,t,90,3,3,t
324,2444793,116150,2425,33,2025-04-19 14:00:00,8,13,0,2,t,t,t,90,4,3,t
330,2444799,116156,2425,33,2025-04-19 14:00:00,19,17,1,1,t,t,t,90,1,2,t
321,2444790,116147,2425,33,2025-04-19 16:30:00,2,15,4,1,t,t,t,90,4,4,t
325,2444794,116151,2425,33,2025-04-20 13:00:00,9,6,1,2,t,t,t,90,3,3,t
326,2444795,116152,2425,33,2025-04-20 13:00:00,10,1,0,4,t,t,t,90,5,2,t
328,2444797,116154,2425,33,2025-04-20 13:00:00,14,20,0,1,t,t,t,90,3,3,t
327,2444796,116153,2425,33,2025-04-20 15:30:00,11,12,0,1,t,t,t,90,5,1,t
329,2444798,116155,2425,33,2025-04-21 19:00:00,18,16,1,2,t,t,t,90,4,3,t
336,2444805,116162,2425,33,2025-04-22 19:00:00,13,2,2,1,t,t,t,90,3,4,t
331,2444801,116157,2425,33,2025-04-23 19:00:00,1,7,2,2,t,t,t,90,3,5,t
334,2444803,116160,2425,34,2025-04-26 11:30:00,6,8,1,0,t,t,t,90,3,4,t
333,2444802,116159,2425,34,2025-04-26 14:00:00,5,19,3,2,t,t,t,90,2,3,t
337,2444806,116163,2425,34,2025-04-26 14:00:00,15,10,3,0,t,t,t,90,2,4,t
339,2444808,116165,2425,34,2025-04-26 14:00:00,17,9,1,2,t,t,t,90,3,1,t
340,2444809,116166,2425,34,2025-04-26 14:00:00,20,11,3,0,t,t,t,90,1,3,t
332,2444800,116158,2425,34,2025-04-27 13:00:00,3,14,1,1,t,t,t,90,2,3,t
335,2444804,116161,2425,34,2025-04-27 15:30:00,12,18,5,1,t,t,t,90,2,5,t
338,2444807,116164,2425,34,2025-05-01 18:30:00,16,4,0,2,t,t,t,90,3,4,t
349,2444818,116175,2425,35,2025-05-02 19:00:00,13,20,1,0,t,t,t,90,3,4,t
342,2444811,116168,2425,35,2025-05-03 11:30:00,2,9,1,0,t,t,t,90,3,4,t
347,2444816,116173,2425,35,2025-05-03 14:00:00,8,10,2,2,t,t,t,90,2,3,t
348,2444817,116174,2425,35,2025-05-03 14:00:00,11,17,2,0,t,t,t,90,1,1,t
341,2444810,116167,2425,35,2025-05-03 16:30:00,1,3,1,2,t,t,t,90,3,5,t
343,2444812,116169,2425,35,2025-05-04 13:00:00,4,14,4,3,t,t,t,90,2,3,t
344,2444813,116170,2425,35,2025-05-04 13:00:00,5,15,1,1,t,t,t,90,4,3,t
350,2444819,116176,2425,35,2025-05-04 13:00:00,19,18,1,1,t,t,t,90,2,2,t
345,2444814,116171,2425,35,2025-05-04 15:30:00,6,12,3,1,t,t,t,90,5,4,t
346,2444815,116172,2425,35,2025-05-05 19:00:00,7,16,1,1,t,t,t,90,4,3,t
352,2444821,116178,2425,36,2025-05-10 14:00:00,9,8,1,3,t,t,t,90,3,3,t
353,2444822,116179,2425,36,2025-05-10 14:00:00,10,4,0,1,t,t,t,90,3,2,t
358,2444827,116184,2425,36,2025-05-10 14:00:00,17,13,0,0,t,t,t,90,4,1,t
360,2444829,116186,2425,36,2025-05-10 14:00:00,20,5,0,2,t,t,t,90,3,3,t
351,2444820,116177,2425,36,2025-05-10 16:30:00,3,2,0,1,t,t,t,90,3,3,t
356,2444825,116182,2425,36,2025-05-11 11:00:00,15,6,2,0,t,t,t,90,3,4,t
355,2444824,116181,2425,36,2025-05-11 13:15:00,14,19,0,2,t,t,t,90,2,3,t
357,2444826,116183,2425,36,2025-05-11 13:15:00,16,11,2,2,t,t,t,90,1,4,t
359,2444828,116185,2425,36,2025-05-11 13:15:00,18,7,0,2,t,t,t,90,3,3,t
354,2444823,116180,2425,36,2025-05-11 15:30:00,12,1,2,2,t,t,t,90,5,5,t
362,2444831,116188,2425,37,2025-05-16 18:30:00,2,18,2,0,t,t,t,90,2,4,t
365,2444834,116191,2425,37,2025-05-16 19:15:00,6,14,1,0,t,t,t,90,2,4,t
367,2444836,116193,2425,37,2025-05-18 11:00:00,8,17,2,0,t,t,t,90,1,3,t
370,2444839,116196,2425,37,2025-05-18 13:15:00,19,16,1,2,t,t,t,90,4,2,t
363,2444832,116189,2425,37,2025-05-18 14:00:00,4,9,2,3,t,t,t,90,3,3,t
368,2444837,116194,2425,37,2025-05-18 14:00:00,11,10,2,0,t,t,t,90,2,1,t
361,2444830,116187,2425,37,2025-05-18 15:30:00,1,15,1,0,t,t,t,90,4,5,t
364,2444833,116190,2425,37,2025-05-19 19:00:00,5,12,3,2,t,t,t,90,5,3,t
366,2444835,116192,2425,37,2025-05-20 19:00:00,7,20,4,2,t,t,t,90,3,3,t
369,2444838,116195,2425,37,2025-05-20 19:00:00,13,3,3,1,t,t,t,90,3,4,t
371,2444840,116197,2425,38,2025-05-25 15:00:00,3,11,2,0,t,t,t,90,1,3,t
372,2444841,116198,2425,38,2025-05-25 15:00:00,9,13,0,2,t,t,t,90,4,3,t
373,2444842,116199,2425,38,2025-05-25 15:00:00,10,19,1,3,t,t,t,90,2,2,t
374,2444843,116200,2425,38,2025-05-25 15:00:00,12,7,1,1,t,t,t,90,3,5,t
375,2444844,116201,2425,38,2025-05-25 15:00:00,14,2,2,0,t,t,t,90,3,3,t
376,2444845,116202,2425,38,2025-05-25 15:00:00,15,8,0,1,t,t,t,90,3,4,t
377,2444846,116203,2425,38,2025-05-25 15:00:00,16,6,0,1,t,t,t,90,3,4,t
378,2444847,116204,2425,38,2025-05-25 15:00:00,17,1,1,2,t,t,t,90,5,1,t
379,2444848,116205,2425,38,2025-05-25 15:00:00,18,5,1,4,t,t,t,90,3,3,t
380,2444849,116206,2425,38,2025-05-25 15:00:00,20,4,1,1,t,t,t,90,3,3,t
118,,,2019-20,12,2019-11-09 15:00:00,16,8,1,2,,,,,,,
119,,,2019-20,12,2019-11-09 15:00:00,17,15,1,1,,,,,,,
345,,,2024-25,35,2025-05-04 15:30:00,6,12,3,1,,,,,,,
346,,,2024-25,35,2025-05-05 19:00:00,7,16,1,1,,,,,,,
347,,,2024-25,35,2025-05-03 14:00:00,8,10,2,2,,,,,,,
348,,,2024-25,35,2025-05-03 14:00:00,11,17,2,0,,,,,,,
349,,,2024-25,35,2025-05-02 19:00:00,13,20,1,0,,,,,,,
350,,,2024-25,35,2025-05-04 13:00:00,19,18,1,1,,,,,,,
351,,,2024-25,36,2025-05-10 16:30:00,3,2,0,1,,,,,,,
352,,,2024-25,36,2025-05-10 14:00:00,9,8,1,3,,,,,,,
353,,,2024-25,36,2025-05-10 14:00:00,10,4,0,1,,,,,,,
354,,,2024-25,36,2025-05-11 15:30:00,12,1,2,2,,,,,,,
355,,,2024-25,36,2025-05-11 13:15:00,14,19,0,2,,,,,,,
356,,,2024-25,36,2025-05-11 11:00:00,15,6,2,0,,,,,,,
357,,,2024-25,36,2025-05-11 13:15:00,16,11,2,2,,,,,,,
358,,,2024-25,36,2025-05-10 14:00:00,17,13,0,0,,,,,,,
359,,,2024-25,36,2025-05-11 13:15:00,18,7,0,2,,,,,,,
360,,,2024-25,36,2025-05-10 14:00:00,20,5,0,2,,,,,,,
361,,,2024-25,37,2025-05-18 15:30:00,1,15,1,0,,,,,,,
362,,,2024-25,37,2025-05-16 18:30:00,2,18,2,0,,,,,,,
363,,,2024-25,37,2025-05-18 14:00:00,4,9,2,3,,,,,,,
364,,,2024-25,37,2025-05-19 19:00:00,5,12,3,2,,,,,,,
365,,,2024-25,37,2025-05-16 19:15:00,6,14,1,0,,,,,,,
366,,,2024-25,37,2025-05-20 19:00:00,7,20,4,2,,,,,,,
367,,,2024-25,37,2025-05-18 11:00:00,8,17,2,0,,,,,,,
368,,,2024-25,37,2025-05-18 14:00:00,11,10,2,0,,,,,,,
369,,,2024-25,37,2025-05-20 19:00:00,13,3,3,1,,,,,,,
370,,,2024-25,37,2025-05-18 13:15:00,19,16,1,2,,,,,,,
371,,,2024-25,38,2025-05-25 15:00:00,3,11,2,0,,,,,,,
372,,,2024-25,38,2025-05-25 15:00:00,9,13,0,2,,,,,,,
373,,,2024-25,38,2025-05-25 15:00:00,10,19,1,3,,,,,,,
374,,,2024-25,38,2025-05-25 15:00:00,12,7,1,1,,,,,,,
375,,,2024-25,38,2025-05-25 15:00:00,14,2,2,0,,,,,,,
376,,,2024-25,38,2025-05-25 15:00:00,15,8,0,1,,,,,,,
377,,,2024-25,38,2025-05-25 15:00:00,16,6,0,1,,,,,,,
378,,,2024-25,38,2025-05-25 15:00:00,17,1,1,2,,,,,,,
379,,,2024-25,38,2025-05-25 15:00:00,18,5,1,4,,,,,,,
380,,,2024-25,38,2025-05-25 15:00:00,20,4,1,1,,,,,,,
351,,,2025-26,36,2026-05-09 14:00:00,6,20,3,0,,,,,,,
352,,,2025-26,36,2026-05-10 13:00:00,3,2,2,2,,,,,,,
353,,,2025-26,36,2026-05-10 13:00:00,8,9,2,2,,,,,,,
354,,,2025-26,36,2026-05-09 14:00:00,10,4,0,1,,,,,,,
355,,,2025-26,36,2026-05-09 11:30:00,12,7,1,1,,,,,,,
356,,,2025-26,36,2026-05-09 16:30:00,13,5,3,0,,,,,,,
