element,name,target_gw,target_minutes,target_points
1,David Raya Martín,6,90,2.0
1,David Raya Martín,7,90,6.0
1,David Raya Martín,8,90,6.0
1,David Raya Martín,9,90,6.0
1,David Raya Martín,10,90,6.0
1,David Raya Martín,11,90,1.0
1,David Raya Martín,12,90,2.0
1,David Raya Martín,13,90,3.0
1,David Raya Martín,14,90,6.0
1,David Raya Martín,15,90,2.0
1,David Raya Martín,16,90,2.0
1,David Raya Martín,17,90,7.0
1,David Raya Martín,18,90,2.0
1,David Raya Martín,19,90,2.0
1,David Raya Martín,20,90,1.0
1,David Raya Martín,21,90,6.0
1,David Raya Martín,22,90,6.0
1,David Raya Martín,23,90,1.0
1,David Raya Martín,24,90,6.0
1,David Raya Martín,25,90,7.0
1,David Raya Martín,26,180,3.0
1,David Raya Martín,27,90,3.0
1,David Raya Martín,28,90,3.0
1,David Raya Martín,29,90,7.0
5,Gabriel dos Santos Magalhães,6,90,13.0
5,Gabriel dos Santos Magalhães,7,90,9.0
5,Gabriel dos Santos Magalhães,8,90,12.0
5,Gabriel dos Santos Magalhães,9,90,9.0
5,Gabriel dos Santos Magalhães,10,90,12.0
5,Gabriel dos Santos Magalhães,11,90,1.0
5,Gabriel dos Santos Magalhães,18,19,1.0
5,Gabriel dos Santos Magalhães,19,76,15.0
5,Gabriel dos Santos Magalhães,20,90,9.0
5,Gabriel dos Santos Magalhães,21,90,6.0
5,Gabriel dos Santos Magalhães,22,90,8.0
5,Gabriel dos Santos Magalhães,23,90,1.0
5,Gabriel dos Santos Magalhães,24,90,8.0
5,Gabriel dos Santos Magalhães,25,90,6.0
5,Gabriel dos Santos Magalhães,26,180,7.0
5,Gabriel dos Santos Magalhães,27,90,2.0
5,Gabriel dos Santos Magalhães,28,90,9.0
5,Gabriel dos Santos Magalhães,29,90,11.0
6,William Saliba,6,45,1.0
6,William Saliba,7,90,6.0
6,William Saliba,8,90,6.0
6,William Saliba,9,45,1.0
6,William Saliba,10,90,6.0
6,William Saliba,11,90,1.0
6,William Saliba,12,90,2.0
6,William Saliba,16,90,2.0
6,William Saliba,17,90,6.0
6,William Saliba,18,90,2.0
6,William Saliba,19,90,2.0
6,William Saliba,20,90,1.0
6,William Saliba,21,90,7.0
6,William Saliba,22,90,8.0
6,William Saliba,23,90,1.0
6,William Saliba,24,90,6.0
6,William Saliba,25,90,7.0
6,William Saliba,26,90,1.0
6,William Saliba,27,90,2.0
6,William Saliba,28,90,10.0
7,Riccardo Calafiori,6,69,1.0
7,Riccardo Calafiori,7,74,6.0
7,Riccardo Calafiori,8,90,6.0
7,Riccardo Calafiori,9,81,6.0
7,Riccardo Calafiori,10,71,6.0
7,Riccardo Calafiori,11,90,1.0
7,Riccardo Calafiori,12,90,2.0
7,Riccardo Calafiori,13,45,0.0
7,Riccardo Calafiori,14,90,7.0
7,Riccardo Calafiori,15,85,1.0
7,Riccardo Calafiori,17,90,6.0
7,Riccardo Calafiori,24,15,1.0
7,Riccardo Calafiori,25,66,6.0
7,Riccardo Calafiori,26,10,2.0
7,Riccardo Calafiori,29,26,1.0
8,Jurriën Timber,6,90,2.0
8,Jurriën Timber,7,90,11.0
8,Jurriën Timber,8,90,6.0
8,Jurriën Timber,9,90,6.0
8,Jurriën Timber,10,90,6.0
8,Jurriën Timber,11,90,1.0
8,Jurriën Timber,12,90,5.0
8,Jurriën Timber,13,90,2.0
8,Jurriën Timber,14,46,1.0
8,Jurriën Timber,15,90,3.0
8,Jurriën Timber,16,90,2.0
8,Jurriën Timber,17,90,6.0
8,Jurriën Timber,19,82,9.0
8,Jurriën Timber,20,90,3.0
8,Jurriën Timber,21,90,6.0
8,Jurriën Timber,22,90,5.0
8,Jurriën Timber,23,90,1.0
8,Jurriën Timber,24,90,5.0
8,Jurriën Timber,25,90,6.0
8,Jurriën Timber,26,180,3.0
8,Jurriën Timber,27,56,3.0
8,Jurriën Timber,28,90,8.0
8,Jurriën Timber,29,90,13.0
10,Myles Lewis-Skelly,6,2,1.0
10,Myles Lewis-Skelly,7,15,1.0
10,Myles Lewis-Skelly,9,2,1.0
10,Myles Lewis-Skelly,10,1,1.0
10,Myles Lewis-Skelly,12,1,1.0
10,Myles Lewis-Skelly,13,45,0.0
10,Myles Lewis-Skelly,15,4,1.0
10,Myles Lewis-Skelly,16,59,1.0
10,Myles Lewis-Skelly,18,70,1.0
10,Myles Lewis-Skelly,19,13,1.0
10,Myles Lewis-Skelly,21,33,1.0
11,Benjamin White,14,90,14.0
11,Benjamin White,15,90,1.0
11,Benjamin White,16,30,1.0
11,Benjamin White,19,7,1.0
11,Benjamin White,22,90,6.0
11,Benjamin White,23,32,1.0
12,Oleksandr Zinchenko,6,90,2.0
12,Oleksandr Zinchenko,8,73,1.0
12,Oleksandr Zinchenko,17,9,1.0
12,Oleksandr Zinchenko,19,90,1.0
16,Bukayo Saka,6,69,2.0
16,Bukayo Saka,7,90,8.0
16,Bukayo Saka,8,90,7.0
16,Bukayo Saka,9,65,3.0
16,Bukayo Saka,10,90,3.0
16,Bukayo Saka,11,90,12.0
16,Bukayo Saka,12,90,4.0
16,Bukayo Saka,13,90,5.0
16,Bukayo Saka,14,29,6.0
16,Bukayo Saka,15,78,4.0
16,Bukayo Saka,16,90,11.0
16,Bukayo Saka,17,90,3.0
16,Bukayo Saka,18,90,7.0
16,Bukayo Saka,19,82,6.0
16,Bukayo Saka,20,23,4.0
16,Bukayo Saka,21,77,3.0
16,Bukayo Saka,22,33,1.0
16,Bukayo Saka,23,90,2.0
16,Bukayo Saka,26,92,13.0
16,Bukayo Saka,27,90,5.0
16,Bukayo Saka,28,90,2.0
16,Bukayo Saka,29,90,9.0
17,Martin Ødegaard,6,8,4.0
17,Martin Ødegaard,7,29,1.0
17,Martin Ødegaard,13,33,1.0
17,Martin Ødegaard,14,90,3.0
17,Martin Ødegaard,15,90,2.0
17,Martin Ødegaard,16,33,1.0
17,Martin Ødegaard,17,87,3.0
17,Martin Ødegaard,18,90,10.0
17,Martin Ødegaard,19,90,5.0
17,Martin Ødegaard,20,79,7.0
17,Martin Ødegaard,21,77,3.0
17,Martin Ødegaard,22,56,1.0
17,Martin Ødegaard,23,57,4.0
17,Martin Ødegaard,24,29,4.0
17,Martin Ødegaard,26,45,1.0
17,Martin Ødegaard,27,13,4.0
18,Noni Madueke,12,12,1.0
18,Noni Madueke,13,33,1.0
18,Noni Madueke,14,60,3.0
18,Noni Madueke,15,11,1.0
18,Noni Madueke,19,7,1.0
18,Noni Madueke,20,66,2.0
18,Noni Madueke,21,12,1.0
18,Noni Madueke,22,56,1.0
18,Noni Madueke,23,15,1.0
18,Noni Madueke,24,60,14.0
18,Noni Madueke,25,59,1.0
18,Noni Madueke,26,133,13.0
18,Noni Madueke,27,1,1.0
19,Gabriel Martinelli Silva,6,20,1.0
19,Gabriel Martinelli Silva,7,11,1.0
19,Gabriel Martinelli Silva,8,9,1.0
19,Gabriel Martinelli Silva,9,24,1.0
19,Gabriel Martinelli Silva,13,56,1.0
19,Gabriel Martinelli Silva,14,60,3.0
19,Gabriel Martinelli Silva,15,4,1.0
19,Gabriel Martinelli Silva,16,56,1.0
19,Gabriel Martinelli Silva,17,10,0.0
19,Gabriel Martinelli Silva,18,8,1.0
19,Gabriel Martinelli Silva,20,66,5.0
19,Gabriel Martinelli Silva,21,26,0.0
19,Gabriel Martinelli Silva,22,45,1.0
19,Gabriel Martinelli Silva,24,29,4.0
19,Gabriel Martinelli Silva,25,30,4.0
19,Gabriel Martinelli Silva,26,99,3.0
19,Gabriel Martinelli Silva,27,14,1.0
19,Gabriel Martinelli Silva,28,34,1.0
19,Gabriel Martinelli Silva,29,59,1.0
20,Leandro Trossard,6,87,2.0
20,Leandro Trossard,7,74,3.0
20,Leandro Trossard,8,80,10.0
20,Leandro Trossard,9,90,3.0
20,Leandro Trossard,10,90,6.0
20,Leandro Trossard,11,90,9.0
20,Leandro Trossard,12,77,12.0
20,Leandro Trossard,15,40,6.0
20,Leandro Trossard,16,33,1.0
20,Leandro Trossard,17,79,3.0
20,Leandro Trossard,18,81,2.0
20,Leandro Trossard,19,90,13.0
20,Leandro Trossard,20,23,1.0
20,Leandro Trossard,21,63,2.0
20,Leandro Trossard,22,45,1.0
20,Leandro Trossard,23,74,2.0
20,Leandro Trossard,24,80,3.0
20,Leandro Trossard,25,88,6.0
20,Leandro Trossard,26,100,3.0
20,Leandro Trossard,27,75,2.0
20,Leandro Trossard,28,55,1.0
20,Leandro Trossard,29,30,1.0
21,Declan Rice,6,90,9.0
21,Declan Rice,7,78,11.0
21,Declan Rice,8,90,3.0
21,Declan Rice,9,81,7.0
21,Declan Rice,10,90,13.0
21,Declan Rice,11,90,2.0
21,Declan Rice,12,90,6.0
21,Declan Rice,13,90,4.0
21,Declan Rice,14,82,3.0
21,Declan Rice,15,90,6.0
21,Declan Rice,16,90,2.0
21,Declan Rice,17,90,11.0
21,Declan Rice,18,90,5.0
21,Declan Rice,20,90,17.0
21,Declan Rice,21,90,3.0
21,Declan Rice,22,90,3.0
21,Declan Rice,23,90,1.0
21,Declan Rice,24,90,3.0
21,Declan Rice,25,90,5.0
21,Declan Rice,26,180,14.0
21,Declan Rice,27,90,4.0
21,Declan Rice,28,75,5.0
21,Declan Rice,29,90,3.0
22,Mikel Merino Zazón,6,20,6.0
22,Mikel Merino Zazón,7,11,1.0
22,Mikel Merino Zazón,8,28,1.0
22,Mikel Merino Zazón,9,8,1.0
22,Mikel Merino Zazón,10,45,1.0
22,Mikel Merino Zazón,11,90,5.0
22,Mikel Merino Zazón,12,87,5.0
22,Mikel Merino Zazón,13,90,9.0
22,Mikel Merino Zazón,14,90,13.0
22,Mikel Merino Zazón,15,45,1.0
22,Mikel Merino Zazón,16,32,1.0
22,Mikel Merino Zazón,17,2,1.0
22,Mikel Merino Zazón,18,90,2.0
22,Mikel Merino Zazón,19,72,2.0
22,Mikel Merino Zazón,20,10,1.0
22,Mikel Merino Zazón,22,33,1.0
22,Mikel Merino Zazón,23,32,7.0
24,Christian Nørgaard,8,1,1.0
24,Christian Nørgaard,10,13,1.0
24,Christian Nørgaard,19,17,1.0
24,Christian Nørgaard,25,1,1.0
24,Christian Nørgaard,28,14,1.0
24,Christian Nørgaard,29,10,1.0
25,Ethan Nwaneri,7,15,1.0
25,Ethan Nwaneri,10,18,1.0
25,Ethan Nwaneri,12,2,1.0
26,Martín Zubimendi Ibáñez,6,81,2.0
26,Martín Zubimendi Ibáñez,7,60,3.0
26,Martín Zubimendi Ibáñez,8,90,3.0
26,Martín Zubimendi Ibáñez,9,90,5.0
26,Martín Zubimendi Ibáñez,10,76,3.0
26,Martín Zubimendi Ibáñez,11,90,5.0
26,Martín Zubimendi Ibáñez,12,90,2.0
26,Martín Zubimendi Ibáñez,13,56,0.0
26,Martín Zubimendi Ibáñez,14,90,3.0
26,Martín Zubimendi Ibáñez,15,90,2.0
26,Martín Zubimendi Ibáñez,16,57,1.0
26,Martín Zubimendi Ibáñez,17,90,3.0
26,Martín Zubimendi Ibáñez,18,90,2.0
26,Martín Zubimendi Ibáñez,19,90,8.0
26,Martín Zubimendi Ibáñez,20,90,3.0
26,Martín Zubimendi Ibáñez,21,90,5.0
26,Martín Zubimendi Ibáñez,22,78,3.0
26,Martín Zubimendi Ibáñez,23,57,1.0
26,Martín Zubimendi Ibáñez,24,90,10.0
26,Martín Zubimendi Ibáñez,25,90,10.0
26,Martín Zubimendi Ibáñez,26,180,6.0
26,Martín Zubimendi Ibáñez,27,90,2.0
26,Martín Zubimendi Ibáñez,28,90,2.0
26,Martín Zubimendi Ibáñez,29,79,3.0
27,Reiss Nelson,10,15,1.0
27,Reiss Nelson,11,1,1.0
27,Reiss Nelson,13,15,1.0
27,Reiss Nelson,18,1,1.0
27,Reiss Nelson,19,10,1.0
27,Reiss Nelson,21,8,1.0
30,Kai Havertz,24,60,2.0
30,Kai Havertz,25,66,5.0
30,Kai Havertz,28,14,1.0
30,Kai Havertz,29,31,1.0
31,Gabriel Fernando de Jesus,16,9,1.0
31,Gabriel Fernando de Jesus,17,25,1.0
31,Gabriel Fernando de Jesus,18,19,1.0
31,Gabriel Fernando de Jesus,19,13,4.0
31,Gabriel Fernando de Jesus,20,24,1.0
31,Gabriel Fernando de Jesus,21,26,1.0
31,Gabriel Fernando de Jesus,22,33,1.0
31,Gabriel Fernando de Jesus,23,57,1.0
31,Gabriel Fernando de Jesus,24,14,5.0
31,Gabriel Fernando de Jesus,25,59,1.0
31,Gabriel Fernando de Jesus,26,25,0.0
32,Emiliano Martínez Romero,6,90,3.0
32,Emiliano Martínez Romero,7,90,1.0
32,Emiliano Martínez Romero,8,90,2.0
32,Emiliano Martínez Romero,9,90,8.0
32,Emiliano Martínez Romero,10,90,1.0
32,Emiliano Martínez Romero,11,90,14.0
32,Emiliano Martínez Romero,12,90,3.0
32,Emiliano Martínez Romero,13,90,7.0
32,Emiliano Martínez Romero,15,90,4.0
32,Emiliano Martínez Romero,17,90,3.0
32,Emiliano Martínez Romero,18,90,2.0
32,Emiliano Martínez Romero,19,90,1.0
32,Emiliano Martínez Romero,20,90,3.0
32,Emiliano Martínez Romero,21,45,1.0
32,Emiliano Martínez Romero,22,90,2.0
32,Emiliano Martínez Romero,23,90,10.0
32,Emiliano Martínez Romero,24,90,2.0
32,Emiliano Martínez Romero,25,90,6.0
32,Emiliano Martínez Romero,26,90,8.0
32,Emiliano Martínez Romero,27,90,3.0
32,Emiliano Martínez Romero,28,90,1.0
32,Emiliano Martínez Romero,29,90,1.0
33,Marco Bizot,14,90,1.0
33,Marco Bizot,16,90,1.0
33,Marco Bizot,21,45,2.0
36,Matty Cash,6,90,2.0
36,Matty Cash,7,83,2.0
36,Matty Cash,8,90,2.0
36,Matty Cash,9,90,15.0
36,Matty Cash,10,90,0.0
36,Matty Cash,11,90,6.0
36,Matty Cash,12,90,2.0
36,Matty Cash,13,90,6.0
36,Matty Cash,14,90,4.0
36,Matty Cash,15,86,9.0
36,Matty Cash,16,90,0.0
36,Matty Cash,17,90,2.0
36,Matty Cash,18,90,1.0
36,Matty Cash,20,89,5.0
36,Matty Cash,21,90,6.0
36,Matty Cash,22,90,2.0
36,Matty Cash,23,90,6.0
36,Matty Cash,24,90,2.0
36,Matty Cash,25,90,2.0
36,Matty Cash,27,86,2.0
36,Matty Cash,28,90,0.0
36,Matty Cash,29,45,-1.0
37,Lucas Digne,6,90,5.0
37,Lucas Digne,7,90,1.0
37,Lucas Digne,8,81,5.0
37,Lucas Digne,9,85,6.0
37,Lucas Digne,10,74,1.0
37,Lucas Digne,11,90,9.0
37,Lucas Digne,12,45,1.0
37,Lucas Digne,13,90,7.0
37,Lucas Digne,14,20,1.0
37,Lucas Digne,16,15,1.0
37,Lucas Digne,17,15,1.0
37,Lucas Digne,18,7,1.0
37,Lucas Digne,19,90,0.0
37,Lucas Digne,20,21,1.0
37,Lucas Digne,21,72,9.0
37,Lucas Digne,22,17,1.0
37,Lucas Digne,23,15,3.0
37,Lucas Digne,25,85,4.0
37,Lucas Digne,28,69,2.0
38,Ezri Konsa Ngoyo,6,90,2.0
38,Ezri Konsa Ngoyo,7,90,2.0
38,Ezri Konsa Ngoyo,8,90,2.0
38,Ezri Konsa Ngoyo,9,90,8.0
38,Ezri Konsa Ngoyo,10,90,1.0
38,Ezri Konsa Ngoyo,11,90,6.0
38,Ezri Konsa Ngoyo,12,90,2.0
38,Ezri Konsa Ngoyo,13,90,8.0
38,Ezri Konsa Ngoyo,14,90,1.0
38,Ezri Konsa Ngoyo,15,90,2.0
38,Ezri Konsa Ngoyo,16,90,1.0
38,Ezri Konsa Ngoyo,17,90,2.0
38,Ezri Konsa Ngoyo,18,90,4.0
38,Ezri Konsa Ngoyo,19,90,0.0
38,Ezri Konsa Ngoyo,20,90,2.0
38,Ezri Konsa Ngoyo,21,90,7.0
38,Ezri Konsa Ngoyo,22,90,2.0
38,Ezri Konsa Ngoyo,23,90,6.0
38,Ezri Konsa Ngoyo,24,90,2.0
38,Ezri Konsa Ngoyo,25,90,2.0
38,Ezri Konsa Ngoyo,26,90,6.0
38,Ezri Konsa Ngoyo,27,90,7.0
38,Ezri Konsa Ngoyo,28,90,1.0
38,Ezri Konsa Ngoyo,29,90,0.0
39,Ian Maatsen,7,1,1.0
39,Ian Maatsen,8,8,1.0
39,Ian Maatsen,9,4,1.0
39,Ian Maatsen,10,15,1.0
39,Ian Maatsen,12,45,1.0
39,Ian Maatsen,14,69,1.0
39,Ian Maatsen,15,90,2.0
39,Ian Maatsen,16,74,1.0
39,Ian Maatsen,17,74,2.0
39,Ian Maatsen,18,82,2.0
39,Ian Maatsen,20,68,2.0
39,Ian Maatsen,21,17,1.0
39,Ian Maatsen,22,72,2.0
39,Ian Maatsen,23,90,5.0
39,Ian Maatsen,24,90,2.0
39,Ian Maatsen,25,13,1.0
39,Ian Maatsen,26,90,8.0
39,Ian Maatsen,27,90,2.0
39,Ian Maatsen,28,20,1.0
39,Ian Maatsen,29,90,0.0
40,Tyrone Mings,6,31,1.0
40,Tyrone Mings,10,16,1.0
40,Tyrone Mings,23,15,1.0
40,Tyrone Mings,25,90,2.0
40,Tyrone Mings,26,90,12.0
40,Tyrone Mings,27,90,2.0
40,Tyrone Mings,29,90,0.0
41,Pau Torres,6,58,1.0
41,Pau Torres,7,90,4.0
41,Pau Torres,8,90,2.0
41,Pau Torres,9,90,8.0
41,Pau Torres,10,73,1.0
41,Pau Torres,11,90,6.0
41,Pau Torres,12,90,4.0
41,Pau Torres,13,90,6.0
41,Pau Torres,14,90,-1.0
41,Pau Torres,15,85,5.0
41,Pau Torres,22,90,2.0
41,Pau Torres,23,74,6.0
41,Pau Torres,24,90,2.0
41,Pau Torres,28,90,1.0
42,Andrés García,19,29,0.0
42,Andrés García,20,1,1.0
42,Andrés García,27,3,1.0
44,Lamare Bogarde,6,81,2.0
44,Lamare Bogarde,7,89,2.0
44,Lamare Bogarde,11,9,1.0
44,Lamare Bogarde,12,6,1.0
44,Lamare Bogarde,13,2,1.0
44,Lamare Bogarde,14,4,1.0
44,Lamare Bogarde,15,15,1.0
44,Lamare Bogarde,17,2,0.0
44,Lamare Bogarde,18,7,1.0
44,Lamare Bogarde,19,90,-1.0
44,Lamare Bogarde,20,7,0.0
44,Lamare Bogarde,21,8,1.0
44,Lamare Bogarde,22,72,1.0
44,Lamare Bogarde,23,16,1.0
44,Lamare Bogarde,24,45,1.0
44,Lamare Bogarde,25,4,1.0
44,Lamare Bogarde,26,90,7.0
44,Lamare Bogarde,27,3,1.0
44,Lamare Bogarde,29,45,0.0
47,Morgan Rogers,6,90,5.0
47,Morgan Rogers,7,90,5.0
47,Morgan Rogers,8,90,7.0
47,Morgan Rogers,9,90,3.0
47,Morgan Rogers,10,90,1.0
47,Morgan Rogers,11,85,2.0
47,Morgan Rogers,12,90,15.0
47,Morgan Rogers,13,90,3.0
47,Morgan Rogers,14,90,6.0
47,Morgan Rogers,15,90,2.0
47,Morgan Rogers,16,90,15.0
47,Morgan Rogers,17,90,15.0
47,Morgan Rogers,18,90,1.0
47,Morgan Rogers,19,81,1.0
47,Morgan Rogers,20,90,5.0
47,Morgan Rogers,21,90,3.0
47,Morgan Rogers,22,90,2.0
47,Morgan Rogers,23,90,8.0
47,Morgan Rogers,24,90,2.0
47,Morgan Rogers,25,90,10.0
47,Morgan Rogers,26,90,2.0
47,Morgan Rogers,27,90,2.0
47,Morgan Rogers,28,90,2.0
47,Morgan Rogers,29,90,1.0
48,Youri Tielemans,11,19,4.0
48,Youri Tielemans,12,83,2.0
48,Youri Tielemans,13,74,3.0
48,Youri Tielemans,14,20,1.0
48,Youri Tielemans,15,90,2.0
48,Youri Tielemans,16,90,6.0
48,Youri Tielemans,17,90,2.0
48,Youri Tielemans,18,90,7.0
48,Youri Tielemans,19,81,2.0
48,Youri Tielemans,20,90,7.0
48,Youri Tielemans,21,90,3.0
48,Youri Tielemans,22,90,2.0
48,Youri Tielemans,23,73,3.0
49,Leon Bailey,23,31,1.0
49,Leon Bailey,24,45,1.0
49,Leon Bailey,25,24,1.0
49,Leon Bailey,26,30,1.0
49,Leon Bailey,27,60,2.0
49,Leon Bailey,28,30,0.0
49,Leon Bailey,29,62,5.0
50,Emiliano Buendía Stati,6,45,12.0
50,Emiliano Buendía Stati,7,33,0.0
50,Emiliano Buendía Stati,8,29,7.0
50,Emiliano Buendía Stati,9,28,4.0
50,Emiliano Buendía Stati,11,70,11.0
50,Emiliano Buendía Stati,12,45,1.0
50,Emiliano Buendía Stati,13,53,1.0
50,Emiliano Buendía Stati,14,4,1.0
50,Emiliano Buendía Stati,15,3,6.0
50,Emiliano Buendía Stati,16,15,1.0
50,Emiliano Buendía Stati,17,6,1.0
50,Emiliano Buendía Stati,18,58,3.0
50,Emiliano Buendía Stati,19,60,2.0
50,Emiliano Buendía Stati,20,68,2.0
50,Emiliano Buendía Stati,21,25,1.0
50,Emiliano Buendía Stati,22,90,2.0
50,Emiliano Buendía Stati,23,74,11.0
50,Emiliano Buendía Stati,24,90,2.0
50,Emiliano Buendía Stati,25,65,1.0
50,Emiliano Buendía Stati,26,59,1.0
50,Emiliano Buendía Stati,27,74,1.0
50,Emiliano Buendía Stati,28,69,1.0
50,Emiliano Buendía Stati,29,62,2.0
52,Jacob Ramsey,8,20,1.0
52,Jacob Ramsey,10,45,0.0
52,Jacob Ramsey,11,66,2.0
52,Jacob Ramsey,13,19,1.0
52,Jacob Ramsey,15,90,1.0
52,Jacob Ramsey,17,88,2.0
52,Jacob Ramsey,18,67,2.0
52,Jacob Ramsey,19,10,1.0
52,Jacob Ramsey,20,27,1.0
52,Jacob Ramsey,21,14,1.0
52,Jacob Ramsey,23,42,1.0
52,Jacob Ramsey,24,90,1.0
52,Jacob Ramsey,25,3,1.0
52,Jacob Ramsey,26,74,7.0
52,Jacob Ramsey,27,90,6.0
52,Jacob Ramsey,28,45,6.0
52,Jacob Ramsey,29,45,-2.0
53,Donyell Malen,6,7,1.0
53,Donyell Malen,7,83,15.0
53,Donyell Malen,8,60,2.0
53,Donyell Malen,9,4,1.0
53,Donyell Malen,10,31,1.0
53,Donyell Malen,11,9,6.0
53,Donyell Malen,12,45,4.0
53,Donyell Malen,13,74,3.0
53,Donyell Malen,14,13,6.0
53,Donyell Malen,15,24,1.0
53,Donyell Malen,16,26,1.0
53,Donyell Malen,17,15,1.0
53,Donyell Malen,18,58,1.0
53,Donyell Malen,19,29,4.0
53,Donyell Malen,20,7,1.0
53,Donyell Malen,21,17,1.0
54,John McGinn,6,71,6.0
54,John McGinn,7,66,3.0
54,John McGinn,8,90,2.0
54,John McGinn,9,73,3.0
54,John McGinn,10,58,1.0
54,John McGinn,11,70,3.0
54,John McGinn,12,67,1.0
54,John McGinn,13,90,9.0
54,John McGinn,14,76,1.0
54,John McGinn,15,74,2.0
54,John McGinn,16,90,2.0
54,John McGinn,17,83,5.0
54,John McGinn,18,58,1.0
54,John McGinn,19,45,1.0
54,John McGinn,20,82,15.0
54,John McGinn,21,72,3.0
54,John McGinn,22,17,1.0
55,Ross Barkley,7,6,1.0
55,Ross Barkley,8,8,1.0
55,Ross Barkley,9,16,1.0
55,Ross Barkley,10,31,1.0
55,Ross Barkley,11,19,6.0
55,Ross Barkley,12,22,4.0
55,Ross Barkley,13,12,1.0
55,Ross Barkley,25,13,1.0
55,Ross Barkley,26,30,1.0
55,Ross Barkley,27,29,1.0
55,Ross Barkley,28,30,1.0
55,Ross Barkley,29,27,1.0
58,Boubacar Kamara,6,18,1.0
58,Boubacar Kamara,7,90,5.0
58,Boubacar Kamara,8,90,2.0
58,Boubacar Kamara,9,90,2.0
58,Boubacar Kamara,10,90,2.0
58,Boubacar Kamara,11,80,2.0
58,Boubacar Kamara,12,90,4.0
58,Boubacar Kamara,13,87,11.0
58,Boubacar Kamara,14,69,2.0
58,Boubacar Kamara,15,90,10.0
58,Boubacar Kamara,16,90,1.0
58,Boubacar Kamara,17,87,2.0
58,Boubacar Kamara,18,82,1.0
58,Boubacar Kamara,20,90,4.0
58,Boubacar Kamara,21,81,3.0
59,Amadou Onana,7,1,1.0
59,Amadou Onana,8,81,4.0
59,Amadou Onana,9,90,3.0
59,Amadou Onana,10,90,1.0
59,Amadou Onana,11,70,9.0
59,Amadou Onana,13,15,1.0
59,Amadou Onana,14,90,11.0
59,Amadou Onana,15,74,2.0
59,Amadou Onana,16,63,2.0
59,Amadou Onana,17,83,4.0
59,Amadou Onana,18,31,1.0
59,Amadou Onana,19,45,1.0
59,Amadou Onana,23,88,5.0
59,Amadou Onana,25,90,4.0
59,Amadou Onana,26,74,3.0
59,Amadou Onana,27,60,2.0
59,Amadou Onana,28,90,2.0
59,Amadou Onana,29,90,2.0
62,Jamaldeen Jimoh-Aloba,19,8,1.0
64,Ollie Watkins,6,90,8.0
64,Ollie Watkins,7,66,2.0
64,Ollie Watkins,8,29,1.0
64,Ollie Watkins,9,85,2.0
64,Ollie Watkins,10,74,2.0
64,Ollie Watkins,11,80,2.0
64,Ollie Watkins,12,67,2.0
64,Ollie Watkins,13,36,1.0
64,Ollie Watkins,14,85,13.0
64,Ollie Watkins,15,65,2.0
64,Ollie Watkins,16,74,5.0
64,Ollie Watkins,17,74,5.0
64,Ollie Watkins,18,32,12.0
64,Ollie Watkins,19,90,5.0
64,Ollie Watkins,20,82,7.0
64,Ollie Watkins,21,90,2.0
64,Ollie Watkins,22,90,2.0
64,Ollie Watkins,23,90,8.0
64,Ollie Watkins,25,85,2.0
64,Ollie Watkins,26,73,2.0
64,Ollie Watkins,27,90,2.0
64,Ollie Watkins,28,85,2.0
64,Ollie Watkins,29,70,1.0
67,Đorđe Petrović,6,90,3.0
67,Đorđe Petrović,7,90,3.0
67,Đorđe Petrović,8,90,2.0
67,Đorđe Petrović,9,90,8.0
67,Đorđe Petrović,10,90,2.0
67,Đorđe Petrović,11,90,1.0
67,Đorđe Petrović,12,90,1.0
67,Đorđe Petrović,13,90,2.0
67,Đorđe Petrović,14,90,2.0
67,Đorđe Petrović,15,90,7.0
67,Đorđe Petrović,16,90,1.0
67,Đorđe Petrović,17,90,2.0
67,Đorđe Petrović,18,90,-1.0
67,Đorđe Petrović,19,90,1.0
67,Đorđe Petrović,20,90,1.0
67,Đorđe Petrović,21,90,1.0
67,Đorđe Petrović,22,90,2.0
67,Đorđe Petrović,23,90,1.0
67,Đorđe Petrović,24,90,10.0
67,Đorđe Petrović,25,90,3.0
67,Đorđe Petrović,26,90,3.0
67,Đorđe Petrović,27,90,9.0
67,Đorđe Petrović,28,90,3.0
67,Đorđe Petrović,29,90,6.0
72,Marcos Senesi Barón,6,90,7.0
72,Marcos Senesi Barón,7,77,2.0
72,Marcos Senesi Barón,8,90,2.0
72,Marcos Senesi Barón,9,90,5.0
72,Marcos Senesi Barón,10,90,3.0
72,Marcos Senesi Barón,11,90,2.0
72,Marcos Senesi Barón,12,90,3.0
72,Marcos Senesi Barón,13,90,2.0
72,Marcos Senesi Barón,15,61,8.0
72,Marcos Senesi Barón,16,90,1.0
72,Marcos Senesi Barón,17,90,4.0
72,Marcos Senesi Barón,18,90,2.0
72,Marcos Senesi Barón,19,90,3.0
72,Marcos Senesi Barón,20,90,1.0
72,Marcos Senesi Barón,21,90,6.0
72,Marcos Senesi Barón,22,90,3.0
72,Marcos Senesi Barón,23,90,3.0
72,Marcos Senesi Barón,24,90,8.0
72,Marcos Senesi Barón,25,90,2.0
72,Marcos Senesi Barón,26,90,2.0
72,Marcos Senesi Barón,27,90,5.0
72,Marcos Senesi Barón,28,90,4.0
72,Marcos Senesi Barón,29,90,11.0
73,Adam Smith,11,9,1.0
73,Adam Smith,12,4,1.0
73,Adam Smith,13,79,1.0
73,Adam Smith,15,90,6.0
73,Adam Smith,16,90,2.0
73,Adam Smith,18,45,0.0
73,Adam Smith,19,1,1.0
73,Adam Smith,22,19,0.0
73,Adam Smith,23,90,1.0
73,Adam Smith,24,90,6.0
73,Adam Smith,25,4,1.0
73,Adam Smith,26,1,1.0
73,Adam Smith,27,1,1.0
74,Adrien Truffert,6,90,3.0
74,Adrien Truffert,7,90,5.0
74,Adrien Truffert,8,90,1.0
74,Adrien Truffert,9,90,10.0
74,Adrien Truffert,10,90,2.0
74,Adrien Truffert,11,62,0.0
74,Adrien Truffert,12,90,0.0
74,Adrien Truffert,13,90,1.0
74,Adrien Truffert,14,90,4.0
74,Adrien Truffert,15,90,6.0
74,Adrien Truffert,16,90,0.0
74,Adrien Truffert,17,90,5.0
74,Adrien Truffert,18,76,1.0
74,Adrien Truffert,19,90,3.0
74,Adrien Truffert,20,90,1.0
74,Adrien Truffert,21,90,1.0
74,Adrien Truffert,22,90,4.0
74,Adrien Truffert,23,90,3.0
74,Adrien Truffert,24,90,6.0
74,Adrien Truffert,25,90,2.0
74,Adrien Truffert,26,90,7.0
74,Adrien Truffert,27,90,6.0
74,Adrien Truffert,28,90,4.0
74,Adrien Truffert,29,90,8.0
77,James Hill,7,60,6.0
77,James Hill,8,15,1.0
77,James Hill,15,28,1.0
77,James Hill,16,1,1.0
77,James Hill,19,90,3.0
77,James Hill,20,90,3.0
77,James Hill,21,90,3.0
77,James Hill,22,90,2.0
77,James Hill,23,90,6.0
77,James Hill,24,90,7.0
77,James Hill,25,90,7.0
77,James Hill,26,90,9.0
77,James Hill,27,90,6.0
77,James Hill,28,90,2.0
77,James Hill,29,90,8.0
80,Julio Soler Barreto,14,20,1.0
80,Julio Soler Barreto,18,13,1.0
81,Justin Kluivert,6,59,1.0
81,Justin Kluivert,7,29,7.0
81,Justin Kluivert,8,75,2.0
81,Justin Kluivert,9,68,2.0
81,Justin Kluivert,10,28,0.0
81,Justin Kluivert,11,62,2.0
81,Justin Kluivert,13,19,1.0
81,Justin Kluivert,14,69,2.0
81,Justin Kluivert,15,73,3.0
81,Justin Kluivert,16,90,2.0
81,Justin Kluivert,17,63,3.0
81,Justin Kluivert,18,45,0.0
81,Justin Kluivert,19,90,9.0
81,Justin Kluivert,20,73,2.0
82,Antoine Semenyo,6,90,7.0
82,Antoine Semenyo,7,90,18.0
82,Antoine Semenyo,8,90,4.0
82,Antoine Semenyo,9,90,3.0
82,Antoine Semenyo,10,90,2.0
82,Antoine Semenyo,11,90,0.0
82,Antoine Semenyo,13,90,1.0
82,Antoine Semenyo,14,90,4.0
82,Antoine Semenyo,15,90,3.0
82,Antoine Semenyo,16,90,6.0
82,Antoine Semenyo,17,90,10.0
82,Antoine Semenyo,18,90,9.0
82,Antoine Semenyo,19,90,5.0
82,Antoine Semenyo,20,90,1.0
82,Antoine Semenyo,21,90,6.0
82,Antoine Semenyo,22,90,2.0
82,Antoine Semenyo,23,90,8.0
82,Antoine Semenyo,24,90,7.0
82,Antoine Semenyo,25,90,2.0
82,Antoine Semenyo,26,90,14.0
82,Antoine Semenyo,27,86,4.0
82,Antoine Semenyo,28,90,8.0
82,Antoine Semenyo,29,90,7.0
83,Dango Ouattara,6,74,2.0
83,Dango Ouattara,7,22,0.0
83,Dango Ouattara,8,75,3.0
83,Dango Ouattara,9,90,11.0
83,Dango Ouattara,10,74,2.0
83,Dango Ouattara,11,90,4.0
83,Dango Ouattara,12,64,5.0
83,Dango Ouattara,13,90,12.0
83,Dango Ouattara,14,90,2.0
83,Dango Ouattara,15,87,4.0
83,Dango Ouattara,16,90,2.0
83,Dango Ouattara,22,13,1.0
83,Dango Ouattara,23,53,1.0
83,Dango Ouattara,24,59,8.0
83,Dango Ouattara,25,90,12.0
83,Dango Ouattara,26,90,1.0
83,Dango Ouattara,27,90,2.0
83,Dango Ouattara,28,71,5.0
83,Dango Ouattara,29,86,3.0
84,Marcus Tavernier,6,30,1.0
84,Marcus Tavernier,7,60,3.0
84,Marcus Tavernier,8,90,5.0
84,Marcus Tavernier,9,90,11.0
84,Marcus Tavernier,10,90,2.0
84,Marcus Tavernier,11,90,2.0
84,Marcus Tavernier,12,90,7.0
84,Marcus Tavernier,13,90,1.0
84,Marcus Tavernier,14,30,1.0
84,Marcus Tavernier,15,90,5.0
84,Marcus Tavernier,16,90,12.0
84,Marcus Tavernier,17,90,2.0
84,Marcus Tavernier,18,90,1.0
84,Marcus Tavernier,19,90,3.0
84,Marcus Tavernier,20,90,2.0
84,Marcus Tavernier,21,86,5.0
84,Marcus Tavernier,22,70,8.0
84,Marcus Tavernier,27,10,1.0
84,Marcus Tavernier,28,80,7.0
84,Marcus Tavernier,29,90,2.0
85,Tyler Adams,6,80,2.0
85,Tyler Adams,7,77,2.0
85,Tyler Adams,8,90,3.0
85,Tyler Adams,9,90,6.0
85,Tyler Adams,10,79,8.0
85,Tyler Adams,11,90,2.0
85,Tyler Adams,12,79,2.0
85,Tyler Adams,13,70,9.0
85,Tyler Adams,14,90,1.0
85,Tyler Adams,16,4,1.0
85,Tyler Adams,27,65,5.0
85,Tyler Adams,28,61,1.0
85,Tyler Adams,29,90,4.0
86,David Brooks,6,30,1.0
86,David Brooks,7,84,2.0
86,David Brooks,9,21,0.0
86,David Brooks,10,61,2.0
86,David Brooks,11,13,1.0
86,David Brooks,12,60,1.0
86,David Brooks,13,19,0.0
86,David Brooks,15,16,1.0
86,David Brooks,16,1,1.0
86,David Brooks,17,73,2.0
86,David Brooks,18,45,1.0
86,David Brooks,19,77,10.0
86,David Brooks,20,66,2.0
86,David Brooks,21,26,4.0
86,David Brooks,25,3,1.0
86,David Brooks,26,10,0.0
86,David Brooks,27,24,1.0
86,David Brooks,28,45,1.0
87,Ryan Christie,6,59,4.0
87,Ryan Christie,7,12,1.0
87,Ryan Christie,8,23,5.0
87,Ryan Christie,9,10,1.0
87,Ryan Christie,10,17,1.0
87,Ryan Christie,11,27,1.0
87,Ryan Christie,12,45,1.0
87,Ryan Christie,17,16,1.0
87,Ryan Christie,22,18,1.0
87,Ryan Christie,23,23,1.0
87,Ryan Christie,24,22,1.0
87,Ryan Christie,25,25,1.0
87,Ryan Christie,26,79,2.0
87,Ryan Christie,27,24,1.0
87,Ryan Christie,28,28,0.0
87,Ryan Christie,29,73,3.0
88,Lewis Cook,8,1,1.0
88,Lewis Cook,9,1,1.0
88,Lewis Cook,10,28,1.0
88,Lewis Cook,11,45,1.0
88,Lewis Cook,12,90,4.0
88,Lewis Cook,13,45,-2.0
88,Lewis Cook,17,90,4.0
88,Lewis Cook,18,90,4.0
88,Lewis Cook,20,16,4.0
88,Lewis Cook,21,90,3.0
88,Lewis Cook,22,90,4.0
88,Lewis Cook,23,90,4.0
88,Lewis Cook,24,90,3.0
88,Lewis Cook,25,90,4.0
88,Lewis Cook,26,10,1.0
90,Alex Scott,6,30,1.0
90,Alex Scott,7,90,4.0
90,Alex Scott,8,66,2.0
90,Alex Scott,9,79,3.0
90,Alex Scott,10,72,5.0
90,Alex Scott,11,62,2.0
90,Alex Scott,12,45,1.0
90,Alex Scott,13,45,0.0
90,Alex Scott,14,79,4.0
90,Alex Scott,15,90,5.0
90,Alex Scott,16,85,2.0
90,Alex Scott,17,1,1.0
90,Alex Scott,18,83,5.0
90,Alex Scott,19,90,2.0
90,Alex Scott,20,73,2.0
90,Alex Scott,21,90,4.0
90,Alex Scott,22,90,4.0
90,Alex Scott,23,90,5.0
90,Alex Scott,24,90,13.0
90,Alex Scott,25,90,2.0
90,Alex Scott,26,90,4.0
90,Alex Scott,27,90,5.0
90,Alex Scott,28,90,3.0
90,Alex Scott,29,90,3.0
97,Francisco Evanilson de Lima Barbosa,6,90,2.0
97,Francisco Evanilson de Lima Barbosa,7,90,2.0
97,Francisco Evanilson de Lima Barbosa,10,28,1.0
97,Francisco Evanilson de Lima Barbosa,11,76,2.0
97,Francisco Evanilson de Lima Barbosa,12,90,5.0
97,Francisco Evanilson de Lima Barbosa,13,79,5.0
97,Francisco Evanilson de Lima Barbosa,14,29,1.0
97,Francisco Evanilson de Lima Barbosa,15,86,2.0
97,Francisco Evanilson de Lima Barbosa,16,77,6.0
97,Francisco Evanilson de Lima Barbosa,17,62,2.0
97,Francisco Evanilson de Lima Barbosa,18,45,1.0
97,Francisco Evanilson de Lima Barbosa,19,81,2.0
97,Francisco Evanilson de Lima Barbosa,20,73,7.0
97,Francisco Evanilson de Lima Barbosa,21,63,6.0
97,Francisco Evanilson de Lima Barbosa,22,90,2.0
97,Francisco Evanilson de Lima Barbosa,23,90,8.0
97,Francisco Evanilson de Lima Barbosa,24,84,2.0
97,Francisco Evanilson de Lima Barbosa,25,89,2.0
97,Francisco Evanilson de Lima Barbosa,26,57,1.0
97,Francisco Evanilson de Lima Barbosa,27,79,2.0
97,Francisco Evanilson de Lima Barbosa,28,39,6.0
97,Francisco Evanilson de Lima Barbosa,29,79,2.0
98,Enes Ünal,9,1,1.0
98,Enes Ünal,12,10,6.0
98,Enes Ünal,13,10,1.0
98,Enes Ünal,14,10,0.0
98,Enes Ünal,15,3,1.0
98,Enes Ünal,17,27,1.0
98,Enes Ünal,19,8,1.0
98,Enes Ünal,20,16,1.0
98,Enes Ünal,21,26,1.0
98,Enes Ünal,23,1,1.0
98,Enes Ünal,24,5,1.0
98,Enes Ünal,25,1,1.0
98,Enes Ünal,26,32,1.0
98,Enes Ünal,27,1,1.0
98,Enes Ünal,28,9,1.0
98,Enes Ünal,29,10,1.0
100,Junior Kroupi,6,9,6.0
100,Junior Kroupi,8,74,12.0
100,Junior Kroupi,9,68,6.0
100,Junior Kroupi,10,61,2.0
100,Junior Kroupi,11,27,1.0
100,Junior Kroupi,12,85,2.0
100,Junior Kroupi,13,10,1.0
100,Junior Kroupi,14,60,2.0
100,Junior Kroupi,16,12,5.0
100,Junior Kroupi,17,26,1.0
100,Junior Kroupi,18,45,1.0
100,Junior Kroupi,20,16,5.0
100,Junior Kroupi,21,63,7.0
100,Junior Kroupi,22,71,2.0
100,Junior Kroupi,23,66,1.0
100,Junior Kroupi,24,67,7.0
100,Junior Kroupi,25,64,2.0
100,Junior Kroupi,26,32,1.0
100,Junior Kroupi,27,88,2.0
100,Junior Kroupi,28,80,2.0
100,Junior Kroupi,29,16,1.0
101,Caoimhín Kelleher,6,90,8.0
101,Caoimhín Kelleher,7,90,3.0
101,Caoimhín Kelleher,8,90,6.0
101,Caoimhín Kelleher,9,90,2.0
101,Caoimhín Kelleher,10,90,1.0
101,Caoimhín Kelleher,11,90,2.0
101,Caoimhín Kelleher,12,90,2.0
101,Caoimhín Kelleher,13,90,2.0
101,Caoimhín Kelleher,14,90,2.0
101,Caoimhín Kelleher,15,90,2.0
101,Caoimhín Kelleher,16,90,3.0
101,Caoimhín Kelleher,17,90,13.0
101,Caoimhín Kelleher,18,90,4.0
101,Caoimhín Kelleher,19,90,6.0
101,Caoimhín Kelleher,20,90,2.0
101,Caoimhín Kelleher,21,90,13.0
101,Caoimhín Kelleher,22,90,1.0
101,Caoimhín Kelleher,23,90,1.0
101,Caoimhín Kelleher,24,90,10.0
101,Caoimhín Kelleher,25,90,1.0
101,Caoimhín Kelleher,26,90,2.0
101,Caoimhín Kelleher,27,90,2.0
101,Caoimhín Kelleher,29,90,6.0
105,Hákon Rafn Valdimarsson,28,90,1.0
106,Nathan Collins,6,90,1.0
106,Nathan Collins,7,90,2.0
106,Nathan Collins,8,90,9.0
106,Nathan Collins,9,90,3.0
106,Nathan Collins,10,90,0.0
106,Nathan Collins,11,90,2.0
106,Nathan Collins,12,90,1.0
106,Nathan Collins,13,90,4.0
106,Nathan Collins,14,16,1.0
106,Nathan Collins,15,90,3.0
106,Nathan Collins,16,90,4.0
106,Nathan Collins,17,90,8.0
106,Nathan Collins,18,90,4.0
106,Nathan Collins,19,90,9.0
106,Nathan Collins,20,90,10.0
106,Nathan Collins,21,90,13.0
106,Nathan Collins,22,90,1.0
106,Nathan Collins,23,90,1.0
106,Nathan Collins,24,30,1.0
106,Nathan Collins,27,45,1.0
106,Nathan Collins,29,90,6.0
107,Keane Lewis-Potter,6,15,1.0
107,Keane Lewis-Potter,8,14,4.0
107,Keane Lewis-Potter,9,11,0.0
107,Keane Lewis-Potter,10,23,1.0
107,Keane Lewis-Potter,12,25,0.0
107,Keane Lewis-Potter,13,1,1.0
107,Keane Lewis-Potter,14,16,1.0
107,Keane Lewis-Potter,15,2,1.0
107,Keane Lewis-Potter,16,60,6.0
107,Keane Lewis-Potter,17,90,21.0
107,Keane Lewis-Potter,18,88,2.0
107,Keane Lewis-Potter,19,90,6.0
107,Keane Lewis-Potter,20,26,0.0
107,Keane Lewis-Potter,21,60,6.0
107,Keane Lewis-Potter,22,8,1.0
107,Keane Lewis-Potter,23,9,1.0
107,Keane Lewis-Potter,24,14,1.0
107,Keane Lewis-Potter,25,79,1.0
107,Keane Lewis-Potter,26,72,8.0
107,Keane Lewis-Potter,27,45,0.0
107,Keane Lewis-Potter,28,18,1.0
107,Keane Lewis-Potter,29,3,1.0
108,Kristoffer Ajer,7,90,2.0
108,Kristoffer Ajer,8,90,6.0
108,Kristoffer Ajer,9,90,4.0
108,Kristoffer Ajer,10,90,1.0
108,Kristoffer Ajer,12,79,4.0
108,Kristoffer Ajer,14,90,1.0
108,Kristoffer Ajer,15,45,-1.0
108,Kristoffer Ajer,16,9,1.0
108,Kristoffer Ajer,18,90,4.0
108,Kristoffer Ajer,19,90,9.0
108,Kristoffer Ajer,20,90,3.0
108,Kristoffer Ajer,21,90,6.0
108,Kristoffer Ajer,22,90,1.0
108,Kristoffer Ajer,23,36,1.0
108,Kristoffer Ajer,24,90,7.0
108,Kristoffer Ajer,25,90,3.0
108,Kristoffer Ajer,26,90,4.0
108,Kristoffer Ajer,27,80,1.0
108,Kristoffer Ajer,28,90,1.0
108,Kristoffer Ajer,29,69,6.0
109,Rico Henry,6,15,1.0
109,Rico Henry,9,1,1.0
109,Rico Henry,11,20,1.0
109,Rico Henry,13,16,1.0
109,Rico Henry,14,73,2.0
109,Rico Henry,15,45,1.0
109,Rico Henry,16,29,4.0
109,Rico Henry,17,90,5.0
109,Rico Henry,18,76,2.0
109,Rico Henry,19,90,6.0
109,Rico Henry,20,14,1.0
109,Rico Henry,21,90,6.0
109,Rico Henry,22,81,1.0
109,Rico Henry,23,66,2.0
109,Rico Henry,24,83,6.0
109,Rico Henry,25,90,1.0
109,Rico Henry,26,90,2.0
109,Rico Henry,27,90,1.0
109,Rico Henry,28,90,4.0
109,Rico Henry,29,20,1.0
110,Michael Kayode,6,90,2.0
110,Michael Kayode,7,90,2.0
110,Michael Kayode,8,90,9.0
110,Michael Kayode,9,90,1.0
110,Michael Kayode,10,66,1.0
110,Michael Kayode,11,90,4.0
110,Michael Kayode,12,90,1.0
110,Michael Kayode,13,90,2.0
110,Michael Kayode,14,90,1.0
110,Michael Kayode,15,75,0.0
110,Michael Kayode,16,90,5.0
110,Michael Kayode,17,90,5.0
110,Michael Kayode,18,90,3.0
110,Michael Kayode,19,90,6.0
110,Michael Kayode,20,90,0.0
110,Michael Kayode,21,81,6.0
110,Michael Kayode,22,90,1.0
110,Michael Kayode,23,80,1.0
110,Michael Kayode,24,90,5.0
110,Michael Kayode,25,90,1.0
110,Michael Kayode,26,90,2.0
110,Michael Kayode,28,90,-1.0
110,Michael Kayode,29,90,6.0
111,Ethan Pinnock,14,73,4.0
113,Sepp van den Berg,6,90,2.0
113,Sepp van den Berg,7,90,2.0
113,Sepp van den Berg,8,90,6.0
113,Sepp van den Berg,9,90,3.0
113,Sepp van den Berg,10,90,3.0
113,Sepp van den Berg,11,90,2.0
113,Sepp van den Berg,12,90,3.0
113,Sepp van den Berg,13,90,2.0
113,Sepp van den Berg,14,90,1.0
113,Sepp van den Berg,15,90,1.0
113,Sepp van den Berg,16,90,4.0
113,Sepp van den Berg,17,90,7.0
113,Sepp van den Berg,23,53,1.0
113,Sepp van den Berg,24,90,8.0
113,Sepp van den Berg,25,90,1.0
113,Sepp van den Berg,26,90,6.0
113,Sepp van den Berg,27,90,3.0
113,Sepp van den Berg,28,90,6.0
113,Sepp van den Berg,29,90,6.0
116,Aaron Hickey,6,74,2.0
116,Aaron Hickey,7,90,2.0
116,Aaron Hickey,11,69,2.0
116,Aaron Hickey,12,10,1.0
116,Aaron Hickey,13,73,8.0
116,Aaron Hickey,15,14,1.0
116,Aaron Hickey,16,60,6.0
116,Aaron Hickey,18,13,1.0
116,Aaron Hickey,20,75,2.0
116,Aaron Hickey,21,8,1.0
116,Aaron Hickey,22,8,1.0
116,Aaron Hickey,23,23,1.0
116,Aaron Hickey,24,6,1.0
116,Aaron Hickey,26,1,1.0
116,Aaron Hickey,27,44,1.0
119,Bryan Mbeumo,6,90,2.0
119,Bryan Mbeumo,7,76,6.0
119,Bryan Mbeumo,8,90,9.0
119,Bryan Mbeumo,9,90,15.0
119,Bryan Mbeumo,10,90,2.0
119,Bryan Mbeumo,11,90,7.0
119,Bryan Mbeumo,12,90,1.0
119,Bryan Mbeumo,13,90,1.0
119,Bryan Mbeumo,14,90,2.0
119,Bryan Mbeumo,15,90,8.0
119,Bryan Mbeumo,16,90,2.0
119,Bryan Mbeumo,22,70,9.0
119,Bryan Mbeumo,23,68,10.0
119,Bryan Mbeumo,24,90,2.0
119,Bryan Mbeumo,25,86,8.0
119,Bryan Mbeumo,26,90,6.0
119,Bryan Mbeumo,27,77,6.0
119,Bryan Mbeumo,28,85,2.0
119,Bryan Mbeumo,29,76,1.0
120,Kevin Schade,6,90,4.0
120,Kevin Schade,7,90,1.0
120,Kevin Schade,8,90,6.0
120,Kevin Schade,9,78,7.0
120,Kevin Schade,10,90,1.0
120,Kevin Schade,11,90,8.0
120,Kevin Schade,12,90,2.0
120,Kevin Schade,13,74,3.0
120,Kevin Schade,14,59,1.0
120,Kevin Schade,15,90,1.0
120,Kevin Schade,17,90,3.0
120,Kevin Schade,18,90,20.0
120,Kevin Schade,19,79,3.0
120,Kevin Schade,20,63,6.0
120,Kevin Schade,21,90,6.0
120,Kevin Schade,22,81,1.0
120,Kevin Schade,23,90,2.0
120,Kevin Schade,24,41,-2.0
120,Kevin Schade,27,45,1.0
120,Kevin Schade,28,71,7.0
120,Kevin Schade,29,90,3.0
121,Mikkel Damsgaard,6,80,2.0
121,Mikkel Damsgaard,7,67,2.0
121,Mikkel Damsgaard,8,74,3.0
121,Mikkel Damsgaard,9,78,7.0
121,Mikkel Damsgaard,10,67,2.0
121,Mikkel Damsgaard,11,83,2.0
121,Mikkel Damsgaard,12,79,2.0
121,Mikkel Damsgaard,13,90,4.0
121,Mikkel Damsgaard,14,29,1.0
121,Mikkel Damsgaard,15,60,2.0
121,Mikkel Damsgaard,16,29,1.0
121,Mikkel Damsgaard,17,26,4.0
121,Mikkel Damsgaard,18,13,4.0
121,Mikkel Damsgaard,20,90,4.0
121,Mikkel Damsgaard,21,29,1.0
121,Mikkel Damsgaard,22,76,4.0
121,Mikkel Damsgaard,23,36,1.0
121,Mikkel Damsgaard,25,3,1.0
121,Mikkel Damsgaard,26,17,1.0
121,Mikkel Damsgaard,27,23,1.0
121,Mikkel Damsgaard,28,90,18.0
121,Mikkel Damsgaard,29,90,3.0
123,Fábio Freitas Gouveia Carvalho,7,1,1.0
123,Fábio Freitas Gouveia Carvalho,10,4,1.0
124,Jordan Henderson,6,80,6.0
124,Jordan Henderson,7,73,1.0
124,Jordan Henderson,8,89,2.0
124,Jordan Henderson,9,90,2.0
124,Jordan Henderson,10,85,1.0
124,Jordan Henderson,11,90,2.0
124,Jordan Henderson,12,90,2.0
124,Jordan Henderson,13,90,8.0
124,Jordan Henderson,14,29,1.0
124,Jordan Henderson,15,90,4.0
124,Jordan Henderson,16,90,9.0
124,Jordan Henderson,18,1,1.0
124,Jordan Henderson,19,90,2.0
124,Jordan Henderson,20,26,1.0
124,Jordan Henderson,21,14,1.0
124,Jordan Henderson,23,9,1.0
124,Jordan Henderson,24,59,1.0
124,Jordan Henderson,25,55,1.0
124,Jordan Henderson,26,17,1.0
124,Jordan Henderson,27,66,2.0
124,Jordan Henderson,28,18,1.0
124,Jordan Henderson,29,61,3.0
125,Vitaly Janelt,6,9,1.0
125,Vitaly Janelt,7,16,1.0
125,Vitaly Janelt,8,15,1.0
125,Vitaly Janelt,9,61,4.0
125,Vitaly Janelt,10,22,1.0
125,Vitaly Janelt,11,6,1.0
125,Vitaly Janelt,12,10,0.0
125,Vitaly Janelt,14,60,2.0
125,Vitaly Janelt,15,14,1.0
125,Vitaly Janelt,16,79,3.0
125,Vitaly Janelt,17,90,9.0
125,Vitaly Janelt,18,90,4.0
125,Vitaly Janelt,19,90,5.0
125,Vitaly Janelt,20,90,11.0
125,Vitaly Janelt,21,90,7.0
125,Vitaly Janelt,22,90,1.0
125,Vitaly Janelt,23,90,2.0
125,Vitaly Janelt,24,90,4.0
125,Vitaly Janelt,25,90,9.0
125,Vitaly Janelt,26,90,1.0
125,Vitaly Janelt,27,45,1.0
126,Mathias Jensen,6,1,6.0
126,Mathias Jensen,7,22,1.0
126,Mathias Jensen,8,1,6.0
126,Mathias Jensen,9,11,1.0
126,Mathias Jensen,10,22,1.0
126,Mathias Jensen,11,6,1.0
126,Mathias Jensen,12,10,1.0
126,Mathias Jensen,13,84,2.0
126,Mathias Jensen,14,60,2.0
126,Mathias Jensen,15,29,1.0
126,Mathias Jensen,16,80,3.0
126,Mathias Jensen,17,63,3.0
126,Mathias Jensen,18,76,1.0
126,Mathias Jensen,19,10,1.0
126,Mathias Jensen,20,63,3.0
126,Mathias Jensen,21,75,3.0
126,Mathias Jensen,22,90,2.0
126,Mathias Jensen,23,90,2.0
126,Mathias Jensen,24,75,3.0
126,Mathias Jensen,25,86,8.0
126,Mathias Jensen,26,90,1.0
126,Mathias Jensen,27,90,2.0
126,Mathias Jensen,28,90,2.0
126,Mathias Jensen,29,90,4.0
128,Frank Onyeka,6,9,1.0
128,Frank Onyeka,7,17,1.0
128,Frank Onyeka,9,1,1.0
129,Yehor Yarmoliuk,6,90,7.0
129,Yehor Yarmoliuk,7,72,2.0
129,Yehor Yarmoliuk,8,90,3.0
129,Yehor Yarmoliuk,9,28,1.0
129,Yehor Yarmoliuk,10,67,2.0
129,Yehor Yarmoliuk,11,83,4.0
129,Yehor Yarmoliuk,12,79,2.0
129,Yehor Yarmoliuk,13,5,1.0
129,Yehor Yarmoliuk,14,90,1.0
129,Yehor Yarmoliuk,15,75,1.0
129,Yehor Yarmoliuk,16,10,1.0
129,Yehor Yarmoliuk,17,90,5.0
129,Yehor Yarmoliuk,18,88,5.0
129,Yehor Yarmoliuk,19,79,5.0
129,Yehor Yarmoliuk,20,90,3.0
129,Yehor Yarmoliuk,21,90,8.0
129,Yehor Yarmoliuk,22,90,2.0
129,Yehor Yarmoliuk,23,80,3.0
129,Yehor Yarmoliuk,24,30,1.0
129,Yehor Yarmoliuk,25,34,1.0
129,Yehor Yarmoliuk,26,72,2.0
129,Yehor Yarmoliuk,27,45,0.0
129,Yehor Yarmoliuk,28,71,1.0
129,Yehor Yarmoliuk,29,28,1.0
130,Romelle Donovan,22,1,1.0
130,Romelle Donovan,25,10,1.0
130,Romelle Donovan,27,9,1.0
130,Romelle Donovan,28,18,1.0
133,Myles Peart-Harris,20,1,1.0
135,Yoane Wissa,15,16,1.0
135,Yoane Wissa,16,15,1.0
135,Yoane Wissa,17,17,0.0
135,Yoane Wissa,18,22,1.0
135,Yoane Wissa,19,79,6.0
135,Yoane Wissa,20,77,2.0
135,Yoane Wissa,21,15,1.0
135,Yoane Wissa,22,23,1.0
135,Yoane Wissa,23,61,2.0
135,Yoane Wissa,24,17,1.0
135,Yoane Wissa,25,64,2.0
135,Yoane Wissa,28,15,1.0
136,Igor Thiago Nascimento Rodrigues,6,89,13.0
136,Igor Thiago Nascimento Rodrigues,7,67,2.0
136,Igor Thiago Nascimento Rodrigues,8,90,8.0
136,Igor Thiago Nascimento Rodrigues,9,90,5.0
136,Igor Thiago Nascimento Rodrigues,10,90,2.0
136,Igor Thiago Nascimento Rodrigues,11,90,13.0
136,Igor Thiago Nascimento Rodrigues,12,90,4.0
136,Igor Thiago Nascimento Rodrigues,13,90,13.0
136,Igor Thiago Nascimento Rodrigues,14,30,1.0
136,Igor Thiago Nascimento Rodrigues,15,90,2.0
136,Igor Thiago Nascimento Rodrigues,16,90,2.0
136,Igor Thiago Nascimento Rodrigues,17,90,2.0
136,Igor Thiago Nascimento Rodrigues,18,90,5.0
136,Igor Thiago Nascimento Rodrigues,19,90,2.0
136,Igor Thiago Nascimento Rodrigues,20,90,17.0
136,Igor Thiago Nascimento Rodrigues,21,81,12.0
136,Igor Thiago Nascimento Rodrigues,22,90,2.0
136,Igor Thiago Nascimento Rodrigues,23,90,2.0
136,Igor Thiago Nascimento Rodrigues,24,90,2.0
136,Igor Thiago Nascimento Rodrigues,25,90,5.0
136,Igor Thiago Nascimento Rodrigues,26,90,2.0
136,Igor Thiago Nascimento Rodrigues,27,90,2.0
136,Igor Thiago Nascimento Rodrigues,28,90,6.0
136,Igor Thiago Nascimento Rodrigues,29,90,2.0
139,Bart Verbruggen,6,90,2.0
139,Bart Verbruggen,7,90,1.0
139,Bart Verbruggen,8,90,2.0
139,Bart Verbruggen,9,90,1.0
139,Bart Verbruggen,10,90,6.0
139,Bart Verbruggen,11,90,6.0
139,Bart Verbruggen,12,90,7.0
139,Bart Verbruggen,13,90,7.0
139,Bart Verbruggen,14,90,1.0
139,Bart Verbruggen,15,90,3.0
139,Bart Verbruggen,16,90,1.0
139,Bart Verbruggen,17,90,11.0
139,Bart Verbruggen,18,90,1.0
139,Bart Verbruggen,19,90,1.0
139,Bart Verbruggen,20,90,7.0
139,Bart Verbruggen,21,90,3.0
139,Bart Verbruggen,22,90,2.0
139,Bart Verbruggen,23,90,1.0
139,Bart Verbruggen,24,90,3.0
139,Bart Verbruggen,25,90,3.0
139,Bart Verbruggen,26,90,2.0
139,Bart Verbruggen,27,90,7.0
139,Bart Verbruggen,28,90,3.0
139,Bart Verbruggen,29,90,2.0
143,Olivier Boscagli,12,45,0.0
143,Olivier Boscagli,15,7,1.0
143,Olivier Boscagli,17,90,8.0
143,Olivier Boscagli,22,1,1.0
143,Olivier Boscagli,23,87,5.0
143,Olivier Boscagli,25,90,4.0
143,Olivier Boscagli,26,29,1.0
143,Olivier Boscagli,29,90,1.0
144,Diego Coppola,8,1,1.0
144,Diego Coppola,17,90,7.0
144,Diego Coppola,18,86,0.0
145,Maxim De Cuyper,6,5,8.0
145,Maxim De Cuyper,7,20,1.0
145,Maxim De Cuyper,8,54,1.0
145,Maxim De Cuyper,9,58,0.0
145,Maxim De Cuyper,11,5,1.0
145,Maxim De Cuyper,12,45,1.0
145,Maxim De Cuyper,13,83,15.0
145,Maxim De Cuyper,14,90,0.0
145,Maxim De Cuyper,15,71,8.0
145,Maxim De Cuyper,17,63,6.0
145,Maxim De Cuyper,18,45,1.0
145,Maxim De Cuyper,19,57,0.0
145,Maxim De Cuyper,20,20,1.0
145,Maxim De Cuyper,21,90,1.0
145,Maxim De Cuyper,23,2,1.0
145,Maxim De Cuyper,24,69,6.0
145,Maxim De Cuyper,25,70,2.0
145,Maxim De Cuyper,27,14,1.0
145,Maxim De Cuyper,28,1,1.0
146,Lewis Dunk,6,90,1.0
146,Lewis Dunk,7,90,1.0
146,Lewis Dunk,8,90,2.0
146,Lewis Dunk,9,90,0.0
146,Lewis Dunk,10,90,6.0
146,Lewis Dunk,11,90,6.0
146,Lewis Dunk,12,45,1.0
146,Lewis Dunk,13,90,6.0
146,Lewis Dunk,14,90,0.0
146,Lewis Dunk,15,90,1.0
146,Lewis Dunk,16,90,0.0
146,Lewis Dunk,18,90,0.0
146,Lewis Dunk,19,90,2.0
146,Lewis Dunk,20,90,6.0
146,Lewis Dunk,21,90,3.0
146,Lewis Dunk,22,90,2.0
146,Lewis Dunk,23,90,3.0
146,Lewis Dunk,24,90,4.0
146,Lewis Dunk,25,90,4.0
146,Lewis Dunk,26,90,2.0
146,Lewis Dunk,27,90,6.0
146,Lewis Dunk,28,90,1.0
148,Ferdi Kadıoğlu,6,90,2.0
148,Ferdi Kadıoğlu,7,90,2.0
148,Ferdi Kadıoğlu,8,90,2.0
148,Ferdi Kadıoğlu,9,90,-1.0
148,Ferdi Kadıoğlu,10,90,6.0
148,Ferdi Kadıoğlu,11,90,6.0
148,Ferdi Kadıoğlu,12,90,2.0
148,Ferdi Kadıoğlu,13,90,7.0
148,Ferdi Kadıoğlu,14,66,1.0
148,Ferdi Kadıoğlu,15,82,1.0
148,Ferdi Kadıoğlu,16,90,1.0
148,Ferdi Kadıoğlu,17,90,6.0
148,Ferdi Kadıoğlu,18,90,1.0
148,Ferdi Kadıoğlu,19,90,4.0
148,Ferdi Kadıoğlu,20,90,9.0
148,Ferdi Kadıoğlu,21,90,2.0
148,Ferdi Kadıoğlu,22,88,2.0
148,Ferdi Kadıoğlu,23,90,1.0
148,Ferdi Kadıoğlu,24,90,2.0
148,Ferdi Kadıoğlu,25,90,2.0
148,Ferdi Kadıoğlu,26,90,2.0
148,Ferdi Kadıoğlu,27,90,8.0
148,Ferdi Kadıoğlu,28,90,2.0
148,Ferdi Kadıoğlu,29,90,1.0
149,Igor Julio dos Santos de Paulo,6,1,1.0
149,Igor Julio dos Santos de Paulo,10,5,1.0
149,Igor Julio dos Santos de Paulo,11,7,1.0
149,Igor Julio dos Santos de Paulo,12,90,3.0
151,Jan Paul van Hecke,6,90,3.0
151,Jan Paul van Hecke,7,90,11.0
151,Jan Paul van Hecke,8,90,4.0
151,Jan Paul van Hecke,9,90,2.0
151,Jan Paul van Hecke,10,90,7.0
151,Jan Paul van Hecke,11,90,5.0
151,Jan Paul van Hecke,12,90,2.0
151,Jan Paul van Hecke,13,90,6.0
151,Jan Paul van Hecke,14,90,12.0
151,Jan Paul van Hecke,15,90,5.0
151,Jan Paul van Hecke,16,90,1.0
151,Jan Paul van Hecke,18,90,3.0
151,Jan Paul van Hecke,19,90,0.0
151,Jan Paul van Hecke,20,90,6.0
151,Jan Paul van Hecke,21,90,3.0
151,Jan Paul van Hecke,22,90,6.0
151,Jan Paul van Hecke,23,90,1.0
151,Jan Paul van Hecke,24,90,2.0
151,Jan Paul van Hecke,26,60,5.0
151,Jan Paul van Hecke,27,90,9.0
151,Jan Paul van Hecke,28,90,4.0
151,Jan Paul van Hecke,29,90,2.0
152,Joël Veltman,6,54,0.0
152,Joël Veltman,11,15,0.0
152,Joël Veltman,12,1,1.0
152,Joël Veltman,13,6,1.0
152,Joël Veltman,14,12,1.0
152,Joël Veltman,17,45,1.0
152,Joël Veltman,19,90,10.0
152,Joël Veltman,20,90,6.0
152,Joël Veltman,22,90,2.0
152,Joël Veltman,24,20,1.0
152,Joël Veltman,26,90,1.0
152,Joël Veltman,27,25,1.0
152,Joël Veltman,28,19,1.0
152,Joël Veltman,29,13,1.0
157,Mitoma Kaoru,6,66,2.0
157,Mitoma Kaoru,16,26,1.0
157,Mitoma Kaoru,17,26,1.0
157,Mitoma Kaoru,19,32,1.0
157,Mitoma Kaoru,20,69,3.0
157,Mitoma Kaoru,21,82,8.0
157,Mitoma Kaoru,22,90,2.0
157,Mitoma Kaoru,23,90,2.0
157,Mitoma Kaoru,24,90,2.0
157,Mitoma Kaoru,25,90,2.0
157,Mitoma Kaoru,26,80,3.0
157,Mitoma Kaoru,27,90,3.0
157,Mitoma Kaoru,28,90,1.0
157,Mitoma Kaoru,29,45,1.0
158,Georginio Rutter,6,84,2.0
158,Georginio Rutter,7,45,1.0
158,Georginio Rutter,8,70,7.0
158,Georginio Rutter,9,78,2.0
158,Georginio Rutter,10,90,3.0
158,Georginio Rutter,11,74,2.0
158,Georginio Rutter,12,88,2.0
158,Georginio Rutter,13,55,4.0
158,Georginio Rutter,15,90,8.0
158,Georginio Rutter,16,81,2.0
158,Georginio Rutter,17,90,3.0
158,Georginio Rutter,18,90,0.0
158,Georginio Rutter,19,18,1.0
158,Georginio Rutter,20,70,8.0
158,Georginio Rutter,21,76,2.0
158,Georginio Rutter,22,24,1.0
158,Georginio Rutter,23,2,1.0
158,Georginio Rutter,24,59,1.0
158,Georginio Rutter,25,81,2.0
158,Georginio Rutter,29,90,4.0
159,Solly March,28,4,1.0
160,Yankuba Minteh,6,90,5.0
160,Yankuba Minteh,7,90,2.0
160,Yankuba Minteh,8,89,2.0
160,Yankuba Minteh,9,90,5.0
160,Yankuba Minteh,10,87,9.0
160,Yankuba Minteh,11,90,3.0
160,Yankuba Minteh,12,88,11.0
160,Yankuba Minteh,13,83,3.0
160,Yankuba Minteh,14,90,2.0
160,Yankuba Minteh,15,71,3.0
160,Yankuba Minteh,16,90,2.0
160,Yankuba Minteh,17,70,3.0
160,Yankuba Minteh,18,45,1.0
160,Yankuba Minteh,19,57,4.0
160,Yankuba Minteh,22,24,1.0
160,Yankuba Minteh,23,9,1.0
160,Yankuba Minteh,24,30,1.0
160,Yankuba Minteh,25,19,1.0
160,Yankuba Minteh,26,9,1.0
160,Yankuba Minteh,29,45,1.0
162,Brajan Gruda,6,23,4.0
162,Brajan Gruda,7,69,2.0
162,Brajan Gruda,12,1,0.0
162,Brajan Gruda,13,6,1.0
162,Brajan Gruda,14,76,2.0
162,Brajan Gruda,15,18,1.0
162,Brajan Gruda,16,63,2.0
162,Brajan Gruda,17,85,2.0
162,Brajan Gruda,18,45,1.0
162,Brajan Gruda,19,32,1.0
162,Brajan Gruda,20,86,3.0
162,Brajan Gruda,21,13,1.0
162,Brajan Gruda,22,65,2.0
163,Jack Hinshelwood,12,20,7.0
163,Jack Hinshelwood,13,34,1.0
163,Jack Hinshelwood,14,66,8.0
163,Jack Hinshelwood,15,30,1.0
163,Jack Hinshelwood,16,81,2.0
163,Jack Hinshelwood,17,70,3.0
163,Jack Hinshelwood,18,74,2.0
163,Jack Hinshelwood,19,18,1.0
163,Jack Hinshelwood,21,90,5.0
163,Jack Hinshelwood,22,65,2.0
163,Jack Hinshelwood,25,8,1.0
163,Jack Hinshelwood,26,90,0.0
163,Jack Hinshelwood,27,90,6.0
163,Jack Hinshelwood,28,90,5.0
163,Jack Hinshelwood,29,68,2.0
164,Matt O'Riley,25,8,1.0
166,Yasin Ayari,6,90,2.0
166,Yasin Ayari,7,90,2.0
166,Yasin Ayari,8,90,2.0
166,Yasin Ayari,9,59,1.0
166,Yasin Ayari,10,90,3.0
166,Yasin Ayari,11,90,3.0
166,Yasin Ayari,12,90,4.0
166,Yasin Ayari,13,90,3.0
166,Yasin Ayari,16,26,1.0
166,Yasin Ayari,17,90,3.0
166,Yasin Ayari,18,90,5.0
166,Yasin Ayari,19,90,4.0
166,Yasin Ayari,20,90,12.0
166,Yasin Ayari,21,82,5.0
166,Yasin Ayari,23,90,11.0
166,Yasin Ayari,24,90,6.0
166,Yasin Ayari,29,12,0.0
167,Carlos Baleba,6,66,2.0
167,Carlos Baleba,7,45,0.0
167,Carlos Baleba,8,70,3.0
167,Carlos Baleba,9,58,0.0
167,Carlos Baleba,10,90,3.0
167,Carlos Baleba,11,74,2.0
167,Carlos Baleba,12,45,1.0
167,Carlos Baleba,13,6,1.0
167,Carlos Baleba,14,77,4.0
167,Carlos Baleba,15,59,1.0
167,Carlos Baleba,16,63,2.0
167,Carlos Baleba,22,24,1.0
167,Carlos Baleba,23,80,4.0
167,Carlos Baleba,24,90,4.0
167,Carlos Baleba,25,70,2.0
167,Carlos Baleba,26,21,0.0
167,Carlos Baleba,27,1,1.0
167,Carlos Baleba,28,4,1.0
167,Carlos Baleba,29,77,2.0
168,Facundo Buonanotte,23,5,0.0
168,Facundo Buonanotte,24,19,1.0
169,Diego Gómez Amarilla,6,84,2.0
169,Diego Gómez Amarilla,7,76,2.0
169,Diego Gómez Amarilla,8,35,1.0
169,Diego Gómez Amarilla,9,30,1.0
169,Diego Gómez Amarilla,10,80,16.0
169,Diego Gómez Amarilla,11,84,3.0
169,Diego Gómez Amarilla,12,69,1.0
169,Diego Gómez Amarilla,13,83,3.0
169,Diego Gómez Amarilla,14,90,1.0
169,Diego Gómez Amarilla,15,90,2.0
169,Diego Gómez Amarilla,16,86,1.0
169,Diego Gómez Amarilla,18,86,9.0
169,Diego Gómez Amarilla,19,71,2.0
169,Diego Gómez Amarilla,20,79,3.0
169,Diego Gómez Amarilla,21,76,2.0
169,Diego Gómez Amarilla,22,65,2.0
169,Diego Gómez Amarilla,23,80,2.0
169,Diego Gómez Amarilla,25,19,0.0
169,Diego Gómez Amarilla,26,80,3.0
169,Diego Gómez Amarilla,27,75,10.0
169,Diego Gómez Amarilla,28,85,9.0
169,Diego Gómez Amarilla,29,76,1.0
170,James Milner,7,13,1.0
170,James Milner,8,19,1.0
170,James Milner,9,31,4.0
170,James Milner,16,3,1.0
170,James Milner,17,19,1.0
170,James Milner,19,71,1.0
170,James Milner,20,10,1.0
170,James Milner,21,7,1.0
170,James Milner,23,9,1.0
170,James Milner,24,1,1.0
170,James Milner,26,68,2.0
170,James Milner,27,89,3.0
170,James Milner,28,85,2.0
172,Tom Watson,9,31,1.0
172,Tom Watson,10,9,1.0
172,Tom Watson,17,4,1.0
172,Tom Watson,18,3,1.0
172,Tom Watson,20,3,1.0
172,Tom Watson,21,7,0.0
173,Mats Wieffer,6,35,3.0
173,Mats Wieffer,7,69,1.0
173,Mats Wieffer,8,90,7.0
173,Mats Wieffer,9,86,4.0
173,Mats Wieffer,10,90,10.0
173,Mats Wieffer,11,90,3.0
173,Mats Wieffer,12,90,4.0
173,Mats Wieffer,13,90,4.0
173,Mats Wieffer,14,90,8.0
173,Mats Wieffer,15,90,2.0
173,Mats Wieffer,16,90,2.0
173,Mats Wieffer,17,45,1.0
173,Mats Wieffer,18,45,1.0
173,Mats Wieffer,27,64,2.0
173,Mats Wieffer,28,70,1.0
173,Mats Wieffer,29,76,4.0
175,Joe Knight,10,1,1.0
178,Danny Welbeck,6,23,11.0
178,Danny Welbeck,7,90,1.0
178,Danny Welbeck,8,89,13.0
178,Danny Welbeck,9,90,6.0
178,Danny Welbeck,10,81,6.0
178,Danny Welbeck,11,84,2.0
178,Danny Welbeck,12,90,8.0
178,Danny Welbeck,13,64,2.0
178,Danny Welbeck,14,23,1.0
178,Danny Welbeck,15,90,2.0
178,Danny Welbeck,16,8,1.0
178,Danny Welbeck,18,15,1.0
178,Danny Welbeck,19,82,3.0
178,Danny Welbeck,20,19,1.0
178,Danny Welbeck,21,13,1.0
178,Danny Welbeck,22,76,1.0
178,Danny Welbeck,23,87,2.0
178,Danny Welbeck,24,69,2.0
178,Danny Welbeck,25,19,1.0
178,Danny Welbeck,26,80,2.0
178,Danny Welbeck,27,90,9.0
178,Danny Welbeck,28,90,9.0
178,Danny Welbeck,29,21,1.0
180,Stefanos Tzimas,6,5,1.0
180,Stefanos Tzimas,7,20,4.0
180,Stefanos Tzimas,8,19,1.0
180,Stefanos Tzimas,9,3,1.0
180,Stefanos Tzimas,10,9,1.0
180,Stefanos Tzimas,11,5,1.0
180,Stefanos Tzimas,13,25,5.0
180,Stefanos Tzimas,14,23,1.0
181,Charalampos Kostoulas,8,1,1.0
181,Charalampos Kostoulas,9,11,5.0
181,Charalampos Kostoulas,10,2,1.0
181,Charalampos Kostoulas,11,15,1.0
181,Charalampos Kostoulas,14,13,1.0
181,Charalampos Kostoulas,15,18,1.0
181,Charalampos Kostoulas,16,8,1.0
181,Charalampos Kostoulas,17,19,1.0
181,Charalampos Kostoulas,18,3,1.0
181,Charalampos Kostoulas,19,7,0.0
181,Charalampos Kostoulas,20,70,5.0
181,Charalampos Kostoulas,22,13,8.0
181,Charalampos Kostoulas,23,2,0.0
181,Charalampos Kostoulas,24,20,1.0
181,Charalampos Kostoulas,25,81,2.0
181,Charalampos Kostoulas,26,9,1.0
187,Kyle Walker,6,90,-1.0
187,Kyle Walker,7,90,1.0
187,Kyle Walker,8,90,14.0
187,Kyle Walker,9,90,3.0
187,Kyle Walker,10,90,1.0
187,Kyle Walker,11,90,0.0
187,Kyle Walker,12,90,0.0
187,Kyle Walker,13,90,3.0
187,Kyle Walker,14,90,2.0
187,Kyle Walker,15,90,0.0
187,Kyle Walker,17,76,2.0
187,Kyle Walker,18,90,6.0
187,Kyle Walker,19,90,0.0
187,Kyle Walker,20,90,0.0
187,Kyle Walker,21,90,1.0
187,Kyle Walker,22,90,2.0
187,Kyle Walker,23,90,4.0
187,Kyle Walker,24,90,0.0
187,Kyle Walker,25,90,1.0
187,Kyle Walker,26,90,1.0
187,Kyle Walker,27,45,1.0
187,Kyle Walker,29,90,3.0
190,Hjalmar Ekdal,6,90,0.0
190,Hjalmar Ekdal,9,1,1.0
190,Hjalmar Ekdal,14,90,4.0
190,Hjalmar Ekdal,15,90,1.0
190,Hjalmar Ekdal,16,90,1.0
190,Hjalmar Ekdal,17,90,4.0
190,Hjalmar Ekdal,18,90,9.0
190,Hjalmar Ekdal,19,90,3.0
190,Hjalmar Ekdal,20,90,1.0
190,Hjalmar Ekdal,22,16,1.0
191,Maxime Estève,6,90,-2.0
191,Maxime Estève,7,90,1.0
191,Maxime Estève,8,90,8.0
191,Maxime Estève,9,90,1.0
191,Maxime Estève,10,90,1.0
191,Maxime Estève,11,90,3.0
191,Maxime Estève,12,90,3.0
191,Maxime Estève,13,90,3.0
191,Maxime Estève,14,90,4.0
191,Maxime Estève,15,90,3.0
191,Maxime Estève,16,90,1.0
191,Maxime Estève,19,14,0.0
191,Maxime Estève,21,90,3.0
191,Maxime Estève,22,73,2.0
191,Maxime Estève,23,90,3.0
191,Maxime Estève,24,90,3.0
191,Maxime Estève,25,90,1.0
191,Maxime Estève,26,90,3.0
191,Maxime Estève,27,90,2.0
191,Maxime Estève,28,90,0.0
191,Maxime Estève,29,90,1.0
192,Quilindschy Hartman,6,87,3.0
192,Quilindschy Hartman,7,90,4.0
192,Quilindschy Hartman,8,90,6.0
192,Quilindschy Hartman,9,90,7.0
192,Quilindschy Hartman,10,90,1.0
192,Quilindschy Hartman,11,80,1.0
192,Quilindschy Hartman,12,90,1.0
192,Quilindschy Hartman,13,90,3.0
192,Quilindschy Hartman,14,90,2.0
192,Quilindschy Hartman,16,90,4.0
193,Bashir Humphreys,6,2,0.0
193,Bashir Humphreys,18,90,8.0
193,Bashir Humphreys,19,75,2.0
193,Bashir Humphreys,20,90,2.0
193,Bashir Humphreys,21,90,6.0
193,Bashir Humphreys,22,90,4.0
193,Bashir Humphreys,23,90,1.0
193,Bashir Humphreys,24,90,3.0
193,Bashir Humphreys,25,90,0.0
193,Bashir Humphreys,26,90,4.0
193,Bashir Humphreys,27,82,2.0
193,Bashir Humphreys,28,90,1.0
193,Bashir Humphreys,29,90,0.0
195,Lucas Pires Silva,11,9,1.0
195,Lucas Pires Silva,15,42,-3.0
195,Lucas Pires Silva,17,90,2.0
195,Lucas Pires Silva,18,90,6.0
195,Lucas Pires Silva,19,90,1.0
195,Lucas Pires Silva,20,90,1.0
195,Lucas Pires Silva,21,90,1.0
195,Lucas Pires Silva,22,90,4.0
195,Lucas Pires Silva,23,90,1.0
195,Lucas Pires Silva,24,90,1.0
195,Lucas Pires Silva,25,90,1.0
195,Lucas Pires Silva,27,45,1.0
195,Lucas Pires Silva,28,90,0.0
195,Lucas Pires Silva,29,90,1.0
197,Oliver Sonne,16,13,7.0
197,Oliver Sonne,17,13,1.0
197,Oliver Sonne,20,35,1.0
197,Oliver Sonne,21,1,1.0
198,Axel Tuanzebe,7,90,1.0
198,Axel Tuanzebe,8,90,8.0
198,Axel Tuanzebe,9,90,1.0
198,Axel Tuanzebe,10,90,3.0
198,Axel Tuanzebe,11,90,3.0
198,Axel Tuanzebe,12,90,1.0
198,Axel Tuanzebe,13,90,0.0
198,Axel Tuanzebe,16,76,1.0
198,Axel Tuanzebe,22,90,4.0
198,Axel Tuanzebe,23,90,7.0
198,Axel Tuanzebe,24,45,-2.0
199,Joe Worrall,7,1,1.0
199,Joe Worrall,15,45,1.0
199,Joe Worrall,17,90,2.0
199,Joe Worrall,26,90,3.0
199,Joe Worrall,27,90,4.0
199,Joe Worrall,28,90,2.0
199,Joe Worrall,29,56,3.0
200,Jaidon Anthony,6,87,6.0
200,Jaidon Anthony,7,58,1.0
200,Jaidon Anthony,8,82,2.0
200,Jaidon Anthony,9,76,2.0
200,Jaidon Anthony,10,61,2.0
200,Jaidon Anthony,11,80,2.0
200,Jaidon Anthony,12,71,2.0
200,Jaidon Anthony,13,15,4.0
200,Jaidon Anthony,14,57,1.0
200,Jaidon Anthony,15,4,1.0
200,Jaidon Anthony,16,13,1.0
200,Jaidon Anthony,17,76,2.0
200,Jaidon Anthony,18,17,1.0
200,Jaidon Anthony,20,80,2.0
200,Jaidon Anthony,21,32,6.0
200,Jaidon Anthony,22,90,2.0
200,Jaidon Anthony,23,90,2.0
200,Jaidon Anthony,24,79,1.0
200,Jaidon Anthony,25,65,2.0
200,Jaidon Anthony,26,90,8.0
200,Jaidon Anthony,27,83,2.0
200,Jaidon Anthony,28,90,10.0
200,Jaidon Anthony,29,90,4.0
202,Jacob Bruun Larsen,6,28,1.0
202,Jacob Bruun Larsen,7,31,1.0
202,Jacob Bruun Larsen,8,57,1.0
202,Jacob Bruun Larsen,9,68,2.0
202,Jacob Bruun Larsen,10,28,1.0
202,Jacob Bruun Larsen,11,23,1.0
202,Jacob Bruun Larsen,12,14,1.0
202,Jacob Bruun Larsen,13,15,1.0
202,Jacob Bruun Larsen,14,45,1.0
202,Jacob Bruun Larsen,15,85,2.0
202,Jacob Bruun Larsen,16,76,2.0
202,Jacob Bruun Larsen,17,65,3.0
202,Jacob Bruun Larsen,18,72,3.0
202,Jacob Bruun Larsen,19,16,1.0
202,Jacob Bruun Larsen,20,54,1.0
202,Jacob Bruun Larsen,24,10,1.0
202,Jacob Bruun Larsen,25,24,1.0
202,Jacob Bruun Larsen,26,17,1.0
202,Jacob Bruun Larsen,27,12,1.0
202,Jacob Bruun Larsen,28,45,1.0
205,Josh Cullen,6,78,4.0
205,Josh Cullen,7,90,6.0
205,Josh Cullen,8,90,3.0
205,Josh Cullen,9,90,2.0
205,Josh Cullen,10,81,1.0
205,Josh Cullen,11,90,10.0
205,Josh Cullen,12,90,2.0
205,Josh Cullen,13,80,2.0
205,Josh Cullen,14,80,4.0
205,Josh Cullen,15,90,2.0
205,Josh Cullen,16,90,4.0
205,Josh Cullen,17,90,2.0
205,Josh Cullen,18,52,1.0
206,Marcus Edwards,10,8,1.0
206,Marcus Edwards,11,9,1.0
206,Marcus Edwards,14,32,1.0
206,Marcus Edwards,15,1,1.0
206,Marcus Edwards,16,28,1.0
206,Marcus Edwards,17,13,4.0
206,Marcus Edwards,18,87,3.0
206,Marcus Edwards,19,90,2.0
206,Marcus Edwards,20,35,1.0
206,Marcus Edwards,21,90,5.0
206,Marcus Edwards,22,89,9.0
206,Marcus Edwards,23,84,2.0
206,Marcus Edwards,24,68,2.0
206,Marcus Edwards,25,66,2.0
206,Marcus Edwards,26,72,5.0
206,Marcus Edwards,27,90,2.0
207,Hannibal Mejbri,6,2,1.0
207,Hannibal Mejbri,8,7,0.0
207,Hannibal Mejbri,9,1,4.0
207,Hannibal Mejbri,10,14,1.0
207,Hannibal Mejbri,11,19,4.0
207,Hannibal Mejbri,12,18,0.0
207,Hannibal Mejbri,13,59,0.0
207,Hannibal Mejbri,14,31,1.0
207,Hannibal Mejbri,21,57,0.0
207,Hannibal Mejbri,22,1,1.0
207,Hannibal Mejbri,23,5,1.0
207,Hannibal Mejbri,25,90,2.0
207,Hannibal Mejbri,26,82,10.0
207,Hannibal Mejbri,27,90,1.0
207,Hannibal Mejbri,28,83,10.0
207,Hannibal Mejbri,29,71,2.0
209,Josh Laurent,6,90,2.0
209,Josh Laurent,7,81,2.0
209,Josh Laurent,8,13,1.0
209,Josh Laurent,9,21,1.0
209,Josh Laurent,10,75,2.0
209,Josh Laurent,12,6,1.0
209,Josh Laurent,13,15,1.0
209,Josh Laurent,15,25,0.0
209,Josh Laurent,17,90,4.0
209,Josh Laurent,18,90,5.0
209,Josh Laurent,19,90,10.0
209,Josh Laurent,20,90,1.0
209,Josh Laurent,21,90,4.0
209,Josh Laurent,22,5,1.0
209,Josh Laurent,23,21,0.0
209,Josh Laurent,24,45,1.0
209,Josh Laurent,25,45,0.0
209,Josh Laurent,26,90,2.0
209,Josh Laurent,27,77,1.0
209,Josh Laurent,28,45,1.0
209,Josh Laurent,29,18,1.0
210,Loum Tchaouna,6,61,2.0
210,Loum Tchaouna,7,58,1.0
210,Loum Tchaouna,8,32,6.0
210,Loum Tchaouna,10,28,1.0
210,Loum Tchaouna,11,66,2.0
210,Loum Tchaouna,12,75,2.0
210,Loum Tchaouna,13,74,3.0
210,Loum Tchaouna,14,45,1.0
210,Loum Tchaouna,17,24,1.0
210,Loum Tchaouna,19,73,2.0
210,Loum Tchaouna,20,26,1.0
210,Loum Tchaouna,22,1,1.0
210,Loum Tchaouna,24,21,1.0
210,Loum Tchaouna,25,23,1.0
210,Loum Tchaouna,27,7,1.0
210,Loum Tchaouna,28,6,1.0
210,Loum Tchaouna,29,33,1.0
213,Jaydon Banel,20,9,1.0
214,Mike Trésor Ndayishimiye,16,7,1.0
214,Mike Trésor Ndayishimiye,17,8,1.0
214,Mike Trésor Ndayishimiye,18,2,1.0
214,Mike Trésor Ndayishimiye,19,2,1.0
215,Zian Flemming,7,8,1.0
215,Zian Flemming,8,76,2.0
215,Zian Flemming,9,90,13.0
215,Zian Flemming,10,75,1.0
215,Zian Flemming,11,70,5.0
215,Zian Flemming,12,71,2.0
215,Zian Flemming,13,90,6.0
215,Zian Flemming,14,58,1.0
215,Zian Flemming,15,4,5.0
215,Zian Flemming,16,28,1.0
215,Zian Flemming,17,64,1.0
215,Zian Flemming,18,2,1.0
215,Zian Flemming,24,27,1.0
215,Zian Flemming,25,66,2.0
215,Zian Flemming,26,72,2.0
215,Zian Flemming,27,90,9.0
215,Zian Flemming,28,90,6.0
217,Lyle Foster,6,79,2.0
217,Lyle Foster,7,68,1.0
217,Lyle Foster,9,13,7.0
217,Lyle Foster,12,18,1.0
217,Lyle Foster,13,74,2.0
217,Lyle Foster,14,90,2.0
217,Lyle Foster,15,45,1.0
217,Lyle Foster,16,61,2.0
217,Lyle Foster,21,14,0.0
217,Lyle Foster,22,16,1.0
217,Lyle Foster,23,21,5.0
217,Lyle Foster,24,62,2.0
217,Lyle Foster,25,23,1.0
217,Lyle Foster,26,17,1.0
217,Lyle Foster,28,45,0.0
217,Lyle Foster,29,90,2.0
218,Ashley Barnes,8,7,1.0
218,Ashley Barnes,19,2,1.0
218,Ashley Barnes,27,6,1.0
218,Ashley Barnes,28,1,1.0
218,Ashley Barnes,29,7,1.0
220,Robert Lynch Sánchez,6,90,1.0
220,Robert Lynch Sánchez,7,90,2.0
220,Robert Lynch Sánchez,8,90,5.0
220,Robert Lynch Sánchez,9,90,1.0
220,Robert Lynch Sánchez,10,90,6.0
220,Robert Lynch Sánchez,11,90,6.0
220,Robert Lynch Sánchez,12,90,6.0
220,Robert Lynch Sánchez,13,90,3.0
220,Robert Lynch Sánchez,14,90,1.0
220,Robert Lynch Sánchez,15,90,10.0
220,Robert Lynch Sánchez,16,90,6.0
220,Robert Lynch Sánchez,17,90,4.0
220,Robert Lynch Sánchez,18,90,3.0
220,Robert Lynch Sánchez,19,90,2.0
220,Robert Lynch Sánchez,21,90,2.0
220,Robert Lynch Sánchez,22,90,11.0
220,Robert Lynch Sánchez,23,90,3.0
220,Robert Lynch Sánchez,24,90,2.0
220,Robert Lynch Sánchez,25,90,2.0
220,Robert Lynch Sánchez,26,90,1.0
220,Robert Lynch Sánchez,27,90,2.0
220,Robert Lynch Sánchez,28,90,2.0
221,Filip Jörgensen,20,90,2.0
221,Filip Jörgensen,29,90,3.0
224,Marc Cucurella Saseta,6,90,0.0
224,Marc Cucurella Saseta,7,90,7.0
224,Marc Cucurella Saseta,8,90,8.0
224,Marc Cucurella Saseta,9,90,1.0
224,Marc Cucurella Saseta,10,90,7.0
224,Marc Cucurella Saseta,11,90,6.0
224,Marc Cucurella Saseta,12,90,6.0
224,Marc Cucurella Saseta,13,90,1.0
224,Marc Cucurella Saseta,14,90,1.0
224,Marc Cucurella Saseta,15,90,6.0
224,Marc Cucurella Saseta,16,90,6.0
224,Marc Cucurella Saseta,17,90,1.0
224,Marc Cucurella Saseta,18,68,2.0
224,Marc Cucurella Saseta,21,21,-3.0
224,Marc Cucurella Saseta,22,90,5.0
224,Marc Cucurella Saseta,23,90,4.0
224,Marc Cucurella Saseta,24,45,7.0
224,Marc Cucurella Saseta,25,90,4.0
224,Marc Cucurella Saseta,26,45,1.0
224,Marc Cucurella Saseta,29,11,1.0
225,Reece James,6,90,3.0
225,Reece James,7,90,4.0
225,Reece James,8,90,18.0
225,Reece James,9,90,1.0
225,Reece James,10,90,7.0
225,Reece James,11,13,1.0
225,Reece James,12,45,1.0
225,Reece James,13,90,8.0
225,Reece James,15,90,6.0
225,Reece James,16,90,6.0
225,Reece James,17,90,7.0
225,Reece James,18,90,6.0
225,Reece James,19,45,1.0
225,Reece James,20,90,1.0
225,Reece James,21,25,1.0
225,Reece James,22,84,7.0
225,Reece James,23,80,6.0
225,Reece James,24,9,1.0
225,Reece James,27,88,6.0
225,Reece James,28,90,6.0
225,Reece James,29,90,2.0
226,Trevoh Chalobah,6,52,-3.0
226,Trevoh Chalobah,8,90,6.0
226,Trevoh Chalobah,9,90,1.0
226,Trevoh Chalobah,10,90,7.0
226,Trevoh Chalobah,11,90,6.0
226,Trevoh Chalobah,12,90,6.0
226,Trevoh Chalobah,13,90,9.0
226,Trevoh Chalobah,14,90,1.0
226,Trevoh Chalobah,15,90,11.0
226,Trevoh Chalobah,16,90,9.0
226,Trevoh Chalobah,17,90,3.0
226,Trevoh Chalobah,18,90,0.0
226,Trevoh Chalobah,19,90,1.0
226,Trevoh Chalobah,20,90,4.0
226,Trevoh Chalobah,21,90,3.0
226,Trevoh Chalobah,22,90,8.0
226,Trevoh Chalobah,23,90,4.0
226,Trevoh Chalobah,24,90,3.0
226,Trevoh Chalobah,25,90,4.0
226,Trevoh Chalobah,26,90,3.0
226,Trevoh Chalobah,27,90,2.0
226,Trevoh Chalobah,28,90,1.0
226,Trevoh Chalobah,29,90,2.0
228,Malo Gusto,6,27,0.0
228,Malo Gusto,7,90,5.0
228,Malo Gusto,8,86,3.0
228,Malo Gusto,10,75,6.0
228,Malo Gusto,11,76,15.0
228,Malo Gusto,12,23,1.0
228,Malo Gusto,13,90,2.0
228,Malo Gusto,14,45,1.0
228,Malo Gusto,15,90,7.0
228,Malo Gusto,16,90,18.0
228,Malo Gusto,17,53,-1.0
228,Malo Gusto,18,21,1.0
228,Malo Gusto,19,90,1.0
228,Malo Gusto,20,90,2.0
228,Malo Gusto,21,75,2.0
228,Malo Gusto,23,16,1.0
228,Malo Gusto,24,80,1.0
228,Malo Gusto,25,74,2.0
228,Malo Gusto,26,90,0.0
228,Malo Gusto,27,79,6.0
228,Malo Gusto,28,15,1.0
228,Malo Gusto,29,74,5.0
229,Benoît Badiashile Mukinayi,6,11,-1.0
229,Benoît Badiashile Mukinayi,7,54,1.0
229,Benoît Badiashile Mukinayi,12,45,0.0
229,Benoît Badiashile Mukinayi,14,45,0.0
229,Benoît Badiashile Mukinayi,18,90,1.0
229,Benoît Badiashile Mukinayi,20,90,2.0
229,Benoît Badiashile Mukinayi,23,90,4.0
229,Benoît Badiashile Mukinayi,24,45,0.0
230,Wesley Fofana,10,88,6.0
230,Wesley Fofana,11,90,6.0
230,Wesley Fofana,13,90,4.0
230,Wesley Fofana,15,90,9.0
230,Wesley Fofana,16,90,9.0
230,Wesley Fofana,17,90,1.0
230,Wesley Fofana,19,90,3.0
230,Wesley Fofana,22,32,0.0
230,Wesley Fofana,23,17,1.0
230,Wesley Fofana,24,45,4.0
230,Wesley Fofana,25,90,2.0
230,Wesley Fofana,26,11,1.0
230,Wesley Fofana,27,71,-1.0
230,Wesley Fofana,29,78,2.0
231,Mamadou Sarr,27,2,1.0
231,Mamadou Sarr,28,89,1.0
232,Tosin Adarabioyo,8,9,1.0
232,Tosin Adarabioyo,9,14,1.0
232,Tosin Adarabioyo,10,1,1.0
232,Tosin Adarabioyo,12,90,10.0
232,Tosin Adarabioyo,14,90,3.0
232,Tosin Adarabioyo,21,90,0.0
232,Tosin Adarabioyo,22,57,3.0
232,Tosin Adarabioyo,27,15,1.0
232,Tosin Adarabioyo,28,1,1.0
232,Tosin Adarabioyo,29,11,1.0
233,Josh Acheampong,6,36,0.0
233,Josh Acheampong,7,67,2.0
233,Josh Acheampong,8,80,14.0
233,Josh Acheampong,9,75,2.0
233,Josh Acheampong,19,45,0.0
233,Josh Acheampong,20,61,2.0
233,Josh Acheampong,21,14,1.0
233,Josh Acheampong,22,5,1.0
233,Josh Acheampong,25,15,1.0
233,Josh Acheampong,26,78,0.0
233,Josh Acheampong,27,1,1.0
235,Cole Palmer,14,29,1.0
235,Cole Palmer,15,57,1.0
235,Cole Palmer,16,57,6.0
235,Cole Palmer,17,79,5.0
235,Cole Palmer,18,71,2.0
235,Cole Palmer,19,62,7.0
235,Cole Palmer,20,90,2.0
235,Cole Palmer,21,74,1.0
235,Cole Palmer,22,90,9.0
235,Cole Palmer,24,90,2.0
235,Cole Palmer,25,60,20.0
235,Cole Palmer,26,90,12.0
235,Cole Palmer,27,74,3.0
235,Cole Palmer,28,85,1.0
235,Cole Palmer,29,84,9.0
236,Pedro Lomba Neto,6,78,2.0
236,Pedro Lomba Neto,7,74,2.0
236,Pedro Lomba Neto,8,77,12.0
236,Pedro Lomba Neto,9,84,8.0
236,Pedro Lomba Neto,10,84,3.0
236,Pedro Lomba Neto,11,76,9.0
236,Pedro Lomba Neto,12,90,8.0
236,Pedro Lomba Neto,13,90,2.0
236,Pedro Lomba Neto,14,45,6.0
236,Pedro Lomba Neto,15,90,2.0
236,Pedro Lomba Neto,16,90,6.0
236,Pedro Lomba Neto,17,90,2.0
236,Pedro Lomba Neto,18,90,2.0
236,Pedro Lomba Neto,19,45,1.0
236,Pedro Lomba Neto,20,90,2.0
236,Pedro Lomba Neto,21,90,5.0
236,Pedro Lomba Neto,22,90,3.0
236,Pedro Lomba Neto,23,73,3.0
236,Pedro Lomba Neto,24,64,2.0
236,Pedro Lomba Neto,25,90,2.0
236,Pedro Lomba Neto,26,26,1.0
236,Pedro Lomba Neto,27,87,8.0
236,Pedro Lomba Neto,28,69,-1.0
237,Enzo Fernández,6,90,9.0
237,Enzo Fernández,7,90,2.0
237,Enzo Fernández,9,90,2.0
237,Enzo Fernández,10,90,2.0
237,Enzo Fernández,11,82,3.0
237,Enzo Fernández,12,90,11.0
237,Enzo Fernández,13,90,2.0
237,Enzo Fernández,14,90,2.0
237,Enzo Fernández,15,90,3.0
237,Enzo Fernández,16,90,3.0
237,Enzo Fernández,17,36,1.0
237,Enzo Fernández,18,90,1.0
237,Enzo Fernández,19,90,9.0
237,Enzo Fernández,20,90,11.0
237,Enzo Fernández,21,64,1.0
237,Enzo Fernández,22,84,6.0
237,Enzo Fernández,23,90,8.0
237,Enzo Fernández,24,90,8.0
237,Enzo Fernández,25,90,2.0
237,Enzo Fernández,26,90,2.0
237,Enzo Fernández,27,90,2.0
237,Enzo Fernández,28,85,1.0
237,Enzo Fernández,29,78,4.0
238,Estêvão Almeida de Oliveira Gonçalves,6,63,3.0
238,Estêvão Almeida de Oliveira Gonçalves,7,15,8.0
238,Estêvão Almeida de Oliveira Gonçalves,8,12,3.0
238,Estêvão Almeida de Oliveira Gonçalves,9,32,1.0
238,Estêvão Almeida de Oliveira Gonçalves,10,5,1.0
238,Estêvão Almeida de Oliveira Gonçalves,11,26,4.0
238,Estêvão Almeida de Oliveira Gonçalves,13,45,1.0
238,Estêvão Almeida de Oliveira Gonçalves,14,45,0.0
238,Estêvão Almeida de Oliveira Gonçalves,15,13,1.0
238,Estêvão Almeida de Oliveira Gonçalves,16,9,1.0
238,Estêvão Almeida de Oliveira Gonçalves,18,18,1.0
238,Estêvão Almeida de Oliveira Gonçalves,19,90,5.0
238,Estêvão Almeida de Oliveira Gonçalves,20,45,1.0
238,Estêvão Almeida de Oliveira Gonçalves,23,73,13.0
238,Estêvão Almeida de Oliveira Gonçalves,26,63,3.0
239,Jamie Bynoe-Gittens,7,15,1.0
239,Jamie Bynoe-Gittens,8,45,1.0
239,Jamie Bynoe-Gittens,9,14,1.0
239,Jamie Bynoe-Gittens,10,24,1.0
239,Jamie Bynoe-Gittens,11,7,1.0
239,Jamie Bynoe-Gittens,12,90,6.0
239,Jamie Bynoe-Gittens,14,60,5.0
239,Jamie Bynoe-Gittens,16,25,1.0
239,Jamie Bynoe-Gittens,18,21,1.0
239,Jamie Bynoe-Gittens,19,1,1.0
239,Jamie Bynoe-Gittens,23,16,1.0
239,Jamie Bynoe-Gittens,24,25,1.0
241,Moisés Caicedo Corozo,6,90,2.0
241,Moisés Caicedo Corozo,7,90,10.0
241,Moisés Caicedo Corozo,8,45,1.0
241,Moisés Caicedo Corozo,9,90,2.0
241,Moisés Caicedo Corozo,10,90,10.0
241,Moisés Caicedo Corozo,11,90,2.0
241,Moisés Caicedo Corozo,13,37,-2.0
241,Moisés Caicedo Corozo,17,90,3.0
241,Moisés Caicedo Corozo,18,90,3.0
241,Moisés Caicedo Corozo,19,90,1.0
241,Moisés Caicedo Corozo,21,90,4.0
241,Moisés Caicedo Corozo,22,90,5.0
241,Moisés Caicedo Corozo,23,72,2.0
241,Moisés Caicedo Corozo,24,90,3.0
241,Moisés Caicedo Corozo,25,90,5.0
241,Moisés Caicedo Corozo,26,90,1.0
241,Moisés Caicedo Corozo,27,90,2.0
241,Moisés Caicedo Corozo,28,90,4.0
241,Moisés Caicedo Corozo,29,90,2.0
242,Kiernan Dewsbury-Hall,6,90,1.0
242,Kiernan Dewsbury-Hall,8,85,2.0
242,Kiernan Dewsbury-Hall,9,90,2.0
242,Kiernan Dewsbury-Hall,10,82,2.0
242,Kiernan Dewsbury-Hall,11,88,9.0
242,Kiernan Dewsbury-Hall,12,87,13.0
242,Kiernan Dewsbury-Hall,13,90,7.0
242,Kiernan Dewsbury-Hall,14,90,3.0
242,Kiernan Dewsbury-Hall,15,90,16.0
242,Kiernan Dewsbury-Hall,16,15,1.0
242,Kiernan Dewsbury-Hall,23,45,1.0
242,Kiernan Dewsbury-Hall,24,78,2.0
242,Kiernan Dewsbury-Hall,25,90,13.0
242,Kiernan Dewsbury-Hall,26,90,2.0
242,Kiernan Dewsbury-Hall,27,90,4.0
242,Kiernan Dewsbury-Hall,28,88,6.0
242,Kiernan Dewsbury-Hall,29,90,9.0
243,Tyrique George,9,5,1.0
243,Tyrique George,25,21,1.0
243,Tyrique George,26,61,2.0
243,Tyrique George,27,17,1.0
243,Tyrique George,29,3,1.0
244,Roméo Lavia,6,11,1.0
244,Roméo Lavia,7,35,1.0
244,Roméo Lavia,8,45,1.0
244,Roméo Lavia,10,14,1.0
244,Roméo Lavia,28,15,1.0
244,Roméo Lavia,29,15,1.0
246,Andrey Nascimento dos Santos,6,53,1.0
246,Andrey Nascimento dos Santos,8,45,1.0
246,Andrey Nascimento dos Santos,9,5,0.0
246,Andrey Nascimento dos Santos,11,7,1.0
246,Andrey Nascimento dos Santos,12,90,5.0
246,Andrey Nascimento dos Santos,14,76,2.0
246,Andrey Nascimento dos Santos,16,32,1.0
246,Andrey Nascimento dos Santos,17,11,0.0
246,Andrey Nascimento dos Santos,19,3,1.0
246,Andrey Nascimento dos Santos,20,45,1.0
246,Andrey Nascimento dos Santos,21,27,1.0
246,Andrey Nascimento dos Santos,22,33,1.0
246,Andrey Nascimento dos Santos,23,90,3.0
246,Andrey Nascimento dos Santos,25,83,2.0
246,Andrey Nascimento dos Santos,26,78,2.0
246,Andrey Nascimento dos Santos,27,90,2.0
246,Andrey Nascimento dos Santos,28,74,2.0
246,Andrey Nascimento dos Santos,29,5,1.0
249,João Pedro Junqueira de Jesus,6,90,2.0
249,João Pedro Junqueira de Jesus,7,73,2.0
249,João Pedro Junqueira de Jesus,8,90,2.0
249,João Pedro Junqueira de Jesus,9,84,2.0
249,João Pedro Junqueira de Jesus,10,90,9.0
249,João Pedro Junqueira de Jesus,11,82,7.0
249,João Pedro Junqueira de Jesus,12,75,1.0
249,João Pedro Junqueira de Jesus,13,54,1.0
249,João Pedro Junqueira de Jesus,14,90,2.0
249,João Pedro Junqueira de Jesus,15,32,1.0
249,João Pedro Junqueira de Jesus,16,80,2.0
249,João Pedro Junqueira de Jesus,17,90,6.0
249,João Pedro Junqueira de Jesus,18,68,8.0
249,João Pedro Junqueira de Jesus,19,27,1.0
249,João Pedro Junqueira de Jesus,20,61,2.0
249,João Pedro Junqueira de Jesus,21,15,1.0
249,João Pedro Junqueira de Jesus,22,73,8.0
249,João Pedro Junqueira de Jesus,23,84,12.0
249,João Pedro Junqueira de Jesus,24,45,10.0
249,João Pedro Junqueira de Jesus,25,74,8.0
249,João Pedro Junqueira de Jesus,26,90,10.0
249,João Pedro Junqueira de Jesus,27,79,7.0
249,João Pedro Junqueira de Jesus,28,90,2.0
249,João Pedro Junqueira de Jesus,29,84,19.0
250,Liam Delap,11,63,2.0
250,Liam Delap,12,66,2.0
250,Liam Delap,13,35,1.0
250,Liam Delap,14,60,2.0
250,Liam Delap,15,31,1.0
250,Liam Delap,18,21,0.0
250,Liam Delap,19,86,2.0
250,Liam Delap,20,28,0.0
250,Liam Delap,21,90,7.0
250,Liam Delap,22,16,4.0
250,Liam Delap,23,5,1.0
250,Liam Delap,24,90,5.0
250,Liam Delap,25,15,1.0
250,Liam Delap,26,11,1.0
250,Liam Delap,27,10,1.0
250,Liam Delap,28,4,1.0
250,Liam Delap,29,5,1.0
252,Marc Guiu Paz,7,16,1.0
252,Marc Guiu Paz,8,45,1.0
252,Marc Guiu Paz,9,75,2.0
252,Marc Guiu Paz,11,13,1.0
252,Marc Guiu Paz,12,14,4.0
252,Marc Guiu Paz,14,13,1.0
252,Marc Guiu Paz,15,58,0.0
253,Dean Henderson,6,90,3.0
253,Dean Henderson,7,90,2.0
253,Dean Henderson,8,90,1.0
253,Dean Henderson,9,90,2.0
253,Dean Henderson,10,90,6.0
253,Dean Henderson,11,90,9.0
253,Dean Henderson,12,90,6.0
253,Dean Henderson,13,90,2.0
253,Dean Henderson,14,90,7.0
253,Dean Henderson,15,90,3.0
253,Dean Henderson,16,90,1.0
253,Dean Henderson,17,90,0.0
253,Dean Henderson,18,90,3.0
253,Dean Henderson,19,90,3.0
253,Dean Henderson,20,90,2.0
253,Dean Henderson,21,90,7.0
253,Dean Henderson,22,90,2.0
253,Dean Henderson,23,90,1.0
253,Dean Henderson,24,90,2.0
253,Dean Henderson,25,90,8.0
253,Dean Henderson,26,90,1.0
253,Dean Henderson,27,90,16.0
253,Dean Henderson,28,90,3.0
253,Dean Henderson,29,90,3.0
256,Daniel Muñoz Mejía,6,90,2.0
256,Daniel Muñoz Mejía,7,90,8.0
256,Daniel Muñoz Mejía,8,90,10.0
256,Daniel Muñoz Mejía,9,90,2.0
256,Daniel Muñoz Mejía,10,90,6.0
256,Daniel Muñoz Mejía,11,90,6.0
256,Daniel Muñoz Mejía,12,90,14.0
256,Daniel Muñoz Mejía,13,90,1.0
256,Daniel Muñoz Mejía,14,90,14.0
256,Daniel Muñoz Mejía,23,75,1.0
256,Daniel Muñoz Mejía,24,90,2.0
256,Daniel Muñoz Mejía,25,90,5.0
256,Daniel Muñoz Mejía,26,71,1.0
256,Daniel Muñoz Mejía,27,90,9.0
256,Daniel Muñoz Mejía,28,90,1.0
256,Daniel Muñoz Mejía,29,13,1.0
257,Maxence Lacroix,6,90,4.0
257,Maxence Lacroix,7,90,3.0
257,Maxence Lacroix,8,90,1.0
257,Maxence Lacroix,9,90,4.0
257,Maxence Lacroix,10,90,8.0
257,Maxence Lacroix,11,90,6.0
257,Maxence Lacroix,12,90,11.0
257,Maxence Lacroix,13,90,3.0
257,Maxence Lacroix,14,90,8.0
257,Maxence Lacroix,15,90,2.0
257,Maxence Lacroix,16,90,1.0
257,Maxence Lacroix,17,90,1.0
257,Maxence Lacroix,18,90,3.0
257,Maxence Lacroix,19,90,2.0
257,Maxence Lacroix,20,90,3.0
257,Maxence Lacroix,21,90,8.0
257,Maxence Lacroix,22,90,1.0
257,Maxence Lacroix,23,90,1.0
257,Maxence Lacroix,24,90,2.0
257,Maxence Lacroix,25,90,11.0
257,Maxence Lacroix,26,90,3.0
257,Maxence Lacroix,28,55,3.0
258,Tyrick Mitchell,6,90,4.0
258,Tyrick Mitchell,7,90,1.0
258,Tyrick Mitchell,8,90,1.0
258,Tyrick Mitchell,9,90,2.0
258,Tyrick Mitchell,10,90,6.0
258,Tyrick Mitchell,11,90,11.0
258,Tyrick Mitchell,12,90,6.0
258,Tyrick Mitchell,13,84,1.0
258,Tyrick Mitchell,14,90,6.0
258,Tyrick Mitchell,15,90,2.0
258,Tyrick Mitchell,16,90,1.0
258,Tyrick Mitchell,17,90,0.0
258,Tyrick Mitchell,18,90,2.0
258,Tyrick Mitchell,19,90,4.0
258,Tyrick Mitchell,20,90,2.0
258,Tyrick Mitchell,21,90,5.0
258,Tyrick Mitchell,22,90,0.0
258,Tyrick Mitchell,23,64,1.0
258,Tyrick Mitchell,24,90,2.0
258,Tyrick Mitchell,25,90,6.0
258,Tyrick Mitchell,26,90,1.0
258,Tyrick Mitchell,27,90,11.0
258,Tyrick Mitchell,28,90,1.0
258,Tyrick Mitchell,29,90,2.0
259,Borna Sosa,9,1,1.0
259,Borna Sosa,17,25,1.0
259,Borna Sosa,19,1,1.0
259,Borna Sosa,21,1,1.0
259,Borna Sosa,23,25,1.0
260,Marc Guéhi,6,90,7.0
260,Marc Guéhi,7,90,3.0
260,Marc Guéhi,8,90,4.0
260,Marc Guéhi,9,90,4.0
260,Marc Guéhi,10,90,10.0
260,Marc Guéhi,12,90,5.0
260,Marc Guéhi,13,90,0.0
260,Marc Guéhi,14,90,14.0
260,Marc Guéhi,15,90,8.0
260,Marc Guéhi,16,90,1.0
260,Marc Guéhi,17,90,1.0
260,Marc Guéhi,18,90,2.0
260,Marc Guéhi,19,90,2.0
260,Marc Guéhi,20,90,2.0
260,Marc Guéhi,21,90,6.0
260,Marc Guéhi,23,90,6.0
260,Marc Guéhi,24,90,3.0
260,Marc Guéhi,25,90,3.0
260,Marc Guéhi,26,90,7.0
260,Marc Guéhi,27,90,2.0
260,Marc Guéhi,28,90,6.0
260,Marc Guéhi,29,90,1.0
261,Chris Richards,6,90,4.0
261,Chris Richards,7,90,3.0
261,Chris Richards,8,90,3.0
261,Chris Richards,9,90,2.0
261,Chris Richards,10,90,6.0
261,Chris Richards,11,90,8.0
261,Chris Richards,12,82,6.0
261,Chris Richards,13,90,1.0
261,Chris Richards,14,90,9.0
261,Chris Richards,15,90,4.0
261,Chris Richards,16,90,1.0
261,Chris Richards,17,90,2.0
261,Chris Richards,22,90,2.0
261,Chris Richards,23,90,7.0
261,Chris Richards,24,90,1.0
261,Chris Richards,25,90,8.0
261,Chris Richards,26,90,0.0
261,Chris Richards,27,90,6.0
261,Chris Richards,28,90,1.0
261,Chris Richards,29,90,4.0
262,Chadi Riad Dnanou,23,14,4.0
262,Chadi Riad Dnanou,24,60,1.0
262,Chadi Riad Dnanou,26,45,1.0
262,Chadi Riad Dnanou,27,71,5.0
262,Chadi Riad Dnanou,28,32,1.0
262,Chadi Riad Dnanou,29,90,2.0
263,Nathaniel Clyne,15,76,2.0
263,Nathaniel Clyne,16,76,1.0
263,Nathaniel Clyne,17,64,1.0
263,Nathaniel Clyne,18,57,1.0
263,Nathaniel Clyne,19,90,7.0
263,Nathaniel Clyne,20,51,1.0
263,Nathaniel Clyne,29,76,1.0
266,Eberechi Eze,6,90,2.0
266,Eberechi Eze,7,78,6.0
266,Eberechi Eze,8,61,3.0
266,Eberechi Eze,9,87,11.0
266,Eberechi Eze,10,71,3.0
266,Eberechi Eze,11,87,2.0
266,Eberechi Eze,12,90,20.0
266,Eberechi Eze,13,71,2.0
266,Eberechi Eze,14,29,1.0
266,Eberechi Eze,15,45,1.0
266,Eberechi Eze,16,56,1.0
266,Eberechi Eze,21,12,1.0
266,Eberechi Eze,22,11,1.0
266,Eberechi Eze,23,32,0.0
266,Eberechi Eze,24,9,1.0
266,Eberechi Eze,25,23,1.0
266,Eberechi Eze,26,70,2.0
266,Eberechi Eze,27,76,14.0
266,Eberechi Eze,28,90,2.0
266,Eberechi Eze,29,90,3.0
267,Ismaïla Sarr,6,74,11.0
267,Ismaïla Sarr,7,88,7.0
267,Ismaïla Sarr,8,90,2.0
267,Ismaïla Sarr,9,90,2.0
267,Ismaïla Sarr,10,90,3.0
267,Ismaïla Sarr,11,90,3.0
267,Ismaïla Sarr,12,90,3.0
267,Ismaïla Sarr,13,37,1.0
267,Ismaïla Sarr,16,90,2.0
267,Ismaïla Sarr,23,90,2.0
267,Ismaïla Sarr,24,90,7.0
267,Ismaïla Sarr,25,87,8.0
267,Ismaïla Sarr,26,90,2.0
267,Ismaïla Sarr,27,90,2.0
267,Ismaïla Sarr,28,90,2.0
267,Ismaïla Sarr,29,90,15.0
269,Romain Esse,18,5,1.0
269,Romain Esse,19,8,1.0
269,Romain Esse,20,3,1.0
270,Will Hughes,6,28,1.0
270,Will Hughes,9,16,1.0
270,Will Hughes,10,12,1.0
270,Will Hughes,11,7,1.0
270,Will Hughes,12,1,1.0
270,Will Hughes,13,12,1.0
270,Will Hughes,14,14,1.0
270,Will Hughes,16,23,1.0
270,Will Hughes,17,45,1.0
270,Will Hughes,18,90,1.0
270,Will Hughes,19,56,1.0
270,Will Hughes,20,90,2.0
270,Will Hughes,21,90,3.0
270,Will Hughes,22,90,5.0
270,Will Hughes,23,14,1.0
270,Will Hughes,24,90,2.0
270,Will Hughes,25,76,2.0
270,Will Hughes,26,18,1.0
270,Will Hughes,27,45,0.0
270,Will Hughes,28,22,1.0
270,Will Hughes,29,9,1.0
271,Daichi Kamada,6,90,5.0
271,Daichi Kamada,7,81,4.0
271,Daichi Kamada,8,90,2.0
271,Daichi Kamada,9,73,2.0
271,Daichi Kamada,10,77,5.0
271,Daichi Kamada,11,82,3.0
271,Daichi Kamada,12,80,3.0
271,Daichi Kamada,13,84,4.0
271,Daichi Kamada,14,88,3.0
271,Daichi Kamada,15,90,2.0
271,Daichi Kamada,16,66,1.0
271,Daichi Kamada,25,13,1.0
271,Daichi Kamada,26,71,2.0
271,Daichi Kamada,27,45,1.0
271,Daichi Kamada,28,84,1.0
271,Daichi Kamada,29,90,2.0
272,Jefferson Lerma Solís,6,16,1.0
272,Jefferson Lerma Solís,7,8,1.0
272,Jefferson Lerma Solís,9,1,1.0
272,Jefferson Lerma Solís,10,90,10.0
272,Jefferson Lerma Solís,11,90,2.0
272,Jefferson Lerma Solís,12,9,1.0
272,Jefferson Lerma Solís,13,5,0.0
272,Jefferson Lerma Solís,14,90,5.0
272,Jefferson Lerma Solís,15,25,1.0
272,Jefferson Lerma Solís,17,45,1.0
272,Jefferson Lerma Solís,18,90,1.0
272,Jefferson Lerma Solís,19,90,2.0
272,Jefferson Lerma Solís,20,37,1.0
272,Jefferson Lerma Solís,22,90,2.0
272,Jefferson Lerma Solís,23,90,1.0
272,Jefferson Lerma Solís,24,90,9.0
272,Jefferson Lerma Solís,25,90,5.0
272,Jefferson Lerma Solís,26,45,1.0
273,Adam Wharton,6,61,3.0
273,Adam Wharton,7,90,3.0
273,Adam Wharton,8,90,2.0
273,Adam Wharton,9,90,2.0
273,Adam Wharton,11,65,3.0
273,Adam Wharton,12,90,6.0
273,Adam Wharton,13,77,4.0
273,Adam Wharton,14,75,3.0
273,Adam Wharton,15,90,9.0
273,Adam Wharton,16,90,4.0
273,Adam Wharton,17,90,3.0
273,Adam Wharton,18,90,2.0
273,Adam Wharton,19,90,2.0
273,Adam Wharton,20,86,4.0
273,Adam Wharton,21,90,3.0
273,Adam Wharton,22,90,1.0
273,Adam Wharton,23,72,-1.0
273,Adam Wharton,25,90,3.0
273,Adam Wharton,26,82,7.0
273,Adam Wharton,27,90,2.0
273,Adam Wharton,28,67,2.0
273,Adam Wharton,29,80,10.0
276,Justin Devenny,6,1,1.0
276,Justin Devenny,7,2,1.0
276,Justin Devenny,10,12,1.0
276,Justin Devenny,12,9,1.0
276,Justin Devenny,13,5,1.0
276,Justin Devenny,14,26,1.0
276,Justin Devenny,15,1,1.0
276,Justin Devenny,17,13,6.0
276,Justin Devenny,18,84,2.0
276,Justin Devenny,19,81,2.0
276,Justin Devenny,20,38,1.0
276,Justin Devenny,21,89,3.0
276,Justin Devenny,22,90,2.0
281,Kaden Rodney,20,3,1.0
283,Jean-Philippe Mateta,6,90,2.0
283,Jean-Philippe Mateta,7,69,2.0
283,Jean-Philippe Mateta,8,90,17.0
283,Jean-Philippe Mateta,9,90,2.0
283,Jean-Philippe Mateta,10,89,9.0
283,Jean-Philippe Mateta,11,90,2.0
283,Jean-Philippe Mateta,12,59,1.0
283,Jean-Philippe Mateta,13,90,6.0
283,Jean-Philippe Mateta,14,63,2.0
283,Jean-Philippe Mateta,15,65,2.0
283,Jean-Philippe Mateta,16,62,2.0
283,Jean-Philippe Mateta,17,76,2.0
283,Jean-Philippe Mateta,18,90,2.0
283,Jean-Philippe Mateta,19,90,9.0
283,Jean-Philippe Mateta,20,86,2.0
283,Jean-Philippe Mateta,21,90,2.0
283,Jean-Philippe Mateta,22,90,2.0
283,Jean-Philippe Mateta,23,84,2.0
284,Eddie Nketiah,6,15,4.0
284,Eddie Nketiah,7,20,1.0
284,Eddie Nketiah,8,26,1.0
284,Eddie Nketiah,9,31,1.0
284,Eddie Nketiah,12,30,1.0
284,Eddie Nketiah,13,52,0.0
284,Eddie Nketiah,14,26,1.0
284,Eddie Nketiah,15,64,9.0
284,Eddie Nketiah,16,27,1.0
284,Eddie Nketiah,17,76,2.0
284,Eddie Nketiah,18,32,1.0
287,Jordan Pickford,6,90,2.0
287,Jordan Pickford,7,90,3.0
287,Jordan Pickford,8,90,2.0
287,Jordan Pickford,9,90,1.0
287,Jordan Pickford,10,90,2.0
287,Jordan Pickford,11,90,7.0
287,Jordan Pickford,12,90,10.0
287,Jordan Pickford,13,90,1.0
287,Jordan Pickford,14,90,7.0
287,Jordan Pickford,15,90,6.0
287,Jordan Pickford,16,90,2.0
287,Jordan Pickford,17,90,2.0
287,Jordan Pickford,18,90,6.0
287,Jordan Pickford,19,90,10.0
287,Jordan Pickford,20,90,1.0
287,Jordan Pickford,21,90,3.0
287,Jordan Pickford,22,90,10.0
287,Jordan Pickford,23,90,3.0
287,Jordan Pickford,24,90,2.0
287,Jordan Pickford,25,90,2.0
287,Jordan Pickford,26,90,1.0
287,Jordan Pickford,27,90,1.0
287,Jordan Pickford,28,90,2.0
287,Jordan Pickford,29,90,6.0
290,Jarrad Branthwaite,23,45,1.0
290,Jarrad Branthwaite,24,88,1.0
290,Jarrad Branthwaite,25,5,1.0
290,Jarrad Branthwaite,26,90,4.0
290,Jarrad Branthwaite,27,90,2.0
290,Jarrad Branthwaite,28,90,9.0
290,Jarrad Branthwaite,29,82,6.0
291,James Tarkowski,6,90,1.0
291,James Tarkowski,7,90,5.0
291,James Tarkowski,8,90,3.0
291,James Tarkowski,9,90,1.0
291,James Tarkowski,10,90,2.0
291,James Tarkowski,11,90,5.0
291,James Tarkowski,12,90,8.0
291,James Tarkowski,13,90,3.0
291,James Tarkowski,14,90,10.0
291,James Tarkowski,15,90,9.0
291,James Tarkowski,16,90,1.0
291,James Tarkowski,17,90,3.0
291,James Tarkowski,18,90,8.0
291,James Tarkowski,19,90,9.0
291,James Tarkowski,20,90,2.0
291,James Tarkowski,21,90,4.0
291,James Tarkowski,22,90,8.0
291,James Tarkowski,23,90,4.0
291,James Tarkowski,24,90,2.0
291,James Tarkowski,25,90,2.0
291,James Tarkowski,26,90,1.0
291,James Tarkowski,27,90,1.0
291,James Tarkowski,28,90,3.0
291,James Tarkowski,29,90,15.0
292,Vitalii Mykolenko,6,90,1.0
292,Vitalii Mykolenko,7,90,4.0
292,Vitalii Mykolenko,8,90,1.0
292,Vitalii Mykolenko,9,90,1.0
292,Vitalii Mykolenko,10,90,2.0
292,Vitalii Mykolenko,11,90,6.0
292,Vitalii Mykolenko,12,90,9.0
292,Vitalii Mykolenko,13,90,2.0
292,Vitalii Mykolenko,14,90,5.0
292,Vitalii Mykolenko,15,90,5.0
292,Vitalii Mykolenko,16,90,1.0
292,Vitalii Mykolenko,17,90,1.0
292,Vitalii Mykolenko,18,90,6.0
292,Vitalii Mykolenko,19,90,8.0
292,Vitalii Mykolenko,20,90,0.0
292,Vitalii Mykolenko,21,90,2.0
292,Vitalii Mykolenko,22,90,6.0
292,Vitalii Mykolenko,23,90,2.0
292,Vitalii Mykolenko,25,84,2.0
292,Vitalii Mykolenko,26,90,1.0
292,Vitalii Mykolenko,28,90,3.0
292,Vitalii Mykolenko,29,90,6.0
293,Jake O'Brien,6,90,2.0
293,Jake O'Brien,7,90,5.0
293,Jake O'Brien,8,90,1.0
293,Jake O'Brien,9,65,1.0
293,Jake O'Brien,10,82,2.0
293,Jake O'Brien,11,1,1.0
293,Jake O'Brien,12,80,6.0
293,Jake O'Brien,13,90,0.0
293,Jake O'Brien,14,90,6.0
293,Jake O'Brien,15,90,8.0
293,Jake O'Brien,16,90,1.0
293,Jake O'Brien,17,90,2.0
293,Jake O'Brien,18,90,6.0
293,Jake O'Brien,19,90,8.0
293,Jake O'Brien,20,90,0.0
293,Jake O'Brien,21,90,2.0
293,Jake O'Brien,22,90,9.0
293,Jake O'Brien,23,90,4.0
293,Jake O'Brien,24,90,5.0
293,Jake O'Brien,25,90,3.0
293,Jake O'Brien,26,68,-2.0
293,Jake O'Brien,28,90,1.0
293,Jake O'Brien,29,90,6.0
294,Séamus Coleman,7,1,1.0
294,Séamus Coleman,12,9,1.0
295,Michael Keane,6,90,11.0
295,Michael Keane,7,64,4.0
295,Michael Keane,8,90,1.0
295,Michael Keane,9,90,1.0
295,Michael Keane,10,90,4.0
295,Michael Keane,11,90,15.0
295,Michael Keane,12,90,9.0
295,Michael Keane,13,90,2.0
295,Michael Keane,15,90,9.0
295,Michael Keane,16,90,1.0
295,Michael Keane,17,90,4.0
295,Michael Keane,18,90,10.0
295,Michael Keane,20,90,0.0
295,Michael Keane,21,82,5.0
295,Michael Keane,24,90,2.0
295,Michael Keane,25,90,4.0
295,Michael Keane,26,1,1.0
295,Michael Keane,27,90,2.0
295,Michael Keane,28,1,1.0
295,Michael Keane,29,7,1.0
296,Nathan Patterson,18,2,1.0
296,Nathan Patterson,19,71,8.0
296,Nathan Patterson,21,3,1.0
296,Nathan Patterson,22,90,8.0
296,Nathan Patterson,23,70,2.0
296,Nathan Patterson,24,1,1.0
299,Iliman Ndiaye,6,80,2.0
299,Iliman Ndiaye,7,90,7.0
299,Iliman Ndiaye,8,85,4.0
299,Iliman Ndiaye,9,90,2.0
299,Iliman Ndiaye,10,61,9.0
299,Iliman Ndiaye,11,90,3.0
299,Iliman Ndiaye,12,80,3.0
299,Iliman Ndiaye,13,79,2.0
299,Iliman Ndiaye,14,90,3.0
299,Iliman Ndiaye,15,90,8.0
299,Iliman Ndiaye,16,90,2.0
299,Iliman Ndiaye,23,90,2.0
299,Iliman Ndiaye,24,90,2.0
299,Iliman Ndiaye,25,90,2.0
299,Iliman Ndiaye,26,90,9.0
299,Iliman Ndiaye,27,90,2.0
299,Iliman Ndiaye,28,90,4.0
299,Iliman Ndiaye,29,90,6.0
300,Dwight McNeil,8,4,1.0
300,Dwight McNeil,10,28,1.0
300,Dwight McNeil,12,3,1.0
300,Dwight McNeil,13,10,1.0
300,Dwight McNeil,14,10,1.0
300,Dwight McNeil,15,17,1.0
300,Dwight McNeil,17,74,2.0
300,Dwight McNeil,18,90,5.0
300,Dwight McNeil,19,90,6.0
300,Dwight McNeil,20,45,1.0
300,Dwight McNeil,21,90,2.0
300,Dwight McNeil,22,90,5.0
300,Dwight McNeil,23,45,1.0
300,Dwight McNeil,28,80,6.0
300,Dwight McNeil,29,86,5.0
301,Carlos Alcaraz Durán,7,45,1.0
301,Carlos Alcaraz Durán,8,69,2.0
301,Carlos Alcaraz Durán,9,4,1.0
301,Carlos Alcaraz Durán,10,7,0.0
301,Carlos Alcaraz Durán,12,2,1.0
301,Carlos Alcaraz Durán,13,45,1.0
301,Carlos Alcaraz Durán,14,79,5.0
301,Carlos Alcaraz Durán,15,72,3.0
301,Carlos Alcaraz Durán,16,74,2.0
301,Carlos Alcaraz Durán,17,74,2.0
301,Carlos Alcaraz Durán,18,68,3.0
301,Carlos Alcaraz Durán,24,11,1.0
302,Idrissa Gana Gueye,6,90,2.0
302,Idrissa Gana Gueye,7,90,2.0
302,Idrissa Gana Gueye,8,69,2.0
302,Idrissa Gana Gueye,9,85,2.0
302,Idrissa Gana Gueye,10,90,4.0
302,Idrissa Gana Gueye,11,90,10.0
302,Idrissa Gana Gueye,12,12,-2.0
302,Idrissa Gana Gueye,16,90,4.0
302,Idrissa Gana Gueye,23,90,6.0
302,Idrissa Gana Gueye,24,79,2.0
302,Idrissa Gana Gueye,25,90,1.0
302,Idrissa Gana Gueye,26,90,2.0
302,Idrissa Gana Gueye,27,90,2.0
302,Idrissa Gana Gueye,28,90,2.0
302,Idrissa Gana Gueye,29,86,3.0
303,James Garner,6,90,7.0
303,James Garner,7,90,1.0
303,James Garner,8,90,3.0
303,James Garner,9,90,1.0
303,James Garner,10,90,2.0
303,James Garner,11,90,3.0
303,James Garner,12,90,6.0
303,James Garner,13,90,2.0
303,James Garner,14,90,3.0
303,James Garner,15,90,3.0
303,James Garner,16,83,4.0
303,James Garner,17,90,4.0
303,James Garner,18,90,5.0
303,James Garner,19,90,16.0
303,James Garner,20,90,4.0
303,James Garner,21,90,6.0
303,James Garner,22,90,4.0
303,James Garner,23,90,2.0
303,James Garner,24,90,4.0
303,James Garner,25,90,4.0
303,James Garner,26,90,2.0
303,James Garner,27,90,2.0
303,James Garner,28,90,6.0
303,James Garner,29,90,10.0
304,Tim Iroegbunam,7,25,4.0
304,Tim Iroegbunam,8,20,1.0
304,Tim Iroegbunam,10,7,1.0
304,Tim Iroegbunam,11,66,5.0
304,Tim Iroegbunam,12,9,1.0
304,Tim Iroegbunam,13,45,1.0
304,Tim Iroegbunam,14,90,4.0
304,Tim Iroegbunam,16,6,1.0
304,Tim Iroegbunam,17,90,4.0
304,Tim Iroegbunam,18,90,4.0
304,Tim Iroegbunam,19,90,5.0
304,Tim Iroegbunam,20,76,4.0
304,Tim Iroegbunam,21,90,7.0
304,Tim Iroegbunam,24,10,0.0
304,Tim Iroegbunam,25,1,1.0
304,Tim Iroegbunam,27,78,2.0
304,Tim Iroegbunam,29,3,1.0
305,Harrison Armstrong,20,13,1.0
305,Harrison Armstrong,21,86,4.0
305,Harrison Armstrong,22,90,3.0
305,Harrison Armstrong,23,45,1.0
305,Harrison Armstrong,24,79,2.0
305,Harrison Armstrong,25,68,2.0
305,Harrison Armstrong,26,28,1.0
305,Harrison Armstrong,27,72,2.0
305,Harrison Armstrong,28,9,1.0
310,Thierno Barry,6,21,1.0
310,Thierno Barry,7,45,1.0
310,Thierno Barry,8,15,1.0
310,Thierno Barry,9,24,1.0
310,Thierno Barry,10,56,0.0
310,Thierno Barry,11,78,2.0
310,Thierno Barry,12,80,2.0
310,Thierno Barry,13,86,2.0
310,Thierno Barry,14,79,2.0
310,Thierno Barry,15,61,5.0
310,Thierno Barry,16,67,2.0
310,Thierno Barry,17,65,2.0
310,Thierno Barry,18,20,1.0
310,Thierno Barry,19,84,6.0
310,Thierno Barry,20,90,6.0
310,Thierno Barry,21,86,2.0
310,Thierno Barry,22,83,8.0
310,Thierno Barry,23,88,9.0
310,Thierno Barry,24,88,2.0
310,Thierno Barry,25,68,2.0
310,Thierno Barry,26,61,2.0
310,Thierno Barry,27,90,2.0
310,Thierno Barry,28,16,6.0
310,Thierno Barry,29,7,1.0
311,Norberto Bercique Gomes Betuncal,6,68,2.0
311,Norberto Bercique Gomes Betuncal,7,45,1.0
311,Norberto Bercique Gomes Betuncal,8,74,2.0
311,Norberto Bercique Gomes Betuncal,9,65,2.0
311,Norberto Bercique Gomes Betuncal,10,33,1.0
311,Norberto Bercique Gomes Betuncal,11,11,1.0
311,Norberto Bercique Gomes Betuncal,12,9,1.0
311,Norberto Bercique Gomes Betuncal,13,3,1.0
311,Norberto Bercique Gomes Betuncal,14,10,1.0
311,Norberto Bercique Gomes Betuncal,15,28,1.0
311,Norberto Bercique Gomes Betuncal,16,22,1.0
311,Norberto Bercique Gomes Betuncal,17,24,1.0
311,Norberto Bercique Gomes Betuncal,18,69,2.0
311,Norberto Bercique Gomes Betuncal,19,5,1.0
311,Norberto Bercique Gomes Betuncal,20,45,5.0
311,Norberto Bercique Gomes Betuncal,21,3,1.0
311,Norberto Bercique Gomes Betuncal,22,6,1.0
311,Norberto Bercique Gomes Betuncal,23,1,1.0
311,Norberto Bercique Gomes Betuncal,24,1,7.0
311,Norberto Bercique Gomes Betuncal,25,21,1.0
311,Norberto Bercique Gomes Betuncal,26,28,0.0
311,Norberto Bercique Gomes Betuncal,27,11,1.0
311,Norberto Bercique Gomes Betuncal,28,73,9.0
311,Norberto Bercique Gomes Betuncal,29,82,2.0
314,Bernd Leno,6,90,1.0
314,Bernd Leno,7,90,2.0
314,Bernd Leno,8,90,3.0
314,Bernd Leno,9,90,2.0
314,Bernd Leno,10,90,7.0
314,Bernd Leno,11,90,2.0
314,Bernd Leno,12,90,5.0
314,Bernd Leno,13,90,1.0
314,Bernd Leno,14,90,0.0
314,Bernd Leno,15,90,2.0
314,Bernd Leno,16,90,3.0
314,Bernd Leno,17,90,7.0
314,Bernd Leno,18,90,6.0
314,Bernd Leno,19,90,2.0
314,Bernd Leno,20,90,1.0
314,Bernd Leno,21,90,3.0
314,Bernd Leno,22,90,3.0
314,Bernd Leno,23,90,3.0
314,Bernd Leno,24,90,2.0
314,Bernd Leno,25,90,-1.0
314,Bernd Leno,26,90,1.0
314,Bernd Leno,27,90,2.0
314,Bernd Leno,28,90,2.0
314,Bernd Leno,29,90,3.0
316,Antonee Robinson,6,10,1.0
316,Antonee Robinson,16,90,3.0
316,Antonee Robinson,17,90,10.0
316,Antonee Robinson,18,90,8.0
316,Antonee Robinson,19,90,2.0
316,Antonee Robinson,20,90,1.0
316,Antonee Robinson,21,72,2.0
316,Antonee Robinson,22,90,2.0
316,Antonee Robinson,23,58,1.0
316,Antonee Robinson,24,70,1.0
316,Antonee Robinson,29,90,1.0
317,Joachim Andersen,6,90,3.0
317,Joachim Andersen,7,90,3.0
317,Joachim Andersen,8,41,1.0
317,Joachim Andersen,10,90,6.0
317,Joachim Andersen,11,90,3.0
317,Joachim Andersen,12,90,10.0
317,Joachim Andersen,13,90,4.0
317,Joachim Andersen,14,90,0.0
317,Joachim Andersen,15,90,1.0
317,Joachim Andersen,16,90,2.0
317,Joachim Andersen,17,90,7.0
317,Joachim Andersen,18,90,5.0
317,Joachim Andersen,19,90,3.0
317,Joachim Andersen,20,90,3.0
317,Joachim Andersen,21,90,2.0
317,Joachim Andersen,22,90,2.0
317,Joachim Andersen,23,90,8.0
317,Joachim Andersen,24,90,0.0
317,Joachim Andersen,25,90,1.0
317,Joachim Andersen,26,90,2.0
317,Joachim Andersen,27,90,4.0
318,Calvin Bassey,6,90,0.0
318,Calvin Bassey,7,90,1.0
318,Calvin Bassey,8,8,1.0
318,Calvin Bassey,9,90,1.0
318,Calvin Bassey,10,90,6.0
318,Calvin Bassey,11,90,2.0
318,Calvin Bassey,12,90,9.0
318,Calvin Bassey,13,90,4.0
318,Calvin Bassey,14,90,2.0
318,Calvin Bassey,15,90,3.0
318,Calvin Bassey,16,90,9.0
318,Calvin Bassey,24,4,1.0
318,Calvin Bassey,26,90,1.0
318,Calvin Bassey,27,90,7.0
318,Calvin Bassey,28,90,1.0
318,Calvin Bassey,29,90,1.0
319,Timothy Castagne,6,90,3.0
319,Timothy Castagne,7,90,1.0
319,Timothy Castagne,8,90,2.0
319,Timothy Castagne,9,1,1.0
319,Timothy Castagne,12,1,1.0
319,Timothy Castagne,13,3,1.0
319,Timothy Castagne,14,45,3.0
319,Timothy Castagne,15,90,1.0
319,Timothy Castagne,16,1,1.0
319,Timothy Castagne,18,8,1.0
319,Timothy Castagne,19,39,0.0
319,Timothy Castagne,20,90,1.0
319,Timothy Castagne,21,90,1.0
319,Timothy Castagne,22,90,1.0
319,Timothy Castagne,23,90,4.0
319,Timothy Castagne,24,90,1.0
319,Timothy Castagne,25,82,2.0
319,Timothy Castagne,27,2,1.0
319,Timothy Castagne,29,8,1.0
320,Issa Diop,7,85,2.0
320,Issa Diop,8,48,1.0
320,Issa Diop,9,90,1.0
320,Issa Diop,17,5,1.0
320,Issa Diop,18,2,1.0
320,Issa Diop,20,90,1.0
320,Issa Diop,21,90,2.0
320,Issa Diop,22,2,1.0
320,Issa Diop,28,90,1.0
320,Issa Diop,29,90,2.0
321,Jorge Cuenca Barreno,8,81,4.0
321,Jorge Cuenca Barreno,17,90,5.0
321,Jorge Cuenca Barreno,18,90,9.0
321,Jorge Cuenca Barreno,19,90,3.0
321,Jorge Cuenca Barreno,20,90,3.0
321,Jorge Cuenca Barreno,21,45,0.0
321,Jorge Cuenca Barreno,22,90,3.0
321,Jorge Cuenca Barreno,23,90,4.0
321,Jorge Cuenca Barreno,24,85,1.0
321,Jorge Cuenca Barreno,25,90,2.0
321,Jorge Cuenca Barreno,27,2,1.0
321,Jorge Cuenca Barreno,28,1,1.0
322,Kenny Tete,9,90,2.0
322,Kenny Tete,10,90,6.0
322,Kenny Tete,11,90,3.0
322,Kenny Tete,12,90,6.0
322,Kenny Tete,13,90,12.0
322,Kenny Tete,14,45,0.0
322,Kenny Tete,15,90,3.0
322,Kenny Tete,16,90,2.0
322,Kenny Tete,17,90,9.0
322,Kenny Tete,18,81,6.0
322,Kenny Tete,19,50,1.0
322,Kenny Tete,25,7,1.0
322,Kenny Tete,26,90,1.0
322,Kenny Tete,27,87,4.0
322,Kenny Tete,28,90,2.0
322,Kenny Tete,29,81,2.0
324,Alex Iwobi,6,64,2.0
324,Alex Iwobi,7,85,2.0
324,Alex Iwobi,8,90,4.0
324,Alex Iwobi,9,90,1.0
324,Alex Iwobi,10,88,3.0
324,Alex Iwobi,11,90,2.0
324,Alex Iwobi,12,88,3.0
324,Alex Iwobi,13,86,2.0
324,Alex Iwobi,14,90,7.0
324,Alex Iwobi,15,88,2.0
324,Alex Iwobi,16,78,2.0
324,Alex Iwobi,23,87,2.0
324,Alex Iwobi,24,90,2.0
324,Alex Iwobi,25,90,4.0
324,Alex Iwobi,26,90,2.0
324,Alex Iwobi,27,87,13.0
324,Alex Iwobi,28,89,10.0
324,Alex Iwobi,29,90,2.0
325,Emile Smith Rowe,6,25,1.0
325,Emile Smith Rowe,7,4,1.0
325,Emile Smith Rowe,8,26,1.0
325,Emile Smith Rowe,9,45,1.0
325,Emile Smith Rowe,10,18,1.0
325,Emile Smith Rowe,11,3,1.0
325,Emile Smith Rowe,12,26,1.0
325,Emile Smith Rowe,13,22,1.0
325,Emile Smith Rowe,14,73,7.0
325,Emile Smith Rowe,15,67,2.0
325,Emile Smith Rowe,16,88,8.0
325,Emile Smith Rowe,17,84,3.0
325,Emile Smith Rowe,18,81,3.0
325,Emile Smith Rowe,19,90,1.0
325,Emile Smith Rowe,20,73,2.0
325,Emile Smith Rowe,21,82,5.0
325,Emile Smith Rowe,22,76,3.0
325,Emile Smith Rowe,23,68,2.0
325,Emile Smith Rowe,24,70,2.0
325,Emile Smith Rowe,25,82,2.0
325,Emile Smith Rowe,26,59,1.0
325,Emile Smith Rowe,27,87,2.0
325,Emile Smith Rowe,28,71,2.0
325,Emile Smith Rowe,29,29,1.0
326,Adama Traoré Diarra,6,79,2.0
326,Adama Traoré Diarra,7,4,1.0
326,Adama Traoré Diarra,8,8,1.0
326,Adama Traoré Diarra,9,75,2.0
326,Adama Traoré Diarra,10,1,1.0
326,Adama Traoré Diarra,11,15,1.0
326,Adama Traoré Diarra,15,1,1.0
326,Adama Traoré Diarra,16,1,1.0
326,Adama Traoré Diarra,17,6,1.0
326,Adama Traoré Diarra,19,5,1.0
326,Adama Traoré Diarra,20,5,1.0
326,Adama Traoré Diarra,21,1,1.0
326,Adama Traoré Diarra,24,9,0.0
326,Adama Traoré Diarra,25,1,1.0
326,Adama Traoré Diarra,26,1,1.0
326,Adama Traoré Diarra,28,14,1.0
326,Adama Traoré Diarra,29,2,1.0
328,Ryan Sessegnon,6,79,2.0
328,Ryan Sessegnon,7,90,9.0
328,Ryan Sessegnon,8,90,2.0
328,Ryan Sessegnon,9,90,4.0
328,Ryan Sessegnon,10,90,14.0
328,Ryan Sessegnon,11,90,4.0
328,Ryan Sessegnon,12,90,3.0
328,Ryan Sessegnon,13,90,4.0
328,Ryan Sessegnon,14,90,2.0
328,Ryan Sessegnon,21,17,1.0
328,Ryan Sessegnon,22,64,3.0
328,Ryan Sessegnon,23,31,1.0
328,Ryan Sessegnon,24,19,4.0
328,Ryan Sessegnon,25,90,2.0
328,Ryan Sessegnon,26,90,4.0
328,Ryan Sessegnon,27,90,2.0
328,Ryan Sessegnon,28,90,4.0
328,Ryan Sessegnon,29,8,1.0
329,Harry Wilson,6,79,1.0
329,Harry Wilson,7,66,3.0
329,Harry Wilson,8,81,2.0
329,Harry Wilson,10,76,10.0
329,Harry Wilson,11,58,1.0
329,Harry Wilson,12,90,2.0
329,Harry Wilson,13,67,10.0
329,Harry Wilson,14,81,8.0
329,Harry Wilson,15,88,8.0
329,Harry Wilson,16,88,16.0
329,Harry Wilson,17,83,2.0
329,Harry Wilson,18,90,5.0
329,Harry Wilson,19,84,2.0
329,Harry Wilson,20,84,6.0
329,Harry Wilson,21,90,9.0
329,Harry Wilson,22,87,2.0
329,Harry Wilson,23,90,10.0
329,Harry Wilson,24,90,2.0
329,Harry Wilson,25,90,2.0
329,Harry Wilson,26,71,2.0
329,Harry Wilson,27,90,8.0
329,Harry Wilson,28,71,12.0
330,Sander Berge,6,90,2.0
330,Sander Berge,7,90,2.0
330,Sander Berge,8,90,2.0
330,Sander Berge,9,90,2.0
330,Sander Berge,10,90,5.0
330,Sander Berge,11,90,2.0
330,Sander Berge,12,90,3.0
330,Sander Berge,13,90,2.0
330,Sander Berge,14,90,0.0
330,Sander Berge,15,75,2.0
330,Sander Berge,16,90,2.0
330,Sander Berge,17,65,2.0
330,Sander Berge,18,90,3.0
330,Sander Berge,19,67,2.0
330,Sander Berge,20,16,1.0
330,Sander Berge,21,90,10.0
330,Sander Berge,22,90,2.0
330,Sander Berge,23,90,1.0
330,Sander Berge,24,90,2.0
330,Sander Berge,25,90,2.0
330,Sander Berge,26,80,2.0
330,Sander Berge,27,90,4.0
330,Sander Berge,28,90,2.0
330,Sander Berge,29,81,4.0
331,Tom Cairney,7,76,2.0
331,Tom Cairney,8,63,2.0
331,Tom Cairney,9,5,1.0
331,Tom Cairney,10,18,1.0
331,Tom Cairney,15,2,1.0
331,Tom Cairney,17,24,1.0
331,Tom Cairney,18,8,1.0
331,Tom Cairney,19,22,6.0
331,Tom Cairney,20,73,2.0
331,Tom Cairney,21,72,2.0
331,Tom Cairney,22,24,1.0
331,Tom Cairney,23,21,1.0
331,Tom Cairney,24,11,1.0
331,Tom Cairney,27,2,1.0
331,Tom Cairney,28,18,0.0
331,Tom Cairney,29,60,3.0
332,Saša Lukić,6,90,4.0
332,Saša Lukić,7,13,1.0
332,Saša Lukić,9,84,9.0
332,Saša Lukić,11,45,0.0
332,Saša Lukić,13,22,1.0
332,Saša Lukić,14,45,1.0
332,Saša Lukić,15,14,1.0
332,Saša Lukić,16,11,1.0
332,Saša Lukić,17,90,5.0
332,Saša Lukić,18,87,3.0
332,Saša Lukić,19,90,6.0
332,Saša Lukić,20,90,2.0
332,Saša Lukić,21,17,1.0
332,Saša Lukić,22,65,2.0
335,Josh King,6,64,1.0
335,Josh King,7,66,3.0
335,Josh King,8,62,2.0
335,Josh King,9,14,1.0
335,Josh King,10,71,3.0
335,Josh King,11,45,1.0
335,Josh King,12,63,3.0
335,Josh King,13,67,5.0
335,Josh King,14,16,1.0
335,Josh King,15,14,1.0
335,Josh King,16,11,1.0
335,Josh King,17,12,1.0
335,Josh King,18,21,0.0
335,Josh King,22,13,1.0
335,Josh King,23,2,4.0
335,Josh King,26,30,1.0
335,Josh King,28,16,1.0
335,Josh King,29,60,3.0
336,Harrison Reed,12,1,1.0
336,Harrison Reed,19,5,1.0
336,Harrison Reed,20,1,8.0
336,Harrison Reed,21,7,1.0
336,Harrison Reed,26,9,1.0
337,Raúl Jiménez Rodríguez,6,10,6.0
337,Raúl Jiménez Rodríguez,8,90,2.0
337,Raúl Jiménez Rodríguez,9,90,5.0
337,Raúl Jiménez Rodríguez,10,71,5.0
337,Raúl Jiménez Rodríguez,11,57,1.0
337,Raúl Jiménez Rodríguez,12,90,6.0
337,Raúl Jiménez Rodríguez,13,90,1.0
337,Raúl Jiménez Rodríguez,14,73,2.0
337,Raúl Jiménez Rodríguez,15,90,5.0
337,Raúl Jiménez Rodríguez,16,78,2.0
337,Raúl Jiménez Rodríguez,17,84,5.0
337,Raúl Jiménez Rodríguez,18,90,9.0
337,Raúl Jiménez Rodríguez,19,90,2.0
337,Raúl Jiménez Rodríguez,20,84,5.0
337,Raúl Jiménez Rodríguez,21,90,5.0
337,Raúl Jiménez Rodríguez,22,87,2.0
337,Raúl Jiménez Rodríguez,23,90,2.0
337,Raúl Jiménez Rodríguez,24,90,6.0
337,Raúl Jiménez Rodríguez,25,74,5.0
337,Raúl Jiménez Rodríguez,26,59,1.0
337,Raúl Jiménez Rodríguez,27,64,11.0
337,Raúl Jiménez Rodríguez,28,72,2.0
337,Raúl Jiménez Rodríguez,29,59,1.0
338,Rodrigo Muniz Carvalho,10,18,1.0
338,Rodrigo Muniz Carvalho,11,16,1.0
338,Rodrigo Muniz Carvalho,25,15,1.0
338,Rodrigo Muniz Carvalho,26,30,1.0
338,Rodrigo Muniz Carvalho,27,25,1.0
338,Rodrigo Muniz Carvalho,28,17,1.0
338,Rodrigo Muniz Carvalho,29,30,1.0
341,Karl Darlow,6,90,2.0
341,Karl Darlow,7,90,1.0
341,Karl Darlow,8,90,1.0
341,Karl Darlow,22,90,6.0
341,Karl Darlow,23,90,2.0
341,Karl Darlow,24,90,1.0
341,Karl Darlow,25,90,3.0
341,Karl Darlow,26,90,1.0
341,Karl Darlow,27,90,2.0
341,Karl Darlow,28,90,3.0
341,Karl Darlow,29,90,2.0
342,Jayden Bogle,6,90,3.0
342,Jayden Bogle,7,88,3.0
342,Jayden Bogle,8,90,1.0
342,Jayden Bogle,9,90,2.0
342,Jayden Bogle,10,76,1.0
342,Jayden Bogle,11,90,1.0
342,Jayden Bogle,12,90,0.0
342,Jayden Bogle,13,90,1.0
342,Jayden Bogle,14,86,5.0
342,Jayden Bogle,15,90,0.0
342,Jayden Bogle,16,90,2.0
342,Jayden Bogle,17,79,6.0
342,Jayden Bogle,18,90,2.0
342,Jayden Bogle,19,7,1.0
342,Jayden Bogle,22,80,6.0
342,Jayden Bogle,23,90,2.0
342,Jayden Bogle,24,90,0.0
342,Jayden Bogle,25,90,8.0
342,Jayden Bogle,26,90,4.0
342,Jayden Bogle,27,90,1.0
342,Jayden Bogle,28,75,2.0
342,Jayden Bogle,29,83,2.0
343,Pascal Struijk,6,90,3.0
343,Pascal Struijk,7,90,1.0
343,Pascal Struijk,8,90,0.0
343,Pascal Struijk,11,8,1.0
343,Pascal Struijk,12,90,0.0
343,Pascal Struijk,13,90,3.0
343,Pascal Struijk,14,90,2.0
343,Pascal Struijk,15,90,0.0
343,Pascal Struijk,16,90,4.0
343,Pascal Struijk,17,90,4.0
343,Pascal Struijk,18,90,2.0
343,Pascal Struijk,19,90,8.0
343,Pascal Struijk,20,90,8.0
343,Pascal Struijk,21,90,2.0
343,Pascal Struijk,22,90,6.0
343,Pascal Struijk,23,90,4.0
343,Pascal Struijk,24,90,2.0
343,Pascal Struijk,25,90,4.0
343,Pascal Struijk,27,90,2.0
343,Pascal Struijk,28,90,2.0
343,Pascal Struijk,29,90,2.0
344,Jaka Bijol,9,90,4.0
344,Jaka Bijol,10,90,1.0
344,Jaka Bijol,11,81,1.0
344,Jaka Bijol,13,45,1.0
344,Jaka Bijol,14,90,12.0
344,Jaka Bijol,15,64,1.0
344,Jaka Bijol,16,72,2.0
344,Jaka Bijol,17,90,5.0
344,Jaka Bijol,18,90,2.0
344,Jaka Bijol,19,90,7.0
344,Jaka Bijol,20,90,4.0
344,Jaka Bijol,21,90,3.0
344,Jaka Bijol,26,90,3.0
344,Jaka Bijol,27,45,0.0
344,Jaka Bijol,28,3,1.0
344,Jaka Bijol,29,6,1.0
345,Sebastiaan Bornauw,14,1,1.0
345,Sebastiaan Bornauw,15,1,1.0
345,Sebastiaan Bornauw,19,82,6.0
345,Sebastiaan Bornauw,20,79,2.0
345,Sebastiaan Bornauw,21,1,1.0
345,Sebastiaan Bornauw,22,1,1.0
345,Sebastiaan Bornauw,23,84,4.0
345,Sebastiaan Bornauw,25,1,1.0
345,Sebastiaan Bornauw,26,54,0.0
347,Gabriel Gudmundsson,6,90,1.0
347,Gabriel Gudmundsson,7,78,1.0
347,Gabriel Gudmundsson,8,90,1.0
347,Gabriel Gudmundsson,9,43,1.0
347,Gabriel Gudmundsson,10,90,1.0
347,Gabriel Gudmundsson,11,81,1.0
347,Gabriel Gudmundsson,12,90,1.0
347,Gabriel Gudmundsson,13,21,1.0
347,Gabriel Gudmundsson,14,90,4.0
347,Gabriel Gudmundsson,15,90,0.0
347,Gabriel Gudmundsson,16,88,2.0
347,Gabriel Gudmundsson,17,90,2.0
347,Gabriel Gudmundsson,18,90,2.0
347,Gabriel Gudmundsson,19,90,8.0
347,Gabriel Gudmundsson,20,90,2.0
347,Gabriel Gudmundsson,21,90,0.0
347,Gabriel Gudmundsson,22,90,6.0
347,Gabriel Gudmundsson,24,90,-1.0
347,Gabriel Gudmundsson,25,90,2.0
347,Gabriel Gudmundsson,26,90,0.0
347,Gabriel Gudmundsson,27,45,1.0
347,Gabriel Gudmundsson,28,90,2.0
347,Gabriel Gudmundsson,29,83,2.0
348,Joe Rodon,6,90,7.0
348,Joe Rodon,7,90,1.0
348,Joe Rodon,8,90,1.0
348,Joe Rodon,9,90,13.0
348,Joe Rodon,10,90,1.0
348,Joe Rodon,11,90,1.0
348,Joe Rodon,12,90,3.0
348,Joe Rodon,13,90,0.0
348,Joe Rodon,14,90,2.0
348,Joe Rodon,15,90,1.0
348,Joe Rodon,16,90,2.0
348,Joe Rodon,17,90,2.0
348,Joe Rodon,18,30,1.0
348,Joe Rodon,21,90,1.0
348,Joe Rodon,22,90,6.0
348,Joe Rodon,23,90,4.0
348,Joe Rodon,24,90,2.0
348,Joe Rodon,25,90,4.0
348,Joe Rodon,26,90,3.0
348,Joe Rodon,27,90,4.0
348,Joe Rodon,28,86,2.0
348,Joe Rodon,29,90,2.0
350,Brenden Aaronson,6,86,4.0
350,Brenden Aaronson,7,66,5.0
350,Brenden Aaronson,8,65,2.0
350,Brenden Aaronson,9,86,11.0
350,Brenden Aaronson,10,90,2.0
350,Brenden Aaronson,11,73,7.0
350,Brenden Aaronson,12,79,2.0
350,Brenden Aaronson,13,1,1.0
350,Brenden Aaronson,15,25,4.0
350,Brenden Aaronson,16,17,1.0
350,Brenden Aaronson,17,76,6.0
350,Brenden Aaronson,18,90,5.0
350,Brenden Aaronson,19,69,3.0
350,Brenden Aaronson,20,86,7.0
350,Brenden Aaronson,21,90,14.0
350,Brenden Aaronson,22,90,3.0
350,Brenden Aaronson,23,84,4.0
350,Brenden Aaronson,24,70,2.0
350,Brenden Aaronson,25,77,3.0
350,Brenden Aaronson,26,90,2.0
350,Brenden Aaronson,27,72,3.0
350,Brenden Aaronson,28,64,2.0
350,Brenden Aaronson,29,73,2.0
351,Wilfried Gnonto,12,10,0.0
351,Wilfried Gnonto,13,45,1.0
351,Wilfried Gnonto,15,25,4.0
351,Wilfried Gnonto,16,17,4.0
351,Wilfried Gnonto,17,13,1.0
351,Wilfried Gnonto,18,5,1.0
351,Wilfried Gnonto,20,10,1.0
351,Wilfried Gnonto,21,1,1.0
351,Wilfried Gnonto,22,20,1.0
351,Wilfried Gnonto,24,9,1.0
351,Wilfried Gnonto,28,15,1.0
351,Wilfried Gnonto,29,16,0.0
352,Jack Harrison,6,23,1.0
352,Jack Harrison,7,23,1.0
352,Jack Harrison,8,65,2.0
352,Jack Harrison,9,45,1.0
352,Jack Harrison,10,13,1.0
352,Jack Harrison,11,8,1.0
352,Jack Harrison,16,1,1.0
353,Daniel James,8,24,1.0
353,Daniel James,9,3,1.0
353,Daniel James,10,29,1.0
353,Daniel James,11,16,1.0
353,Daniel James,12,19,1.0
353,Daniel James,13,45,1.0
353,Daniel James,25,12,1.0
353,Daniel James,26,8,1.0
353,Daniel James,28,14,1.0
353,Daniel James,29,16,1.0
354,Ethan Ampadu,6,90,1.0
354,Ethan Ampadu,7,90,3.0
354,Ethan Ampadu,8,80,2.0
354,Ethan Ampadu,9,90,4.0
354,Ethan Ampadu,10,90,1.0
354,Ethan Ampadu,11,90,2.0
354,Ethan Ampadu,12,90,4.0
354,Ethan Ampadu,13,90,2.0
354,Ethan Ampadu,14,90,4.0
354,Ethan Ampadu,15,86,2.0
354,Ethan Ampadu,16,90,2.0
354,Ethan Ampadu,17,86,12.0
354,Ethan Ampadu,18,90,4.0
354,Ethan Ampadu,19,90,4.0
354,Ethan Ampadu,21,90,3.0
354,Ethan Ampadu,22,90,7.0
354,Ethan Ampadu,23,90,4.0
354,Ethan Ampadu,24,90,2.0
354,Ethan Ampadu,25,90,2.0
354,Ethan Ampadu,26,90,2.0
354,Ethan Ampadu,27,90,8.0
354,Ethan Ampadu,28,90,4.0
354,Ethan Ampadu,29,90,2.0
356,Ilia Gruev,9,18,0.0
356,Ilia Gruev,13,90,2.0
356,Ilia Gruev,14,23,1.0
356,Ilia Gruev,15,64,2.0
356,Ilia Gruev,17,3,4.0
356,Ilia Gruev,19,90,3.0
356,Ilia Gruev,20,79,2.0
356,Ilia Gruev,21,90,7.0
356,Ilia Gruev,22,80,3.0
356,Ilia Gruev,23,65,2.0
356,Ilia Gruev,24,45,1.0
356,Ilia Gruev,25,90,11.0
356,Ilia Gruev,26,90,2.0
356,Ilia Gruev,27,90,1.0
356,Ilia Gruev,28,74,2.0
356,Ilia Gruev,29,61,3.0
358,Tanaka Ao,6,3,1.0
358,Tanaka Ao,7,23,1.0
358,Tanaka Ao,8,9,1.0
358,Tanaka Ao,9,71,3.0
358,Tanaka Ao,10,60,2.0
358,Tanaka Ao,12,47,2.0
358,Tanaka Ao,13,90,4.0
358,Tanaka Ao,14,66,9.0
358,Tanaka Ao,15,25,6.0
358,Tanaka Ao,16,72,2.0
358,Tanaka Ao,17,13,1.0
358,Tanaka Ao,18,59,1.0
358,Tanaka Ao,19,1,1.0
358,Tanaka Ao,20,10,1.0
358,Tanaka Ao,21,1,1.0
358,Tanaka Ao,22,9,1.0
358,Tanaka Ao,23,24,1.0
362,Joël Piroe,7,11,1.0
362,Joël Piroe,8,17,1.0
362,Joël Piroe,11,16,1.0
362,Joël Piroe,12,10,1.0
362,Joël Piroe,14,4,1.0
362,Joël Piroe,15,3,1.0
362,Joël Piroe,17,3,1.0
362,Joël Piroe,20,3,1.0
362,Joël Piroe,24,5,1.0
362,Joël Piroe,28,3,1.0
362,Joël Piroe,29,6,1.0
365,Lukas Nmecha,6,1,1.0
365,Lukas Nmecha,7,11,1.0
365,Lukas Nmecha,8,24,1.0
365,Lukas Nmecha,9,3,1.0
365,Lukas Nmecha,10,25,1.0
365,Lukas Nmecha,11,73,8.0
365,Lukas Nmecha,12,70,8.0
365,Lukas Nmecha,13,81,4.0
365,Lukas Nmecha,14,66,2.0
365,Lukas Nmecha,18,17,1.0
365,Lukas Nmecha,19,69,2.0
365,Lukas Nmecha,20,15,1.0
365,Lukas Nmecha,21,3,1.0
365,Lukas Nmecha,22,9,7.0
365,Lukas Nmecha,26,81,11.0
365,Lukas Nmecha,27,17,1.0
365,Lukas Nmecha,28,25,1.0
365,Lukas Nmecha,29,28,1.0
366,Alisson Becker,6,90,2.0
366,Alisson Becker,12,90,2.0
366,Alisson Becker,13,90,6.0
366,Alisson Becker,14,90,3.0
366,Alisson Becker,15,90,1.0
366,Alisson Becker,16,90,7.0
366,Alisson Becker,17,90,3.0
366,Alisson Becker,18,90,3.0
366,Alisson Becker,19,90,6.0
366,Alisson Becker,20,90,1.0
366,Alisson Becker,21,90,10.0
366,Alisson Becker,22,90,2.0
366,Alisson Becker,23,90,1.0
366,Alisson Becker,24,90,2.0
366,Alisson Becker,25,90,1.0
366,Alisson Becker,26,90,7.0
366,Alisson Becker,27,90,7.0
366,Alisson Becker,28,90,2.0
366,Alisson Becker,29,90,1.0
367,Giorgi Mamardashvili,7,90,2.0
367,Giorgi Mamardashvili,8,90,1.0
367,Giorgi Mamardashvili,9,90,2.0
367,Giorgi Mamardashvili,10,90,7.0
367,Giorgi Mamardashvili,11,90,7.0
370,Jeremie Frimpong,6,16,1.0
370,Jeremie Frimpong,8,5,1.0
370,Jeremie Frimpong,17,30,4.0
370,Jeremie Frimpong,18,90,5.0
370,Jeremie Frimpong,19,83,6.0
370,Jeremie Frimpong,20,14,4.0
370,Jeremie Frimpong,21,90,6.0
370,Jeremie Frimpong,22,90,2.0
370,Jeremie Frimpong,23,58,0.0
370,Jeremie Frimpong,28,13,4.0
370,Jeremie Frimpong,29,71,7.0
371,Milos Kerkez,6,90,1.0
371,Milos Kerkez,7,54,1.0
371,Milos Kerkez,8,90,1.0
371,Milos Kerkez,9,60,6.0
371,Milos Kerkez,11,34,1.0
371,Milos Kerkez,12,67,1.0
371,Milos Kerkez,13,84,6.0
371,Milos Kerkez,14,4,1.0
371,Milos Kerkez,15,90,1.0
371,Milos Kerkez,16,90,7.0
371,Milos Kerkez,17,90,2.0
371,Milos Kerkez,18,90,2.0
371,Milos Kerkez,19,24,1.0
371,Milos Kerkez,20,90,1.0
371,Milos Kerkez,21,90,9.0
371,Milos Kerkez,22,77,1.0
371,Milos Kerkez,23,45,0.0
371,Milos Kerkez,24,90,5.0
371,Milos Kerkez,25,90,1.0
371,Milos Kerkez,27,82,6.0
371,Milos Kerkez,28,90,1.0
371,Milos Kerkez,29,64,6.0
372,Andrew Robertson,7,35,1.0
372,Andrew Robertson,9,29,1.0
372,Andrew Robertson,10,90,8.0
372,Andrew Robertson,11,55,0.0
372,Andrew Robertson,12,22,1.0
372,Andrew Robertson,13,5,1.0
372,Andrew Robertson,14,85,2.0
372,Andrew Robertson,16,12,1.0
372,Andrew Robertson,17,1,1.0
372,Andrew Robertson,19,65,6.0
372,Andrew Robertson,22,12,1.0
372,Andrew Robertson,23,45,1.0
372,Andrew Robertson,26,90,8.0
372,Andrew Robertson,27,7,1.0
372,Andrew Robertson,29,25,0.0
373,Virgil van Dijk,6,90,2.0
373,Virgil van Dijk,7,90,1.0
373,Virgil van Dijk,8,90,3.0
373,Virgil van Dijk,9,90,3.0
373,Virgil van Dijk,10,90,5.0
373,Virgil van Dijk,11,90,1.0
373,Virgil van Dijk,12,90,3.0
373,Virgil van Dijk,13,90,6.0
373,Virgil van Dijk,14,90,4.0
373,Virgil van Dijk,15,90,2.0
373,Virgil van Dijk,16,90,6.0
373,Virgil van Dijk,17,90,2.0
373,Virgil van Dijk,18,90,2.0
373,Virgil van Dijk,19,90,6.0
373,Virgil van Dijk,20,90,1.0
373,Virgil van Dijk,21,90,6.0
373,Virgil van Dijk,22,90,2.0
373,Virgil van Dijk,23,90,9.0
373,Virgil van Dijk,24,90,4.0
373,Virgil van Dijk,25,90,0.0
373,Virgil van Dijk,26,90,17.0
373,Virgil van Dijk,27,90,11.0
373,Virgil van Dijk,28,90,7.0
373,Virgil van Dijk,29,90,1.0
374,Ibrahima Konaté,6,73,3.0
374,Ibrahima Konaté,7,55,1.0
374,Ibrahima Konaté,8,90,3.0
374,Ibrahima Konaté,9,90,3.0
374,Ibrahima Konaté,10,90,8.0
374,Ibrahima Konaté,11,90,1.0
374,Ibrahima Konaté,12,54,0.0
374,Ibrahima Konaté,13,90,8.0
374,Ibrahima Konaté,14,90,4.0
374,Ibrahima Konaté,15,90,1.0
374,Ibrahima Konaté,16,90,9.0
374,Ibrahima Konaté,17,90,1.0
374,Ibrahima Konaté,18,90,2.0
374,Ibrahima Konaté,19,90,7.0
374,Ibrahima Konaté,20,90,1.0
374,Ibrahima Konaté,21,90,7.0
374,Ibrahima Konaté,22,90,2.0
374,Ibrahima Konaté,24,90,11.0
374,Ibrahima Konaté,25,90,1.0
374,Ibrahima Konaté,26,90,6.0
374,Ibrahima Konaté,27,90,9.0
374,Ibrahima Konaté,28,90,1.0
374,Ibrahima Konaté,29,78,2.0
375,Conor Bradley,6,45,1.0
375,Conor Bradley,7,45,0.0
375,Conor Bradley,8,61,2.0
375,Conor Bradley,9,61,4.0
375,Conor Bradley,10,90,6.0
375,Conor Bradley,11,82,0.0
375,Conor Bradley,15,67,5.0
375,Conor Bradley,17,45,1.0
375,Conor Bradley,18,29,1.0
375,Conor Bradley,19,78,6.0
375,Conor Bradley,20,90,8.0
375,Conor Bradley,21,90,6.0
376,Joe Gomez,9,7,1.0
376,Joe Gomez,11,7,1.0
376,Joe Gomez,13,90,11.0
376,Joe Gomez,14,64,5.0
376,Joe Gomez,15,22,-1.0
376,Joe Gomez,16,25,4.0
376,Joe Gomez,20,1,1.0
376,Joe Gomez,21,1,1.0
376,Joe Gomez,23,33,0.0
376,Joe Gomez,26,21,1.0
376,Joe Gomez,27,7,1.0
376,Joe Gomez,28,76,1.0
376,Joe Gomez,29,18,0.0
381,Mohamed Salah,6,90,2.0
381,Mohamed Salah,7,90,2.0
381,Mohamed Salah,8,84,2.0
381,Mohamed Salah,9,90,6.0
381,Mohamed Salah,10,90,10.0
381,Mohamed Salah,11,90,2.0
381,Mohamed Salah,12,90,2.0
381,Mohamed Salah,14,45,1.0
381,Mohamed Salah,16,64,7.0
381,Mohamed Salah,23,90,5.0
381,Mohamed Salah,24,83,5.0
381,Mohamed Salah,25,90,2.0
381,Mohamed Salah,26,90,6.0
381,Mohamed Salah,27,76,3.0
381,Mohamed Salah,28,90,2.0
381,Mohamed Salah,29,90,9.0
382,Florian Wirtz,6,73,2.0
382,Florian Wirtz,7,45,1.0
382,Florian Wirtz,8,28,1.0
382,Florian Wirtz,9,82,2.0
382,Florian Wirtz,10,13,1.0
382,Florian Wirtz,11,82,2.0
382,Florian Wirtz,13,74,3.0
382,Florian Wirtz,14,90,7.0
382,Florian Wirtz,15,67,3.0
382,Florian Wirtz,16,77,5.0
382,Florian Wirtz,17,90,8.0
382,Florian Wirtz,18,90,10.0
382,Florian Wirtz,19,65,3.0
382,Florian Wirtz,20,75,10.0
382,Florian Wirtz,21,90,3.0
382,Florian Wirtz,22,90,10.0
382,Florian Wirtz,23,90,2.0
382,Florian Wirtz,24,86,12.0
382,Florian Wirtz,25,90,2.0
382,Florian Wirtz,26,90,3.0
384,Cody Gakpo,6,45,1.0
384,Cody Gakpo,7,90,7.0
384,Cody Gakpo,8,90,7.0
384,Cody Gakpo,9,60,2.0
384,Cody Gakpo,10,90,3.0
384,Cody Gakpo,11,34,1.0
384,Cody Gakpo,12,90,2.0
384,Cody Gakpo,13,90,14.0
384,Cody Gakpo,14,45,1.0
384,Cody Gakpo,15,82,2.0
384,Cody Gakpo,18,4,1.0
384,Cody Gakpo,19,24,1.0
384,Cody Gakpo,20,90,6.0
384,Cody Gakpo,21,90,3.0
384,Cody Gakpo,22,77,2.0
384,Cody Gakpo,23,73,2.0
384,Cody Gakpo,24,90,4.0
384,Cody Gakpo,25,84,2.0
384,Cody Gakpo,26,74,3.0
384,Cody Gakpo,27,76,3.0
384,Cody Gakpo,28,90,6.0
384,Cody Gakpo,29,64,3.0
385,Federico Chiesa,6,16,5.0
385,Federico Chiesa,8,18,4.0
385,Federico Chiesa,9,29,1.0
385,Federico Chiesa,11,7,1.0
385,Federico Chiesa,12,22,0.0
385,Federico Chiesa,14,4,1.0
385,Federico Chiesa,16,7,1.0
385,Federico Chiesa,17,1,1.0
385,Federico Chiesa,18,60,2.0
385,Federico Chiesa,19,11,1.0
385,Federico Chiesa,20,5,1.0
385,Federico Chiesa,22,3,1.0
385,Federico Chiesa,24,6,1.0
385,Federico Chiesa,25,1,1.0
385,Federico Chiesa,26,2,1.0
385,Federico Chiesa,27,13,1.0
385,Federico Chiesa,29,11,1.0
386,Alexis Mac Allister,6,64,2.0
386,Alexis Mac Allister,7,85,2.0
386,Alexis Mac Allister,8,61,2.0
386,Alexis Mac Allister,9,28,1.0
386,Alexis Mac Allister,10,90,6.0
386,Alexis Mac Allister,11,73,1.0
386,Alexis Mac Allister,12,90,2.0
386,Alexis Mac Allister,13,90,3.0
386,Alexis Mac Allister,14,73,2.0
386,Alexis Mac Allister,15,22,1.0
386,Alexis Mac Allister,16,90,3.0
386,Alexis Mac Allister,17,90,1.0
386,Alexis Mac Allister,18,90,2.0
386,Alexis Mac Allister,19,24,1.0
386,Alexis Mac Allister,20,90,2.0
386,Alexis Mac Allister,21,90,2.0
386,Alexis Mac Allister,22,12,1.0
386,Alexis Mac Allister,23,58,1.0
386,Alexis Mac Allister,24,90,1.0
386,Alexis Mac Allister,25,90,2.0
386,Alexis Mac Allister,26,90,3.0
386,Alexis Mac Allister,27,90,13.0
386,Alexis Mac Allister,28,90,9.0
386,Alexis Mac Allister,29,90,2.0
387,Dominik Szoboszlai,6,90,5.0
387,Dominik Szoboszlai,7,90,1.0
387,Dominik Szoboszlai,8,90,4.0
387,Dominik Szoboszlai,9,90,10.0
387,Dominik Szoboszlai,10,90,2.0
387,Dominik Szoboszlai,11,90,1.0
387,Dominik Szoboszlai,12,90,2.0
387,Dominik Szoboszlai,13,90,3.0
387,Dominik Szoboszlai,14,90,2.0
387,Dominik Szoboszlai,15,90,8.0
387,Dominik Szoboszlai,16,82,3.0
387,Dominik Szoboszlai,17,90,1.0
387,Dominik Szoboszlai,19,90,3.0
387,Dominik Szoboszlai,20,90,2.0
387,Dominik Szoboszlai,21,90,3.0
387,Dominik Szoboszlai,22,90,0.0
387,Dominik Szoboszlai,23,90,13.0
387,Dominik Szoboszlai,24,90,5.0
387,Dominik Szoboszlai,25,90,8.0
387,Dominik Szoboszlai,27,90,3.0
387,Dominik Szoboszlai,28,90,4.0
387,Dominik Szoboszlai,29,90,5.0
388,Curtis Jones,6,25,1.0
388,Curtis Jones,7,34,1.0
388,Curtis Jones,8,28,1.0
388,Curtis Jones,9,69,2.0
388,Curtis Jones,11,16,0.0
388,Curtis Jones,12,77,2.0
388,Curtis Jones,13,15,1.0
388,Curtis Jones,14,25,1.0
388,Curtis Jones,15,90,2.0
388,Curtis Jones,16,90,3.0
388,Curtis Jones,17,90,2.0
388,Curtis Jones,18,90,5.0
388,Curtis Jones,19,65,3.0
388,Curtis Jones,20,84,2.0
388,Curtis Jones,22,86,5.0
388,Curtis Jones,23,31,1.0
388,Curtis Jones,24,6,1.0
388,Curtis Jones,25,5,1.0
388,Curtis Jones,26,15,1.0
388,Curtis Jones,27,82,3.0
388,Curtis Jones,29,45,1.0
389,Harvey Elliott,6,45,1.0
389,Harvey Elliott,24,13,1.0
390,Ryan Gravenberch,6,90,8.0
390,Ryan Gravenberch,7,90,2.0
390,Ryan Gravenberch,8,61,2.0
390,Ryan Gravenberch,10,90,11.0
390,Ryan Gravenberch,11,90,2.0
390,Ryan Gravenberch,12,90,1.0
390,Ryan Gravenberch,13,90,3.0
390,Ryan Gravenberch,14,90,5.0
390,Ryan Gravenberch,15,90,5.0
390,Ryan Gravenberch,16,90,5.0
390,Ryan Gravenberch,17,90,2.0
390,Ryan Gravenberch,18,90,11.0
390,Ryan Gravenberch,19,90,5.0
390,Ryan Gravenberch,20,90,2.0
390,Ryan Gravenberch,21,90,3.0
390,Ryan Gravenberch,22,77,2.0
390,Ryan Gravenberch,23,90,1.0
390,Ryan Gravenberch,24,90,4.0
390,Ryan Gravenberch,25,90,5.0
390,Ryan Gravenberch,26,90,5.0
390,Ryan Gravenberch,27,90,3.0
390,Ryan Gravenberch,28,85,5.0
390,Ryan Gravenberch,29,45,0.0
391,Ben Gannon-Doak,6,17,1.0
391,Ben Gannon-Doak,7,12,4.0
391,Ben Gannon-Doak,8,14,1.0
391,Ben Gannon-Doak,10,10,1.0
392,Endo Wataru,7,4,1.0
392,Endo Wataru,15,7,1.0
392,Endo Wataru,23,56,1.0
392,Endo Wataru,24,3,1.0
392,Endo Wataru,26,68,3.0
396,Trey Nyoni,17,1,1.0
396,Trey Nyoni,18,1,1.0
396,Trey Nyoni,28,4,1.0
400,Stefan Ortega Moreno,25,90,1.0
400,Stefan Ortega Moreno,26,90,7.0
400,Stefan Ortega Moreno,27,90,3.0
402,Rayan Aït-Nouri,10,1,1.0
402,Rayan Aït-Nouri,16,1,1.0
402,Rayan Aït-Nouri,22,10,1.0
402,Rayan Aït-Nouri,24,69,2.0
402,Rayan Aït-Nouri,25,90,2.0
402,Rayan Aït-Nouri,26,90,9.0
402,Rayan Aït-Nouri,27,90,2.0
402,Rayan Aït-Nouri,28,90,11.0
402,Rayan Aït-Nouri,29,76,4.0
403,Joško Gvardiol,6,69,2.0
403,Joško Gvardiol,7,90,12.0
403,Joško Gvardiol,9,90,2.0
403,Joško Gvardiol,10,90,2.0
403,Joško Gvardiol,11,90,6.0
403,Joško Gvardiol,12,90,1.0
403,Joško Gvardiol,13,90,6.0
403,Joško Gvardiol,14,90,0.0
403,Joško Gvardiol,15,69,12.0
403,Joško Gvardiol,16,90,8.0
403,Joško Gvardiol,17,90,6.0
403,Joško Gvardiol,18,90,8.0
403,Joško Gvardiol,19,33,1.0
403,Joško Gvardiol,20,50,1.0
405,Nathan Aké,6,20,1.0
405,Nathan Aké,8,90,6.0
405,Nathan Aké,14,1,1.0
405,Nathan Aké,15,20,1.0
405,Nathan Aké,18,1,1.0
405,Nathan Aké,19,90,8.0
405,Nathan Aké,20,9,1.0
405,Nathan Aké,21,72,2.0
405,Nathan Aké,22,90,1.0
405,Nathan Aké,25,1,1.0
405,Nathan Aké,28,2,1.0
406,Abdukodir Khusanov,17,23,1.0
406,Abdukodir Khusanov,20,39,1.0
406,Abdukodir Khusanov,21,90,2.0
406,Abdukodir Khusanov,22,90,3.0
406,Abdukodir Khusanov,23,90,6.0
406,Abdukodir Khusanov,24,90,0.0
406,Abdukodir Khusanov,25,60,6.0
406,Abdukodir Khusanov,26,30,1.0
406,Abdukodir Khusanov,27,45,1.0
406,Abdukodir Khusanov,29,13,1.0
407,Matheus Nunes,6,90,12.0
407,Matheus Nunes,7,90,5.0
407,Matheus Nunes,8,90,7.0
407,Matheus Nunes,9,90,2.0
407,Matheus Nunes,10,90,2.0
407,Matheus Nunes,11,90,13.0
407,Matheus Nunes,12,90,1.0
407,Matheus Nunes,13,90,3.0
407,Matheus Nunes,14,90,2.0
407,Matheus Nunes,15,90,6.0
407,Matheus Nunes,16,90,11.0
407,Matheus Nunes,17,90,8.0
407,Matheus Nunes,18,90,4.0
407,Matheus Nunes,19,90,11.0
407,Matheus Nunes,20,90,1.0
407,Matheus Nunes,21,72,2.0
407,Matheus Nunes,23,90,11.0
407,Matheus Nunes,24,90,1.0
407,Matheus Nunes,25,90,5.0
407,Matheus Nunes,26,59,4.0
407,Matheus Nunes,27,90,2.0
407,Matheus Nunes,28,90,8.0
407,Matheus Nunes,29,90,1.0
408,Rúben dos Santos Gato Alves Dias,6,90,2.0
408,Rúben dos Santos Gato Alves Dias,7,90,9.0
408,Rúben dos Santos Gato Alves Dias,8,90,6.0
408,Rúben dos Santos Gato Alves Dias,9,90,4.0
408,Rúben dos Santos Gato Alves Dias,10,90,2.0
408,Rúben dos Santos Gato Alves Dias,11,90,6.0
408,Rúben dos Santos Gato Alves Dias,12,90,7.0
408,Rúben dos Santos Gato Alves Dias,13,90,1.0
408,Rúben dos Santos Gato Alves Dias,14,90,0.0
408,Rúben dos Santos Gato Alves Dias,15,90,14.0
408,Rúben dos Santos Gato Alves Dias,16,90,8.0
408,Rúben dos Santos Gato Alves Dias,17,90,6.0
408,Rúben dos Santos Gato Alves Dias,18,90,3.0
408,Rúben dos Santos Gato Alves Dias,19,90,6.0
408,Rúben dos Santos Gato Alves Dias,20,80,5.0
408,Rúben dos Santos Gato Alves Dias,25,29,1.0
408,Rúben dos Santos Gato Alves Dias,26,90,6.0
408,Rúben dos Santos Gato Alves Dias,27,45,0.0
408,Rúben dos Santos Gato Alves Dias,28,90,9.0
408,Rúben dos Santos Gato Alves Dias,29,90,1.0
409,John Stones,9,60,2.0
409,John Stones,13,1,1.0
409,John Stones,14,26,0.0
410,Rico Lewis,6,7,1.0
410,Rico Lewis,8,5,1.0
410,Rico Lewis,15,8,1.0
410,Rico Lewis,16,1,1.0
410,Rico Lewis,17,23,1.0
410,Rico Lewis,21,17,1.0
410,Rico Lewis,22,90,0.0
411,Nico O'Reilly,6,82,2.0
411,Nico O'Reilly,7,90,5.0
411,Nico O'Reilly,8,84,11.0
411,Nico O'Reilly,9,29,1.0
411,Nico O'Reilly,10,90,8.0
411,Nico O'Reilly,11,90,11.0
411,Nico O'Reilly,12,90,1.0
411,Nico O'Reilly,13,90,4.0
411,Nico O'Reilly,14,90,0.0
411,Nico O'Reilly,15,90,6.0
411,Nico O'Reilly,16,90,6.0
411,Nico O'Reilly,17,90,6.0
411,Nico O'Reilly,18,90,1.0
411,Nico O'Reilly,19,56,1.0
411,Nico O'Reilly,20,90,2.0
411,Nico O'Reilly,21,17,1.0
411,Nico O'Reilly,22,45,-1.0
411,Nico O'Reilly,23,90,6.0
411,Nico O'Reilly,24,90,1.0
411,Nico O'Reilly,25,90,2.0
411,Nico O'Reilly,26,90,13.0
411,Nico O'Reilly,27,90,17.0
411,Nico O'Reilly,28,69,6.0
413,Omar Marmoush,9,6,1.0
413,Omar Marmoush,10,8,1.0
413,Omar Marmoush,11,16,1.0
413,Omar Marmoush,12,3,1.0
413,Omar Marmoush,13,1,1.0
413,Omar Marmoush,15,21,1.0
413,Omar Marmoush,16,1,1.0
413,Omar Marmoush,23,73,10.0
413,Omar Marmoush,24,1,1.0
413,Omar Marmoush,25,60,2.0
413,Omar Marmoush,26,45,1.0
413,Omar Marmoush,27,57,4.0
413,Omar Marmoush,28,67,3.0
414,Phil Foden,6,90,1.0
414,Phil Foden,7,90,3.0
414,Phil Foden,8,90,3.0
414,Phil Foden,9,90,1.0
414,Phil Foden,10,89,4.0
414,Phil Foden,11,90,3.0
414,Phil Foden,12,86,2.0
414,Phil Foden,13,90,15.0
414,Phil Foden,14,90,17.0
414,Phil Foden,15,68,12.0
414,Phil Foden,16,90,11.0
414,Phil Foden,17,90,3.0
414,Phil Foden,18,90,2.0
414,Phil Foden,19,90,3.0
414,Phil Foden,20,90,2.0
414,Phil Foden,21,72,2.0
414,Phil Foden,22,45,1.0
414,Phil Foden,23,29,1.0
414,Phil Foden,24,2,1.0
414,Phil Foden,26,70,5.0
414,Phil Foden,27,3,1.0
414,Phil Foden,29,76,2.0
415,Sávio Moreira de Oliveira,6,61,2.0
415,Sávio Moreira de Oliveira,7,90,3.0
415,Sávio Moreira de Oliveira,8,84,6.0
415,Sávio Moreira de Oliveira,9,83,1.0
415,Sávio Moreira de Oliveira,10,17,1.0
415,Sávio Moreira de Oliveira,11,37,1.0
415,Sávio Moreira de Oliveira,12,14,1.0
415,Sávio Moreira de Oliveira,14,26,1.0
415,Sávio Moreira de Oliveira,15,8,1.0
415,Sávio Moreira de Oliveira,16,5,4.0
415,Sávio Moreira de Oliveira,17,23,1.0
415,Sávio Moreira de Oliveira,18,17,1.0
415,Sávio Moreira de Oliveira,19,50,1.0
415,Sávio Moreira de Oliveira,28,22,0.0
415,Sávio Moreira de Oliveira,29,8,1.0
416,Bernardo Mota Veiga de Carvalho e Silva,6,7,1.0
416,Bernardo Mota Veiga de Carvalho e Silva,7,14,1.0
416,Bernardo Mota Veiga de Carvalho e Silva,8,31,1.0
416,Bernardo Mota Veiga de Carvalho e Silva,9,60,2.0
416,Bernardo Mota Veiga de Carvalho e Silva,10,89,2.0
416,Bernardo Mota Veiga de Carvalho e Silva,11,90,5.0
416,Bernardo Mota Veiga de Carvalho e Silva,12,76,1.0
416,Bernardo Mota Veiga de Carvalho e Silva,13,88,1.0
416,Bernardo Mota Veiga de Carvalho e Silva,14,90,2.0
416,Bernardo Mota Veiga de Carvalho e Silva,15,81,3.0
416,Bernardo Mota Veiga de Carvalho e Silva,16,90,3.0
416,Bernardo Mota Veiga de Carvalho e Silva,17,74,3.0
416,Bernardo Mota Veiga de Carvalho e Silva,18,90,2.0
416,Bernardo Mota Veiga de Carvalho e Silva,19,84,3.0
416,Bernardo Mota Veiga de Carvalho e Silva,20,90,1.0
416,Bernardo Mota Veiga de Carvalho e Silva,21,90,2.0
416,Bernardo Mota Veiga de Carvalho e Silva,22,79,2.0
416,Bernardo Mota Veiga de Carvalho e Silva,23,90,6.0
416,Bernardo Mota Veiga de Carvalho e Silva,24,87,5.0
416,Bernardo Mota Veiga de Carvalho e Silva,25,90,7.0
416,Bernardo Mota Veiga de Carvalho e Silva,26,59,0.0
416,Bernardo Mota Veiga de Carvalho e Silva,27,90,1.0
416,Bernardo Mota Veiga de Carvalho e Silva,28,90,3.0
416,Bernardo Mota Veiga de Carvalho e Silva,29,90,2.0
417,Rayan Cherki,8,5,1.0
417,Rayan Cherki,9,14,1.0
417,Rayan Cherki,10,72,10.0
417,Rayan Cherki,11,52,1.0
417,Rayan Cherki,12,76,7.0
417,Rayan Cherki,13,15,4.0
417,Rayan Cherki,14,8,0.0
417,Rayan Cherki,15,81,12.0
417,Rayan Cherki,16,90,6.0
417,Rayan Cherki,17,66,4.0
417,Rayan Cherki,18,88,13.0
417,Rayan Cherki,19,90,5.0
417,Rayan Cherki,20,90,4.0
417,Rayan Cherki,21,17,1.0
417,Rayan Cherki,22,45,1.0
417,Rayan Cherki,23,72,3.0
417,Rayan Cherki,24,68,8.0
417,Rayan Cherki,25,29,1.0
417,Rayan Cherki,26,19,1.0
417,Rayan Cherki,27,32,1.0
417,Rayan Cherki,28,87,3.0
417,Rayan Cherki,29,81,5.0
418,Jérémy Doku,6,90,10.0
418,Jérémy Doku,7,14,1.0
418,Jérémy Doku,8,58,1.0
418,Jérémy Doku,9,29,1.0
418,Jérémy Doku,10,72,2.0
418,Jérémy Doku,11,73,11.0
418,Jérémy Doku,12,75,2.0
418,Jérémy Doku,13,90,2.0
418,Jérémy Doku,14,63,8.0
418,Jérémy Doku,15,90,3.0
418,Jérémy Doku,19,39,1.0
418,Jérémy Doku,20,20,1.0
418,Jérémy Doku,21,90,8.0
418,Jérémy Doku,22,79,2.0
418,Jérémy Doku,23,16,1.0
418,Jérémy Doku,29,13,1.0
419,Jack Grealish,6,90,2.0
419,Jack Grealish,7,90,10.0
419,Jack Grealish,9,90,1.0
419,Jack Grealish,10,90,2.0
419,Jack Grealish,11,90,3.0
419,Jack Grealish,12,87,3.0
419,Jack Grealish,13,79,2.0
419,Jack Grealish,14,90,11.0
419,Jack Grealish,15,85,3.0
419,Jack Grealish,16,83,2.0
419,Jack Grealish,17,90,2.0
419,Jack Grealish,19,18,1.0
419,Jack Grealish,20,90,10.0
419,Jack Grealish,21,89,-1.0
419,Jack Grealish,22,90,3.0
421,Rodrigo 'Rodri' Hernandez Cascante,7,21,1.0
421,Rodrigo 'Rodri' Hernandez Cascante,10,1,1.0
421,Rodrigo 'Rodri' Hernandez Cascante,19,45,1.0
421,Rodrigo 'Rodri' Hernandez Cascante,20,90,5.0
421,Rodrigo 'Rodri' Hernandez Cascante,21,26,1.0
421,Rodrigo 'Rodri' Hernandez Cascante,22,90,3.0
421,Rodrigo 'Rodri' Hernandez Cascante,23,90,3.0
421,Rodrigo 'Rodri' Hernandez Cascante,24,90,3.0
421,Rodrigo 'Rodri' Hernandez Cascante,25,90,4.0
421,Rodrigo 'Rodri' Hernandez Cascante,26,70,3.0
421,Rodrigo 'Rodri' Hernandez Cascante,27,90,6.0
421,Rodrigo 'Rodri' Hernandez Cascante,28,90,3.0
421,Rodrigo 'Rodri' Hernandez Cascante,29,90,9.0
422,Mateo Kovačić,8,4,1.0
423,Nico González Iglesias,6,90,2.0
423,Nico González Iglesias,7,68,3.0
423,Nico González Iglesias,8,85,5.0
423,Nico González Iglesias,9,29,0.0
423,Nico González Iglesias,10,90,4.0
423,Nico González Iglesias,11,90,8.0
423,Nico González Iglesias,12,90,2.0
423,Nico González Iglesias,13,90,4.0
423,Nico González Iglesias,14,63,2.0
423,Nico González Iglesias,15,90,3.0
423,Nico González Iglesias,16,90,5.0
423,Nico González Iglesias,17,66,2.0
423,Nico González Iglesias,18,90,4.0
423,Nico González Iglesias,19,45,1.0
423,Nico González Iglesias,21,63,4.0
423,Nico González Iglesias,24,20,0.0
423,Nico González Iglesias,26,19,0.0
424,Oscar Bobb,6,28,1.0
424,Oscar Bobb,7,75,3.0
424,Oscar Bobb,8,31,1.0
424,Oscar Bobb,9,60,2.0
424,Oscar Bobb,12,13,0.0
424,Oscar Bobb,25,7,1.0
424,Oscar Bobb,26,18,1.0
424,Oscar Bobb,27,45,1.0
424,Oscar Bobb,28,74,5.0
424,Oscar Bobb,29,29,1.0
426,James McAtee,6,59,1.0
426,James McAtee,13,5,1.0
426,James McAtee,17,17,1.0
426,James McAtee,20,21,0.0
426,James McAtee,27,1,1.0
427,Tijjani Reijnders,6,82,2.0
427,Tijjani Reijnders,7,75,3.0
427,Tijjani Reijnders,8,58,1.0
427,Tijjani Reijnders,9,75,1.0
427,Tijjani Reijnders,10,17,1.0
427,Tijjani Reijnders,12,13,1.0
427,Tijjani Reijnders,13,74,3.0
427,Tijjani Reijnders,14,81,7.0
427,Tijjani Reijnders,15,21,1.0
427,Tijjani Reijnders,16,84,3.0
427,Tijjani Reijnders,17,66,8.0
427,Tijjani Reijnders,18,72,8.0
427,Tijjani Reijnders,19,5,1.0
427,Tijjani Reijnders,20,69,10.0
427,Tijjani Reijnders,21,90,2.0
427,Tijjani Reijnders,22,10,1.0
427,Tijjani Reijnders,23,60,3.0
427,Tijjani Reijnders,24,21,1.0
427,Tijjani Reijnders,26,30,1.0
427,Tijjani Reijnders,28,20,1.0
430,Erling Haaland,6,90,16.0
430,Erling Haaland,7,90,8.0
430,Erling Haaland,8,90,13.0
430,Erling Haaland,9,90,2.0
430,Erling Haaland,10,81,13.0
430,Erling Haaland,11,90,4.0
430,Erling Haaland,12,90,2.0
430,Erling Haaland,13,90,2.0
430,Erling Haaland,14,90,14.0
430,Erling Haaland,15,68,2.0
430,Erling Haaland,16,90,13.0
430,Erling Haaland,17,90,16.0
430,Erling Haaland,18,90,2.0
430,Erling Haaland,19,90,2.0
430,Erling Haaland,20,90,2.0
430,Erling Haaland,21,90,6.0
430,Erling Haaland,22,79,2.0
430,Erling Haaland,23,17,1.0
430,Erling Haaland,24,90,5.0
430,Erling Haaland,25,90,11.0
430,Erling Haaland,26,45,5.0
430,Erling Haaland,27,90,6.0
430,Erling Haaland,29,90,2.0
431,Altay Bayındır,6,90,2.0
436,Matthijs de Ligt,6,90,3.0
436,Matthijs de Ligt,7,90,8.0
436,Matthijs de Ligt,8,90,2.0
436,Matthijs de Ligt,9,90,1.0
436,Matthijs de Ligt,10,90,1.0
436,Matthijs de Ligt,11,90,9.0
436,Matthijs de Ligt,12,90,2.0
436,Matthijs de Ligt,13,90,2.0
437,Lisandro Martínez,13,8,1.0
437,Lisandro Martínez,14,2,1.0
437,Lisandro Martínez,15,21,1.0
437,Lisandro Martínez,16,21,1.0
437,Lisandro Martínez,17,45,1.0
437,Lisandro Martínez,18,87,10.0
437,Lisandro Martínez,19,90,2.0
437,Lisandro Martínez,20,90,4.0
437,Lisandro Martínez,21,90,1.0
437,Lisandro Martínez,22,90,8.0
437,Lisandro Martínez,23,90,-1.0
437,Lisandro Martínez,24,90,1.0
437,Lisandro Martínez,25,90,7.0
437,Lisandro Martínez,26,90,2.0
438,Noussair Mazraoui,10,13,0.0
438,Noussair Mazraoui,11,57,1.0
438,Noussair Mazraoui,12,45,1.0
438,Noussair Mazraoui,13,36,1.0
438,Noussair Mazraoui,14,90,3.0
438,Noussair Mazraoui,15,68,2.0
438,Noussair Mazraoui,23,2,1.0
438,Noussair Mazraoui,24,4,1.0
438,Noussair Mazraoui,25,3,1.0
438,Noussair Mazraoui,27,12,0.0
438,Noussair Mazraoui,28,66,7.0
438,Noussair Mazraoui,29,84,1.0
440,Diogo Dalot Teixeira,6,90,1.0
440,Diogo Dalot Teixeira,7,63,9.0
440,Diogo Dalot Teixeira,8,90,4.0
440,Diogo Dalot Teixeira,9,90,1.0
440,Diogo Dalot Teixeira,10,67,1.0
440,Diogo Dalot Teixeira,11,10,0.0
440,Diogo Dalot Teixeira,12,32,1.0
440,Diogo Dalot Teixeira,13,90,2.0
440,Diogo Dalot Teixeira,14,67,15.0
440,Diogo Dalot Teixeira,15,83,5.0
440,Diogo Dalot Teixeira,16,90,2.0
440,Diogo Dalot Teixeira,17,90,0.0
440,Diogo Dalot Teixeira,18,90,13.0
440,Diogo Dalot Teixeira,19,90,2.0
440,Diogo Dalot Teixeira,20,90,2.0
440,Diogo Dalot Teixeira,21,90,1.0
440,Diogo Dalot Teixeira,22,90,5.0
440,Diogo Dalot Teixeira,23,90,1.0
440,Diogo Dalot Teixeira,24,85,2.0
440,Diogo Dalot Teixeira,25,90,12.0
440,Diogo Dalot Teixeira,26,81,1.0
440,Diogo Dalot Teixeira,27,90,7.0
440,Diogo Dalot Teixeira,28,90,1.0
440,Diogo Dalot Teixeira,29,29,1.0
441,Patrick Dorgu,6,84,0.0
441,Patrick Dorgu,7,26,1.0
441,Patrick Dorgu,8,31,1.0
441,Patrick Dorgu,9,20,-1.0
441,Patrick Dorgu,10,22,1.0
441,Patrick Dorgu,11,79,5.0
441,Patrick Dorgu,12,57,1.0
441,Patrick Dorgu,13,1,1.0
441,Patrick Dorgu,14,22,1.0
441,Patrick Dorgu,15,6,1.0
441,Patrick Dorgu,16,1,1.0
441,Patrick Dorgu,17,90,5.0
441,Patrick Dorgu,18,90,17.0
441,Patrick Dorgu,19,90,2.0
441,Patrick Dorgu,20,90,1.0
441,Patrick Dorgu,21,90,5.0
441,Patrick Dorgu,22,90,15.0
441,Patrick Dorgu,23,80,8.0
442,Harry Maguire,6,65,1.0
442,Harry Maguire,7,5,1.0
442,Harry Maguire,8,90,11.0
442,Harry Maguire,11,71,6.0
442,Harry Maguire,22,90,6.0
442,Harry Maguire,23,90,3.0
442,Harry Maguire,24,90,2.0
442,Harry Maguire,25,90,6.0
442,Harry Maguire,26,67,2.0
442,Harry Maguire,27,90,7.0
442,Harry Maguire,28,84,2.0
442,Harry Maguire,29,90,1.0
443,Luke Shaw,6,80,1.0
443,Luke Shaw,7,90,6.0
443,Luke Shaw,8,84,2.0
443,Luke Shaw,9,64,9.0
443,Luke Shaw,10,90,1.0
443,Luke Shaw,11,90,1.0
443,Luke Shaw,12,90,2.0
443,Luke Shaw,13,81,1.0
443,Luke Shaw,14,87,1.0
443,Luke Shaw,15,90,2.0
443,Luke Shaw,16,90,0.0
443,Luke Shaw,17,90,3.0
443,Luke Shaw,18,87,5.0
443,Luke Shaw,19,90,2.0
443,Luke Shaw,20,90,2.0
443,Luke Shaw,21,90,1.0
443,Luke Shaw,22,90,5.0
443,Luke Shaw,23,90,1.0
443,Luke Shaw,24,90,1.0
443,Luke Shaw,25,86,6.0
443,Luke Shaw,26,90,2.0
443,Luke Shaw,27,90,6.0
443,Luke Shaw,28,23,1.0
443,Luke Shaw,29,60,1.0
444,Leny Yoro,6,24,1.0
444,Leny Yoro,7,84,6.0
444,Leny Yoro,8,5,1.0
444,Leny Yoro,9,90,1.0
444,Leny Yoro,10,76,1.0
444,Leny Yoro,11,18,0.0
444,Leny Yoro,12,90,2.0
444,Leny Yoro,13,53,1.0
444,Leny Yoro,14,45,1.0
444,Leny Yoro,15,21,1.0
444,Leny Yoro,16,68,1.0
444,Leny Yoro,17,83,1.0
444,Leny Yoro,18,29,1.0
444,Leny Yoro,19,15,1.0
444,Leny Yoro,20,62,2.0
444,Leny Yoro,21,29,1.0
444,Leny Yoro,24,1,1.0
444,Leny Yoro,26,22,1.0
444,Leny Yoro,27,90,6.0
444,Leny Yoro,28,90,2.0
444,Leny Yoro,29,90,1.0
446,Tyler Fredricson,18,2,1.0
447,Ayden Heaven,9,25,3.0
447,Ayden Heaven,14,45,0.0
447,Ayden Heaven,15,68,2.0
447,Ayden Heaven,16,90,2.0
447,Ayden Heaven,17,90,3.0
447,Ayden Heaven,18,90,8.0
447,Ayden Heaven,19,74,2.0
447,Ayden Heaven,20,90,4.0
447,Ayden Heaven,21,60,0.0
447,Ayden Heaven,22,1,1.0
447,Ayden Heaven,27,1,1.0
447,Ayden Heaven,28,5,0.0
448,Tyrell Malacia,18,2,1.0
448,Tyrell Malacia,29,5,1.0
449,Bruno Borges Fernandes,6,90,-1.0
449,Bruno Borges Fernandes,7,90,3.0
449,Bruno Borges Fernandes,8,84,8.0
449,Bruno Borges Fernandes,9,90,4.0
449,Bruno Borges Fernandes,10,90,5.0
449,Bruno Borges Fernandes,11,90,5.0
449,Bruno Borges Fernandes,12,90,2.0
449,Bruno Borges Fernandes,13,90,11.0
449,Bruno Borges Fernandes,14,90,4.0
449,Bruno Borges Fernandes,15,90,18.0
449,Bruno Borges Fernandes,16,90,13.0
449,Bruno Borges Fernandes,17,45,1.0
449,Bruno Borges Fernandes,21,60,7.0
449,Bruno Borges Fernandes,22,90,10.0
449,Bruno Borges Fernandes,23,90,5.0
449,Bruno Borges Fernandes,24,90,10.0
449,Bruno Borges Fernandes,25,90,10.0
449,Bruno Borges Fernandes,26,90,2.0
449,Bruno Borges Fernandes,27,90,2.0
449,Bruno Borges Fernandes,28,90,13.0
449,Bruno Borges Fernandes,29,90,8.0
450,Matheus Santos Carneiro da Cunha,6,90,2.0
450,Matheus Santos Carneiro da Cunha,7,25,1.0
450,Matheus Santos Carneiro da Cunha,8,90,2.0
450,Matheus Santos Carneiro da Cunha,9,81,8.0
450,Matheus Santos Carneiro da Cunha,10,90,4.0
450,Matheus Santos Carneiro da Cunha,11,71,3.0
450,Matheus Santos Carneiro da Cunha,14,76,3.0
450,Matheus Santos Carneiro da Cunha,15,90,5.0
450,Matheus Santos Carneiro da Cunha,16,90,8.0
450,Matheus Santos Carneiro da Cunha,17,90,9.0
450,Matheus Santos Carneiro da Cunha,18,90,2.0
450,Matheus Santos Carneiro da Cunha,19,90,2.0
450,Matheus Santos Carneiro da Cunha,20,90,9.0
450,Matheus Santos Carneiro da Cunha,21,73,2.0
450,Matheus Santos Carneiro da Cunha,22,19,4.0
450,Matheus Santos Carneiro da Cunha,23,21,9.0
450,Matheus Santos Carneiro da Cunha,24,73,9.0
450,Matheus Santos Carneiro da Cunha,25,74,3.0
450,Matheus Santos Carneiro da Cunha,26,68,2.0
450,Matheus Santos Carneiro da Cunha,27,90,3.0
450,Matheus Santos Carneiro da Cunha,28,90,5.0
450,Matheus Santos Carneiro da Cunha,29,90,2.0
452,Amad Diallo,7,90,3.0
452,Amad Diallo,8,58,3.0
452,Amad Diallo,9,69,3.0
452,Amad Diallo,10,90,9.0
452,Amad Diallo,11,90,8.0
452,Amad Diallo,12,90,2.0
452,Amad Diallo,13,90,2.0
452,Amad Diallo,14,90,2.0
452,Amad Diallo,15,90,6.0
452,Amad Diallo,16,90,7.0
452,Amad Diallo,22,90,3.0
452,Amad Diallo,23,87,2.0
452,Amad Diallo,24,90,2.0
452,Amad Diallo,25,90,2.0
452,Amad Diallo,26,90,2.0
452,Amad Diallo,27,57,1.0
452,Amad Diallo,28,15,1.0
452,Amad Diallo,29,14,1.0
453,Alejandro Garnacho Ferreyra,7,74,2.0
453,Alejandro Garnacho Ferreyra,8,45,1.0
453,Alejandro Garnacho Ferreyra,9,57,6.0
453,Alejandro Garnacho Ferreyra,10,65,3.0
453,Alejandro Garnacho Ferreyra,11,90,11.0
453,Alejandro Garnacho Ferreyra,13,45,1.0
453,Alejandro Garnacho Ferreyra,14,29,1.0
453,Alejandro Garnacho Ferreyra,15,76,3.0
453,Alejandro Garnacho Ferreyra,16,64,3.0
453,Alejandro Garnacho Ferreyra,17,90,1.0
453,Alejandro Garnacho Ferreyra,18,68,2.0
453,Alejandro Garnacho Ferreyra,19,45,4.0
453,Alejandro Garnacho Ferreyra,22,56,1.0
453,Alejandro Garnacho Ferreyra,24,45,1.0
453,Alejandro Garnacho Ferreyra,25,29,1.0
453,Alejandro Garnacho Ferreyra,28,4,1.0
453,Alejandro Garnacho Ferreyra,29,90,6.0
455,Mason Mount,6,9,1.0
455,Mason Mount,7,64,10.0
455,Mason Mount,8,60,3.0
455,Mason Mount,11,18,1.0
455,Mason Mount,12,45,1.0
455,Mason Mount,13,90,8.0
455,Mason Mount,14,12,1.0
455,Mason Mount,15,83,7.0
455,Mason Mount,16,68,2.0
455,Mason Mount,17,90,2.0
455,Mason Mount,18,45,1.0
455,Mason Mount,21,29,1.0
455,Mason Mount,22,1,1.0
456,Jadon Sancho,9,44,1.0
456,Jadon Sancho,10,16,1.0
456,Jadon Sancho,11,19,1.0
456,Jadon Sancho,12,22,1.0
456,Jadon Sancho,13,2,1.0
456,Jadon Sancho,15,15,1.0
456,Jadon Sancho,18,31,1.0
456,Jadon Sancho,19,60,2.0
456,Jadon Sancho,20,21,1.0
456,Jadon Sancho,21,64,3.0
456,Jadon Sancho,23,58,1.0
456,Jadon Sancho,24,76,2.0
456,Jadon Sancho,25,76,5.0
456,Jadon Sancho,26,59,1.0
456,Jadon Sancho,27,29,1.0
456,Jadon Sancho,28,59,1.0
456,Jadon Sancho,29,27,1.0
457,Carlos Henrique Casimiro,7,84,4.0
457,Carlos Henrique Casimiro,8,57,0.0
457,Carlos Henrique Casimiro,9,69,15.0
457,Carlos Henrique Casimiro,10,90,12.0
457,Carlos Henrique Casimiro,11,71,5.0
457,Carlos Henrique Casimiro,12,57,0.0
457,Carlos Henrique Casimiro,13,90,4.0
457,Carlos Henrique Casimiro,14,90,8.0
457,Carlos Henrique Casimiro,15,77,2.0
457,Carlos Henrique Casimiro,16,60,6.0
457,Carlos Henrique Casimiro,18,60,3.0
457,Carlos Henrique Casimiro,19,90,6.0
457,Carlos Henrique Casimiro,20,90,7.0
457,Carlos Henrique Casimiro,21,73,4.0
457,Carlos Henrique Casimiro,22,80,3.0
457,Carlos Henrique Casimiro,23,90,2.0
457,Carlos Henrique Casimiro,24,74,13.0
457,Carlos Henrique Casimiro,25,86,3.0
457,Carlos Henrique Casimiro,26,90,2.0
457,Carlos Henrique Casimiro,27,90,5.0
457,Carlos Henrique Casimiro,28,90,4.0
457,Carlos Henrique Casimiro,29,60,8.0
458,Kobbie Mainoo,6,24,1.0
458,Kobbie Mainoo,7,13,1.0
458,Kobbie Mainoo,8,5,1.0
458,Kobbie Mainoo,9,20,1.0
458,Kobbie Mainoo,12,32,1.0
458,Kobbie Mainoo,13,1,1.0
458,Kobbie Mainoo,15,12,1.0
458,Kobbie Mainoo,16,29,1.0
458,Kobbie Mainoo,21,16,1.0
458,Kobbie Mainoo,22,90,3.0
458,Kobbie Mainoo,23,90,5.0
458,Kobbie Mainoo,24,90,4.0
458,Kobbie Mainoo,25,90,6.0
458,Kobbie Mainoo,26,90,2.0
458,Kobbie Mainoo,27,90,3.0
458,Kobbie Mainoo,28,90,2.0
458,Kobbie Mainoo,29,75,2.0
459,Manuel Ugarte Ribeiro,6,65,2.0
459,Manuel Ugarte Ribeiro,7,5,1.0
459,Manuel Ugarte Ribeiro,8,32,1.0
459,Manuel Ugarte Ribeiro,9,9,1.0
459,Manuel Ugarte Ribeiro,11,18,1.0
459,Manuel Ugarte Ribeiro,14,13,1.0
459,Manuel Ugarte Ribeiro,17,72,1.0
459,Manuel Ugarte Ribeiro,18,90,5.0
459,Manuel Ugarte Ribeiro,19,74,2.0
459,Manuel Ugarte Ribeiro,20,90,4.0
459,Manuel Ugarte Ribeiro,21,83,2.0
459,Manuel Ugarte Ribeiro,22,9,1.0
459,Manuel Ugarte Ribeiro,24,15,1.0
459,Manuel Ugarte Ribeiro,25,3,1.0
459,Manuel Ugarte Ribeiro,29,29,1.0
462,Jack Fletcher,17,17,1.0
462,Jack Fletcher,18,45,1.0
462,Jack Fletcher,19,45,1.0
466,Joshua Zirkzee,6,5,1.0
466,Joshua Zirkzee,9,8,1.0
466,Joshua Zirkzee,12,90,2.0
466,Joshua Zirkzee,13,90,9.0
466,Joshua Zirkzee,14,77,2.0
466,Joshua Zirkzee,15,6,0.0
466,Joshua Zirkzee,16,1,1.0
466,Joshua Zirkzee,17,17,1.0
466,Joshua Zirkzee,18,30,1.0
466,Joshua Zirkzee,19,45,8.0
466,Joshua Zirkzee,20,27,4.0
466,Joshua Zirkzee,21,16,1.0
466,Joshua Zirkzee,25,3,1.0
466,Joshua Zirkzee,26,8,1.0
466,Joshua Zirkzee,28,4,1.0
466,Joshua Zirkzee,29,13,1.0
469,Nick Pope,6,90,2.0
469,Nick Pope,7,90,7.0
469,Nick Pope,8,90,2.0
469,Nick Pope,9,90,3.0
469,Nick Pope,10,90,3.0
469,Nick Pope,11,76,3.0
469,Nick Pope,12,90,3.0
469,Nick Pope,19,90,2.0
469,Nick Pope,20,90,6.0
469,Nick Pope,21,90,2.0
469,Nick Pope,22,90,6.0
469,Nick Pope,23,90,3.0
469,Nick Pope,24,90,1.0
469,Nick Pope,25,90,2.0
469,Nick Pope,26,90,2.0
469,Nick Pope,27,90,2.0
469,Nick Pope,28,90,1.0
470,Martin Dúbravka,6,90,1.0
470,Martin Dúbravka,7,90,2.0
470,Martin Dúbravka,8,90,9.0
470,Martin Dúbravka,9,90,2.0
470,Martin Dúbravka,10,90,2.0
470,Martin Dúbravka,11,90,2.0
470,Martin Dúbravka,12,90,2.0
470,Martin Dúbravka,13,90,1.0
470,Martin Dúbravka,14,90,2.0
470,Martin Dúbravka,15,90,3.0
470,Martin Dúbravka,16,90,1.0
470,Martin Dúbravka,17,90,2.0
470,Martin Dúbravka,18,90,11.0
470,Martin Dúbravka,19,90,2.0
470,Martin Dúbravka,20,90,1.0
470,Martin Dúbravka,21,90,3.0
470,Martin Dúbravka,22,90,5.0
470,Martin Dúbravka,23,90,5.0
470,Martin Dúbravka,24,90,1.0
470,Martin Dúbravka,25,90,1.0
470,Martin Dúbravka,26,90,1.0
470,Martin Dúbravka,27,90,2.0
470,Martin Dúbravka,28,90,0.0
470,Martin Dúbravka,29,90,2.0
473,Lewis Hall,11,13,0.0
473,Lewis Hall,12,76,2.0
473,Lewis Hall,13,89,5.0
473,Lewis Hall,14,90,3.0
473,Lewis Hall,15,27,1.0
473,Lewis Hall,16,90,4.0
473,Lewis Hall,17,90,2.0
473,Lewis Hall,18,90,2.0
473,Lewis Hall,19,90,4.0
473,Lewis Hall,20,62,6.0
473,Lewis Hall,21,90,4.0
473,Lewis Hall,22,90,9.0
473,Lewis Hall,23,90,1.0
473,Lewis Hall,24,88,3.0
473,Lewis Hall,25,90,0.0
473,Lewis Hall,26,1,1.0
473,Lewis Hall,27,90,7.0
473,Lewis Hall,28,90,1.0
473,Lewis Hall,29,90,2.0
474,Fabian Schär,9,29,1.0
474,Fabian Schär,10,45,1.0
474,Fabian Schär,12,90,4.0
474,Fabian Schär,13,1,1.0
474,Fabian Schär,14,1,1.0
474,Fabian Schär,15,90,2.0
474,Fabian Schär,16,48,1.0
474,Fabian Schär,17,90,0.0
474,Fabian Schär,18,90,2.0
474,Fabian Schär,19,90,4.0
474,Fabian Schär,20,90,8.0
474,Fabian Schär,21,75,3.0
475,Sven Botman,6,90,3.0
475,Sven Botman,7,90,6.0
475,Sven Botman,8,90,1.0
475,Sven Botman,9,60,2.0
475,Sven Botman,10,64,-1.0
475,Sven Botman,11,90,3.0
475,Sven Botman,12,13,1.0
475,Sven Botman,21,45,4.0
475,Sven Botman,22,90,5.0
475,Sven Botman,23,90,3.0
475,Sven Botman,25,90,7.0
475,Sven Botman,26,90,2.0
475,Sven Botman,29,1,1.0
476,Dan Burn,6,90,0.0
476,Dan Burn,7,90,11.0
476,Dan Burn,8,90,2.0
476,Dan Burn,9,90,2.0
476,Dan Burn,10,90,1.0
476,Dan Burn,11,72,0.0
476,Dan Burn,13,90,5.0
476,Dan Burn,14,90,6.0
476,Dan Burn,15,62,7.0
476,Dan Burn,16,41,1.0
476,Dan Burn,24,90,1.0
476,Dan Burn,25,3,1.0
476,Dan Burn,26,90,1.0
476,Dan Burn,27,90,2.0
476,Dan Burn,28,90,0.0
476,Dan Burn,29,90,2.0
477,Tino Livramento,6,76,6.0
477,Tino Livramento,12,90,2.0
477,Tino Livramento,13,90,2.0
477,Tino Livramento,14,90,3.0
477,Tino Livramento,15,90,1.0
477,Tino Livramento,16,90,2.0
477,Tino Livramento,20,27,1.0
477,Tino Livramento,21,45,1.0
478,Kieran Trippier,6,23,0.0
478,Kieran Trippier,7,90,6.0
478,Kieran Trippier,8,90,1.0
478,Kieran Trippier,9,90,2.0
478,Kieran Trippier,11,90,0.0
478,Kieran Trippier,22,90,6.0
478,Kieran Trippier,23,90,1.0
478,Kieran Trippier,24,83,1.0
478,Kieran Trippier,25,86,1.0
478,Kieran Trippier,26,90,2.0
478,Kieran Trippier,27,90,0.0
478,Kieran Trippier,28,74,1.0
478,Kieran Trippier,29,90,6.0
479,Emil Krafth,10,45,0.0
480,Jamaal Lascelles,6,13,0.0
481,Alex Murphy,24,1,1.0
485,Anthony Gordon,6,66,3.0
485,Anthony Gordon,7,69,3.0
485,Anthony Gordon,8,69,2.0
485,Anthony Gordon,9,75,2.0
485,Anthony Gordon,10,45,1.0
485,Anthony Gordon,13,1,1.0
485,Anthony Gordon,14,24,6.0
485,Anthony Gordon,15,73,10.0
485,Anthony Gordon,16,58,1.0
485,Anthony Gordon,17,71,10.0
485,Anthony Gordon,18,90,2.0
485,Anthony Gordon,19,79,5.0
485,Anthony Gordon,20,62,2.0
485,Anthony Gordon,21,80,1.0
485,Anthony Gordon,22,66,3.0
485,Anthony Gordon,23,62,2.0
485,Anthony Gordon,24,90,6.0
485,Anthony Gordon,26,87,5.0
485,Anthony Gordon,27,77,2.0
485,Anthony Gordon,28,85,2.0
485,Anthony Gordon,29,84,7.0
486,Anthony Elanga,6,24,1.0
486,Anthony Elanga,7,69,3.0
486,Anthony Elanga,8,45,1.0
486,Anthony Elanga,9,14,1.0
486,Anthony Elanga,10,13,1.0
486,Anthony Elanga,11,13,1.0
486,Anthony Elanga,12,5,1.0
486,Anthony Elanga,13,70,5.0
486,Anthony Elanga,14,24,1.0
486,Anthony Elanga,15,90,2.0
486,Anthony Elanga,16,58,1.0
486,Anthony Elanga,17,17,1.0
486,Anthony Elanga,22,23,1.0
486,Anthony Elanga,23,27,1.0
486,Anthony Elanga,24,72,2.0
486,Anthony Elanga,25,45,1.0
486,Anthony Elanga,26,74,2.0
486,Anthony Elanga,27,77,2.0
486,Anthony Elanga,28,55,1.0
486,Anthony Elanga,29,83,2.0
487,Harvey Barnes,6,1,1.0
487,Harvey Barnes,7,20,1.0
487,Harvey Barnes,8,20,1.0
487,Harvey Barnes,9,29,1.0
487,Harvey Barnes,10,25,1.0
487,Harvey Barnes,11,76,9.0
487,Harvey Barnes,12,84,15.0
487,Harvey Barnes,13,70,2.0
487,Harvey Barnes,14,65,3.0
487,Harvey Barnes,16,31,1.0
487,Harvey Barnes,17,18,1.0
487,Harvey Barnes,18,22,1.0
487,Harvey Barnes,19,71,2.0
487,Harvey Barnes,20,27,1.0
487,Harvey Barnes,21,90,15.0
487,Harvey Barnes,22,90,3.0
487,Harvey Barnes,23,90,2.0
487,Harvey Barnes,24,72,2.0
487,Harvey Barnes,25,90,2.0
487,Harvey Barnes,26,90,2.0
487,Harvey Barnes,27,30,0.0
487,Harvey Barnes,28,34,1.0
487,Harvey Barnes,29,45,1.0
488,Bruno Guimarães Rodriguez Moura,6,90,2.0
488,Bruno Guimarães Rodriguez Moura,7,90,14.0
488,Bruno Guimarães Rodriguez Moura,8,85,2.0
488,Bruno Guimarães Rodriguez Moura,9,90,10.0
488,Bruno Guimarães Rodriguez Moura,10,90,4.0
488,Bruno Guimarães Rodriguez Moura,11,90,4.0
488,Bruno Guimarães Rodriguez Moura,12,90,10.0
488,Bruno Guimarães Rodriguez Moura,13,89,4.0
488,Bruno Guimarães Rodriguez Moura,14,45,7.0
488,Bruno Guimarães Rodriguez Moura,15,90,10.0
488,Bruno Guimarães Rodriguez Moura,16,90,1.0
488,Bruno Guimarães Rodriguez Moura,17,90,2.0
488,Bruno Guimarães Rodriguez Moura,18,90,2.0
488,Bruno Guimarães Rodriguez Moura,19,90,10.0
488,Bruno Guimarães Rodriguez Moura,20,90,10.0
488,Bruno Guimarães Rodriguez Moura,21,90,11.0
488,Bruno Guimarães Rodriguez Moura,22,90,3.0
488,Bruno Guimarães Rodriguez Moura,25,90,11.0
488,Bruno Guimarães Rodriguez Moura,26,90,3.0
489,Jacob Murphy,6,65,3.0
489,Jacob Murphy,7,20,1.0
489,Jacob Murphy,8,45,1.0
489,Jacob Murphy,9,60,8.0
489,Jacob Murphy,10,76,8.0
489,Jacob Murphy,11,76,2.0
489,Jacob Murphy,12,90,2.0
489,Jacob Murphy,14,65,3.0
489,Jacob Murphy,16,31,1.0
489,Jacob Murphy,17,72,2.0
489,Jacob Murphy,18,67,2.0
489,Jacob Murphy,19,18,1.0
489,Jacob Murphy,20,87,3.0
489,Jacob Murphy,21,9,1.0
489,Jacob Murphy,24,17,1.0
489,Jacob Murphy,25,45,0.0
489,Jacob Murphy,26,15,1.0
489,Jacob Murphy,27,12,1.0
489,Jacob Murphy,28,34,6.0
489,Jacob Murphy,29,6,1.0
490,Joelinton Cássio Apolinário de Lira,6,90,3.0
490,Joelinton Cássio Apolinário de Lira,7,90,3.0
490,Joelinton Cássio Apolinário de Lira,8,45,1.0
490,Joelinton Cássio Apolinário de Lira,9,90,4.0
490,Joelinton Cássio Apolinário de Lira,10,90,2.0
490,Joelinton Cássio Apolinário de Lira,11,23,1.0
490,Joelinton Cássio Apolinário de Lira,12,90,3.0
490,Joelinton Cássio Apolinário de Lira,13,90,2.0
490,Joelinton Cássio Apolinário de Lira,14,90,4.0
490,Joelinton Cássio Apolinário de Lira,15,16,1.0
490,Joelinton Cássio Apolinário de Lira,18,22,1.0
490,Joelinton Cássio Apolinário de Lira,19,90,8.0
490,Joelinton Cássio Apolinário de Lira,20,90,5.0
490,Joelinton Cássio Apolinário de Lira,21,90,8.0
490,Joelinton Cássio Apolinário de Lira,22,90,3.0
490,Joelinton Cássio Apolinário de Lira,23,47,0.0
490,Joelinton Cássio Apolinário de Lira,27,30,0.0
490,Joelinton Cássio Apolinário de Lira,28,90,5.0
490,Joelinton Cássio Apolinário de Lira,29,90,1.0
491,Sandro Tonali,6,90,6.0
491,Sandro Tonali,7,90,3.0
491,Sandro Tonali,8,69,2.0
491,Sandro Tonali,9,29,1.0
491,Sandro Tonali,10,90,2.0
491,Sandro Tonali,11,76,4.0
491,Sandro Tonali,12,90,4.0
491,Sandro Tonali,13,1,1.0
491,Sandro Tonali,14,45,1.0
491,Sandro Tonali,15,1,1.0
491,Sandro Tonali,16,58,0.0
491,Sandro Tonali,17,90,4.0
491,Sandro Tonali,18,76,1.0
491,Sandro Tonali,19,90,2.0
491,Sandro Tonali,20,62,3.0
491,Sandro Tonali,21,45,1.0
491,Sandro Tonali,22,66,2.0
491,Sandro Tonali,23,83,4.0
491,Sandro Tonali,24,90,2.0
491,Sandro Tonali,25,86,2.0
491,Sandro Tonali,26,15,1.0
491,Sandro Tonali,27,90,2.0
491,Sandro Tonali,28,90,6.0
491,Sandro Tonali,29,90,2.0
493,Sean Longstaff,6,90,15.0
493,Sean Longstaff,7,90,2.0
493,Sean Longstaff,8,90,2.0
493,Sean Longstaff,9,90,6.0
493,Sean Longstaff,10,59,1.0
493,Sean Longstaff,11,73,1.0
493,Sean Longstaff,12,90,2.0
493,Sean Longstaff,23,5,1.0
493,Sean Longstaff,24,45,1.0
493,Sean Longstaff,25,8,1.0
493,Sean Longstaff,26,1,0.0
493,Sean Longstaff,27,7,1.0
494,Joe Willock,11,13,1.0
494,Joe Willock,12,5,1.0
494,Joe Willock,13,19,1.0
494,Joe Willock,15,62,3.0
494,Joe Willock,16,31,0.0
494,Joe Willock,17,1,1.0
494,Joe Willock,18,13,1.0
494,Joe Willock,19,1,1.0
494,Joe Willock,20,2,1.0
494,Joe Willock,23,6,1.0
494,Joe Willock,24,72,2.0
494,Joe Willock,25,45,1.0
494,Joe Willock,26,87,2.0
494,Joe Willock,27,59,0.0
494,Joe Willock,28,45,0.0
494,Joe Willock,29,45,1.0
497,Lewis Miley,7,1,1.0
497,Lewis Miley,8,45,4.0
497,Lewis Miley,9,60,2.0
497,Lewis Miley,11,1,1.0
497,Lewis Miley,13,90,15.0
497,Lewis Miley,14,90,2.0
497,Lewis Miley,15,27,1.0
497,Lewis Miley,16,90,2.0
497,Lewis Miley,17,90,4.0
497,Lewis Miley,18,90,2.0
497,Lewis Miley,19,90,4.0
497,Lewis Miley,20,90,7.0
497,Lewis Miley,21,90,4.0
497,Lewis Miley,22,23,1.0
497,Lewis Miley,23,90,2.0
499,Alexander Isak,6,83,2.0
499,Alexander Isak,7,73,5.0
499,Alexander Isak,8,71,2.0
499,Alexander Isak,12,67,2.0
499,Alexander Isak,13,67,7.0
499,Alexander Isak,14,85,2.0
499,Alexander Isak,15,6,1.0
499,Alexander Isak,16,12,1.0
499,Alexander Isak,17,14,6.0
500,William Osula,6,23,1.0
500,William Osula,7,1,1.0
500,William Osula,8,4,1.0
500,William Osula,9,4,4.0
500,William Osula,10,45,1.0
500,William Osula,24,6,1.0
500,William Osula,25,25,1.0
500,William Osula,26,2,1.0
500,William Osula,27,12,1.0
500,William Osula,28,4,1.0
500,William Osula,29,5,7.0
502,Matz Sels,6,90,2.0
502,Matz Sels,7,90,3.0
502,Matz Sels,8,90,2.0
502,Matz Sels,9,90,2.0
502,Matz Sels,10,90,2.0
502,Matz Sels,11,90,2.0
502,Matz Sels,12,90,7.0
502,Matz Sels,13,90,2.0
502,Matz Sels,14,90,6.0
502,Matz Sels,15,90,2.0
502,Matz Sels,20,12,1.0
502,Matz Sels,21,90,3.0
502,Matz Sels,22,90,10.0
502,Matz Sels,23,90,6.0
502,Matz Sels,24,45,1.0
502,Matz Sels,28,90,2.0
502,Matz Sels,29,90,1.0
505,Nikola Milenković,6,90,1.0
505,Nikola Milenković,7,90,3.0
505,Nikola Milenković,8,90,1.0
505,Nikola Milenković,9,90,1.0
505,Nikola Milenković,10,90,1.0
505,Nikola Milenković,11,90,4.0
505,Nikola Milenković,12,90,8.0
505,Nikola Milenković,13,90,1.0
505,Nikola Milenković,14,90,6.0
505,Nikola Milenković,15,90,0.0
505,Nikola Milenković,16,90,8.0
505,Nikola Milenković,17,90,1.0
505,Nikola Milenković,18,90,3.0
505,Nikola Milenković,19,90,1.0
505,Nikola Milenković,20,90,3.0
505,Nikola Milenković,21,90,2.0
505,Nikola Milenković,22,90,6.0
505,Nikola Milenković,23,90,8.0
505,Nikola Milenković,24,90,3.0
505,Nikola Milenković,25,90,1.0
505,Nikola Milenković,26,90,6.0
505,Nikola Milenković,27,90,4.0
505,Nikola Milenković,28,90,1.0
505,Nikola Milenković,29,90,0.0
506,Murillo Costa dos Santos,8,73,1.0
506,Murillo Costa dos Santos,9,90,1.0
506,Murillo Costa dos Santos,10,90,3.0
506,Murillo Costa dos Santos,11,90,1.0
506,Murillo Costa dos Santos,12,90,17.0
506,Murillo Costa dos Santos,16,90,6.0
506,Murillo Costa dos Santos,17,90,1.0
506,Murillo Costa dos Santos,18,90,3.0
506,Murillo Costa dos Santos,19,90,1.0
506,Murillo Costa dos Santos,20,90,3.0
506,Murillo Costa dos Santos,21,90,2.0
506,Murillo Costa dos Santos,22,90,8.0
506,Murillo Costa dos Santos,23,90,8.0
506,Murillo Costa dos Santos,24,90,2.0
506,Murillo Costa dos Santos,27,90,2.0
506,Murillo Costa dos Santos,28,90,1.0
506,Murillo Costa dos Santos,29,90,2.0
507,Ola Aina,20,68,1.0
507,Ola Aina,21,90,2.0
507,Ola Aina,22,90,5.0
507,Ola Aina,23,90,11.0
507,Ola Aina,24,90,2.0
507,Ola Aina,25,90,1.0
507,Ola Aina,26,90,7.0
507,Ola Aina,27,90,1.0
507,Ola Aina,28,81,1.0
507,Ola Aina,29,90,1.0
508,Neco Williams,6,90,1.0
508,Neco Williams,7,90,0.0
508,Neco Williams,8,90,1.0
508,Neco Williams,9,90,1.0
508,Neco Williams,10,90,1.0
508,Neco Williams,11,90,2.0
508,Neco Williams,12,90,13.0
508,Neco Williams,13,90,1.0
508,Neco Williams,14,90,8.0
508,Neco Williams,15,90,1.0
508,Neco Williams,16,90,7.0
508,Neco Williams,17,90,2.0
508,Neco Williams,18,90,1.0
508,Neco Williams,19,90,1.0
508,Neco Williams,20,90,1.0
508,Neco Williams,21,90,4.0
508,Neco Williams,22,90,6.0
508,Neco Williams,23,90,8.0
508,Neco Williams,24,44,-2.0
508,Neco Williams,26,90,8.0
508,Neco Williams,27,90,4.0
508,Neco Williams,28,55,0.0
508,Neco Williams,29,89,1.0
510,Jair Paula da Cunha Filho,7,90,3.0
510,Jair Paula da Cunha Filho,28,34,1.0
510,Jair Paula da Cunha Filho,29,90,1.0
511,Felipe Rodrigues da Silva,6,90,2.0
511,Felipe Rodrigues da Silva,7,76,3.0
511,Felipe Rodrigues da Silva,8,90,0.0
511,Felipe Rodrigues da Silva,11,2,1.0
511,Felipe Rodrigues da Silva,13,90,3.0
511,Felipe Rodrigues da Silva,14,90,7.0
511,Felipe Rodrigues da Silva,15,90,2.0
511,Felipe Rodrigues da Silva,21,1,1.0
511,Felipe Rodrigues da Silva,23,3,1.0
511,Felipe Rodrigues da Silva,24,45,1.0
511,Felipe Rodrigues da Silva,25,90,3.0
511,Felipe Rodrigues da Silva,26,90,8.0
511,Felipe Rodrigues da Silva,29,1,1.0
513,Zach Abbott,15,45,1.0
513,Zach Abbott,25,75,1.0
515,Morgan Gibbs-White,6,45,1.0
515,Morgan Gibbs-White,7,90,4.0
515,Morgan Gibbs-White,8,90,2.0
515,Morgan Gibbs-White,9,88,2.0
515,Morgan Gibbs-White,10,90,8.0
515,Morgan Gibbs-White,11,87,10.0
515,Morgan Gibbs-White,12,90,8.0
515,Morgan Gibbs-White,13,84,2.0
515,Morgan Gibbs-White,14,90,3.0
515,Morgan Gibbs-White,15,90,2.0
515,Morgan Gibbs-White,16,90,3.0
515,Morgan Gibbs-White,17,72,2.0
515,Morgan Gibbs-White,18,90,2.0
515,Morgan Gibbs-White,19,90,2.0
515,Morgan Gibbs-White,20,90,8.0
515,Morgan Gibbs-White,21,90,9.0
515,Morgan Gibbs-White,22,90,3.0
515,Morgan Gibbs-White,23,90,6.0
515,Morgan Gibbs-White,24,90,8.0
515,Morgan Gibbs-White,25,66,2.0
515,Morgan Gibbs-White,26,90,3.0
515,Morgan Gibbs-White,27,90,2.0
515,Morgan Gibbs-White,28,90,9.0
515,Morgan Gibbs-White,29,89,8.0
516,Callum Hudson-Odoi,6,30,1.0
516,Callum Hudson-Odoi,7,26,1.0
516,Callum Hudson-Odoi,8,37,1.0
516,Callum Hudson-Odoi,9,45,1.0
516,Callum Hudson-Odoi,10,90,2.0
516,Callum Hudson-Odoi,12,4,1.0
516,Callum Hudson-Odoi,13,45,1.0
516,Callum Hudson-Odoi,14,23,1.0
516,Callum Hudson-Odoi,15,45,1.0
516,Callum Hudson-Odoi,16,90,19.0
516,Callum Hudson-Odoi,17,90,2.0
516,Callum Hudson-Odoi,18,90,2.0
516,Callum Hudson-Odoi,19,74,2.0
516,Callum Hudson-Odoi,21,90,2.0
516,Callum Hudson-Odoi,22,90,3.0
516,Callum Hudson-Odoi,23,86,3.0
516,Callum Hudson-Odoi,24,45,1.0
516,Callum Hudson-Odoi,25,66,2.0
516,Callum Hudson-Odoi,26,64,3.0
516,Callum Hudson-Odoi,27,65,3.0
516,Callum Hudson-Odoi,28,73,2.0
516,Callum Hudson-Odoi,29,27,4.0
517,Elliot Anderson,6,90,3.0
517,Elliot Anderson,7,90,1.0
517,Elliot Anderson,8,90,4.0
517,Elliot Anderson,9,90,2.0
517,Elliot Anderson,10,90,4.0
517,Elliot Anderson,11,90,9.0
517,Elliot Anderson,12,90,9.0
517,Elliot Anderson,13,90,6.0
517,Elliot Anderson,14,90,2.0
517,Elliot Anderson,15,90,4.0
517,Elliot Anderson,16,90,3.0
517,Elliot Anderson,17,90,4.0
517,Elliot Anderson,18,90,3.0
517,Elliot Anderson,19,90,4.0
517,Elliot Anderson,20,90,4.0
517,Elliot Anderson,21,90,7.0
517,Elliot Anderson,22,90,5.0
517,Elliot Anderson,23,90,5.0
517,Elliot Anderson,24,90,7.0
517,Elliot Anderson,25,90,4.0
517,Elliot Anderson,26,90,5.0
517,Elliot Anderson,27,76,5.0
517,Elliot Anderson,28,90,1.0
517,Elliot Anderson,29,90,12.0
519,Nicolás Domínguez,6,45,0.0
519,Nicolás Domínguez,9,7,1.0
519,Nicolás Domínguez,11,58,1.0
519,Nicolás Domínguez,12,60,3.0
519,Nicolás Domínguez,13,45,1.0
519,Nicolás Domínguez,14,1,1.0
519,Nicolás Domínguez,15,28,1.0
519,Nicolás Domínguez,17,17,0.0
519,Nicolás Domínguez,18,86,2.0
519,Nicolás Domínguez,19,45,1.0
519,Nicolás Domínguez,20,82,4.0
519,Nicolás Domínguez,21,90,10.0
519,Nicolás Domínguez,22,88,3.0
519,Nicolás Domínguez,23,60,3.0
519,Nicolás Domínguez,24,45,1.0
519,Nicolás Domínguez,25,53,1.0
519,Nicolás Domínguez,27,13,1.0
519,Nicolás Domínguez,29,63,2.0
521,Ibrahim Sangaré,8,90,1.0
521,Ibrahim Sangaré,10,1,1.0
521,Ibrahim Sangaré,11,58,5.0
521,Ibrahim Sangaré,12,90,3.0
521,Ibrahim Sangaré,13,73,4.0
521,Ibrahim Sangaré,14,66,3.0
521,Ibrahim Sangaré,15,45,1.0
521,Ibrahim Sangaré,16,90,18.0
521,Ibrahim Sangaré,22,90,3.0
521,Ibrahim Sangaré,23,90,5.0
521,Ibrahim Sangaré,24,90,2.0
521,Ibrahim Sangaré,25,90,1.0
521,Ibrahim Sangaré,26,90,3.0
521,Ibrahim Sangaré,27,90,4.0
521,Ibrahim Sangaré,28,90,2.0
521,Ibrahim Sangaré,29,90,1.0
522,Ryan Yates,7,63,1.0
522,Ryan Yates,9,45,1.0
522,Ryan Yates,10,76,5.0
522,Ryan Yates,11,31,1.0
522,Ryan Yates,12,4,1.0
522,Ryan Yates,13,16,1.0
522,Ryan Yates,14,23,1.0
522,Ryan Yates,15,16,1.0
522,Ryan Yates,24,45,1.0
522,Ryan Yates,25,23,1.0
522,Ryan Yates,29,1,1.0
525,Chris Wood,6,89,2.0
525,Chris Wood,7,63,2.0
525,Chris Wood,8,16,1.0
526,Igor Jesus Maciel da Cruz,6,30,1.0
526,Igor Jesus Maciel da Cruz,7,26,1.0
526,Igor Jesus Maciel da Cruz,8,45,1.0
526,Igor Jesus Maciel da Cruz,9,45,1.0
526,Igor Jesus Maciel da Cruz,10,77,5.0
526,Igor Jesus Maciel da Cruz,11,58,1.0
526,Igor Jesus Maciel da Cruz,12,85,2.0
526,Igor Jesus Maciel da Cruz,13,74,2.0
526,Igor Jesus Maciel da Cruz,14,90,9.0
526,Igor Jesus Maciel da Cruz,15,90,2.0
526,Igor Jesus Maciel da Cruz,16,84,2.0
526,Igor Jesus Maciel da Cruz,17,71,2.0
526,Igor Jesus Maciel da Cruz,18,90,5.0
526,Igor Jesus Maciel da Cruz,19,61,2.0
526,Igor Jesus Maciel da Cruz,20,82,2.0
526,Igor Jesus Maciel da Cruz,21,90,2.0
526,Igor Jesus Maciel da Cruz,22,75,2.0
526,Igor Jesus Maciel da Cruz,23,67,9.0
526,Igor Jesus Maciel da Cruz,24,69,2.0
526,Igor Jesus Maciel da Cruz,25,53,1.0
526,Igor Jesus Maciel da Cruz,26,19,1.0
526,Igor Jesus Maciel da Cruz,27,76,2.0
526,Igor Jesus Maciel da Cruz,28,82,5.0
526,Igor Jesus Maciel da Cruz,29,78,5.0
527,Taiwo Awoniyi,8,45,1.0
527,Taiwo Awoniyi,9,45,1.0
527,Taiwo Awoniyi,10,12,1.0
527,Taiwo Awoniyi,11,31,1.0
527,Taiwo Awoniyi,17,18,1.0
527,Taiwo Awoniyi,18,3,1.0
527,Taiwo Awoniyi,19,28,1.0
527,Taiwo Awoniyi,23,22,6.0
527,Taiwo Awoniyi,28,7,1.0
527,Taiwo Awoniyi,29,11,1.0
531,Daniel Ballard,6,15,1.0
531,Daniel Ballard,7,53,3.0
531,Daniel Ballard,8,90,10.0
531,Daniel Ballard,9,90,2.0
531,Daniel Ballard,10,90,4.0
531,Daniel Ballard,11,90,10.0
531,Daniel Ballard,12,90,1.0
531,Daniel Ballard,13,90,3.0
531,Daniel Ballard,14,90,4.0
531,Daniel Ballard,15,90,1.0
531,Daniel Ballard,16,90,8.0
531,Daniel Ballard,17,90,9.0
531,Daniel Ballard,20,24,1.0
531,Daniel Ballard,21,78,1.0
531,Daniel Ballard,22,90,4.0
531,Daniel Ballard,23,90,2.0
531,Daniel Ballard,24,90,9.0
531,Daniel Ballard,25,90,1.0
531,Daniel Ballard,26,90,4.0
531,Daniel Ballard,27,90,4.0
531,Daniel Ballard,28,90,4.0
531,Daniel Ballard,29,90,9.0
532,Trai Hume,6,90,6.0
532,Trai Hume,7,78,1.0
532,Trai Hume,8,90,11.0
532,Trai Hume,9,90,2.0
532,Trai Hume,10,90,1.0
532,Trai Hume,11,90,1.0
532,Trai Hume,12,89,1.0
532,Trai Hume,13,27,0.0
532,Trai Hume,14,90,2.0
532,Trai Hume,15,87,1.0
532,Trai Hume,16,20,1.0
532,Trai Hume,17,90,10.0
532,Trai Hume,18,90,1.0
532,Trai Hume,19,90,6.0
532,Trai Hume,20,90,2.0
532,Trai Hume,21,90,0.0
532,Trai Hume,22,90,1.0
532,Trai Hume,23,45,0.0
532,Trai Hume,24,90,5.0
532,Trai Hume,25,84,1.0
532,Trai Hume,26,79,2.0
532,Trai Hume,27,90,1.0
532,Trai Hume,28,90,2.0
532,Trai Hume,29,90,8.0
535,Dennis Cirkin,18,90,2.0
535,Dennis Cirkin,19,90,8.0
535,Dennis Cirkin,20,58,0.0
535,Dennis Cirkin,21,11,1.0
535,Dennis Cirkin,22,2,1.0
535,Dennis Cirkin,23,45,1.0
539,Luke O'Nien,14,1,1.0
539,Luke O'Nien,15,3,-2.0
539,Luke O'Nien,21,7,1.0
539,Luke O'Nien,23,7,1.0
539,Luke O'Nien,24,4,1.0
539,Luke O'Nien,29,90,5.0
541,Reinildo Mandava,9,90,2.0
541,Reinildo Mandava,10,90,2.0
541,Reinildo Mandava,11,90,0.0
541,Reinildo Mandava,12,90,1.0
541,Reinildo Mandava,13,90,4.0
541,Reinildo Mandava,14,90,4.0
541,Reinildo Mandava,16,90,10.0
541,Reinildo Mandava,22,90,2.0
541,Reinildo Mandava,23,45,-1.0
541,Reinildo Mandava,24,90,11.0
541,Reinildo Mandava,25,90,1.0
541,Reinildo Mandava,26,90,1.0
543,Simon Adingra,6,5,1.0
543,Simon Adingra,7,36,1.0
543,Simon Adingra,11,26,1.0
543,Simon Adingra,12,1,1.0
543,Simon Adingra,15,18,1.0
543,Simon Adingra,17,62,3.0
543,Simon Adingra,18,84,10.0
543,Simon Adingra,19,71,2.0
543,Simon Adingra,20,65,2.0
543,Simon Adingra,21,51,1.0
544,Habib Diarra,17,26,1.0
544,Habib Diarra,23,45,0.0
544,Habib Diarra,24,79,14.0
544,Habib Diarra,25,90,1.0
544,Habib Diarra,26,90,2.0
544,Habib Diarra,27,70,2.0
544,Habib Diarra,28,90,5.0
544,Habib Diarra,29,90,7.0
547,Enzo Le Fée,6,74,3.0
547,Enzo Le Fée,7,90,2.0
547,Enzo Le Fée,8,90,5.0
547,Enzo Le Fée,9,74,1.0
547,Enzo Le Fée,10,90,6.0
547,Enzo Le Fée,11,63,2.0
547,Enzo Le Fée,12,89,2.0
547,Enzo Le Fée,13,85,13.0
547,Enzo Le Fée,14,79,5.0
547,Enzo Le Fée,15,90,2.0
547,Enzo Le Fée,16,90,2.0
547,Enzo Le Fée,17,90,2.0
547,Enzo Le Fée,18,90,2.0
547,Enzo Le Fée,19,90,5.0
547,Enzo Le Fée,20,90,4.0
547,Enzo Le Fée,21,90,0.0
547,Enzo Le Fée,22,90,8.0
547,Enzo Le Fée,23,90,2.0
547,Enzo Le Fée,24,90,5.0
547,Enzo Le Fée,25,90,2.0
547,Enzo Le Fée,26,90,2.0
547,Enzo Le Fée,27,90,10.0
547,Enzo Le Fée,28,90,2.0
547,Enzo Le Fée,29,90,5.0
548,Romaine Mundle,13,27,0.0
548,Romaine Mundle,15,17,1.0
548,Romaine Mundle,16,7,1.0
548,Romaine Mundle,17,27,1.0
548,Romaine Mundle,18,5,1.0
548,Romaine Mundle,19,18,1.0
548,Romaine Mundle,20,31,1.0
548,Romaine Mundle,21,38,1.0
548,Romaine Mundle,22,87,2.0
548,Romaine Mundle,23,45,1.0
548,Romaine Mundle,24,10,1.0
548,Romaine Mundle,25,26,1.0
548,Romaine Mundle,26,10,1.0
548,Romaine Mundle,27,51,1.0
549,Dan Neil,8,1,1.0
549,Dan Neil,21,11,1.0
551,Chris Rigg,6,58,1.0
551,Chris Rigg,8,75,3.0
551,Chris Rigg,9,15,1.0
551,Chris Rigg,17,63,3.0
551,Chris Rigg,18,67,2.0
551,Chris Rigg,20,8,1.0
551,Chris Rigg,21,51,1.0
551,Chris Rigg,29,1,1.0
552,Noah Sadiki,6,90,2.0
552,Noah Sadiki,7,90,1.0
552,Noah Sadiki,8,90,3.0
552,Noah Sadiki,9,90,2.0
552,Noah Sadiki,10,90,3.0
552,Noah Sadiki,11,90,4.0
552,Noah Sadiki,12,90,2.0
552,Noah Sadiki,13,90,2.0
552,Noah Sadiki,14,90,2.0
552,Noah Sadiki,15,71,2.0
552,Noah Sadiki,16,90,3.0
552,Noah Sadiki,22,90,5.0
552,Noah Sadiki,23,90,3.0
552,Noah Sadiki,24,90,3.0
552,Noah Sadiki,25,70,2.0
552,Noah Sadiki,26,90,2.0
552,Noah Sadiki,27,90,2.0
552,Noah Sadiki,28,90,1.0
552,Noah Sadiki,29,90,3.0
553,Chemsdine Talbi,6,84,3.0
553,Chemsdine Talbi,7,32,1.0
553,Chemsdine Talbi,8,27,4.0
553,Chemsdine Talbi,9,25,8.0
553,Chemsdine Talbi,10,8,1.0
553,Chemsdine Talbi,11,26,1.0
553,Chemsdine Talbi,12,26,1.0
553,Chemsdine Talbi,13,62,2.0
553,Chemsdine Talbi,14,90,10.0
553,Chemsdine Talbi,15,34,1.0
553,Chemsdine Talbi,16,82,3.0
553,Chemsdine Talbi,23,45,1.0
553,Chemsdine Talbi,24,79,8.0
553,Chemsdine Talbi,25,63,2.0
553,Chemsdine Talbi,26,10,1.0
553,Chemsdine Talbi,28,68,2.0
560,Wilson Isidor,6,84,2.0
560,Wilson Isidor,7,58,1.0
560,Wilson Isidor,8,75,2.0
560,Wilson Isidor,9,74,7.0
560,Wilson Isidor,10,82,2.0
560,Wilson Isidor,11,62,2.0
560,Wilson Isidor,12,63,2.0
560,Wilson Isidor,13,62,2.0
560,Wilson Isidor,14,28,1.0
560,Wilson Isidor,15,55,1.0
560,Wilson Isidor,16,20,0.0
560,Wilson Isidor,17,18,1.0
560,Wilson Isidor,18,22,1.0
560,Wilson Isidor,19,32,1.0
560,Wilson Isidor,23,15,1.0
560,Wilson Isidor,24,10,1.0
560,Wilson Isidor,25,5,1.0
560,Wilson Isidor,26,1,1.0
560,Wilson Isidor,27,20,1.0
560,Wilson Isidor,28,1,1.0
560,Wilson Isidor,29,34,4.0
561,Eliezer Mayenda Dossou,7,32,1.0
561,Eliezer Mayenda Dossou,8,14,1.0
561,Eliezer Mayenda Dossou,11,3,1.0
561,Eliezer Mayenda Dossou,12,1,1.0
561,Eliezer Mayenda Dossou,18,22,1.0
561,Eliezer Mayenda Dossou,19,90,2.0
561,Eliezer Mayenda Dossou,20,81,2.0
561,Eliezer Mayenda Dossou,21,38,1.0
561,Eliezer Mayenda Dossou,22,6,1.0
561,Eliezer Mayenda Dossou,23,74,2.0
561,Eliezer Mayenda Dossou,27,20,1.0
561,Eliezer Mayenda Dossou,28,90,9.0
561,Eliezer Mayenda Dossou,29,55,1.0
565,Guglielmo Vicario,6,90,2.0
565,Guglielmo Vicario,7,90,3.0
565,Guglielmo Vicario,8,90,1.0
565,Guglielmo Vicario,9,90,6.0
565,Guglielmo Vicario,10,90,4.0
565,Guglielmo Vicario,11,90,1.0
565,Guglielmo Vicario,12,90,1.0
565,Guglielmo Vicario,13,90,1.0
565,Guglielmo Vicario,14,90,2.0
565,Guglielmo Vicario,15,90,6.0
565,Guglielmo Vicario,16,90,2.0
565,Guglielmo Vicario,17,90,1.0
565,Guglielmo Vicario,18,90,7.0
565,Guglielmo Vicario,19,90,5.0
565,Guglielmo Vicario,20,90,2.0
565,Guglielmo Vicario,21,90,1.0
565,Guglielmo Vicario,22,90,1.0
565,Guglielmo Vicario,23,90,1.0
565,Guglielmo Vicario,24,90,1.0
565,Guglielmo Vicario,25,90,3.0
565,Guglielmo Vicario,26,90,2.0
565,Guglielmo Vicario,27,90,0.0
565,Guglielmo Vicario,28,90,1.0
565,Guglielmo Vicario,29,90,1.0
568,Pedro Porro Sauceda,6,27,1.0
568,Pedro Porro Sauceda,7,90,7.0
568,Pedro Porro Sauceda,8,90,1.0
568,Pedro Porro Sauceda,9,90,11.0
568,Pedro Porro Sauceda,10,72,2.0
568,Pedro Porro Sauceda,11,66,2.0
568,Pedro Porro Sauceda,12,12,0.0
568,Pedro Porro Sauceda,13,90,1.0
568,Pedro Porro Sauceda,14,90,1.0
568,Pedro Porro Sauceda,15,90,5.0
568,Pedro Porro Sauceda,16,90,0.0
568,Pedro Porro Sauceda,17,90,1.0
568,Pedro Porro Sauceda,18,90,6.0
568,Pedro Porro Sauceda,19,90,10.0
568,Pedro Porro Sauceda,20,90,4.0
568,Pedro Porro Sauceda,21,90,0.0
568,Pedro Porro Sauceda,22,90,4.0
568,Pedro Porro Sauceda,23,45,1.0
568,Pedro Porro Sauceda,28,90,0.0
568,Pedro Porro Sauceda,29,73,1.0
569,Cristian Romero,6,90,2.0
569,Cristian Romero,7,90,1.0
569,Cristian Romero,10,30,1.0
569,Cristian Romero,11,87,1.0
569,Cristian Romero,12,90,1.0
569,Cristian Romero,14,90,17.0
569,Cristian Romero,15,80,6.0
569,Cristian Romero,16,90,1.0
569,Cristian Romero,17,90,0.0
569,Cristian Romero,19,90,9.0
569,Cristian Romero,20,90,2.0
569,Cristian Romero,21,90,3.0
569,Cristian Romero,22,90,8.0
569,Cristian Romero,23,90,11.0
569,Cristian Romero,24,45,0.0
569,Cristian Romero,25,28,-3.0
570,Kevin Danso,7,5,1.0
570,Kevin Danso,8,90,0.0
570,Kevin Danso,9,90,9.0
570,Kevin Danso,10,59,0.0
570,Kevin Danso,11,2,0.0
570,Kevin Danso,12,45,0.0
570,Kevin Danso,13,90,3.0
570,Kevin Danso,14,90,3.0
570,Kevin Danso,15,9,1.0
570,Kevin Danso,18,90,7.0
570,Kevin Danso,23,77,1.0
570,Kevin Danso,28,1,1.0
570,Kevin Danso,29,90,3.0
571,Ben Davies,16,31,1.0
571,Ben Davies,20,87,9.0
571,Ben Davies,22,18,0.0
572,Radu Drăgușin,18,5,1.0
572,Radu Drăgușin,23,1,1.0
572,Radu Drăgușin,24,90,1.0
572,Radu Drăgușin,25,58,0.0
572,Radu Drăgușin,26,90,3.0
572,Radu Drăgușin,27,90,2.0
572,Radu Drăgușin,28,89,3.0
573,Djed Spence,6,62,2.0
573,Djed Spence,8,85,1.0
573,Djed Spence,9,90,6.0
573,Djed Spence,10,90,2.0
573,Djed Spence,11,90,1.0
573,Djed Spence,12,77,0.0
573,Djed Spence,15,90,6.0
573,Djed Spence,16,58,0.0
573,Djed Spence,17,90,1.0
573,Djed Spence,18,90,7.0
573,Djed Spence,19,90,6.0
573,Djed Spence,20,2,1.0
573,Djed Spence,21,90,1.0
573,Djed Spence,22,71,1.0
573,Djed Spence,23,90,1.0
573,Djed Spence,26,90,0.0
573,Djed Spence,27,90,0.0
574,Destiny Udogie,6,83,2.0
574,Destiny Udogie,7,90,2.0
574,Destiny Udogie,10,17,1.0
574,Destiny Udogie,11,23,4.0
574,Destiny Udogie,12,90,0.0
574,Destiny Udogie,13,84,0.0
574,Destiny Udogie,14,90,1.0
574,Destiny Udogie,23,45,1.0
574,Destiny Udogie,24,90,1.0
574,Destiny Udogie,25,54,0.0
575,Micky van de Ven,6,90,2.0
575,Micky van de Ven,7,90,2.0
575,Micky van de Ven,8,90,0.0
575,Micky van de Ven,9,90,23.0
575,Micky van de Ven,10,90,2.0
575,Micky van de Ven,11,90,1.0
575,Micky van de Ven,12,90,0.0
575,Micky van de Ven,13,90,0.0
575,Micky van de Ven,15,90,6.0
575,Micky van de Ven,16,90,1.0
575,Micky van de Ven,17,90,0.0
575,Micky van de Ven,18,90,11.0
575,Micky van de Ven,19,90,6.0
575,Micky van de Ven,20,90,7.0
575,Micky van de Ven,21,90,0.0
575,Micky van de Ven,22,90,0.0
575,Micky van de Ven,23,90,7.0
575,Micky van de Ven,25,90,1.0
575,Micky van de Ven,26,90,3.0
575,Micky van de Ven,27,90,0.0
575,Micky van de Ven,28,90,0.0
575,Micky van de Ven,29,37,-3.0
580,Brennan Johnson,6,28,1.0
580,Brennan Johnson,7,1,1.0
580,Brennan Johnson,8,4,1.0
580,Brennan Johnson,9,90,3.0
580,Brennan Johnson,10,17,1.0
580,Brennan Johnson,11,90,1.0
580,Brennan Johnson,12,12,1.0
580,Brennan Johnson,14,76,2.0
580,Brennan Johnson,16,10,1.0
580,Brennan Johnson,17,32,1.0
580,Brennan Johnson,18,5,1.0
580,Brennan Johnson,20,71,1.0
580,Brennan Johnson,21,90,2.0
580,Brennan Johnson,22,90,2.0
580,Brennan Johnson,23,75,2.0
580,Brennan Johnson,24,90,2.0
580,Brennan Johnson,25,2,1.0
580,Brennan Johnson,26,32,1.0
580,Brennan Johnson,27,13,1.0
580,Brennan Johnson,28,57,4.0
580,Brennan Johnson,29,23,1.0
582,Mohammed Kudus,6,90,2.0
582,Mohammed Kudus,7,89,12.0
582,Mohammed Kudus,8,90,2.0
582,Mohammed Kudus,9,77,3.0
582,Mohammed Kudus,10,90,1.0
582,Mohammed Kudus,12,77,2.0
582,Mohammed Kudus,13,90,8.0
582,Mohammed Kudus,14,86,7.0
582,Mohammed Kudus,15,79,3.0
582,Mohammed Kudus,16,79,2.0
582,Mohammed Kudus,17,57,1.0
582,Mohammed Kudus,18,84,3.0
582,Mohammed Kudus,19,90,3.0
582,Mohammed Kudus,20,18,1.0
584,Mathys Tel,6,6,1.0
584,Mathys Tel,7,72,9.0
584,Mathys Tel,8,59,1.0
584,Mathys Tel,9,1,1.0
584,Mathys Tel,11,11,6.0
584,Mathys Tel,13,5,1.0
584,Mathys Tel,14,13,4.0
584,Mathys Tel,16,10,1.0
584,Mathys Tel,19,10,1.0
584,Mathys Tel,20,87,2.0
584,Mathys Tel,21,90,10.0
584,Mathys Tel,22,61,2.0
584,Mathys Tel,23,12,1.0
584,Mathys Tel,24,22,1.0
584,Mathys Tel,25,10,1.0
584,Mathys Tel,26,55,1.0
584,Mathys Tel,27,8,1.0
584,Mathys Tel,28,32,1.0
584,Mathys Tel,29,90,2.0
585,Rodrigo Bentancur,6,61,2.0
585,Rodrigo Bentancur,7,90,4.0
585,Rodrigo Bentancur,8,85,12.0
585,Rodrigo Bentancur,9,90,8.0
585,Rodrigo Bentancur,10,59,0.0
585,Rodrigo Bentancur,11,11,1.0
585,Rodrigo Bentancur,12,65,1.0
585,Rodrigo Bentancur,13,30,1.0
585,Rodrigo Bentancur,14,90,3.0
585,Rodrigo Bentancur,15,64,5.0
585,Rodrigo Bentancur,16,58,1.0
585,Rodrigo Bentancur,17,90,3.0
585,Rodrigo Bentancur,18,90,5.0
585,Rodrigo Bentancur,19,90,5.0
585,Rodrigo Bentancur,20,90,3.0
585,Rodrigo Bentancur,21,85,2.0
586,Lucas Bergvall,6,77,1.0
586,Lucas Bergvall,8,11,1.0
586,Lucas Bergvall,9,29,1.0
586,Lucas Bergvall,10,6,1.0
586,Lucas Bergvall,13,76,5.0
586,Lucas Bergvall,14,76,2.0
586,Lucas Bergvall,16,31,0.0
586,Lucas Bergvall,17,70,2.0
586,Lucas Bergvall,18,62,3.0
586,Lucas Bergvall,20,18,1.0
586,Lucas Bergvall,21,56,1.0
586,Lucas Bergvall,22,1,1.0
587,Yves Bissouma,22,45,1.0
587,Yves Bissouma,23,77,4.0
587,Yves Bissouma,24,67,1.0
587,Yves Bissouma,25,10,1.0
587,Yves Bissouma,26,45,1.0
587,Yves Bissouma,27,90,3.0
587,Yves Bissouma,28,79,2.0
587,Yves Bissouma,29,47,0.0
588,Wilson Odobert,6,12,1.0
588,Wilson Odobert,7,84,2.0
588,Wilson Odobert,8,78,2.0
588,Wilson Odobert,10,17,1.0
588,Wilson Odobert,11,45,7.0
588,Wilson Odobert,12,65,2.0
588,Wilson Odobert,13,30,1.0
588,Wilson Odobert,14,3,1.0
588,Wilson Odobert,15,16,1.0
588,Wilson Odobert,17,19,1.0
588,Wilson Odobert,18,27,1.0
588,Wilson Odobert,19,66,3.0
588,Wilson Odobert,20,71,3.0
588,Wilson Odobert,21,33,1.0
588,Wilson Odobert,22,89,2.0
588,Wilson Odobert,23,90,8.0
588,Wilson Odobert,24,22,1.0
588,Wilson Odobert,25,31,1.0
588,Wilson Odobert,26,34,1.0
591,Archie Gray,13,59,1.0
591,Archie Gray,14,3,1.0
591,Archie Gray,15,90,2.0
591,Archie Gray,16,58,0.0
591,Archie Gray,17,70,2.0
591,Archie Gray,18,84,10.0
591,Archie Gray,19,90,3.0
591,Archie Gray,20,71,3.0
591,Archie Gray,21,4,1.0
591,Archie Gray,22,45,0.0
591,Archie Gray,23,12,1.0
591,Archie Gray,24,90,2.0
591,Archie Gray,25,90,2.0
591,Archie Gray,26,90,10.0
591,Archie Gray,27,90,1.0
591,Archie Gray,28,90,5.0
591,Archie Gray,29,90,5.0
593,Pape Matar Sarr,6,12,4.0
593,Pape Matar Sarr,7,17,1.0
593,Pape Matar Sarr,8,4,1.0
593,Pape Matar Sarr,9,12,6.0
593,Pape Matar Sarr,10,90,4.0
593,Pape Matar Sarr,11,90,2.0
593,Pape Matar Sarr,12,24,1.0
593,Pape Matar Sarr,13,13,1.0
593,Pape Matar Sarr,14,86,2.0
593,Pape Matar Sarr,15,10,1.0
593,Pape Matar Sarr,24,45,1.0
593,Pape Matar Sarr,25,90,2.0
593,Pape Matar Sarr,26,90,8.0
593,Pape Matar Sarr,27,90,4.0
593,Pape Matar Sarr,28,32,1.0
593,Pape Matar Sarr,29,90,1.0
596,Dominic Solanke-Mitchell,22,28,1.0
596,Dominic Solanke-Mitchell,23,90,2.0
596,Dominic Solanke-Mitchell,24,89,12.0
596,Dominic Solanke-Mitchell,25,79,2.0
596,Dominic Solanke-Mitchell,26,90,2.0
596,Dominic Solanke-Mitchell,27,28,1.0
596,Dominic Solanke-Mitchell,28,90,2.0
596,Dominic Solanke-Mitchell,29,73,7.0
597,Richarlison de Andrade,6,90,2.0
597,Richarlison de Andrade,7,16,1.0
597,Richarlison de Andrade,8,30,1.0
597,Richarlison de Andrade,9,28,4.0
597,Richarlison de Andrade,10,30,1.0
597,Richarlison de Andrade,11,90,6.0
597,Richarlison de Andrade,12,90,6.0
597,Richarlison de Andrade,13,59,1.0
597,Richarlison de Andrade,14,13,0.0
597,Richarlison de Andrade,15,90,8.0
597,Richarlison de Andrade,16,90,2.0
597,Richarlison de Andrade,17,10,4.0
597,Richarlison de Andrade,18,90,5.0
597,Richarlison de Andrade,19,90,2.0
597,Richarlison de Andrade,20,90,2.0
597,Richarlison de Andrade,21,23,1.0
597,Richarlison de Andrade,27,22,1.0
597,Richarlison de Andrade,28,32,5.0
597,Richarlison de Andrade,29,16,1.0
599,Dane Scarlett,20,2,1.0
599,Dane Scarlett,23,5,1.0
600,Alphonse Areola,6,90,3.0
600,Alphonse Areola,7,90,2.0
600,Alphonse Areola,8,90,2.0
600,Alphonse Areola,9,90,2.0
600,Alphonse Areola,10,90,3.0
600,Alphonse Areola,11,90,2.0
600,Alphonse Areola,12,90,9.0
600,Alphonse Areola,13,90,2.0
600,Alphonse Areola,14,90,3.0
600,Alphonse Areola,15,90,3.0
600,Alphonse Areola,16,90,1.0
600,Alphonse Areola,17,90,2.0
600,Alphonse Areola,18,90,3.0
600,Alphonse Areola,19,90,2.0
600,Alphonse Areola,20,90,2.0
600,Alphonse Areola,21,90,2.0
600,Alphonse Areola,22,90,3.0
600,Alphonse Areola,23,90,2.0
600,Alphonse Areola,24,90,2.0
603,El Hadji Malick Diouf,6,90,5.0
603,El Hadji Malick Diouf,7,90,3.0
603,El Hadji Malick Diouf,8,45,1.0
603,El Hadji Malick Diouf,9,90,1.0
603,El Hadji Malick Diouf,10,90,2.0
603,El Hadji Malick Diouf,11,90,1.0
603,El Hadji Malick Diouf,12,90,3.0
603,El Hadji Malick Diouf,13,90,1.0
603,El Hadji Malick Diouf,14,90,3.0
603,El Hadji Malick Diouf,15,82,6.0
603,El Hadji Malick Diouf,16,90,0.0
603,El Hadji Malick Diouf,23,20,1.0
603,El Hadji Malick Diouf,24,80,1.0
603,El Hadji Malick Diouf,25,78,9.0
603,El Hadji Malick Diouf,26,79,6.0
603,El Hadji Malick Diouf,27,90,9.0
603,El Hadji Malick Diouf,28,89,3.0
603,El Hadji Malick Diouf,29,90,6.0
605,Maximilian Kilman,6,90,3.0
605,Maximilian Kilman,7,90,1.0
605,Maximilian Kilman,8,90,3.0
605,Maximilian Kilman,9,90,1.0
605,Maximilian Kilman,10,90,2.0
605,Maximilian Kilman,11,90,1.0
605,Maximilian Kilman,12,90,3.0
605,Maximilian Kilman,14,3,1.0
605,Maximilian Kilman,15,90,4.0
605,Maximilian Kilman,17,90,1.0
605,Maximilian Kilman,18,90,4.0
605,Maximilian Kilman,19,90,0.0
605,Maximilian Kilman,20,90,1.0
605,Maximilian Kilman,22,1,1.0
605,Maximilian Kilman,23,1,1.0
605,Maximilian Kilman,24,24,0.0
606,Konstantinos Mavropanos,6,90,1.0
606,Konstantinos Mavropanos,7,90,3.0
606,Konstantinos Mavropanos,8,45,1.0
606,Konstantinos Mavropanos,13,90,3.0
606,Konstantinos Mavropanos,14,90,4.0
606,Konstantinos Mavropanos,15,90,4.0
606,Konstantinos Mavropanos,16,90,1.0
606,Konstantinos Mavropanos,17,11,1.0
606,Konstantinos Mavropanos,19,45,1.0
606,Konstantinos Mavropanos,20,90,1.0
606,Konstantinos Mavropanos,21,90,2.0
606,Konstantinos Mavropanos,22,90,4.0
606,Konstantinos Mavropanos,23,90,2.0
606,Konstantinos Mavropanos,24,90,3.0
606,Konstantinos Mavropanos,25,90,8.0
606,Konstantinos Mavropanos,26,90,2.0
606,Konstantinos Mavropanos,27,90,6.0
606,Konstantinos Mavropanos,28,90,2.0
606,Konstantinos Mavropanos,29,1,1.0
608,Ollie Scarles,8,45,1.0
608,Ollie Scarles,9,24,0.0
608,Ollie Scarles,17,63,1.0
608,Ollie Scarles,18,90,2.0
608,Ollie Scarles,19,90,3.0
608,Ollie Scarles,20,90,1.0
608,Ollie Scarles,21,62,4.0
608,Ollie Scarles,22,90,2.0
608,Ollie Scarles,23,70,5.0
608,Ollie Scarles,24,9,0.0
608,Ollie Scarles,25,11,1.0
608,Ollie Scarles,26,10,1.0
609,Jean-Clair Todibo,8,90,1.0
609,Jean-Clair Todibo,9,90,0.0
609,Jean-Clair Todibo,10,90,4.0
609,Jean-Clair Todibo,11,90,1.0
609,Jean-Clair Todibo,12,90,5.0
609,Jean-Clair Todibo,13,90,1.0
609,Jean-Clair Todibo,14,90,4.0
609,Jean-Clair Todibo,15,90,2.0
609,Jean-Clair Todibo,16,90,1.0
609,Jean-Clair Todibo,17,90,1.0
609,Jean-Clair Todibo,18,90,1.0
609,Jean-Clair Todibo,19,45,1.0
609,Jean-Clair Todibo,21,90,2.0
609,Jean-Clair Todibo,22,90,4.0
609,Jean-Clair Todibo,23,90,2.0
609,Jean-Clair Todibo,24,90,0.0
609,Jean-Clair Todibo,29,90,9.0
610,Aaron Wan-Bissaka,7,78,1.0
610,Aaron Wan-Bissaka,8,45,1.0
610,Aaron Wan-Bissaka,9,78,1.0
610,Aaron Wan-Bissaka,10,90,7.0
610,Aaron Wan-Bissaka,11,90,3.0
610,Aaron Wan-Bissaka,12,90,2.0
610,Aaron Wan-Bissaka,13,90,1.0
610,Aaron Wan-Bissaka,14,90,3.0
610,Aaron Wan-Bissaka,15,90,4.0
610,Aaron Wan-Bissaka,16,90,1.0
610,Aaron Wan-Bissaka,22,90,4.0
610,Aaron Wan-Bissaka,23,90,2.0
610,Aaron Wan-Bissaka,24,90,7.0
610,Aaron Wan-Bissaka,25,90,8.0
610,Aaron Wan-Bissaka,26,90,2.0
610,Aaron Wan-Bissaka,27,90,6.0
610,Aaron Wan-Bissaka,28,90,0.0
610,Aaron Wan-Bissaka,29,90,7.0
612,Lucas Tolentino Coelho de Lima,6,90,4.0
612,Lucas Tolentino Coelho de Lima,7,90,1.0
612,Lucas Tolentino Coelho de Lima,8,90,2.0
612,Lucas Tolentino Coelho de Lima,9,90,1.0
612,Lucas Tolentino Coelho de Lima,10,90,9.0
612,Lucas Tolentino Coelho de Lima,11,82,4.0
612,Lucas Tolentino Coelho de Lima,13,83,-1.0
612,Lucas Tolentino Coelho de Lima,15,81,3.0
612,Lucas Tolentino Coelho de Lima,16,88,2.0
612,Lucas Tolentino Coelho de Lima,17,77,2.0
612,Lucas Tolentino Coelho de Lima,18,81,3.0
612,Lucas Tolentino Coelho de Lima,19,82,13.0
612,Lucas Tolentino Coelho de Lima,21,62,2.0
613,Tomáš Souček,8,70,2.0
613,Tomáš Souček,9,64,2.0
613,Tomáš Souček,10,29,6.0
613,Tomáš Souček,11,28,12.0
613,Tomáš Souček,12,38,1.0
613,Tomáš Souček,13,2,1.0
613,Tomáš Souček,14,82,2.0
613,Tomáš Souček,15,8,1.0
613,Tomáš Souček,16,2,1.0
613,Tomáš Souček,17,12,1.0
613,Tomáš Souček,18,7,1.0
613,Tomáš Souček,19,8,1.0
613,Tomáš Souček,20,45,1.0
613,Tomáš Souček,21,90,6.0
613,Tomáš Souček,22,90,3.0
613,Tomáš Souček,23,90,2.0
613,Tomáš Souček,24,90,2.0
613,Tomáš Souček,25,90,3.0
613,Tomáš Souček,26,90,9.0
613,Tomáš Souček,27,71,2.0
613,Tomáš Souček,28,89,7.0
613,Tomáš Souček,29,90,3.0
614,James Ward-Prowse,26,7,1.0
614,James Ward-Prowse,27,33,4.0
614,James Ward-Prowse,28,74,2.0
614,James Ward-Prowse,29,33,1.0
615,Crysencio Summerville,6,76,2.0
615,Crysencio Summerville,7,90,1.0
615,Crysencio Summerville,8,90,1.0
615,Crysencio Summerville,9,78,1.0
615,Crysencio Summerville,10,78,2.0
615,Crysencio Summerville,11,82,5.0
615,Crysencio Summerville,15,71,3.0
615,Crysencio Summerville,16,87,2.0
615,Crysencio Summerville,17,78,2.0
615,Crysencio Summerville,18,55,1.0
615,Crysencio Summerville,19,27,1.0
615,Crysencio Summerville,20,90,2.0
615,Crysencio Summerville,21,90,4.0
615,Crysencio Summerville,22,90,10.0
615,Crysencio Summerville,23,90,8.0
615,Crysencio Summerville,24,90,7.0
615,Crysencio Summerville,25,90,11.0
615,Crysencio Summerville,26,89,3.0
615,Crysencio Summerville,27,90,3.0
615,Crysencio Summerville,28,90,1.0
615,Crysencio Summerville,29,90,11.0
618,Guido Rodríguez,8,19,1.0
618,Guido Rodríguez,15,63,2.0
618,Guido Rodríguez,16,1,1.0
618,Guido Rodríguez,17,11,1.0
618,Guido Rodríguez,22,11,1.0
619,Luis Guilherme Lira dos Santos,6,13,1.0
619,Luis Guilherme Lira dos Santos,12,45,1.0
619,Luis Guilherme Lira dos Santos,13,22,1.0
620,George Earthy,18,8,1.0
621,Andy Irving,6,1,1.0
621,Andy Irving,8,60,2.0
621,Andy Irving,9,64,2.0
621,Andy Irving,14,7,1.0
623,Freddie Potts,6,31,1.0
623,Freddie Potts,7,29,1.0
623,Freddie Potts,9,26,1.0
623,Freddie Potts,10,90,2.0
623,Freddie Potts,11,61,4.0
623,Freddie Potts,12,90,2.0
623,Freddie Potts,13,87,2.0
623,Freddie Potts,14,82,2.0
623,Freddie Potts,15,26,0.0
623,Freddie Potts,16,87,5.0
623,Freddie Potts,17,78,2.0
623,Freddie Potts,18,90,2.0
623,Freddie Potts,19,90,2.0
623,Freddie Potts,20,45,1.0
623,Freddie Potts,21,10,1.0
623,Freddie Potts,23,15,1.0
623,Freddie Potts,25,33,1.0
623,Freddie Potts,26,79,3.0
624,Jarrod Bowen,6,90,9.0
624,Jarrod Bowen,7,90,2.0
624,Jarrod Bowen,8,90,2.0
624,Jarrod Bowen,9,90,5.0
624,Jarrod Bowen,10,90,2.0
624,Jarrod Bowen,11,90,2.0
624,Jarrod Bowen,12,90,4.0
624,Jarrod Bowen,13,90,2.0
624,Jarrod Bowen,14,90,5.0
624,Jarrod Bowen,15,90,9.0
624,Jarrod Bowen,16,90,8.0
624,Jarrod Bowen,17,90,1.0
624,Jarrod Bowen,18,90,2.0
624,Jarrod Bowen,19,90,7.0
624,Jarrod Bowen,20,90,4.0
624,Jarrod Bowen,21,90,2.0
624,Jarrod Bowen,22,90,3.0
624,Jarrod Bowen,23,90,12.0
624,Jarrod Bowen,24,80,8.0
624,Jarrod Bowen,25,90,2.0
624,Jarrod Bowen,26,89,5.0
624,Jarrod Bowen,27,90,4.0
624,Jarrod Bowen,28,90,7.0
624,Jarrod Bowen,29,90,4.0
625,Niclas Füllkrug,6,90,2.0
625,Niclas Füllkrug,7,60,2.0
625,Niclas Füllkrug,12,16,1.0
625,Niclas Füllkrug,13,12,1.0
626,Callum Marshall,7,29,1.0
626,Callum Marshall,8,29,1.0
627,Sam Johnstone,6,90,2.0
627,Sam Johnstone,7,90,3.0
627,Sam Johnstone,8,90,1.0
627,Sam Johnstone,9,90,2.0
627,Sam Johnstone,10,90,2.0
627,Sam Johnstone,11,90,2.0
627,Sam Johnstone,12,90,1.0
627,Sam Johnstone,13,90,3.0
627,Sam Johnstone,14,90,2.0
627,Sam Johnstone,15,90,1.0
627,Sam Johnstone,16,90,-1.0
628,José Malheiro de Sá,17,90,2.0
628,José Malheiro de Sá,18,90,1.0
628,José Malheiro de Sá,19,90,4.0
628,José Malheiro de Sá,20,90,6.0
628,José Malheiro de Sá,21,90,1.0
628,José Malheiro de Sá,22,90,7.0
628,José Malheiro de Sá,23,90,1.0
628,José Malheiro de Sá,24,90,1.0
628,José Malheiro de Sá,25,90,2.0
628,José Malheiro de Sá,26,180,13.0
628,José Malheiro de Sá,27,90,2.0
628,José Malheiro de Sá,28,90,8.0
628,José Malheiro de Sá,29,90,3.0
631,Emmanuel Agbadou,6,45,1.0
631,Emmanuel Agbadou,7,30,1.0
631,Emmanuel Agbadou,10,35,-3.0
631,Emmanuel Agbadou,12,90,3.0
631,Emmanuel Agbadou,13,90,2.0
631,Emmanuel Agbadou,14,90,2.0
631,Emmanuel Agbadou,15,90,2.0
631,Emmanuel Agbadou,16,90,0.0
631,Emmanuel Agbadou,24,90,3.0
632,Matt Doherty,6,45,0.0
632,Matt Doherty,8,66,2.0
632,Matt Doherty,16,68,5.0
632,Matt Doherty,17,89,1.0
632,Matt Doherty,18,61,1.0
632,Matt Doherty,19,90,2.0
632,Matt Doherty,25,45,0.0
632,Matt Doherty,29,58,1.0
633,Hugo Bueno López,6,90,2.0
633,Hugo Bueno López,7,76,8.0
633,Hugo Bueno López,8,90,1.0
633,Hugo Bueno López,9,84,1.0
633,Hugo Bueno López,10,90,1.0
633,Hugo Bueno López,11,90,1.0
633,Hugo Bueno López,12,2,1.0
633,Hugo Bueno López,13,13,1.0
633,Hugo Bueno López,15,20,1.0
633,Hugo Bueno López,18,61,1.0
633,Hugo Bueno López,19,90,5.0
633,Hugo Bueno López,20,90,11.0
633,Hugo Bueno López,21,90,2.0
633,Hugo Bueno López,22,90,6.0
633,Hugo Bueno López,23,90,1.0
633,Hugo Bueno López,24,88,2.0
633,Hugo Bueno López,25,90,1.0
633,Hugo Bueno López,26,149,8.0
633,Hugo Bueno López,27,90,4.0
633,Hugo Bueno López,28,90,6.0
633,Hugo Bueno López,29,11,1.0
634,Yerson Mosquera Valdelamar,7,1,1.0
634,Yerson Mosquera Valdelamar,10,45,-3.0
634,Yerson Mosquera Valdelamar,13,76,1.0
634,Yerson Mosquera Valdelamar,14,80,1.0
634,Yerson Mosquera Valdelamar,15,90,-1.0
634,Yerson Mosquera Valdelamar,16,90,0.0
634,Yerson Mosquera Valdelamar,18,78,3.0
634,Yerson Mosquera Valdelamar,19,90,4.0
634,Yerson Mosquera Valdelamar,20,90,6.0
634,Yerson Mosquera Valdelamar,21,90,3.0
634,Yerson Mosquera Valdelamar,22,90,8.0
634,Yerson Mosquera Valdelamar,23,90,0.0
634,Yerson Mosquera Valdelamar,24,90,0.0
634,Yerson Mosquera Valdelamar,25,90,1.0
634,Yerson Mosquera Valdelamar,26,180,9.0
634,Yerson Mosquera Valdelamar,27,90,4.0
634,Yerson Mosquera Valdelamar,28,90,9.0
634,Yerson Mosquera Valdelamar,29,31,1.0
635,Rodrigo Martins Gomes,8,76,2.0
635,Rodrigo Martins Gomes,9,90,1.0
635,Rodrigo Martins Gomes,22,5,1.0
635,Rodrigo Martins Gomes,23,45,1.0
635,Rodrigo Martins Gomes,24,70,2.0
635,Rodrigo Martins Gomes,25,45,1.0
635,Rodrigo Martins Gomes,26,79,2.0
635,Rodrigo Martins Gomes,28,1,7.0
635,Rodrigo Martins Gomes,29,20,7.0
636,Santiago Ignacio Bueno,6,90,12.0
636,Santiago Ignacio Bueno,7,90,1.0
636,Santiago Ignacio Bueno,8,90,1.0
636,Santiago Ignacio Bueno,9,90,4.0
636,Santiago Ignacio Bueno,10,90,2.0
636,Santiago Ignacio Bueno,11,90,1.0
636,Santiago Ignacio Bueno,17,90,3.0
636,Santiago Ignacio Bueno,18,90,7.0
636,Santiago Ignacio Bueno,20,90,6.0
636,Santiago Ignacio Bueno,21,90,2.0
636,Santiago Ignacio Bueno,22,90,6.0
636,Santiago Ignacio Bueno,23,90,1.0
636,Santiago Ignacio Bueno,24,88,2.0
636,Santiago Ignacio Bueno,25,90,1.0
636,Santiago Ignacio Bueno,26,180,9.0
636,Santiago Ignacio Bueno,27,90,2.0
636,Santiago Ignacio Bueno,28,90,6.0
636,Santiago Ignacio Bueno,29,90,1.0
637,Toti Gomes,6,1,1.0
637,Toti Gomes,10,45,0.0
637,Toti Gomes,11,90,1.0
637,Toti Gomes,12,90,3.0
637,Toti Gomes,13,90,4.0
637,Toti Gomes,14,90,2.0
637,Toti Gomes,15,69,1.0
637,Toti Gomes,16,85,4.0
637,Toti Gomes,28,90,8.0
638,Ki-Jana Hoever,8,23,1.0
638,Ki-Jana Hoever,9,75,1.0
638,Ki-Jana Hoever,10,45,1.0
638,Ki-Jana Hoever,14,9,1.0
638,Ki-Jana Hoever,15,85,0.0
638,Ki-Jana Hoever,17,80,4.0
640,Pedro Cardoso de Lima,21,1,1.0
640,Pedro Cardoso de Lima,24,1,1.0
640,Pedro Cardoso de Lima,25,1,1.0
642,Hwang Hee-chan,6,45,1.0
642,Hwang Hee-chan,7,59,1.0
642,Hwang Hee-chan,9,22,1.0
642,Hwang Hee-chan,11,69,2.0
642,Hwang Hee-chan,12,24,1.0
642,Hwang Hee-chan,14,23,1.0
642,Hwang Hee-chan,16,79,1.0
642,Hwang Hee-chan,17,89,1.0
642,Hwang Hee-chan,18,61,2.0
642,Hwang Hee-chan,19,87,2.0
642,Hwang Hee-chan,20,60,11.0
642,Hwang Hee-chan,21,90,1.0
642,Hwang Hee-chan,22,84,3.0
642,Hwang Hee-chan,23,70,2.0
642,Hwang Hee-chan,24,69,2.0
642,Hwang Hee-chan,25,42,1.0
643,André Trindade da Costa Neto,6,90,5.0
643,André Trindade da Costa Neto,7,90,3.0
643,André Trindade da Costa Neto,8,90,4.0
643,André Trindade da Costa Neto,9,67,2.0
643,André Trindade da Costa Neto,10,14,1.0
643,André Trindade da Costa Neto,11,90,1.0
643,André Trindade da Costa Neto,12,90,4.0
643,André Trindade da Costa Neto,13,90,3.0
643,André Trindade da Costa Neto,14,90,2.0
643,André Trindade da Costa Neto,15,90,2.0
643,André Trindade da Costa Neto,16,90,4.0
643,André Trindade da Costa Neto,17,90,2.0
643,André Trindade da Costa Neto,18,90,3.0
643,André Trindade da Costa Neto,20,45,1.0
643,André Trindade da Costa Neto,21,45,1.0
643,André Trindade da Costa Neto,22,90,2.0
643,André Trindade da Costa Neto,23,90,1.0
643,André Trindade da Costa Neto,24,79,3.0
643,André Trindade da Costa Neto,26,90,2.0
643,André Trindade da Costa Neto,27,90,3.0
643,André Trindade da Costa Neto,28,88,5.0
643,André Trindade da Costa Neto,29,90,12.0
644,Jean-Ricner Bellegarde,6,26,1.0
644,Jean-Ricner Bellegarde,7,14,1.0
644,Jean-Ricner Bellegarde,9,90,1.0
644,Jean-Ricner Bellegarde,10,63,2.0
644,Jean-Ricner Bellegarde,11,69,2.0
644,Jean-Ricner Bellegarde,12,24,1.0
644,Jean-Ricner Bellegarde,13,68,2.0
644,Jean-Ricner Bellegarde,14,66,3.0
644,Jean-Ricner Bellegarde,15,53,6.0
644,Jean-Ricner Bellegarde,24,19,1.0
644,Jean-Ricner Bellegarde,25,11,1.0
644,Jean-Ricner Bellegarde,26,95,1.0
644,Jean-Ricner Bellegarde,27,86,3.0
644,Jean-Ricner Bellegarde,28,80,2.0
644,Jean-Ricner Bellegarde,29,30,1.0
645,Fer López González,8,14,1.0
645,Fer López González,15,36,1.0
645,Fer López González,16,10,1.0
645,Fer López González,17,64,2.0
645,Fer López González,19,2,1.0
646,João Victor Gomes da Silva,6,63,2.0
646,João Victor Gomes da Silva,7,90,4.0
646,João Victor Gomes da Silva,8,75,2.0
646,João Victor Gomes da Silva,9,22,1.0
646,João Victor Gomes da Silva,10,45,1.0
646,João Victor Gomes da Silva,11,90,2.0
646,João Victor Gomes da Silva,12,90,3.0
646,João Victor Gomes da Silva,13,90,4.0
646,João Victor Gomes da Silva,14,84,1.0
646,João Victor Gomes da Silva,16,90,5.0
646,João Victor Gomes da Silva,17,90,1.0
646,João Victor Gomes da Silva,18,90,4.0
646,João Victor Gomes da Silva,19,90,4.0
646,João Victor Gomes da Silva,20,45,1.0
646,João Victor Gomes da Silva,21,90,4.0
646,João Victor Gomes da Silva,22,70,3.0
646,João Victor Gomes da Silva,23,90,3.0
646,João Victor Gomes da Silva,24,90,3.0
646,João Victor Gomes da Silva,25,90,2.0
646,João Victor Gomes da Silva,26,90,5.0
646,João Victor Gomes da Silva,27,3,1.0
646,João Victor Gomes da Silva,28,90,14.0
646,João Victor Gomes da Silva,29,90,3.0
648,Marshall Munetsi,6,90,4.0
648,Marshall Munetsi,7,90,5.0
648,Marshall Munetsi,8,90,4.0
648,Marshall Munetsi,9,83,8.0
648,Marshall Munetsi,10,90,4.0
648,Marshall Munetsi,11,20,0.0
648,Marshall Munetsi,12,65,2.0
648,Marshall Munetsi,14,5,1.0
650,Tawanda Chirewa,13,21,1.0
650,Tawanda Chirewa,20,4,1.0
651,Tom Edozie,26,6,6.0
654,Jørgen Strand Larsen,6,83,2.0
654,Jørgen Strand Larsen,7,76,2.0
654,Jørgen Strand Larsen,8,90,2.0
654,Jørgen Strand Larsen,9,90,6.0
654,Jørgen Strand Larsen,10,75,2.0
654,Jørgen Strand Larsen,11,90,2.0
654,Jørgen Strand Larsen,12,90,2.0
654,Jørgen Strand Larsen,13,90,2.0
654,Jørgen Strand Larsen,14,90,2.0
654,Jørgen Strand Larsen,15,68,1.0
654,Jørgen Strand Larsen,16,68,2.0
654,Jørgen Strand Larsen,17,90,0.0
654,Jørgen Strand Larsen,18,28,1.0
654,Jørgen Strand Larsen,19,26,0.0
654,Jørgen Strand Larsen,20,29,1.0
654,Jørgen Strand Larsen,21,23,4.0
654,Jørgen Strand Larsen,22,25,1.0
654,Jørgen Strand Larsen,23,45,1.0
654,Jørgen Strand Larsen,24,20,1.0
654,Jørgen Strand Larsen,25,90,1.0
654,Jørgen Strand Larsen,26,90,13.0
654,Jørgen Strand Larsen,27,90,2.0
654,Jørgen Strand Larsen,28,57,1.0
654,Jørgen Strand Larsen,29,80,5.0
659,Kyle Walker-Peters,6,90,1.0
659,Kyle Walker-Peters,7,11,1.0
659,Kyle Walker-Peters,8,45,1.0
659,Kyle Walker-Peters,9,11,1.0
659,Kyle Walker-Peters,10,11,1.0
659,Kyle Walker-Peters,11,7,7.0
659,Kyle Walker-Peters,12,45,0.0
659,Kyle Walker-Peters,17,90,3.0
659,Kyle Walker-Peters,18,90,2.0
659,Kyle Walker-Peters,19,82,1.0
659,Kyle Walker-Peters,20,90,3.0
659,Kyle Walker-Peters,21,90,0.0
659,Kyle Walker-Peters,25,1,1.0
659,Kyle Walker-Peters,26,1,1.0
660,Anton Stach,6,90,2.0
660,Anton Stach,7,66,2.0
660,Anton Stach,8,72,2.0
660,Anton Stach,10,30,1.0
660,Anton Stach,11,90,4.0
660,Anton Stach,12,22,4.0
660,Anton Stach,14,90,6.0
660,Anton Stach,15,90,12.0
660,Anton Stach,16,90,2.0
660,Anton Stach,17,90,8.0
660,Anton Stach,18,90,4.0
660,Anton Stach,19,90,5.0
660,Anton Stach,20,90,4.0
660,Anton Stach,21,79,2.0
660,Anton Stach,23,84,8.0
660,Anton Stach,24,80,2.0
660,Anton Stach,27,82,11.0
660,Anton Stach,28,90,2.0
660,Anton Stach,29,90,4.0
661,Hugo Ekitiké,7,16,1.0
661,Hugo Ekitiké,8,28,1.0
661,Hugo Ekitiké,9,90,2.0
661,Hugo Ekitiké,10,76,2.0
661,Hugo Ekitiké,11,55,1.0
661,Hugo Ekitiké,12,35,1.0
661,Hugo Ekitiké,13,22,1.0
661,Hugo Ekitiké,14,16,1.0
661,Hugo Ekitiké,15,83,13.0
661,Hugo Ekitiké,16,77,13.0
661,Hugo Ekitiké,17,90,9.0
661,Hugo Ekitiké,18,85,5.0
661,Hugo Ekitiké,19,90,2.0
661,Hugo Ekitiké,22,90,2.0
661,Hugo Ekitiké,23,31,1.0
661,Hugo Ekitiké,24,83,13.0
661,Hugo Ekitiké,25,90,2.0
661,Hugo Ekitiké,26,87,2.0
661,Hugo Ekitiké,27,90,2.0
661,Hugo Ekitiké,28,75,15.0
661,Hugo Ekitiké,29,90,2.0
662,Cristhian Mosquera,6,45,1.0
662,Cristhian Mosquera,9,45,1.0
662,Cristhian Mosquera,11,2,1.0
662,Cristhian Mosquera,12,2,1.0
662,Cristhian Mosquera,13,90,1.0
662,Cristhian Mosquera,14,43,1.0
662,Cristhian Mosquera,26,90,4.0
662,Cristhian Mosquera,27,33,1.0
662,Cristhian Mosquera,29,63,5.0
663,Jhon Arias,6,90,5.0
663,Jhon Arias,7,90,3.0
663,Jhon Arias,8,76,2.0
663,Jhon Arias,9,67,2.0
663,Jhon Arias,10,45,1.0
663,Jhon Arias,12,15,1.0
663,Jhon Arias,13,87,1.0
663,Jhon Arias,14,80,2.0
663,Jhon Arias,15,69,2.0
663,Jhon Arias,16,10,1.0
663,Jhon Arias,17,1,1.0
663,Jhon Arias,18,11,1.0
663,Jhon Arias,19,90,4.0
663,Jhon Arias,20,90,9.0
663,Jhon Arias,21,45,1.0
663,Jhon Arias,22,19,1.0
663,Jhon Arias,23,45,1.0
663,Jhon Arias,24,10,1.0
665,Lucas Estella Perri,9,90,1.0
665,Lucas Estella Perri,10,90,2.0
665,Lucas Estella Perri,11,90,2.0
665,Lucas Estella Perri,12,90,1.0
665,Lucas Estella Perri,13,90,3.0
665,Lucas Estella Perri,14,90,2.0
665,Lucas Estella Perri,15,90,2.0
665,Lucas Estella Perri,16,90,2.0
665,Lucas Estella Perri,17,90,1.0
665,Lucas Estella Perri,18,90,2.0
665,Lucas Estella Perri,19,90,10.0
665,Lucas Estella Perri,20,90,2.0
665,Lucas Estella Perri,21,90,1.0
666,Viktor Gyökeres,6,90,2.0
666,Viktor Gyökeres,7,90,2.0
666,Viktor Gyökeres,8,90,2.0
666,Viktor Gyökeres,9,90,2.0
666,Viktor Gyökeres,10,45,7.0
666,Viktor Gyökeres,13,18,0.0
666,Viktor Gyökeres,14,7,1.0
666,Viktor Gyökeres,15,45,1.0
666,Viktor Gyökeres,16,80,2.0
666,Viktor Gyökeres,17,64,5.0
666,Viktor Gyökeres,18,70,2.0
666,Viktor Gyökeres,19,76,2.0
666,Viktor Gyökeres,20,65,2.0
666,Viktor Gyökeres,21,63,2.0
666,Viktor Gyökeres,22,56,1.0
666,Viktor Gyökeres,23,32,1.0
666,Viktor Gyökeres,24,75,7.0
666,Viktor Gyökeres,25,30,12.0
666,Viktor Gyökeres,26,154,3.0
666,Viktor Gyökeres,27,90,13.0
666,Viktor Gyökeres,28,75,2.0
666,Viktor Gyökeres,29,58,1.0
668,Granit Xhaka,6,90,9.0
668,Granit Xhaka,7,90,3.0
668,Granit Xhaka,8,90,5.0
668,Granit Xhaka,9,90,2.0
668,Granit Xhaka,10,90,10.0
668,Granit Xhaka,11,90,3.0
668,Granit Xhaka,12,90,2.0
668,Granit Xhaka,13,90,5.0
668,Granit Xhaka,14,90,4.0
668,Granit Xhaka,15,72,2.0
668,Granit Xhaka,16,90,3.0
668,Granit Xhaka,17,90,3.0
668,Granit Xhaka,18,90,6.0
668,Granit Xhaka,19,90,5.0
668,Granit Xhaka,20,90,4.0
668,Granit Xhaka,21,90,2.0
668,Granit Xhaka,22,90,2.0
668,Granit Xhaka,27,19,1.0
668,Granit Xhaka,28,75,2.0
668,Granit Xhaka,29,35,1.0
669,Dan Ndoye,6,59,1.0
669,Dan Ndoye,7,64,2.0
669,Dan Ndoye,9,82,2.0
669,Dan Ndoye,10,90,1.0
669,Dan Ndoye,11,90,5.0
669,Dan Ndoye,12,85,3.0
669,Dan Ndoye,13,45,1.0
669,Dan Ndoye,14,66,3.0
669,Dan Ndoye,15,45,1.0
669,Dan Ndoye,16,1,1.0
669,Dan Ndoye,22,14,1.0
669,Dan Ndoye,24,20,1.0
669,Dan Ndoye,25,23,1.0
669,Dan Ndoye,26,25,1.0
669,Dan Ndoye,27,24,1.0
669,Dan Ndoye,28,8,1.0
670,Robin Roefs,6,90,10.0
670,Robin Roefs,7,90,2.0
670,Robin Roefs,8,90,7.0
670,Robin Roefs,9,90,4.0
670,Robin Roefs,10,90,2.0
670,Robin Roefs,11,90,2.0
670,Robin Roefs,12,90,3.0
670,Robin Roefs,13,90,1.0
670,Robin Roefs,14,90,3.0
670,Robin Roefs,15,90,1.0
670,Robin Roefs,16,90,9.0
670,Robin Roefs,17,90,7.0
670,Robin Roefs,18,90,3.0
670,Robin Roefs,19,90,7.0
670,Robin Roefs,20,90,3.0
670,Robin Roefs,21,90,2.0
670,Robin Roefs,22,90,2.0
670,Robin Roefs,23,90,1.0
670,Robin Roefs,24,90,6.0
670,Robin Roefs,25,90,1.0
670,Robin Roefs,26,90,2.0
670,Robin Roefs,27,90,1.0
670,Robin Roefs,28,90,2.0
671,Callum Wilson,9,65,2.0
671,Callum Wilson,10,60,2.0
671,Callum Wilson,11,70,7.0
671,Callum Wilson,12,51,12.0
671,Callum Wilson,13,77,2.0
671,Callum Wilson,14,86,2.0
671,Callum Wilson,15,18,4.0
671,Callum Wilson,16,9,1.0
671,Callum Wilson,17,11,1.0
671,Callum Wilson,18,34,1.0
671,Callum Wilson,19,62,5.0
671,Callum Wilson,20,90,2.0
671,Callum Wilson,22,1,6.0
671,Callum Wilson,23,20,1.0
671,Callum Wilson,24,14,1.0
671,Callum Wilson,25,56,1.0
671,Callum Wilson,26,21,1.0
671,Callum Wilson,27,18,1.0
671,Callum Wilson,29,59,1.0
672,Jorrel Hato,6,78,2.0
672,Jorrel Hato,7,22,1.0
672,Jorrel Hato,20,28,1.0
672,Jorrel Hato,21,62,1.0
672,Jorrel Hato,22,5,1.0
672,Jorrel Hato,23,9,1.0
672,Jorrel Hato,24,45,0.0
672,Jorrel Hato,25,6,1.0
672,Jorrel Hato,26,45,0.0
672,Jorrel Hato,27,10,0.0
672,Jorrel Hato,28,74,0.0
672,Jorrel Hato,29,90,2.0
673,João Maria Lobo Alves Palhares Costa Palhinha Gonçalves,6,90,9.0
673,João Maria Lobo Alves Palhares Costa Palhinha Gonçalves,7,90,1.0
673,João Maria Lobo Alves Palhares Costa Palhinha Gonçalves,8,90,9.0
673,João Maria Lobo Alves Palhares Costa Palhinha Gonçalves,9,90,5.0
673,João Maria Lobo Alves Palhares Costa Palhinha Gonçalves,10,90,4.0
673,João Maria Lobo Alves Palhares Costa Palhinha Gonçalves,11,78,3.0
673,João Maria Lobo Alves Palhares Costa Palhinha Gonçalves,12,90,8.0
673,João Maria Lobo Alves Palhares Costa Palhinha Gonçalves,13,59,1.0
673,João Maria Lobo Alves Palhares Costa Palhinha Gonçalves,15,25,1.0
673,João Maria Lobo Alves Palhares Costa Palhinha Gonçalves,16,31,1.0
673,João Maria Lobo Alves Palhares Costa Palhinha Gonçalves,17,19,4.0
673,João Maria Lobo Alves Palhares Costa Palhinha Gonçalves,18,27,1.0
673,João Maria Lobo Alves Palhares Costa Palhinha Gonçalves,19,79,2.0
673,João Maria Lobo Alves Palhares Costa Palhinha Gonçalves,20,18,0.0
673,João Maria Lobo Alves Palhares Costa Palhinha Gonçalves,21,90,9.0
673,João Maria Lobo Alves Palhares Costa Palhinha Gonçalves,24,90,4.0
673,João Maria Lobo Alves Palhares Costa Palhinha Gonçalves,25,79,1.0
673,João Maria Lobo Alves Palhares Costa Palhinha Gonçalves,26,45,1.0
673,João Maria Lobo Alves Palhares Costa Palhinha Gonçalves,27,81,4.0
673,João Maria Lobo Alves Palhares Costa Palhinha Gonçalves,28,90,2.0
673,João Maria Lobo Alves Palhares Costa Palhinha Gonçalves,29,90,4.0
674,Aaron Ramsdale,11,13,0.0
674,Aaron Ramsdale,13,90,2.0
674,Aaron Ramsdale,14,90,1.0
674,Aaron Ramsdale,15,90,2.0
674,Aaron Ramsdale,16,90,2.0
674,Aaron Ramsdale,17,90,1.0
674,Aaron Ramsdale,18,90,3.0
674,Aaron Ramsdale,29,90,3.0
675,Angus Gunn,24,45,1.0
676,Lesley Ugochukwu,6,11,1.0
676,Lesley Ugochukwu,7,21,7.0
676,Lesley Ugochukwu,8,82,10.0
676,Lesley Ugochukwu,9,90,2.0
676,Lesley Ugochukwu,10,61,2.0
676,Lesley Ugochukwu,11,70,5.0
676,Lesley Ugochukwu,12,71,2.0
676,Lesley Ugochukwu,13,30,1.0
676,Lesley Ugochukwu,14,19,1.0
676,Lesley Ugochukwu,15,90,2.0
676,Lesley Ugochukwu,16,82,9.0
676,Lesley Ugochukwu,17,81,2.0
676,Lesley Ugochukwu,18,90,3.0
676,Lesley Ugochukwu,19,87,4.0
676,Lesley Ugochukwu,20,54,1.0
676,Lesley Ugochukwu,21,90,4.0
676,Lesley Ugochukwu,22,84,4.0
676,Lesley Ugochukwu,23,90,2.0
676,Lesley Ugochukwu,24,90,1.0
676,Lesley Ugochukwu,25,78,2.0
676,Lesley Ugochukwu,26,86,7.0
676,Lesley Ugochukwu,27,56,1.0
676,Lesley Ugochukwu,28,45,1.0
676,Lesley Ugochukwu,29,82,2.0
677,Evann Guessand,6,82,2.0
677,Evann Guessand,7,23,1.0
677,Evann Guessand,8,60,2.0
677,Evann Guessand,9,16,1.0
677,Evann Guessand,10,58,1.0
677,Evann Guessand,11,4,1.0
677,Evann Guessand,14,85,8.0
677,Evann Guessand,17,6,1.0
677,Evann Guessand,22,72,2.0
677,Evann Guessand,25,34,4.0
677,Evann Guessand,26,57,1.0
677,Evann Guessand,27,18,6.0
677,Evann Guessand,28,32,1.0
677,Evann Guessand,29,66,2.0
678,Arthur Masuaku,6,58,0.0
678,Arthur Masuaku,7,57,0.0
679,Mads Hermansen,25,90,10.0
679,Mads Hermansen,26,90,2.0
679,Mads Hermansen,27,90,10.0
679,Mads Hermansen,28,90,0.0
679,Mads Hermansen,29,90,9.0
680,Armando Broja,6,10,1.0
680,Armando Broja,7,31,1.0
680,Armando Broja,10,14,1.0
680,Armando Broja,11,19,1.0
680,Armando Broja,12,18,1.0
680,Armando Broja,13,9,1.0
680,Armando Broja,14,9,1.0
680,Armando Broja,15,85,2.0
680,Armando Broja,16,90,2.0
680,Armando Broja,17,25,7.0
680,Armando Broja,18,87,2.0
680,Armando Broja,19,90,7.0
680,Armando Broja,20,63,2.0
680,Armando Broja,21,75,2.0
680,Armando Broja,22,73,2.0
680,Armando Broja,23,68,2.0
680,Armando Broja,24,27,1.0
680,Armando Broja,25,11,1.0
681,Benjamin Sesko,6,90,8.0
681,Benjamin Sesko,7,90,9.0
681,Benjamin Sesko,8,29,1.0
681,Benjamin Sesko,9,81,4.0
681,Benjamin Sesko,10,90,2.0
681,Benjamin Sesko,11,32,1.0
681,Benjamin Sesko,16,21,4.0
681,Benjamin Sesko,17,72,2.0
681,Benjamin Sesko,18,59,1.0
681,Benjamin Sesko,19,90,2.0
681,Benjamin Sesko,20,90,2.0
681,Benjamin Sesko,21,90,13.0
681,Benjamin Sesko,23,9,1.0
681,Benjamin Sesko,24,16,6.0
681,Benjamin Sesko,25,15,1.0
681,Benjamin Sesko,26,21,8.0
681,Benjamin Sesko,27,32,8.0
681,Benjamin Sesko,28,74,8.0
681,Benjamin Sesko,29,90,2.0
682,David Møller Wolfe,7,13,1.0
682,David Møller Wolfe,9,5,1.0
682,David Møller Wolfe,12,87,1.0
682,David Møller Wolfe,13,76,1.0
682,David Møller Wolfe,14,90,2.0
682,David Møller Wolfe,15,90,3.0
682,David Møller Wolfe,16,90,1.0
682,David Møller Wolfe,17,90,1.0
682,David Møller Wolfe,18,28,1.0
682,David Møller Wolfe,19,1,1.0
682,David Møller Wolfe,20,2,1.0
682,David Møller Wolfe,24,1,1.0
682,David Møller Wolfe,26,30,1.0
682,David Møller Wolfe,27,27,1.0
682,David Møller Wolfe,29,78,6.0
683,Omar Alderete,6,90,17.0
683,Omar Alderete,7,90,0.0
683,Omar Alderete,8,90,6.0
683,Omar Alderete,13,90,0.0
683,Omar Alderete,14,90,4.0
683,Omar Alderete,15,90,1.0
683,Omar Alderete,16,90,7.0
683,Omar Alderete,17,90,6.0
683,Omar Alderete,18,90,4.0
683,Omar Alderete,19,90,8.0
683,Omar Alderete,20,90,1.0
683,Omar Alderete,21,82,1.0
683,Omar Alderete,22,90,1.0
683,Omar Alderete,23,90,1.0
683,Omar Alderete,24,85,6.0
683,Omar Alderete,25,90,1.0
683,Omar Alderete,26,79,2.0
683,Omar Alderete,27,90,1.0
683,Omar Alderete,28,90,4.0
683,Omar Alderete,29,90,7.0
684,Malick Thiaw,6,90,3.0
684,Malick Thiaw,7,90,8.0
684,Malick Thiaw,8,90,1.0
684,Malick Thiaw,9,90,2.0
684,Malick Thiaw,10,90,1.0
684,Malick Thiaw,11,90,3.0
684,Malick Thiaw,12,90,4.0
684,Malick Thiaw,13,90,16.0
684,Malick Thiaw,14,90,1.0
684,Malick Thiaw,15,90,2.0
684,Malick Thiaw,16,90,3.0
684,Malick Thiaw,17,90,1.0
684,Malick Thiaw,18,90,2.0
684,Malick Thiaw,19,90,4.0
684,Malick Thiaw,20,90,17.0
684,Malick Thiaw,21,45,-1.0
684,Malick Thiaw,22,90,9.0
684,Malick Thiaw,23,90,1.0
684,Malick Thiaw,24,90,0.0
684,Malick Thiaw,25,90,1.0
684,Malick Thiaw,26,90,11.0
684,Malick Thiaw,27,90,3.0
684,Malick Thiaw,28,90,1.0
684,Malick Thiaw,29,90,4.0
685,Bafodé Diakité,6,90,3.0
685,Bafodé Diakité,7,90,2.0
685,Bafodé Diakité,8,90,3.0
685,Bafodé Diakité,10,90,1.0
685,Bafodé Diakité,12,45,0.0
685,Bafodé Diakité,13,90,1.0
685,Bafodé Diakité,14,90,4.0
685,Bafodé Diakité,15,90,6.0
685,Bafodé Diakité,16,90,0.0
685,Bafodé Diakité,17,90,2.0
685,Bafodé Diakité,18,45,0.0
685,Bafodé Diakité,21,3,1.0
685,Bafodé Diakité,22,11,1.0
685,Bafodé Diakité,24,1,1.0
686,Rio Ngumoha,6,6,1.0
686,Rio Ngumoha,9,20,1.0
686,Rio Ngumoha,12,12,1.0
686,Rio Ngumoha,19,6,1.0
686,Rio Ngumoha,22,12,1.0
686,Rio Ngumoha,23,16,1.0
686,Rio Ngumoha,27,13,1.0
686,Rio Ngumoha,28,14,1.0
686,Rio Ngumoha,29,25,1.0
691,Dominic Calvert-Lewin,7,90,2.0
691,Dominic Calvert-Lewin,8,90,2.0
691,Dominic Calvert-Lewin,9,86,2.0
691,Dominic Calvert-Lewin,10,64,2.0
691,Dominic Calvert-Lewin,11,16,1.0
691,Dominic Calvert-Lewin,12,19,1.0
691,Dominic Calvert-Lewin,13,45,7.0
691,Dominic Calvert-Lewin,14,85,9.0
691,Dominic Calvert-Lewin,15,90,6.0
691,Dominic Calvert-Lewin,16,90,9.0
691,Dominic Calvert-Lewin,17,86,13.0
691,Dominic Calvert-Lewin,18,84,8.0
691,Dominic Calvert-Lewin,19,20,1.0
691,Dominic Calvert-Lewin,20,90,2.0
691,Dominic Calvert-Lewin,21,86,8.0
691,Dominic Calvert-Lewin,22,90,2.0
691,Dominic Calvert-Lewin,23,90,2.0
691,Dominic Calvert-Lewin,24,84,2.0
691,Dominic Calvert-Lewin,25,90,7.0
691,Dominic Calvert-Lewin,27,90,2.0
691,Dominic Calvert-Lewin,28,90,2.0
691,Dominic Calvert-Lewin,29,90,2.0
693,Omari Hutchinson,7,25,1.0
693,Omari Hutchinson,9,45,1.0
693,Omari Hutchinson,11,31,8.0
693,Omari Hutchinson,12,29,4.0
693,Omari Hutchinson,13,45,1.0
693,Omari Hutchinson,14,90,6.0
693,Omari Hutchinson,15,90,2.0
693,Omari Hutchinson,16,90,5.0
693,Omari Hutchinson,17,90,2.0
693,Omari Hutchinson,18,90,9.0
693,Omari Hutchinson,19,90,2.0
693,Omari Hutchinson,20,90,2.0
693,Omari Hutchinson,21,45,1.0
693,Omari Hutchinson,22,1,1.0
693,Omari Hutchinson,23,29,1.0
693,Omari Hutchinson,25,36,4.0
693,Omari Hutchinson,26,90,3.0
693,Omari Hutchinson,27,65,3.0
693,Omari Hutchinson,28,55,1.0
694,Nordi Mukiele,7,90,3.0
694,Nordi Mukiele,8,90,17.0
694,Nordi Mukiele,9,90,2.0
694,Nordi Mukiele,10,90,1.0
694,Nordi Mukiele,11,90,4.0
694,Nordi Mukiele,12,90,4.0
694,Nordi Mukiele,13,90,0.0
694,Nordi Mukiele,14,90,0.0
694,Nordi Mukiele,15,90,1.0
694,Nordi Mukiele,16,90,8.0
694,Nordi Mukiele,17,90,6.0
694,Nordi Mukiele,18,90,4.0
694,Nordi Mukiele,19,90,11.0
694,Nordi Mukiele,20,90,4.0
694,Nordi Mukiele,21,90,3.0
694,Nordi Mukiele,22,90,6.0
694,Nordi Mukiele,23,82,4.0
694,Nordi Mukiele,24,90,9.0
694,Nordi Mukiele,25,90,1.0
694,Nordi Mukiele,26,90,2.0
694,Nordi Mukiele,27,11,1.0
695,Jackson Tchatchoua,7,90,4.0
695,Jackson Tchatchoua,8,13,1.0
695,Jackson Tchatchoua,9,14,1.0
695,Jackson Tchatchoua,10,45,0.0
695,Jackson Tchatchoua,11,90,3.0
695,Jackson Tchatchoua,12,90,1.0
695,Jackson Tchatchoua,13,90,2.0
695,Jackson Tchatchoua,14,80,2.0
695,Jackson Tchatchoua,15,4,1.0
695,Jackson Tchatchoua,16,21,0.0
695,Jackson Tchatchoua,17,1,1.0
695,Jackson Tchatchoua,18,28,1.0
695,Jackson Tchatchoua,19,90,1.0
695,Jackson Tchatchoua,20,90,5.0
695,Jackson Tchatchoua,21,90,2.0
695,Jackson Tchatchoua,22,90,6.0
695,Jackson Tchatchoua,23,45,0.0
695,Jackson Tchatchoua,26,99,1.0
695,Jackson Tchatchoua,27,90,2.0
695,Jackson Tchatchoua,28,90,6.0
695,Jackson Tchatchoua,29,90,5.0
696,Arnaud Kalimuendo,9,1,1.0
696,Arnaud Kalimuendo,13,15,1.0
696,Arnaud Kalimuendo,17,1,1.0
696,Arnaud Kalimuendo,20,7,1.0
697,Amine Adli,8,15,1.0
697,Amine Adli,9,21,1.0
697,Amine Adli,11,27,1.0
697,Amine Adli,12,29,1.0
697,Amine Adli,13,70,7.0
697,Amine Adli,14,59,1.0
697,Amine Adli,15,16,1.0
697,Amine Adli,17,1,1.0
697,Amine Adli,18,6,1.0
697,Amine Adli,19,12,1.0
697,Amine Adli,20,23,0.0
697,Amine Adli,21,3,1.0
697,Amine Adli,22,78,6.0
697,Amine Adli,23,90,10.0
697,Amine Adli,24,67,5.0
697,Amine Adli,25,90,2.0
697,Amine Adli,26,79,10.0
697,Amine Adli,27,65,3.0
697,Amine Adli,28,9,1.0
697,Amine Adli,29,16,1.0
698,Noah Okafor,7,78,8.0
698,Noah Okafor,9,45,4.0
698,Noah Okafor,10,76,2.0
698,Noah Okafor,11,90,2.0
698,Noah Okafor,12,79,2.0
698,Noah Okafor,13,8,1.0
698,Noah Okafor,14,23,4.0
698,Noah Okafor,15,64,2.0
698,Noah Okafor,16,90,2.0
698,Noah Okafor,17,76,3.0
698,Noah Okafor,18,72,2.0
698,Noah Okafor,19,20,1.0
698,Noah Okafor,20,74,2.0
698,Noah Okafor,21,10,1.0
698,Noah Okafor,22,69,3.0
698,Noah Okafor,23,5,1.0
698,Noah Okafor,24,45,1.0
698,Noah Okafor,25,81,7.0
698,Noah Okafor,26,35,6.0
699,Douglas Luiz Soares de Paulo,8,52,1.0
699,Douglas Luiz Soares de Paulo,9,45,0.0
699,Douglas Luiz Soares de Paulo,10,13,1.0
699,Douglas Luiz Soares de Paulo,16,5,1.0
699,Douglas Luiz Soares de Paulo,17,72,2.0
699,Douglas Luiz Soares de Paulo,19,45,0.0
699,Douglas Luiz Soares de Paulo,20,7,1.0
699,Douglas Luiz Soares de Paulo,24,90,2.0
699,Douglas Luiz Soares de Paulo,25,76,2.0
699,Douglas Luiz Soares de Paulo,26,83,3.0
699,Douglas Luiz Soares de Paulo,27,86,2.0
699,Douglas Luiz Soares de Paulo,28,59,1.0
699,Douglas Luiz Soares de Paulo,29,62,7.0
706,James Justin,9,46,0.0
706,James Justin,10,13,1.0
706,James Justin,13,68,1.0
706,James Justin,14,3,1.0
706,James Justin,16,1,1.0
706,James Justin,17,10,1.0
706,James Justin,19,90,6.0
706,James Justin,20,90,4.0
706,James Justin,21,90,0.0
706,James Justin,22,90,9.0
706,James Justin,23,90,9.0
706,James Justin,24,45,0.0
706,James Justin,25,90,7.0
706,James Justin,26,90,0.0
706,James Justin,27,90,2.0
706,James Justin,28,86,2.0
706,James Justin,29,73,2.0
707,Tyler Dibling,8,4,0.0
707,Tyler Dibling,13,10,1.0
707,Tyler Dibling,15,4,1.0
707,Tyler Dibling,16,6,1.0
707,Tyler Dibling,17,15,1.0
707,Tyler Dibling,18,87,2.0
707,Tyler Dibling,19,90,5.0
707,Tyler Dibling,20,45,1.0
707,Tyler Dibling,23,19,1.0
707,Tyler Dibling,24,10,1.0
707,Tyler Dibling,29,1,1.0
708,Mateus Gonçalo Espanha Fernandes,8,45,1.0
708,Mateus Gonçalo Espanha Fernandes,9,25,6.0
708,Mateus Gonçalo Espanha Fernandes,10,84,7.0
708,Mateus Gonçalo Espanha Fernandes,11,90,1.0
708,Mateus Gonçalo Espanha Fernandes,12,73,4.0
708,Mateus Gonçalo Espanha Fernandes,13,90,2.0
708,Mateus Gonçalo Espanha Fernandes,14,90,4.0
708,Mateus Gonçalo Espanha Fernandes,15,81,5.0
708,Mateus Gonçalo Espanha Fernandes,16,90,9.0
708,Mateus Gonçalo Espanha Fernandes,17,78,2.0
708,Mateus Gonçalo Espanha Fernandes,18,90,2.0
708,Mateus Gonçalo Espanha Fernandes,19,90,3.0
708,Mateus Gonçalo Espanha Fernandes,20,90,2.0
708,Mateus Gonçalo Espanha Fernandes,21,79,2.0
708,Mateus Gonçalo Espanha Fernandes,22,90,9.0
708,Mateus Gonçalo Espanha Fernandes,23,90,8.0
708,Mateus Gonçalo Espanha Fernandes,24,90,4.0
708,Mateus Gonçalo Espanha Fernandes,25,90,8.0
708,Mateus Gonçalo Espanha Fernandes,26,90,3.0
708,Mateus Gonçalo Espanha Fernandes,27,90,5.0
708,Mateus Gonçalo Espanha Fernandes,28,90,2.0
708,Mateus Gonçalo Espanha Fernandes,29,90,2.0
709,Ladislav Krejcí,8,90,-1.0
709,Ladislav Krejcí,9,90,4.0
709,Ladislav Krejcí,10,90,1.0
709,Ladislav Krejcí,11,90,1.0
709,Ladislav Krejcí,12,74,1.0
709,Ladislav Krejcí,15,90,1.0
709,Ladislav Krejcí,16,79,2.0
709,Ladislav Krejcí,17,90,1.0
709,Ladislav Krejcí,18,90,1.0
709,Ladislav Krejcí,19,90,8.0
709,Ladislav Krejcí,20,90,6.0
709,Ladislav Krejcí,21,67,2.0
709,Ladislav Krejcí,22,90,6.0
709,Ladislav Krejcí,23,90,1.0
709,Ladislav Krejcí,25,47,1.0
709,Ladislav Krejcí,26,180,9.0
709,Ladislav Krejcí,27,60,-1.0
709,Ladislav Krejcí,29,90,4.0
712,Yéremy Pino Santos,8,63,1.0
712,Yéremy Pino Santos,9,58,1.0
712,Yéremy Pino Santos,10,77,3.0
712,Yéremy Pino Santos,11,24,1.0
712,Yéremy Pino Santos,12,80,8.0
712,Yéremy Pino Santos,13,77,2.0
712,Yéremy Pino Santos,14,63,3.0
712,Yéremy Pino Santos,15,90,5.0
712,Yéremy Pino Santos,16,90,2.0
712,Yéremy Pino Santos,17,85,2.0
712,Yéremy Pino Santos,18,76,4.0
712,Yéremy Pino Santos,19,81,2.0
712,Yéremy Pino Santos,20,86,2.0
712,Yéremy Pino Santos,21,90,3.0
712,Yéremy Pino Santos,22,90,9.0
712,Yéremy Pino Santos,23,25,1.0
712,Yéremy Pino Santos,24,90,1.0
712,Yéremy Pino Santos,25,55,1.0
712,Yéremy Pino Santos,26,18,1.0
712,Yéremy Pino Santos,27,76,3.0
712,Yéremy Pino Santos,28,5,1.0
713,Álex Jiménez Sánchez,9,90,6.0
713,Álex Jiménez Sánchez,10,61,1.0
713,Álex Jiménez Sánchez,11,35,-1.0
713,Álex Jiménez Sánchez,12,45,1.0
713,Álex Jiménez Sánchez,14,90,4.0
713,Álex Jiménez Sánchez,15,73,6.0
713,Álex Jiménez Sánchez,16,90,3.0
713,Álex Jiménez Sánchez,17,90,2.0
713,Álex Jiménez Sánchez,18,90,3.0
713,Álex Jiménez Sánchez,19,90,3.0
713,Álex Jiménez Sánchez,20,90,1.0
713,Álex Jiménez Sánchez,21,86,0.0
713,Álex Jiménez Sánchez,22,90,2.0
713,Álex Jiménez Sánchez,23,84,7.0
713,Álex Jiménez Sánchez,24,85,5.0
713,Álex Jiménez Sánchez,25,85,1.0
713,Álex Jiménez Sánchez,26,90,1.0
713,Álex Jiménez Sánchez,27,88,6.0
713,Álex Jiménez Sánchez,28,90,2.0
713,Álex Jiménez Sánchez,29,90,8.0
714,Nick Woltemade,9,85,2.0
714,Nick Woltemade,10,45,1.0
714,Nick Woltemade,11,90,5.0
714,Nick Woltemade,12,84,2.0
714,Nick Woltemade,13,89,7.0
714,Nick Woltemade,14,90,5.0
714,Nick Woltemade,15,73,2.0
714,Nick Woltemade,16,74,0.0
714,Nick Woltemade,17,72,13.0
714,Nick Woltemade,18,67,2.0
714,Nick Woltemade,19,10,1.0
714,Nick Woltemade,20,12,1.0
714,Nick Woltemade,21,74,5.0
714,Nick Woltemade,22,66,2.0
714,Nick Woltemade,23,28,1.0
714,Nick Woltemade,24,17,1.0
714,Nick Woltemade,25,45,1.0
714,Nick Woltemade,26,2,1.0
714,Nick Woltemade,27,59,1.0
714,Nick Woltemade,28,55,1.0
715,John Victor Maciel Furtado,16,90,6.0
715,John Victor Maciel Furtado,17,90,1.0
715,John Victor Maciel Furtado,18,90,2.0
715,John Victor Maciel Furtado,19,90,1.0
715,John Victor Maciel Furtado,20,77,1.0
716,Nicolò Savona,9,90,1.0
716,Nicolò Savona,10,90,7.0
716,Nicolò Savona,11,90,2.0
716,Nicolò Savona,12,90,12.0
716,Nicolò Savona,13,90,1.0
716,Nicolò Savona,14,90,6.0
716,Nicolò Savona,15,45,-1.0
716,Nicolò Savona,16,90,5.0
716,Nicolò Savona,17,80,2.0
716,Nicolò Savona,18,90,1.0
716,Nicolò Savona,20,21,1.0
717,Xavi Simons,9,60,3.0
717,Xavi Simons,10,65,3.0
717,Xavi Simons,11,78,2.0
717,Xavi Simons,12,45,1.0
717,Xavi Simons,13,30,1.0
717,Xavi Simons,14,13,1.0
717,Xavi Simons,15,90,14.0
717,Xavi Simons,16,90,4.0
717,Xavi Simons,17,32,-2.0
717,Xavi Simons,21,90,5.0
717,Xavi Simons,22,90,2.0
717,Xavi Simons,23,90,4.0
717,Xavi Simons,24,90,6.0
717,Xavi Simons,25,90,2.0
717,Xavi Simons,26,90,1.0
717,Xavi Simons,27,90,2.0
717,Xavi Simons,28,57,1.0
717,Xavi Simons,29,16,1.0
718,Soungoutou Magassa,9,11,1.0
718,Soungoutou Magassa,11,19,1.0
718,Soungoutou Magassa,13,67,1.0
718,Soungoutou Magassa,14,90,11.0
718,Soungoutou Magassa,15,8,1.0
718,Soungoutou Magassa,16,80,4.0
718,Soungoutou Magassa,17,90,2.0
718,Soungoutou Magassa,18,82,5.0
718,Soungoutou Magassa,19,81,2.0
718,Soungoutou Magassa,20,45,1.0
718,Soungoutou Magassa,26,11,1.0
718,Soungoutou Magassa,27,83,3.0
718,Soungoutou Magassa,28,75,1.0
718,Soungoutou Magassa,29,30,1.0
719,Victor Lindelöf,15,4,1.0
719,Victor Lindelöf,16,90,4.0
719,Victor Lindelöf,17,90,2.0
719,Victor Lindelöf,18,90,2.0
719,Victor Lindelöf,19,90,0.0
719,Victor Lindelöf,20,90,2.0
719,Victor Lindelöf,21,90,6.0
719,Victor Lindelöf,23,1,1.0
719,Victor Lindelöf,26,6,1.0
720,Tolu Arokodare,9,6,1.0
720,Tolu Arokodare,10,26,1.0
720,Tolu Arokodare,12,65,1.0
720,Tolu Arokodare,13,2,1.0
720,Tolu Arokodare,14,9,1.0
720,Tolu Arokodare,15,21,1.0
720,Tolu Arokodare,16,21,7.0
720,Tolu Arokodare,17,9,1.0
720,Tolu Arokodare,18,90,5.0
720,Tolu Arokodare,19,63,2.0
720,Tolu Arokodare,20,87,2.0
720,Tolu Arokodare,21,90,2.0
720,Tolu Arokodare,22,64,2.0
720,Tolu Arokodare,23,19,1.0
720,Tolu Arokodare,24,90,2.0
720,Tolu Arokodare,25,90,8.0
720,Tolu Arokodare,26,158,4.0
720,Tolu Arokodare,27,90,0.0
720,Tolu Arokodare,28,9,1.0
720,Tolu Arokodare,29,30,4.0
721,Veljko Milosavljevic,9,90,6.0
721,Veljko Milosavljevic,11,90,2.0
721,Veljko Milosavljevic,14,90,4.0
721,Veljko Milosavljevic,21,1,1.0
721,Veljko Milosavljevic,22,1,1.0
722,Florentino Ibrain Morris Luís,9,90,2.0
722,Florentino Ibrain Morris Luís,10,90,2.0
722,Florentino Ibrain Morris Luís,11,90,4.0
722,Florentino Ibrain Morris Luís,12,83,2.0
722,Florentino Ibrain Morris Luís,13,74,5.0
722,Florentino Ibrain Morris Luís,14,70,2.0
722,Florentino Ibrain Morris Luís,15,64,2.0
722,Florentino Ibrain Morris Luís,16,61,2.0
722,Florentino Ibrain Morris Luís,18,37,1.0
722,Florentino Ibrain Morris Luís,19,87,3.0
722,Florentino Ibrain Morris Luís,20,90,3.0
722,Florentino Ibrain Morris Luís,21,90,2.0
722,Florentino Ibrain Morris Luís,22,89,7.0
722,Florentino Ibrain Morris Luís,23,68,4.0
722,Florentino Ibrain Morris Luís,24,62,2.0
722,Florentino Ibrain Morris Luís,25,45,0.0
722,Florentino Ibrain Morris Luís,26,3,1.0
722,Florentino Ibrain Morris Luís,28,15,1.0
722,Florentino Ibrain Morris Luís,29,56,1.0
723,Jaydee Canvot,10,1,1.0
723,Jaydee Canvot,11,90,10.0
723,Jaydee Canvot,12,7,1.0
723,Jaydee Canvot,14,2,1.0
723,Jaydee Canvot,15,13,1.0
723,Jaydee Canvot,19,33,1.0
723,Jaydee Canvot,20,52,2.0
723,Jaydee Canvot,21,90,10.0
723,Jaydee Canvot,23,64,0.0
723,Jaydee Canvot,27,90,5.0
723,Jaydee Canvot,28,90,3.0
723,Jaydee Canvot,29,90,2.0
724,Lutsharel Geertruida,9,90,2.0
724,Lutsharel Geertruida,10,90,2.0
724,Lutsharel Geertruida,11,86,1.0
724,Lutsharel Geertruida,12,90,2.0
724,Lutsharel Geertruida,13,4,1.0
724,Lutsharel Geertruida,14,11,1.0
724,Lutsharel Geertruida,15,90,1.0
724,Lutsharel Geertruida,17,90,6.0
724,Lutsharel Geertruida,18,90,2.0
724,Lutsharel Geertruida,19,90,6.0
724,Lutsharel Geertruida,20,90,2.0
724,Lutsharel Geertruida,21,78,1.0
724,Lutsharel Geertruida,24,10,1.0
724,Lutsharel Geertruida,25,19,1.0
724,Lutsharel Geertruida,26,10,1.0
724,Lutsharel Geertruida,27,78,1.0
724,Lutsharel Geertruida,28,90,4.0
724,Lutsharel Geertruida,29,54,1.0
725,Piero Hincapié,9,8,1.0
725,Piero Hincapié,10,18,1.0
725,Piero Hincapié,12,87,2.0
725,Piero Hincapié,13,90,1.0
725,Piero Hincapié,14,90,8.0
725,Piero Hincapié,15,90,3.0
725,Piero Hincapié,16,90,4.0
725,Piero Hincapié,17,90,10.0
725,Piero Hincapié,18,90,1.0
725,Piero Hincapié,19,90,2.0
725,Piero Hincapié,20,90,1.0
725,Piero Hincapié,21,56,1.0
725,Piero Hincapié,23,57,0.0
725,Piero Hincapié,24,74,6.0
725,Piero Hincapié,25,23,1.0
725,Piero Hincapié,26,170,15.0
725,Piero Hincapié,27,90,4.0
725,Piero Hincapié,28,90,0.0
725,Piero Hincapié,29,90,9.0
726,Randal Kolo Muani,9,61,2.0
726,Randal Kolo Muani,10,72,2.0
726,Randal Kolo Muani,11,45,1.0
726,Randal Kolo Muani,12,24,1.0
726,Randal Kolo Muani,13,90,1.0
726,Randal Kolo Muani,14,76,2.0
726,Randal Kolo Muani,15,73,2.0
726,Randal Kolo Muani,16,79,2.0
726,Randal Kolo Muani,17,79,2.0
726,Randal Kolo Muani,18,62,2.0
726,Randal Kolo Muani,19,23,1.0
726,Randal Kolo Muani,20,71,2.0
726,Randal Kolo Muani,21,66,1.0
726,Randal Kolo Muani,22,90,2.0
726,Randal Kolo Muani,24,67,2.0
726,Randal Kolo Muani,25,10,1.0
726,Randal Kolo Muani,26,20,1.0
726,Randal Kolo Muani,27,67,7.0
726,Randal Kolo Muani,28,57,1.0
726,Randal Kolo Muani,29,42,1.0
727,Samuel Chukwueze,10,13,1.0
727,Samuel Chukwueze,11,31,1.0
727,Samuel Chukwueze,12,26,4.0
727,Samuel Chukwueze,13,80,5.0
727,Samuel Chukwueze,14,45,12.0
727,Samuel Chukwueze,15,75,2.0
727,Samuel Chukwueze,16,90,5.0
727,Samuel Chukwueze,23,31,6.0
727,Samuel Chukwueze,24,78,2.0
727,Samuel Chukwueze,25,74,3.0
727,Samuel Chukwueze,26,59,1.0
727,Samuel Chukwueze,28,18,1.0
727,Samuel Chukwueze,29,90,2.0
728,Merlin Röhl,9,24,1.0
728,Merlin Röhl,11,23,1.0
728,Merlin Röhl,17,15,1.0
728,Merlin Röhl,18,21,1.0
728,Merlin Röhl,19,90,5.0
728,Merlin Röhl,20,45,1.0
728,Merlin Röhl,21,1,1.0
728,Merlin Röhl,22,90,3.0
730,Brian Brobbey,9,15,4.0
730,Brian Brobbey,10,7,1.0
730,Brian Brobbey,11,27,5.0
730,Brian Brobbey,12,26,1.0
730,Brian Brobbey,13,27,6.0
730,Brian Brobbey,14,61,2.0
730,Brian Brobbey,15,34,1.0
730,Brian Brobbey,16,69,1.0
730,Brian Brobbey,17,71,2.0
730,Brian Brobbey,18,67,2.0
730,Brian Brobbey,19,57,1.0
730,Brian Brobbey,20,90,9.0
730,Brian Brobbey,21,90,2.0
730,Brian Brobbey,22,83,9.0
730,Brian Brobbey,23,90,7.0
730,Brian Brobbey,24,79,2.0
730,Brian Brobbey,25,84,1.0
730,Brian Brobbey,26,90,2.0
730,Brian Brobbey,27,69,1.0
731,Kevin Santos Lopes de Macedo,9,45,1.0
731,Kevin Santos Lopes de Macedo,10,71,3.0
731,Kevin Santos Lopes de Macedo,11,86,2.0
731,Kevin Santos Lopes de Macedo,12,63,3.0
731,Kevin Santos Lopes de Macedo,13,9,1.0
731,Kevin Santos Lopes de Macedo,14,8,1.0
731,Kevin Santos Lopes de Macedo,15,22,1.0
731,Kevin Santos Lopes de Macedo,17,77,6.0
731,Kevin Santos Lopes de Macedo,18,68,3.0
731,Kevin Santos Lopes de Macedo,19,84,2.0
731,Kevin Santos Lopes de Macedo,20,16,4.0
731,Kevin Santos Lopes de Macedo,21,45,1.0
731,Kevin Santos Lopes de Macedo,22,25,1.0
731,Kevin Santos Lopes de Macedo,23,58,1.0
731,Kevin Santos Lopes de Macedo,24,19,6.0
731,Kevin Santos Lopes de Macedo,25,15,1.0
731,Kevin Santos Lopes de Macedo,26,30,1.0
731,Kevin Santos Lopes de Macedo,27,45,1.0
732,Christantus Uche,9,1,1.0
732,Christantus Uche,13,12,1.0
732,Christantus Uche,15,24,1.0
732,Christantus Uche,16,13,1.0
732,Christantus Uche,17,13,4.0
732,Christantus Uche,18,13,1.0
732,Christantus Uche,19,8,1.0
732,Christantus Uche,20,18,1.0
732,Christantus Uche,23,5,1.0
732,Christantus Uche,24,29,1.0
732,Christantus Uche,26,7,1.0
732,Christantus Uche,29,9,1.0
733,Senne Lammens,9,90,2.0
733,Senne Lammens,10,90,1.0
733,Senne Lammens,11,90,1.0
733,Senne Lammens,12,90,2.0
733,Senne Lammens,13,90,2.0
733,Senne Lammens,14,90,2.0
733,Senne Lammens,15,90,2.0
733,Senne Lammens,16,90,1.0
733,Senne Lammens,17,90,1.0
733,Senne Lammens,18,90,9.0
733,Senne Lammens,19,90,3.0
733,Senne Lammens,20,90,2.0
733,Senne Lammens,21,90,1.0
733,Senne Lammens,22,90,6.0
733,Senne Lammens,23,90,2.0
733,Senne Lammens,24,90,2.0
733,Senne Lammens,25,90,6.0
733,Senne Lammens,26,90,2.0
733,Senne Lammens,27,90,9.0
733,Senne Lammens,28,90,2.0
733,Senne Lammens,29,90,2.0
734,Dilane Bakwa,18,1,1.0
734,Dilane Bakwa,19,15,1.0
734,Dilane Bakwa,20,68,4.0
734,Dilane Bakwa,21,46,1.0
734,Dilane Bakwa,27,24,1.0
734,Dilane Bakwa,28,16,1.0
735,Bertrand Traoré,9,64,5.0
735,Bertrand Traoré,10,81,2.0
735,Bertrand Traoré,11,63,2.0
735,Bertrand Traoré,12,63,3.0
735,Bertrand Traoré,13,62,8.0
735,Bertrand Traoré,15,55,1.0
735,Bertrand Traoré,16,69,3.0
735,Bertrand Traoré,28,21,1.0
735,Bertrand Traoré,29,6,1.0
736,Gianluigi Donnarumma,9,90,2.0
736,Gianluigi Donnarumma,10,90,2.0
736,Gianluigi Donnarumma,11,90,6.0
736,Gianluigi Donnarumma,12,90,1.0
736,Gianluigi Donnarumma,13,90,5.0
736,Gianluigi Donnarumma,14,90,0.0
736,Gianluigi Donnarumma,15,90,6.0
736,Gianluigi Donnarumma,16,90,7.0
736,Gianluigi Donnarumma,17,90,7.0
736,Gianluigi Donnarumma,18,90,2.0
736,Gianluigi Donnarumma,19,90,7.0
736,Gianluigi Donnarumma,20,90,2.0
736,Gianluigi Donnarumma,21,90,1.0
736,Gianluigi Donnarumma,22,90,2.0
736,Gianluigi Donnarumma,23,90,8.0
736,Gianluigi Donnarumma,24,90,2.0
736,Gianluigi Donnarumma,25,90,3.0
736,Gianluigi Donnarumma,26,90,7.0
736,Gianluigi Donnarumma,27,90,5.0
736,Gianluigi Donnarumma,28,90,5.0
736,Gianluigi Donnarumma,29,90,1.0
737,Jonah Kusi-Asare,9,1,1.0
737,Jonah Kusi-Asare,14,17,1.0
737,Jonah Kusi-Asare,17,5,1.0
737,Jonah Kusi-Asare,20,5,1.0
737,Jonah Kusi-Asare,22,2,0.0
739,Divine Mukasa,17,15,1.0
739,Divine Mukasa,22,10,1.0
745,Jun'ai Byfield,24,1,1.0
747,Ezra Mayers,15,7,1.0
747,Ezra Mayers,17,26,1.0
747,Ezra Mayers,19,7,1.0
747,Ezra Mayers,20,45,1.0
747,Ezra Mayers,21,27,1.0
747,Ezra Mayers,28,1,1.0
749,Mateus Mané,16,4,4.0
749,Mateus Mané,17,25,1.0
749,Mateus Mané,18,90,2.0
749,Mateus Mané,19,90,2.0
749,Mateus Mané,20,85,12.0
749,Mateus Mané,21,90,9.0
749,Mateus Mané,22,90,2.0
749,Mateus Mané,23,90,2.0
749,Mateus Mané,24,90,2.0
749,Mateus Mané,25,90,2.0
749,Mateus Mané,26,180,4.0
749,Mateus Mané,27,90,2.0
749,Mateus Mané,28,90,2.0
749,Mateus Mané,29,69,2.0
754,George Hemmings,19,8,1.0
754,George Hemmings,22,17,1.0
755,Shea Lacey,17,6,1.0
755,Shea Lacey,21,6,1.0
758,Mohamadou Kanté,19,7,1.0
758,Mohamadou Kanté,27,6,1.0
758,Mohamadou Kanté,28,1,1.0
758,Mohamadou Kanté,29,1,0.0
771,Tyler Fletcher,25,1,1.0
783,Pascal Groß,25,90,2.0
783,Pascal Groß,26,90,2.0
783,Pascal Groß,27,90,3.0
783,Pascal Groß,28,90,5.0
783,Pascal Groß,29,90,2.0
785,Pablo Felipe Pereira de Jesus,25,11,1.0
791,Valentín Castellanos,26,68,2.0
791,Valentín Castellanos,27,90,2.0
791,Valentín Castellanos,28,90,7.0
791,Valentín Castellanos,29,87,2.0
792,Alysson Edward Franco da Rocha dos Santos,26,16,1.0
792,Alysson Edward Franco da Rocha dos Santos,28,4,1.0
792,Alysson Edward Franco da Rocha dos Santos,29,27,1.0
795,Harry Howell,26,9,1.0
795,Harry Howell,29,13,1.0
796,Conor Gallagher,27,61,2.0
796,Conor Gallagher,28,57,1.0
796,Conor Gallagher,29,47,1.0
801,Alex Tóth,28,5,0.0
804,João Victor de Souza Menezes,29,42,0.0
807,Rayan Vitor Simplício Rocha,29,73,3.0
808,Tammy Abraham,29,19,1.0
