element,name,target_gw,target_minutes,target_points
1,David Raya Martín,6,90,2.0
1,David Raya Martín,7,90,6.0
1,David Raya Martín,8,90,6.0
1,David Raya Martín,9,90,6.0
1,David Raya Martín,10,90,6.0
1,David Raya Martín,11,90,1.0
1,David Raya Martín,12,90,2.0
1,David Raya Martín,13,90,3.0
1,David Raya Martín,14,90,6.0
1,David Raya Martín,15,90,2.0
1,David Raya Martín,16,90,2.0
1,David Raya Martín,17,90,7.0
1,David Raya Martín,18,90,2.0
1,David Raya Martín,19,90,2.0
1,David Raya Martín,20,90,1.0
1,David Raya Martín,21,90,6.0
1,David Raya Martín,22,90,6.0
1,David Raya Martín,23,90,1.0
1,David Raya Martín,24,90,6.0
1,David Raya Martín,25,90,7.0
1,David Raya Martín,26,180,3.0
1,David Raya Martín,27,90,3.0
1,David Raya Martín,28,90,3.0
1,David Raya Martín,29,90,7.0
2,Kepa Arrizabalaga Revuelta,6,0,0.0
2,Kepa Arrizabalaga Revuelta,7,0,0.0
2,Kepa Arrizabalaga Revuelta,8,0,0.0
2,Kepa Arrizabalaga Revuelta,9,0,0.0
2,Kepa Arrizabalaga Revuelta,10,0,0.0
2,Kepa Arrizabalaga Revuelta,11,0,0.0
2,Kepa Arrizabalaga Revuelta,12,0,0.0
2,Kepa Arrizabalaga Revuelta,13,0,0.0
2,Kepa Arrizabalaga Revuelta,14,0,0.0
2,Kepa Arrizabalaga Revuelta,15,0,0.0
2,Kepa Arrizabalaga Revuelta,16,0,0.0
2,Kepa Arrizabalaga Revuelta,17,0,0.0
2,Kepa Arrizabalaga Revuelta,18,0,0.0
2,Kepa Arrizabalaga Revuelta,19,0,0.0
2,Kepa Arrizabalaga Revuelta,20,0,0.0
2,Kepa Arrizabalaga Revuelta,21,0,0.0
2,Kepa Arrizabalaga Revuelta,22,0,0.0
2,Kepa Arrizabalaga Revuelta,23,0,0.0
2,Kepa Arrizabalaga Revuelta,24,0,0.0
2,Kepa Arrizabalaga Revuelta,25,0,0.0
2,Kepa Arrizabalaga Revuelta,26,0,0.0
2,Kepa Arrizabalaga Revuelta,27,0,0.0
2,Kepa Arrizabalaga Revuelta,28,0,0.0
2,Kepa Arrizabalaga Revuelta,29,0,0.0
3,Karl Hein,6,0,0.0
3,Karl Hein,7,0,0.0
3,Karl Hein,8,0,0.0
3,Karl Hein,9,0,0.0
3,Karl Hein,10,0,0.0
3,Karl Hein,11,0,0.0
3,Karl Hein,12,0,0.0
3,Karl Hein,13,0,0.0
3,Karl Hein,14,0,0.0
3,Karl Hein,15,0,0.0
3,Karl Hein,16,0,0.0
3,Karl Hein,17,0,0.0
3,Karl Hein,18,0,0.0
3,Karl Hein,19,0,0.0
3,Karl Hein,20,0,0.0
3,Karl Hein,21,0,0.0
3,Karl Hein,22,0,0.0
3,Karl Hein,23,0,0.0
3,Karl Hein,24,0,0.0
3,Karl Hein,25,0,0.0
3,Karl Hein,26,0,0.0
3,Karl Hein,27,0,0.0
3,Karl Hein,28,0,0.0
3,Karl Hein,29,0,0.0
4,Tommy Setford,6,0,0.0
4,Tommy Setford,7,0,0.0
4,Tommy Setford,8,0,0.0
4,Tommy Setford,9,0,0.0
4,Tommy Setford,10,0,0.0
4,Tommy Setford,11,0,0.0
4,Tommy Setford,12,0,0.0
4,Tommy Setford,13,0,0.0
4,Tommy Setford,14,0,0.0
4,Tommy Setford,15,0,0.0
4,Tommy Setford,16,0,0.0
4,Tommy Setford,17,0,0.0
4,Tommy Setford,18,0,0.0
4,Tommy Setford,19,0,0.0
4,Tommy Setford,20,0,0.0
4,Tommy Setford,21,0,0.0
4,Tommy Setford,22,0,0.0
4,Tommy Setford,23,0,0.0
4,Tommy Setford,24,0,0.0
4,Tommy Setford,25,0,0.0
4,Tommy Setford,26,0,0.0
4,Tommy Setford,27,0,0.0
4,Tommy Setford,28,0,0.0
4,Tommy Setford,29,0,0.0
5,Gabriel dos Santos Magalhães,6,90,13.0
5,Gabriel dos Santos Magalhães,7,90,9.0
5,Gabriel dos Santos Magalhães,8,90,12.0
5,Gabriel dos Santos Magalhães,9,90,9.0
5,Gabriel dos Santos Magalhães,10,90,12.0
5,Gabriel dos Santos Magalhães,11,90,1.0
5,Gabriel dos Santos Magalhães,12,0,0.0
5,Gabriel dos Santos Magalhães,13,0,0.0
5,Gabriel dos Santos Magalhães,14,0,0.0
5,Gabriel dos Santos Magalhães,15,0,0.0
5,Gabriel dos Santos Magalhães,16,0,0.0
5,Gabriel dos Santos Magalhães,17,0,0.0
5,Gabriel dos Santos Magalhães,18,19,1.0
5,Gabriel dos Santos Magalhães,19,76,15.0
5,Gabriel dos Santos Magalhães,20,90,9.0
5,Gabriel dos Santos Magalhães,21,90,6.0
5,Gabriel dos Santos Magalhães,22,90,8.0
5,Gabriel dos Santos Magalhães,23,90,1.0
5,Gabriel dos Santos Magalhães,24,90,8.0
5,Gabriel dos Santos Magalhães,25,90,6.0
5,Gabriel dos Santos Magalhães,26,180,7.0
5,Gabriel dos Santos Magalhães,27,90,2.0
5,Gabriel dos Santos Magalhães,28,90,9.0
5,Gabriel dos Santos Magalhães,29,90,11.0
6,William Saliba,6,45,1.0
6,William Saliba,7,90,6.0
6,William Saliba,8,90,6.0
6,William Saliba,9,45,1.0
6,William Saliba,10,90,6.0
6,William Saliba,11,90,1.0
6,William Saliba,12,90,2.0
6,William Saliba,13,0,0.0
6,William Saliba,14,0,0.0
6,William Saliba,15,0,0.0
6,William Saliba,16,90,2.0
6,William Saliba,17,90,6.0
6,William Saliba,18,90,2.0
6,William Saliba,19,90,2.0
6,William Saliba,20,90,1.0
6,William Saliba,21,90,7.0
6,William Saliba,22,90,8.0
6,William Saliba,23,90,1.0
6,William Saliba,24,90,6.0
6,William Saliba,25,90,7.0
6,William Saliba,26,90,1.0
6,William Saliba,27,90,2.0
6,William Saliba,28,90,10.0
6,William Saliba,29,0,0.0
7,Riccardo Calafiori,6,69,1.0
7,Riccardo Calafiori,7,74,6.0
7,Riccardo Calafiori,8,90,6.0
7,Riccardo Calafiori,9,81,6.0
7,Riccardo Calafiori,10,71,6.0
7,Riccardo Calafiori,11,90,1.0
7,Riccardo Calafiori,12,90,2.0
7,Riccardo Calafiori,13,45,0.0
7,Riccardo Calafiori,14,90,7.0
7,Riccardo Calafiori,15,85,1.0
7,Riccardo Calafiori,16,0,0.0
7,Riccardo Calafiori,17,90,6.0
7,Riccardo Calafiori,18,0,0.0
7,Riccardo Calafiori,19,0,0.0
7,Riccardo Calafiori,20,0,0.0
7,Riccardo Calafiori,21,0,0.0
7,Riccardo Calafiori,22,0,0.0
7,Riccardo Calafiori,23,0,0.0
7,Riccardo Calafiori,24,15,1.0
7,Riccardo Calafiori,25,66,6.0
7,Riccardo Calafiori,26,10,2.0
7,Riccardo Calafiori,27,0,0.0
7,Riccardo Calafiori,28,0,0.0
7,Riccardo Calafiori,29,26,1.0
8,Jurriën Timber,6,90,2.0
8,Jurriën Timber,7,90,11.0
8,Jurriën Timber,8,90,6.0
8,Jurriën Timber,9,90,6.0
8,Jurriën Timber,10,90,6.0
8,Jurriën Timber,11,90,1.0
8,Jurriën Timber,12,90,5.0
8,Jurriën Timber,13,90,2.0
8,Jurriën Timber,14,46,1.0
8,Jurriën Timber,15,90,3.0
8,Jurriën Timber,16,90,2.0
8,Jurriën Timber,17,90,6.0
8,Jurriën Timber,18,0,0.0
8,Jurriën Timber,19,82,9.0
8,Jurriën Timber,20,90,3.0
8,Jurriën Timber,21,90,6.0
8,Jurriën Timber,22,90,5.0
8,Jurriën Timber,23,90,1.0
8,Jurriën Timber,24,90,5.0
8,Jurriën Timber,25,90,6.0
8,Jurriën Timber,26,180,3.0
8,Jurriën Timber,27,56,3.0
8,Jurriën Timber,28,90,8.0
8,Jurriën Timber,29,90,13.0
9,Jakub Kiwior,6,0,0.0
9,Jakub Kiwior,7,0,0.0
9,Jakub Kiwior,8,0,0.0
9,Jakub Kiwior,9,0,0.0
9,Jakub Kiwior,10,0,0.0
9,Jakub Kiwior,11,0,0.0
9,Jakub Kiwior,12,0,0.0
9,Jakub Kiwior,13,0,0.0
9,Jakub Kiwior,14,0,0.0
9,Jakub Kiwior,15,0,0.0
9,Jakub Kiwior,16,0,0.0
9,Jakub Kiwior,17,0,0.0
9,Jakub Kiwior,18,0,0.0
9,Jakub Kiwior,19,0,0.0
9,Jakub Kiwior,20,0,0.0
9,Jakub Kiwior,21,0,0.0
9,Jakub Kiwior,22,0,0.0
9,Jakub Kiwior,23,0,0.0
9,Jakub Kiwior,24,0,0.0
9,Jakub Kiwior,25,0,0.0
9,Jakub Kiwior,26,0,0.0
9,Jakub Kiwior,27,0,0.0
9,Jakub Kiwior,28,0,0.0
9,Jakub Kiwior,29,0,0.0
10,Myles Lewis-Skelly,6,2,1.0
10,Myles Lewis-Skelly,7,15,1.0
10,Myles Lewis-Skelly,8,0,0.0
10,Myles Lewis-Skelly,9,2,1.0
10,Myles Lewis-Skelly,10,1,1.0
10,Myles Lewis-Skelly,11,0,0.0
10,Myles Lewis-Skelly,12,1,1.0
10,Myles Lewis-Skelly,13,45,0.0
10,Myles Lewis-Skelly,14,0,0.0
10,Myles Lewis-Skelly,15,4,1.0
10,Myles Lewis-Skelly,16,59,1.0
10,Myles Lewis-Skelly,17,0,0.0
10,Myles Lewis-Skelly,18,70,1.0
10,Myles Lewis-Skelly,19,13,1.0
10,Myles Lewis-Skelly,20,0,0.0
10,Myles Lewis-Skelly,21,33,1.0
10,Myles Lewis-Skelly,22,0,0.0
10,Myles Lewis-Skelly,23,0,0.0
10,Myles Lewis-Skelly,24,0,0.0
10,Myles Lewis-Skelly,25,0,0.0
10,Myles Lewis-Skelly,26,0,0.0
10,Myles Lewis-Skelly,27,0,0.0
10,Myles Lewis-Skelly,28,0,0.0
10,Myles Lewis-Skelly,29,0,0.0
11,Benjamin White,6,0,0.0
11,Benjamin White,7,0,0.0
11,Benjamin White,8,0,0.0
11,Benjamin White,9,0,0.0
11,Benjamin White,10,0,0.0
11,Benjamin White,11,0,0.0
11,Benjamin White,12,0,0.0
11,Benjamin White,13,0,0.0
11,Benjamin White,14,90,14.0
11,Benjamin White,15,90,1.0
11,Benjamin White,16,30,1.0
11,Benjamin White,17,0,0.0
11,Benjamin White,18,0,0.0
11,Benjamin White,19,7,1.0
11,Benjamin White,20,0,0.0
11,Benjamin White,21,0,0.0
11,Benjamin White,22,90,6.0
11,Benjamin White,23,32,1.0
11,Benjamin White,24,0,0.0
11,Benjamin White,25,0,0.0
11,Benjamin White,26,0,0.0
11,Benjamin White,27,0,0.0
11,Benjamin White,28,0,0.0
11,Benjamin White,29,0,0.0
12,Oleksandr Zinchenko,6,90,2.0
12,Oleksandr Zinchenko,7,0,0.0
12,Oleksandr Zinchenko,8,73,1.0
12,Oleksandr Zinchenko,9,0,0.0
12,Oleksandr Zinchenko,10,0,0.0
12,Oleksandr Zinchenko,11,0,0.0
12,Oleksandr Zinchenko,12,0,0.0
12,Oleksandr Zinchenko,13,0,0.0
12,Oleksandr Zinchenko,14,0,0.0
12,Oleksandr Zinchenko,15,0,0.0
12,Oleksandr Zinchenko,16,0,0.0
12,Oleksandr Zinchenko,17,9,1.0
12,Oleksandr Zinchenko,18,0,0.0
12,Oleksandr Zinchenko,19,90,1.0
12,Oleksandr Zinchenko,20,0,0.0
12,Oleksandr Zinchenko,21,0,0.0
12,Oleksandr Zinchenko,22,0,0.0
12,Oleksandr Zinchenko,23,0,0.0
12,Oleksandr Zinchenko,24,0,0.0
12,Oleksandr Zinchenko,25,0,0.0
12,Oleksandr Zinchenko,26,0,0.0
12,Oleksandr Zinchenko,27,0,0.0
12,Oleksandr Zinchenko,28,0,0.0
12,Oleksandr Zinchenko,29,0,0.0
13,Brayden Clarke,6,0,0.0
13,Brayden Clarke,7,0,0.0
13,Brayden Clarke,8,0,0.0
13,Brayden Clarke,9,0,0.0
13,Brayden Clarke,10,0,0.0
13,Brayden Clarke,11,0,0.0
13,Brayden Clarke,12,0,0.0
13,Brayden Clarke,13,0,0.0
13,Brayden Clarke,14,0,0.0
13,Brayden Clarke,15,0,0.0
13,Brayden Clarke,16,0,0.0
13,Brayden Clarke,17,0,0.0
13,Brayden Clarke,18,0,0.0
13,Brayden Clarke,19,0,0.0
13,Brayden Clarke,20,0,0.0
13,Brayden Clarke,21,0,0.0
13,Brayden Clarke,22,0,0.0
13,Brayden Clarke,23,0,0.0
13,Brayden Clarke,24,0,0.0
13,Brayden Clarke,25,0,0.0
13,Brayden Clarke,26,0,0.0
13,Brayden Clarke,27,0,0.0
13,Brayden Clarke,28,0,0.0
13,Brayden Clarke,29,0,0.0
14,Maldini Kacurri,6,0,0.0
14,Maldini Kacurri,7,0,0.0
14,Maldini Kacurri,8,0,0.0
14,Maldini Kacurri,9,0,0.0
14,Maldini Kacurri,10,0,0.0
14,Maldini Kacurri,11,0,0.0
14,Maldini Kacurri,12,0,0.0
14,Maldini Kacurri,13,0,0.0
14,Maldini Kacurri,14,0,0.0
14,Maldini Kacurri,15,0,0.0
14,Maldini Kacurri,16,0,0.0
14,Maldini Kacurri,17,0,0.0
14,Maldini Kacurri,18,0,0.0
14,Maldini Kacurri,19,0,0.0
14,Maldini Kacurri,20,0,0.0
14,Maldini Kacurri,21,0,0.0
14,Maldini Kacurri,22,0,0.0
14,Maldini Kacurri,23,0,0.0
14,Maldini Kacurri,24,0,0.0
14,Maldini Kacurri,25,0,0.0
14,Maldini Kacurri,26,0,0.0
14,Maldini Kacurri,27,0,0.0
14,Maldini Kacurri,28,0,0.0
14,Maldini Kacurri,29,0,0.0
15,Josh Nichols,6,0,0.0
15,Josh Nichols,7,0,0.0
15,Josh Nichols,8,0,0.0
15,Josh Nichols,9,0,0.0
15,Josh Nichols,10,0,0.0
15,Josh Nichols,11,0,0.0
15,Josh Nichols,12,0,0.0
15,Josh Nichols,13,0,0.0
15,Josh Nichols,14,0,0.0
15,Josh Nichols,15,0,0.0
15,Josh Nichols,16,0,0.0
15,Josh Nichols,17,0,0.0
15,Josh Nichols,18,0,0.0
15,Josh Nichols,19,0,0.0
15,Josh Nichols,20,0,0.0
15,Josh Nichols,21,0,0.0
15,Josh Nichols,22,0,0.0
15,Josh Nichols,23,0,0.0
15,Josh Nichols,24,0,0.0
15,Josh Nichols,25,0,0.0
15,Josh Nichols,26,0,0.0
15,Josh Nichols,27,0,0.0
15,Josh Nichols,28,0,0.0
15,Josh Nichols,29,0,0.0
16,Bukayo Saka,6,69,2.0
16,Bukayo Saka,7,90,8.0
16,Bukayo Saka,8,90,7.0
16,Bukayo Saka,9,65,3.0
16,Bukayo Saka,10,90,3.0
16,Bukayo Saka,11,90,12.0
16,Bukayo Saka,12,90,4.0
16,Bukayo Saka,13,90,5.0
16,Bukayo Saka,14,29,6.0
16,Bukayo Saka,15,78,4.0
16,Bukayo Saka,16,90,11.0
16,Bukayo Saka,17,90,3.0
16,Bukayo Saka,18,90,7.0
16,Bukayo Saka,19,82,6.0
16,Bukayo Saka,20,23,4.0
16,Bukayo Saka,21,77,3.0
16,Bukayo Saka,22,33,1.0
16,Bukayo Saka,23,90,2.0
16,Bukayo Saka,24,0,0.0
16,Bukayo Saka,25,0,0.0
16,Bukayo Saka,26,92,13.0
16,Bukayo Saka,27,90,5.0
16,Bukayo Saka,28,90,2.0
16,Bukayo Saka,29,90,9.0
17,Martin Ødegaard,6,8,4.0
17,Martin Ødegaard,7,29,1.0
17,Martin Ødegaard,8,0,0.0
17,Martin Ødegaard,9,0,0.0
17,Martin Ødegaard,10,0,0.0
17,Martin Ødegaard,11,0,0.0
17,Martin Ødegaard,12,0,0.0
17,Martin Ødegaard,13,33,1.0
17,Martin Ødegaard,14,90,3.0
17,Martin Ødegaard,15,90,2.0
17,Martin Ødegaard,16,33,1.0
17,Martin Ødegaard,17,87,3.0
17,Martin Ødegaard,18,90,10.0
17,Martin Ødegaard,19,90,5.0
17,Martin Ødegaard,20,79,7.0
17,Martin Ødegaard,21,77,3.0
17,Martin Ødegaard,22,56,1.0
17,Martin Ødegaard,23,57,4.0
17,Martin Ødegaard,24,29,4.0
17,Martin Ødegaard,25,0,0.0
17,Martin Ødegaard,26,45,1.0
17,Martin Ødegaard,27,13,4.0
17,Martin Ødegaard,28,0,0.0
17,Martin Ødegaard,29,0,0.0
18,Noni Madueke,6,0,0.0
18,Noni Madueke,7,0,0.0
18,Noni Madueke,8,0,0.0
18,Noni Madueke,9,0,0.0
18,Noni Madueke,10,0,0.0
18,Noni Madueke,11,0,0.0
18,Noni Madueke,12,12,1.0
18,Noni Madueke,13,33,1.0
18,Noni Madueke,14,60,3.0
18,Noni Madueke,15,11,1.0
18,Noni Madueke,16,0,0.0
18,Noni Madueke,17,0,0.0
18,Noni Madueke,18,0,0.0
18,Noni Madueke,19,7,1.0
18,Noni Madueke,20,66,2.0
18,Noni Madueke,21,12,1.0
18,Noni Madueke,22,56,1.0
18,Noni Madueke,23,15,1.0
18,Noni Madueke,24,60,14.0
18,Noni Madueke,25,59,1.0
18,Noni Madueke,26,133,13.0
18,Noni Madueke,27,1,1.0
18,Noni Madueke,28,0,0.0
18,Noni Madueke,29,0,0.0
19,Gabriel Martinelli Silva,6,20,1.0
19,Gabriel Martinelli Silva,7,11,1.0
19,Gabriel Martinelli Silva,8,9,1.0
19,Gabriel Martinelli Silva,9,24,1.0
19,Gabriel Martinelli Silva,10,0,0.0
19,Gabriel Martinelli Silva,11,0,0.0
19,Gabriel Martinelli Silva,12,0,0.0
19,Gabriel Martinelli Silva,13,56,1.0
19,Gabriel Martinelli Silva,14,60,3.0
19,Gabriel Martinelli Silva,15,4,1.0
19,Gabriel Martinelli Silva,16,56,1.0
19,Gabriel Martinelli Silva,17,10,0.0
19,Gabriel Martinelli Silva,18,8,1.0
19,Gabriel Martinelli Silva,19,0,0.0
19,Gabriel Martinelli Silva,20,66,5.0
19,Gabriel Martinelli Silva,21,26,0.0
19,Gabriel Martinelli Silva,22,45,1.0
19,Gabriel Martinelli Silva,23,0,0.0
19,Gabriel Martinelli Silva,24,29,4.0
19,Gabriel Martinelli Silva,25,30,4.0
19,Gabriel Martinelli Silva,26,99,3.0
19,Gabriel Martinelli Silva,27,14,1.0
19,Gabriel Martinelli Silva,28,34,1.0
19,Gabriel Martinelli Silva,29,59,1.0
20,Leandro Trossard,6,87,2.0
20,Leandro Trossard,7,74,3.0
20,Leandro Trossard,8,80,10.0
20,Leandro Trossard,9,90,3.0
20,Leandro Trossard,10,90,6.0
20,Leandro Trossard,11,90,9.0
20,Leandro Trossard,12,77,12.0
20,Leandro Trossard,13,0,0.0
20,Leandro Trossard,14,0,0.0
20,Leandro Trossard,15,40,6.0
20,Leandro Trossard,16,33,1.0
20,Leandro Trossard,17,79,3.0
20,Leandro Trossard,18,81,2.0
20,Leandro Trossard,19,90,13.0
20,Leandro Trossard,20,23,1.0
20,Leandro Trossard,21,63,2.0
20,Leandro Trossard,22,45,1.0
20,Leandro Trossard,23,74,2.0
20,Leandro Trossard,24,80,3.0
20,Leandro Trossard,25,88,6.0
20,Leandro Trossard,26,100,3.0
20,Leandro Trossard,27,75,2.0
20,Leandro Trossard,28,55,1.0
20,Leandro Trossard,29,30,1.0
21,Declan Rice,6,90,9.0
21,Declan Rice,7,78,11.0
21,Declan Rice,8,90,3.0
21,Declan Rice,9,81,7.0
21,Declan Rice,10,90,13.0
21,Declan Rice,11,90,2.0
21,Declan Rice,12,90,6.0
21,Declan Rice,13,90,4.0
21,Declan Rice,14,82,3.0
21,Declan Rice,15,90,6.0
21,Declan Rice,16,90,2.0
21,Declan Rice,17,90,11.0
21,Declan Rice,18,90,5.0
21,Declan Rice,19,0,0.0
21,Declan Rice,20,90,17.0
21,Declan Rice,21,90,3.0
21,Declan Rice,22,90,3.0
21,Declan Rice,23,90,1.0
21,Declan Rice,24,90,3.0
21,Declan Rice,25,90,5.0
21,Declan Rice,26,180,14.0
21,Declan Rice,27,90,4.0
21,Declan Rice,28,75,5.0
21,Declan Rice,29,90,3.0
22,Mikel Merino Zazón,6,20,6.0
22,Mikel Merino Zazón,7,11,1.0
22,Mikel Merino Zazón,8,28,1.0
22,Mikel Merino Zazón,9,8,1.0
22,Mikel Merino Zazón,10,45,1.0
22,Mikel Merino Zazón,11,90,5.0
22,Mikel Merino Zazón,12,87,5.0
22,Mikel Merino Zazón,13,90,9.0
22,Mikel Merino Zazón,14,90,13.0
22,Mikel Merino Zazón,15,45,1.0
22,Mikel Merino Zazón,16,32,1.0
22,Mikel Merino Zazón,17,2,1.0
22,Mikel Merino Zazón,18,90,2.0
22,Mikel Merino Zazón,19,72,2.0
22,Mikel Merino Zazón,20,10,1.0
22,Mikel Merino Zazón,21,0,0.0
22,Mikel Merino Zazón,22,33,1.0
22,Mikel Merino Zazón,23,32,7.0
22,Mikel Merino Zazón,24,0,0.0
22,Mikel Merino Zazón,25,0,0.0
22,Mikel Merino Zazón,26,0,0.0
22,Mikel Merino Zazón,27,0,0.0
22,Mikel Merino Zazón,28,0,0.0
22,Mikel Merino Zazón,29,0,0.0
23,Fábio Ferreira Vieira,6,0,0.0
23,Fábio Ferreira Vieira,7,0,0.0
23,Fábio Ferreira Vieira,8,0,0.0
23,Fábio Ferreira Vieira,9,0,0.0
23,Fábio Ferreira Vieira,10,0,0.0
23,Fábio Ferreira Vieira,11,0,0.0
23,Fábio Ferreira Vieira,12,0,0.0
23,Fábio Ferreira Vieira,13,0,0.0
23,Fábio Ferreira Vieira,14,0,0.0
23,Fábio Ferreira Vieira,15,0,0.0
23,Fábio Ferreira Vieira,16,0,0.0
23,Fábio Ferreira Vieira,17,0,0.0
23,Fábio Ferreira Vieira,18,0,0.0
23,Fábio Ferreira Vieira,19,0,0.0
23,Fábio Ferreira Vieira,20,0,0.0
23,Fábio Ferreira Vieira,21,0,0.0
23,Fábio Ferreira Vieira,22,0,0.0
23,Fábio Ferreira Vieira,23,0,0.0
23,Fábio Ferreira Vieira,24,0,0.0
23,Fábio Ferreira Vieira,25,0,0.0
23,Fábio Ferreira Vieira,26,0,0.0
23,Fábio Ferreira Vieira,27,0,0.0
23,Fábio Ferreira Vieira,28,0,0.0
23,Fábio Ferreira Vieira,29,0,0.0
24,Christian Nørgaard,6,0,0.0
24,Christian Nørgaard,7,0,0.0
24,Christian Nørgaard,8,1,1.0
24,Christian Nørgaard,9,0,0.0
24,Christian Nørgaard,10,13,1.0
24,Christian Nørgaard,11,0,0.0
24,Christian Nørgaard,12,0,0.0
24,Christian Nørgaard,13,0,0.0
24,Christian Nørgaard,14,0,0.0
24,Christian Nørgaard,15,0,0.0
24,Christian Nørgaard,16,0,0.0
24,Christian Nørgaard,17,0,0.0
24,Christian Nørgaard,18,0,0.0
24,Christian Nørgaard,19,17,1.0
24,Christian Nørgaard,20,0,0.0
24,Christian Nørgaard,21,0,0.0
24,Christian Nørgaard,22,0,0.0
24,Christian Nørgaard,23,0,0.0
24,Christian Nørgaard,24,0,0.0
24,Christian Nørgaard,25,1,1.0
24,Christian Nørgaard,26,0,0.0
24,Christian Nørgaard,27,0,0.0
24,Christian Nørgaard,28,14,1.0
24,Christian Nørgaard,29,10,1.0
25,Ethan Nwaneri,6,0,0.0
25,Ethan Nwaneri,7,15,1.0
25,Ethan Nwaneri,8,0,0.0
25,Ethan Nwaneri,9,0,0.0
25,Ethan Nwaneri,10,18,1.0
25,Ethan Nwaneri,11,0,0.0
25,Ethan Nwaneri,12,2,1.0
25,Ethan Nwaneri,13,0,0.0
25,Ethan Nwaneri,14,0,0.0
25,Ethan Nwaneri,15,0,0.0
25,Ethan Nwaneri,16,0,0.0
25,Ethan Nwaneri,17,0,0.0
25,Ethan Nwaneri,18,0,0.0
25,Ethan Nwaneri,19,0,0.0
25,Ethan Nwaneri,20,0,0.0
25,Ethan Nwaneri,21,0,0.0
25,Ethan Nwaneri,22,0,0.0
25,Ethan Nwaneri,23,0,0.0
25,Ethan Nwaneri,24,0,0.0
25,Ethan Nwaneri,25,0,0.0
25,Ethan Nwaneri,26,0,0.0
25,Ethan Nwaneri,27,0,0.0
25,Ethan Nwaneri,28,0,0.0
25,Ethan Nwaneri,29,0,0.0
26,Martín Zubimendi Ibáñez,6,81,2.0
26,Martín Zubimendi Ibáñez,7,60,3.0
26,Martín Zubimendi Ibáñez,8,90,3.0
26,Martín Zubimendi Ibáñez,9,90,5.0
26,Martín Zubimendi Ibáñez,10,76,3.0
26,Martín Zubimendi Ibáñez,11,90,5.0
26,Martín Zubimendi Ibáñez,12,90,2.0
26,Martín Zubimendi Ibáñez,13,56,0.0
26,Martín Zubimendi Ibáñez,14,90,3.0
26,Martín Zubimendi Ibáñez,15,90,2.0
26,Martín Zubimendi Ibáñez,16,57,1.0
26,Martín Zubimendi Ibáñez,17,90,3.0
26,Martín Zubimendi Ibáñez,18,90,2.0
26,Martín Zubimendi Ibáñez,19,90,8.0
26,Martín Zubimendi Ibáñez,20,90,3.0
26,Martín Zubimendi Ibáñez,21,90,5.0
26,Martín Zubimendi Ibáñez,22,78,3.0
26,Martín Zubimendi Ibáñez,23,57,1.0
26,Martín Zubimendi Ibáñez,24,90,10.0
26,Martín Zubimendi Ibáñez,25,90,10.0
26,Martín Zubimendi Ibáñez,26,180,6.0
26,Martín Zubimendi Ibáñez,27,90,2.0
26,Martín Zubimendi Ibáñez,28,90,2.0
26,Martín Zubimendi Ibáñez,29,79,3.0
27,Reiss Nelson,6,0,0.0
27,Reiss Nelson,7,0,0.0
27,Reiss Nelson,8,0,0.0
27,Reiss Nelson,9,0,0.0
27,Reiss Nelson,10,15,1.0
27,Reiss Nelson,11,1,1.0
27,Reiss Nelson,12,0,0.0
27,Reiss Nelson,13,15,1.0
27,Reiss Nelson,14,0,0.0
27,Reiss Nelson,15,0,0.0
27,Reiss Nelson,16,0,0.0
27,Reiss Nelson,17,0,0.0
27,Reiss Nelson,18,1,1.0
27,Reiss Nelson,19,10,1.0
27,Reiss Nelson,20,0,0.0
27,Reiss Nelson,21,8,1.0
27,Reiss Nelson,22,0,0.0
27,Reiss Nelson,23,0,0.0
27,Reiss Nelson,24,0,0.0
27,Reiss Nelson,25,0,0.0
27,Reiss Nelson,26,0,0.0
27,Reiss Nelson,27,0,0.0
27,Reiss Nelson,28,0,0.0
27,Reiss Nelson,29,0,0.0
28,Ismeal Kabia,6,0,0.0
28,Ismeal Kabia,7,0,0.0
28,Ismeal Kabia,8,0,0.0
28,Ismeal Kabia,9,0,0.0
28,Ismeal Kabia,10,0,0.0
28,Ismeal Kabia,11,0,0.0
28,Ismeal Kabia,12,0,0.0
28,Ismeal Kabia,13,0,0.0
28,Ismeal Kabia,14,0,0.0
28,Ismeal Kabia,15,0,0.0
28,Ismeal Kabia,16,0,0.0
28,Ismeal Kabia,17,0,0.0
28,Ismeal Kabia,18,0,0.0
28,Ismeal Kabia,19,0,0.0
28,Ismeal Kabia,20,0,0.0
28,Ismeal Kabia,21,0,0.0
28,Ismeal Kabia,22,0,0.0
28,Ismeal Kabia,23,0,0.0
28,Ismeal Kabia,24,0,0.0
28,Ismeal Kabia,25,0,0.0
28,Ismeal Kabia,26,0,0.0
28,Ismeal Kabia,27,0,0.0
28,Ismeal Kabia,28,0,0.0
28,Ismeal Kabia,29,0,0.0
29,Albert Sambi Lokonga,6,0,0.0
29,Albert Sambi Lokonga,7,0,0.0
29,Albert Sambi Lokonga,8,0,0.0
29,Albert Sambi Lokonga,9,0,0.0
29,Albert Sambi Lokonga,10,0,0.0
29,Albert Sambi Lokonga,11,0,0.0
29,Albert Sambi Lokonga,12,0,0.0
29,Albert Sambi Lokonga,13,0,0.0
29,Albert Sambi Lokonga,14,0,0.0
29,Albert Sambi Lokonga,15,0,0.0
29,Albert Sambi Lokonga,16,0,0.0
29,Albert Sambi Lokonga,17,0,0.0
29,Albert Sambi Lokonga,18,0,0.0
29,Albert Sambi Lokonga,19,0,0.0
29,Albert Sambi Lokonga,20,0,0.0
29,Albert Sambi Lokonga,21,0,0.0
29,Albert Sambi Lokonga,22,0,0.0
29,Albert Sambi Lokonga,23,0,0.0
29,Albert Sambi Lokonga,24,0,0.0
29,Albert Sambi Lokonga,25,0,0.0
29,Albert Sambi Lokonga,26,0,0.0
29,Albert Sambi Lokonga,27,0,0.0
29,Albert Sambi Lokonga,28,0,0.0
29,Albert Sambi Lokonga,29,0,0.0
30,Kai Havertz,6,0,0.0
30,Kai Havertz,7,0,0.0
30,Kai Havertz,8,0,0.0
30,Kai Havertz,9,0,0.0
30,Kai Havertz,10,0,0.0
30,Kai Havertz,11,0,0.0
30,Kai Havertz,12,0,0.0
30,Kai Havertz,13,0,0.0
30,Kai Havertz,14,0,0.0
30,Kai Havertz,15,0,0.0
30,Kai Havertz,16,0,0.0
30,Kai Havertz,17,0,0.0
30,Kai Havertz,18,0,0.0
30,Kai Havertz,19,0,0.0
30,Kai Havertz,20,0,0.0
30,Kai Havertz,21,0,0.0
30,Kai Havertz,22,0,0.0
30,Kai Havertz,23,0,0.0
30,Kai Havertz,24,60,2.0
30,Kai Havertz,25,66,5.0
30,Kai Havertz,26,0,0.0
30,Kai Havertz,27,0,0.0
30,Kai Havertz,28,14,1.0
30,Kai Havertz,29,31,1.0
31,Gabriel Fernando de Jesus,6,0,0.0
31,Gabriel Fernando de Jesus,7,0,0.0
31,Gabriel Fernando de Jesus,8,0,0.0
31,Gabriel Fernando de Jesus,9,0,0.0
31,Gabriel Fernando de Jesus,10,0,0.0
31,Gabriel Fernando de Jesus,11,0,0.0
31,Gabriel Fernando de Jesus,12,0,0.0
31,Gabriel Fernando de Jesus,13,0,0.0
31,Gabriel Fernando de Jesus,14,0,0.0
31,Gabriel Fernando de Jesus,15,0,0.0
31,Gabriel Fernando de Jesus,16,9,1.0
31,Gabriel Fernando de Jesus,17,25,1.0
31,Gabriel Fernando de Jesus,18,19,1.0
31,Gabriel Fernando de Jesus,19,13,4.0
31,Gabriel Fernando de Jesus,20,24,1.0
31,Gabriel Fernando de Jesus,21,26,1.0
31,Gabriel Fernando de Jesus,22,33,1.0
31,Gabriel Fernando de Jesus,23,57,1.0
31,Gabriel Fernando de Jesus,24,14,5.0
31,Gabriel Fernando de Jesus,25,59,1.0
31,Gabriel Fernando de Jesus,26,25,0.0
31,Gabriel Fernando de Jesus,27,0,0.0
31,Gabriel Fernando de Jesus,28,0,0.0
31,Gabriel Fernando de Jesus,29,0,0.0
32,Emiliano Martínez Romero,6,90,3.0
32,Emiliano Martínez Romero,7,90,1.0
32,Emiliano Martínez Romero,8,90,2.0
32,Emiliano Martínez Romero,9,90,8.0
32,Emiliano Martínez Romero,10,90,1.0
32,Emiliano Martínez Romero,11,90,14.0
32,Emiliano Martínez Romero,12,90,3.0
32,Emiliano Martínez Romero,13,90,7.0
32,Emiliano Martínez Romero,14,0,0.0
32,Emiliano Martínez Romero,15,90,4.0
32,Emiliano Martínez Romero,16,0,0.0
32,Emiliano Martínez Romero,17,90,3.0
32,Emiliano Martínez Romero,18,90,2.0
32,Emiliano Martínez Romero,19,90,1.0
32,Emiliano Martínez Romero,20,90,3.0
32,Emiliano Martínez Romero,21,45,1.0
32,Emiliano Martínez Romero,22,90,2.0
32,Emiliano Martínez Romero,23,90,10.0
32,Emiliano Martínez Romero,24,90,2.0
32,Emiliano Martínez Romero,25,90,6.0
32,Emiliano Martínez Romero,26,90,8.0
32,Emiliano Martínez Romero,27,90,3.0
32,Emiliano Martínez Romero,28,90,1.0
32,Emiliano Martínez Romero,29,90,1.0
33,Marco Bizot,6,0,0.0
33,Marco Bizot,7,0,0.0
33,Marco Bizot,8,0,0.0
33,Marco Bizot,9,0,0.0
33,Marco Bizot,10,0,0.0
33,Marco Bizot,11,0,0.0
33,Marco Bizot,12,0,0.0
33,Marco Bizot,13,0,0.0
33,Marco Bizot,14,90,1.0
33,Marco Bizot,15,0,0.0
33,Marco Bizot,16,90,1.0
33,Marco Bizot,17,0,0.0
33,Marco Bizot,18,0,0.0
33,Marco Bizot,19,0,0.0
33,Marco Bizot,20,0,0.0
33,Marco Bizot,21,45,2.0
33,Marco Bizot,22,0,0.0
33,Marco Bizot,23,0,0.0
33,Marco Bizot,24,0,0.0
33,Marco Bizot,25,0,0.0
33,Marco Bizot,26,0,0.0
33,Marco Bizot,27,0,0.0
33,Marco Bizot,28,0,0.0
33,Marco Bizot,29,0,0.0
34,Joe Gauci,6,0,0.0
34,Joe Gauci,7,0,0.0
34,Joe Gauci,8,0,0.0
34,Joe Gauci,9,0,0.0
34,Joe Gauci,10,0,0.0
34,Joe Gauci,11,0,0.0
34,Joe Gauci,12,0,0.0
34,Joe Gauci,13,0,0.0
34,Joe Gauci,14,0,0.0
34,Joe Gauci,15,0,0.0
34,Joe Gauci,16,0,0.0
34,Joe Gauci,17,0,0.0
34,Joe Gauci,18,0,0.0
34,Joe Gauci,19,0,0.0
34,Joe Gauci,20,0,0.0
34,Joe Gauci,21,0,0.0
34,Joe Gauci,22,0,0.0
34,Joe Gauci,23,0,0.0
34,Joe Gauci,24,0,0.0
34,Joe Gauci,25,0,0.0
34,Joe Gauci,26,0,0.0
34,Joe Gauci,27,0,0.0
34,Joe Gauci,28,0,0.0
34,Joe Gauci,29,0,0.0
35,Filip Marschall,6,0,0.0
35,Filip Marschall,7,0,0.0
35,Filip Marschall,8,0,0.0
35,Filip Marschall,9,0,0.0
35,Filip Marschall,10,0,0.0
35,Filip Marschall,11,0,0.0
35,Filip Marschall,12,0,0.0
35,Filip Marschall,13,0,0.0
35,Filip Marschall,14,0,0.0
35,Filip Marschall,15,0,0.0
35,Filip Marschall,16,0,0.0
35,Filip Marschall,17,0,0.0
35,Filip Marschall,18,0,0.0
35,Filip Marschall,19,0,0.0
35,Filip Marschall,20,0,0.0
35,Filip Marschall,21,0,0.0
35,Filip Marschall,22,0,0.0
35,Filip Marschall,23,0,0.0
35,Filip Marschall,24,0,0.0
35,Filip Marschall,25,0,0.0
35,Filip Marschall,26,0,0.0
35,Filip Marschall,27,0,0.0
35,Filip Marschall,28,0,0.0
35,Filip Marschall,29,0,0.0
36,Matty Cash,6,90,2.0
36,Matty Cash,7,83,2.0
36,Matty Cash,8,90,2.0
36,Matty Cash,9,90,15.0
36,Matty Cash,10,90,0.0
36,Matty Cash,11,90,6.0
36,Matty Cash,12,90,2.0
36,Matty Cash,13,90,6.0
36,Matty Cash,14,90,4.0
36,Matty Cash,15,86,9.0
36,Matty Cash,16,90,0.0
36,Matty Cash,17,90,2.0
36,Matty Cash,18,90,1.0
36,Matty Cash,19,0,0.0
36,Matty Cash,20,89,5.0
36,Matty Cash,21,90,6.0
36,Matty Cash,22,90,2.0
36,Matty Cash,23,90,6.0
36,Matty Cash,24,90,2.0
36,Matty Cash,25,90,2.0
36,Matty Cash,26,0,0.0
36,Matty Cash,27,86,2.0
36,Matty Cash,28,90,0.0
36,Matty Cash,29,45,-1.0
37,Lucas Digne,6,90,5.0
37,Lucas Digne,7,90,1.0
37,Lucas Digne,8,81,5.0
37,Lucas Digne,9,85,6.0
37,Lucas Digne,10,74,1.0
37,Lucas Digne,11,90,9.0
37,Lucas Digne,12,45,1.0
37,Lucas Digne,13,90,7.0
37,Lucas Digne,14,20,1.0
37,Lucas Digne,15,0,0.0
37,Lucas Digne,16,15,1.0
37,Lucas Digne,17,15,1.0
37,Lucas Digne,18,7,1.0
37,Lucas Digne,19,90,0.0
37,Lucas Digne,20,21,1.0
37,Lucas Digne,21,72,9.0
37,Lucas Digne,22,17,1.0
37,Lucas Digne,23,15,3.0
37,Lucas Digne,24,0,0.0
37,Lucas Digne,25,85,4.0
37,Lucas Digne,26,0,0.0
37,Lucas Digne,27,0,0.0
37,Lucas Digne,28,69,2.0
37,Lucas Digne,29,0,0.0
38,Ezri Konsa Ngoyo,6,90,2.0
38,Ezri Konsa Ngoyo,7,90,2.0
38,Ezri Konsa Ngoyo,8,90,2.0
38,Ezri Konsa Ngoyo,9,90,8.0
38,Ezri Konsa Ngoyo,10,90,1.0
38,Ezri Konsa Ngoyo,11,90,6.0
38,Ezri Konsa Ngoyo,12,90,2.0
38,Ezri Konsa Ngoyo,13,90,8.0
38,Ezri Konsa Ngoyo,14,90,1.0
38,Ezri Konsa Ngoyo,15,90,2.0
38,Ezri Konsa Ngoyo,16,90,1.0
38,Ezri Konsa Ngoyo,17,90,2.0
38,Ezri Konsa Ngoyo,18,90,4.0
38,Ezri Konsa Ngoyo,19,90,0.0
38,Ezri Konsa Ngoyo,20,90,2.0
38,Ezri Konsa Ngoyo,21,90,7.0
38,Ezri Konsa Ngoyo,22,90,2.0
38,Ezri Konsa Ngoyo,23,90,6.0
38,Ezri Konsa Ngoyo,24,90,2.0
38,Ezri Konsa Ngoyo,25,90,2.0
38,Ezri Konsa Ngoyo,26,90,6.0
38,Ezri Konsa Ngoyo,27,90,7.0
38,Ezri Konsa Ngoyo,28,90,1.0
38,Ezri Konsa Ngoyo,29,90,0.0
39,Ian Maatsen,6,0,0.0
39,Ian Maatsen,7,1,1.0
39,Ian Maatsen,8,8,1.0
39,Ian Maatsen,9,4,1.0
39,Ian Maatsen,10,15,1.0
39,Ian Maatsen,11,0,0.0
39,Ian Maatsen,12,45,1.0
39,Ian Maatsen,13,0,0.0
39,Ian Maatsen,14,69,1.0
39,Ian Maatsen,15,90,2.0
39,Ian Maatsen,16,74,1.0
39,Ian Maatsen,17,74,2.0
39,Ian Maatsen,18,82,2.0
39,Ian Maatsen,19,0,0.0
39,Ian Maatsen,20,68,2.0
39,Ian Maatsen,21,17,1.0
39,Ian Maatsen,22,72,2.0
39,Ian Maatsen,23,90,5.0
39,Ian Maatsen,24,90,2.0
39,Ian Maatsen,25,13,1.0
39,Ian Maatsen,26,90,8.0
39,Ian Maatsen,27,90,2.0
39,Ian Maatsen,28,20,1.0
39,Ian Maatsen,29,90,0.0
40,Tyrone Mings,6,31,1.0
40,Tyrone Mings,7,0,0.0
40,Tyrone Mings,8,0,0.0
40,Tyrone Mings,9,0,0.0
40,Tyrone Mings,10,16,1.0
40,Tyrone Mings,11,0,0.0
40,Tyrone Mings,12,0,0.0
40,Tyrone Mings,13,0,0.0
40,Tyrone Mings,14,0,0.0
40,Tyrone Mings,15,0,0.0
40,Tyrone Mings,16,0,0.0
40,Tyrone Mings,17,0,0.0
40,Tyrone Mings,18,0,0.0
40,Tyrone Mings,19,0,0.0
40,Tyrone Mings,20,0,0.0
40,Tyrone Mings,21,0,0.0
40,Tyrone Mings,22,0,0.0
40,Tyrone Mings,23,15,1.0
40,Tyrone Mings,24,0,0.0
40,Tyrone Mings,25,90,2.0
40,Tyrone Mings,26,90,12.0
40,Tyrone Mings,27,90,2.0
40,Tyrone Mings,28,0,0.0
40,Tyrone Mings,29,90,0.0
41,Pau Torres,6,58,1.0
41,Pau Torres,7,90,4.0
41,Pau Torres,8,90,2.0
41,Pau Torres,9,90,8.0
41,Pau Torres,10,73,1.0
41,Pau Torres,11,90,6.0
41,Pau Torres,12,90,4.0
41,Pau Torres,13,90,6.0
41,Pau Torres,14,90,-1.0
41,Pau Torres,15,85,5.0
41,Pau Torres,16,0,0.0
41,Pau Torres,17,0,0.0
41,Pau Torres,18,0,0.0
41,Pau Torres,19,0,0.0
41,Pau Torres,20,0,0.0
41,Pau Torres,21,0,0.0
41,Pau Torres,22,90,2.0
41,Pau Torres,23,74,6.0
41,Pau Torres,24,90,2.0
41,Pau Torres,25,0,0.0
41,Pau Torres,26,0,0.0
41,Pau Torres,27,0,0.0
41,Pau Torres,28,90,1.0
41,Pau Torres,29,0,0.0
42,Andrés García,6,0,0.0
42,Andrés García,7,0,0.0
42,Andrés García,8,0,0.0
42,Andrés García,9,0,0.0
42,Andrés García,10,0,0.0
42,Andrés García,11,0,0.0
42,Andrés García,12,0,0.0
42,Andrés García,13,0,0.0
42,Andrés García,14,0,0.0
42,Andrés García,15,0,0.0
42,Andrés García,16,0,0.0
42,Andrés García,17,0,0.0
42,Andrés García,18,0,0.0
42,Andrés García,19,29,0.0
42,Andrés García,20,1,1.0
42,Andrés García,21,0,0.0
42,Andrés García,22,0,0.0
42,Andrés García,23,0,0.0
42,Andrés García,24,0,0.0
42,Andrés García,25,0,0.0
42,Andrés García,26,0,0.0
42,Andrés García,27,3,1.0
42,Andrés García,28,0,0.0
42,Andrés García,29,0,0.0
43,Álex Moreno Lopera,6,0,0.0
43,Álex Moreno Lopera,7,0,0.0
43,Álex Moreno Lopera,8,0,0.0
43,Álex Moreno Lopera,9,0,0.0
43,Álex Moreno Lopera,10,0,0.0
43,Álex Moreno Lopera,11,0,0.0
43,Álex Moreno Lopera,12,0,0.0
43,Álex Moreno Lopera,13,0,0.0
43,Álex Moreno Lopera,14,0,0.0
43,Álex Moreno Lopera,15,0,0.0
43,Álex Moreno Lopera,16,0,0.0
43,Álex Moreno Lopera,17,0,0.0
43,Álex Moreno Lopera,18,0,0.0
43,Álex Moreno Lopera,19,0,0.0
43,Álex Moreno Lopera,20,0,0.0
43,Álex Moreno Lopera,21,0,0.0
43,Álex Moreno Lopera,22,0,0.0
43,Álex Moreno Lopera,23,0,0.0
43,Álex Moreno Lopera,24,0,0.0
43,Álex Moreno Lopera,25,0,0.0
43,Álex Moreno Lopera,26,0,0.0
43,Álex Moreno Lopera,27,0,0.0
43,Álex Moreno Lopera,28,0,0.0
43,Álex Moreno Lopera,29,0,0.0
44,Lamare Bogarde,6,81,2.0
44,Lamare Bogarde,7,89,2.0
44,Lamare Bogarde,8,0,0.0
44,Lamare Bogarde,9,0,0.0
44,Lamare Bogarde,10,0,0.0
44,Lamare Bogarde,11,9,1.0
44,Lamare Bogarde,12,6,1.0
44,Lamare Bogarde,13,2,1.0
44,Lamare Bogarde,14,4,1.0
44,Lamare Bogarde,15,15,1.0
44,Lamare Bogarde,16,0,0.0
44,Lamare Bogarde,17,2,0.0
44,Lamare Bogarde,18,7,1.0
44,Lamare Bogarde,19,90,-1.0
44,Lamare Bogarde,20,7,0.0
44,Lamare Bogarde,21,8,1.0
44,Lamare Bogarde,22,72,1.0
44,Lamare Bogarde,23,16,1.0
44,Lamare Bogarde,24,45,1.0
44,Lamare Bogarde,25,4,1.0
44,Lamare Bogarde,26,90,7.0
44,Lamare Bogarde,27,3,1.0
44,Lamare Bogarde,28,0,0.0
44,Lamare Bogarde,29,45,0.0
45,Lino da Cruz Sousa,6,0,0.0
45,Lino da Cruz Sousa,7,0,0.0
45,Lino da Cruz Sousa,8,0,0.0
45,Lino da Cruz Sousa,9,0,0.0
45,Lino da Cruz Sousa,10,0,0.0
45,Lino da Cruz Sousa,11,0,0.0
45,Lino da Cruz Sousa,12,0,0.0
45,Lino da Cruz Sousa,13,0,0.0
45,Lino da Cruz Sousa,14,0,0.0
45,Lino da Cruz Sousa,15,0,0.0
45,Lino da Cruz Sousa,16,0,0.0
45,Lino da Cruz Sousa,17,0,0.0
45,Lino da Cruz Sousa,18,0,0.0
45,Lino da Cruz Sousa,19,0,0.0
45,Lino da Cruz Sousa,20,0,0.0
45,Lino da Cruz Sousa,21,0,0.0
45,Lino da Cruz Sousa,22,0,0.0
45,Lino da Cruz Sousa,23,0,0.0
45,Lino da Cruz Sousa,24,0,0.0
45,Lino da Cruz Sousa,25,0,0.0
45,Lino da Cruz Sousa,26,0,0.0
45,Lino da Cruz Sousa,27,0,0.0
45,Lino da Cruz Sousa,28,0,0.0
45,Lino da Cruz Sousa,29,0,0.0
46,Yasin Özcan,6,0,0.0
46,Yasin Özcan,7,0,0.0
46,Yasin Özcan,8,0,0.0
46,Yasin Özcan,9,0,0.0
46,Yasin Özcan,10,0,0.0
46,Yasin Özcan,11,0,0.0
46,Yasin Özcan,12,0,0.0
46,Yasin Özcan,13,0,0.0
46,Yasin Özcan,14,0,0.0
46,Yasin Özcan,15,0,0.0
46,Yasin Özcan,16,0,0.0
46,Yasin Özcan,17,0,0.0
46,Yasin Özcan,18,0,0.0
46,Yasin Özcan,19,0,0.0
46,Yasin Özcan,20,0,0.0
46,Yasin Özcan,21,0,0.0
46,Yasin Özcan,22,0,0.0
46,Yasin Özcan,23,0,0.0
46,Yasin Özcan,24,0,0.0
46,Yasin Özcan,25,0,0.0
46,Yasin Özcan,26,0,0.0
46,Yasin Özcan,27,0,0.0
46,Yasin Özcan,28,0,0.0
46,Yasin Özcan,29,0,0.0
47,Morgan Rogers,6,90,5.0
47,Morgan Rogers,7,90,5.0
47,Morgan Rogers,8,90,7.0
47,Morgan Rogers,9,90,3.0
47,Morgan Rogers,10,90,1.0
47,Morgan Rogers,11,85,2.0
47,Morgan Rogers,12,90,15.0
47,Morgan Rogers,13,90,3.0
47,Morgan Rogers,14,90,6.0
47,Morgan Rogers,15,90,2.0
47,Morgan Rogers,16,90,15.0
47,Morgan Rogers,17,90,15.0
47,Morgan Rogers,18,90,1.0
47,Morgan Rogers,19,81,1.0
47,Morgan Rogers,20,90,5.0
47,Morgan Rogers,21,90,3.0
47,Morgan Rogers,22,90,2.0
47,Morgan Rogers,23,90,8.0
47,Morgan Rogers,24,90,2.0
47,Morgan Rogers,25,90,10.0
47,Morgan Rogers,26,90,2.0
47,Morgan Rogers,27,90,2.0
47,Morgan Rogers,28,90,2.0
47,Morgan Rogers,29,90,1.0
48,Youri Tielemans,6,0,0.0
48,Youri Tielemans,7,0,0.0
48,Youri Tielemans,8,0,0.0
48,Youri Tielemans,9,0,0.0
48,Youri Tielemans,10,0,0.0
48,Youri Tielemans,11,19,4.0
48,Youri Tielemans,12,83,2.0
48,Youri Tielemans,13,74,3.0
48,Youri Tielemans,14,20,1.0
48,Youri Tielemans,15,90,2.0
48,Youri Tielemans,16,90,6.0
48,Youri Tielemans,17,90,2.0
48,Youri Tielemans,18,90,7.0
48,Youri Tielemans,19,81,2.0
48,Youri Tielemans,20,90,7.0
48,Youri Tielemans,21,90,3.0
48,Youri Tielemans,22,90,2.0
48,Youri Tielemans,23,73,3.0
48,Youri Tielemans,24,0,0.0
48,Youri Tielemans,25,0,0.0
48,Youri Tielemans,26,0,0.0
48,Youri Tielemans,27,0,0.0
48,Youri Tielemans,28,0,0.0
48,Youri Tielemans,29,0,0.0
49,Leon Bailey,6,0,0.0
49,Leon Bailey,7,0,0.0
49,Leon Bailey,8,0,0.0
49,Leon Bailey,9,0,0.0
49,Leon Bailey,10,0,0.0
49,Leon Bailey,11,0,0.0
49,Leon Bailey,12,0,0.0
49,Leon Bailey,13,0,0.0
49,Leon Bailey,14,0,0.0
49,Leon Bailey,15,0,0.0
49,Leon Bailey,16,0,0.0
49,Leon Bailey,17,0,0.0
49,Leon Bailey,18,0,0.0
49,Leon Bailey,19,0,0.0
49,Leon Bailey,20,0,0.0
49,Leon Bailey,21,0,0.0
49,Leon Bailey,22,0,0.0
49,Leon Bailey,23,31,1.0
49,Leon Bailey,24,45,1.0
49,Leon Bailey,25,24,1.0
49,Leon Bailey,26,30,1.0
49,Leon Bailey,27,60,2.0
49,Leon Bailey,28,30,0.0
49,Leon Bailey,29,62,5.0
50,Emiliano Buendía Stati,6,45,12.0
50,Emiliano Buendía Stati,7,33,0.0
50,Emiliano Buendía Stati,8,29,7.0
50,Emiliano Buendía Stati,9,28,4.0
50,Emiliano Buendía Stati,10,0,0.0
50,Emiliano Buendía Stati,11,70,11.0
50,Emiliano Buendía Stati,12,45,1.0
50,Emiliano Buendía Stati,13,53,1.0
50,Emiliano Buendía Stati,14,4,1.0
50,Emiliano Buendía Stati,15,3,6.0
50,Emiliano Buendía Stati,16,15,1.0
50,Emiliano Buendía Stati,17,6,1.0
50,Emiliano Buendía Stati,18,58,3.0
50,Emiliano Buendía Stati,19,60,2.0
50,Emiliano Buendía Stati,20,68,2.0
50,Emiliano Buendía Stati,21,25,1.0
50,Emiliano Buendía Stati,22,90,2.0
50,Emiliano Buendía Stati,23,74,11.0
50,Emiliano Buendía Stati,24,90,2.0
50,Emiliano Buendía Stati,25,65,1.0
50,Emiliano Buendía Stati,26,59,1.0
50,Emiliano Buendía Stati,27,74,1.0
50,Emiliano Buendía Stati,28,69,1.0
50,Emiliano Buendía Stati,29,62,2.0
51,Samuel Iling-Junior,6,0,0.0
51,Samuel Iling-Junior,7,0,0.0
51,Samuel Iling-Junior,8,0,0.0
51,Samuel Iling-Junior,9,0,0.0
51,Samuel Iling-Junior,10,0,0.0
51,Samuel Iling-Junior,11,0,0.0
51,Samuel Iling-Junior,12,0,0.0
51,Samuel Iling-Junior,13,0,0.0
51,Samuel Iling-Junior,14,0,0.0
51,Samuel Iling-Junior,15,0,0.0
51,Samuel Iling-Junior,16,0,0.0
51,Samuel Iling-Junior,17,0,0.0
51,Samuel Iling-Junior,18,0,0.0
51,Samuel Iling-Junior,19,0,0.0
51,Samuel Iling-Junior,20,0,0.0
51,Samuel Iling-Junior,21,0,0.0
51,Samuel Iling-Junior,22,0,0.0
51,Samuel Iling-Junior,23,0,0.0
51,Samuel Iling-Junior,24,0,0.0
51,Samuel Iling-Junior,25,0,0.0
51,Samuel Iling-Junior,26,0,0.0
51,Samuel Iling-Junior,27,0,0.0
51,Samuel Iling-Junior,28,0,0.0
51,Samuel Iling-Junior,29,0,0.0
52,Jacob Ramsey,6,0,0.0
52,Jacob Ramsey,7,0,0.0
52,Jacob Ramsey,8,20,1.0
52,Jacob Ramsey,9,0,0.0
52,Jacob Ramsey,10,45,0.0
52,Jacob Ramsey,11,66,2.0
52,Jacob Ramsey,12,0,0.0
52,Jacob Ramsey,13,19,1.0
52,Jacob Ramsey,14,0,0.0
52,Jacob Ramsey,15,90,1.0
52,Jacob Ramsey,16,0,0.0
52,Jacob Ramsey,17,88,2.0
52,Jacob Ramsey,18,67,2.0
52,Jacob Ramsey,19,10,1.0
52,Jacob Ramsey,20,27,1.0
52,Jacob Ramsey,21,14,1.0
52,Jacob Ramsey,22,0,0.0
52,Jacob Ramsey,23,42,1.0
52,Jacob Ramsey,24,90,1.0
52,Jacob Ramsey,25,3,1.0
52,Jacob Ramsey,26,74,7.0
52,Jacob Ramsey,27,90,6.0
52,Jacob Ramsey,28,45,6.0
52,Jacob Ramsey,29,45,-2.0
53,Donyell Malen,6,7,1.0
53,Donyell Malen,7,83,15.0
53,Donyell Malen,8,60,2.0
53,Donyell Malen,9,4,1.0
53,Donyell Malen,10,31,1.0
53,Donyell Malen,11,9,6.0
53,Donyell Malen,12,45,4.0
53,Donyell Malen,13,74,3.0
53,Donyell Malen,14,13,6.0
53,Donyell Malen,15,24,1.0
53,Donyell Malen,16,26,1.0
53,Donyell Malen,17,15,1.0
53,Donyell Malen,18,58,1.0
53,Donyell Malen,19,29,4.0
53,Donyell Malen,20,7,1.0
53,Donyell Malen,21,17,1.0
53,Donyell Malen,22,0,0.0
53,Donyell Malen,23,0,0.0
53,Donyell Malen,24,0,0.0
53,Donyell Malen,25,0,0.0
53,Donyell Malen,26,0,0.0
53,Donyell Malen,27,0,0.0
53,Donyell Malen,28,0,0.0
53,Donyell Malen,29,0,0.0
54,John McGinn,6,71,6.0
54,John McGinn,7,66,3.0
54,John McGinn,8,90,2.0
54,John McGinn,9,73,3.0
54,John McGinn,10,58,1.0
54,John McGinn,11,70,3.0
54,John McGinn,12,67,1.0
54,John McGinn,13,90,9.0
54,John McGinn,14,76,1.0
54,John McGinn,15,74,2.0
54,John McGinn,16,90,2.0
54,John McGinn,17,83,5.0
54,John McGinn,18,58,1.0
54,John McGinn,19,45,1.0
54,John McGinn,20,82,15.0
54,John McGinn,21,72,3.0
54,John McGinn,22,17,1.0
54,John McGinn,23,0,0.0
54,John McGinn,24,0,0.0
54,John McGinn,25,0,0.0
54,John McGinn,26,0,0.0
54,John McGinn,27,0,0.0
54,John McGinn,28,0,0.0
54,John McGinn,29,0,0.0
55,Ross Barkley,6,0,0.0
55,Ross Barkley,7,6,1.0
55,Ross Barkley,8,8,1.0
55,Ross Barkley,9,16,1.0
55,Ross Barkley,10,31,1.0
55,Ross Barkley,11,19,6.0
55,Ross Barkley,12,22,4.0
55,Ross Barkley,13,12,1.0
55,Ross Barkley,14,0,0.0
55,Ross Barkley,15,0,0.0
55,Ross Barkley,16,0,0.0
55,Ross Barkley,17,0,0.0
55,Ross Barkley,18,0,0.0
55,Ross Barkley,19,0,0.0
55,Ross Barkley,20,0,0.0
55,Ross Barkley,21,0,0.0
55,Ross Barkley,22,0,0.0
55,Ross Barkley,23,0,0.0
55,Ross Barkley,24,0,0.0
55,Ross Barkley,25,13,1.0
55,Ross Barkley,26,30,1.0
55,Ross Barkley,27,29,1.0
55,Ross Barkley,28,30,1.0
55,Ross Barkley,29,27,1.0
56,Enzo Barrenechea,6,0,0.0
56,Enzo Barrenechea,7,0,0.0
56,Enzo Barrenechea,8,0,0.0
56,Enzo Barrenechea,9,0,0.0
56,Enzo Barrenechea,10,0,0.0
56,Enzo Barrenechea,11,0,0.0
56,Enzo Barrenechea,12,0,0.0
56,Enzo Barrenechea,13,0,0.0
56,Enzo Barrenechea,14,0,0.0
56,Enzo Barrenechea,15,0,0.0
56,Enzo Barrenechea,16,0,0.0
56,Enzo Barrenechea,17,0,0.0
56,Enzo Barrenechea,18,0,0.0
56,Enzo Barrenechea,19,0,0.0
56,Enzo Barrenechea,20,0,0.0
56,Enzo Barrenechea,21,0,0.0
56,Enzo Barrenechea,22,0,0.0
56,Enzo Barrenechea,23,0,0.0
56,Enzo Barrenechea,24,0,0.0
56,Enzo Barrenechea,25,0,0.0
56,Enzo Barrenechea,26,0,0.0
56,Enzo Barrenechea,27,0,0.0
56,Enzo Barrenechea,28,0,0.0
56,Enzo Barrenechea,29,0,0.0
57,Lewis Dobbin,6,0,0.0
57,Lewis Dobbin,7,0,0.0
57,Lewis Dobbin,8,0,0.0
57,Lewis Dobbin,9,0,0.0
57,Lewis Dobbin,10,0,0.0
57,Lewis Dobbin,11,0,0.0
57,Lewis Dobbin,12,0,0.0
57,Lewis Dobbin,13,0,0.0
57,Lewis Dobbin,14,0,0.0
57,Lewis Dobbin,15,0,0.0
57,Lewis Dobbin,16,0,0.0
57,Lewis Dobbin,17,0,0.0
57,Lewis Dobbin,18,0,0.0
57,Lewis Dobbin,19,0,0.0
57,Lewis Dobbin,20,0,0.0
57,Lewis Dobbin,21,0,0.0
57,Lewis Dobbin,22,0,0.0
57,Lewis Dobbin,23,0,0.0
57,Lewis Dobbin,24,0,0.0
57,Lewis Dobbin,25,0,0.0
57,Lewis Dobbin,26,0,0.0
57,Lewis Dobbin,27,0,0.0
57,Lewis Dobbin,28,0,0.0
57,Lewis Dobbin,29,0,0.0
58,Boubacar Kamara,6,18,1.0
58,Boubacar Kamara,7,90,5.0
58,Boubacar Kamara,8,90,2.0
58,Boubacar Kamara,9,90,2.0
58,Boubacar Kamara,10,90,2.0
58,Boubacar Kamara,11,80,2.0
58,Boubacar Kamara,12,90,4.0
58,Boubacar Kamara,13,87,11.0
58,Boubacar Kamara,14,69,2.0
58,Boubacar Kamara,15,90,10.0
58,Boubacar Kamara,16,90,1.0
58,Boubacar Kamara,17,87,2.0
58,Boubacar Kamara,18,82,1.0
58,Boubacar Kamara,19,0,0.0
58,Boubacar Kamara,20,90,4.0
58,Boubacar Kamara,21,81,3.0
58,Boubacar Kamara,22,0,0.0
58,Boubacar Kamara,23,0,0.0
58,Boubacar Kamara,24,0,0.0
58,Boubacar Kamara,25,0,0.0
58,Boubacar Kamara,26,0,0.0
58,Boubacar Kamara,27,0,0.0
58,Boubacar Kamara,28,0,0.0
58,Boubacar Kamara,29,0,0.0
59,Amadou Onana,6,0,0.0
59,Amadou Onana,7,1,1.0
59,Amadou Onana,8,81,4.0
59,Amadou Onana,9,90,3.0
59,Amadou Onana,10,90,1.0
59,Amadou Onana,11,70,9.0
59,Amadou Onana,12,0,0.0
59,Amadou Onana,13,15,1.0
59,Amadou Onana,14,90,11.0
59,Amadou Onana,15,74,2.0
59,Amadou Onana,16,63,2.0
59,Amadou Onana,17,83,4.0
59,Amadou Onana,18,31,1.0
59,Amadou Onana,19,45,1.0
59,Amadou Onana,20,0,0.0
59,Amadou Onana,21,0,0.0
59,Amadou Onana,22,0,0.0
59,Amadou Onana,23,88,5.0
59,Amadou Onana,24,0,0.0
59,Amadou Onana,25,90,4.0
59,Amadou Onana,26,74,3.0
59,Amadou Onana,27,60,2.0
59,Amadou Onana,28,90,2.0
59,Amadou Onana,29,90,2.0
60,Ben Broggio,6,0,0.0
60,Ben Broggio,7,0,0.0
60,Ben Broggio,8,0,0.0
60,Ben Broggio,9,0,0.0
60,Ben Broggio,10,0,0.0
60,Ben Broggio,11,0,0.0
60,Ben Broggio,12,0,0.0
60,Ben Broggio,13,0,0.0
60,Ben Broggio,14,0,0.0
60,Ben Broggio,15,0,0.0
60,Ben Broggio,16,0,0.0
60,Ben Broggio,17,0,0.0
60,Ben Broggio,18,0,0.0
60,Ben Broggio,19,0,0.0
60,Ben Broggio,20,0,0.0
60,Ben Broggio,21,0,0.0
60,Ben Broggio,22,0,0.0
60,Ben Broggio,23,0,0.0
60,Ben Broggio,24,0,0.0
60,Ben Broggio,25,0,0.0
60,Ben Broggio,26,0,0.0
60,Ben Broggio,27,0,0.0
60,Ben Broggio,28,0,0.0
60,Ben Broggio,29,0,0.0
61,Leander Dendoncker,6,0,0.0
61,Leander Dendoncker,7,0,0.0
61,Leander Dendoncker,8,0,0.0
61,Leander Dendoncker,9,0,0.0
61,Leander Dendoncker,10,0,0.0
61,Leander Dendoncker,11,0,0.0
61,Leander Dendoncker,12,0,0.0
61,Leander Dendoncker,13,0,0.0
61,Leander Dendoncker,14,0,0.0
61,Leander Dendoncker,15,0,0.0
61,Leander Dendoncker,16,0,0.0
61,Leander Dendoncker,17,0,0.0
61,Leander Dendoncker,18,0,0.0
61,Leander Dendoncker,19,0,0.0
61,Leander Dendoncker,20,0,0.0
61,Leander Dendoncker,21,0,0.0
61,Leander Dendoncker,22,0,0.0
61,Leander Dendoncker,23,0,0.0
61,Leander Dendoncker,24,0,0.0
61,Leander Dendoncker,25,0,0.0
61,Leander Dendoncker,26,0,0.0
61,Leander Dendoncker,27,0,0.0
61,Leander Dendoncker,28,0,0.0
61,Leander Dendoncker,29,0,0.0
62,Jamaldeen Jimoh-Aloba,6,0,0.0
62,Jamaldeen Jimoh-Aloba,7,0,0.0
62,Jamaldeen Jimoh-Aloba,8,0,0.0
62,Jamaldeen Jimoh-Aloba,9,0,0.0
62,Jamaldeen Jimoh-Aloba,10,0,0.0
62,Jamaldeen Jimoh-Aloba,11,0,0.0
62,Jamaldeen Jimoh-Aloba,12,0,0.0
62,Jamaldeen Jimoh-Aloba,13,0,0.0
62,Jamaldeen Jimoh-Aloba,14,0,0.0
62,Jamaldeen Jimoh-Aloba,15,0,0.0
62,Jamaldeen Jimoh-Aloba,16,0,0.0
62,Jamaldeen Jimoh-Aloba,17,0,0.0
62,Jamaldeen Jimoh-Aloba,18,0,0.0
62,Jamaldeen Jimoh-Aloba,19,8,1.0
62,Jamaldeen Jimoh-Aloba,20,0,0.0
62,Jamaldeen Jimoh-Aloba,21,0,0.0
62,Jamaldeen Jimoh-Aloba,22,0,0.0
62,Jamaldeen Jimoh-Aloba,23,0,0.0
62,Jamaldeen Jimoh-Aloba,24,0,0.0
62,Jamaldeen Jimoh-Aloba,25,0,0.0
62,Jamaldeen Jimoh-Aloba,26,0,0.0
62,Jamaldeen Jimoh-Aloba,27,0,0.0
62,Jamaldeen Jimoh-Aloba,28,0,0.0
62,Jamaldeen Jimoh-Aloba,29,0,0.0
63,Kadan Young,6,0,0.0
63,Kadan Young,7,0,0.0
63,Kadan Young,8,0,0.0
63,Kadan Young,9,0,0.0
63,Kadan Young,10,0,0.0
63,Kadan Young,11,0,0.0
63,Kadan Young,12,0,0.0
63,Kadan Young,13,0,0.0
63,Kadan Young,14,0,0.0
63,Kadan Young,15,0,0.0
63,Kadan Young,16,0,0.0
63,Kadan Young,17,0,0.0
63,Kadan Young,18,0,0.0
63,Kadan Young,19,0,0.0
63,Kadan Young,20,0,0.0
63,Kadan Young,21,0,0.0
63,Kadan Young,22,0,0.0
63,Kadan Young,23,0,0.0
63,Kadan Young,24,0,0.0
63,Kadan Young,25,0,0.0
63,Kadan Young,26,0,0.0
63,Kadan Young,27,0,0.0
63,Kadan Young,28,0,0.0
63,Kadan Young,29,0,0.0
64,Ollie Watkins,6,90,8.0
64,Ollie Watkins,7,66,2.0
64,Ollie Watkins,8,29,1.0
64,Ollie Watkins,9,85,2.0
64,Ollie Watkins,10,74,2.0
64,Ollie Watkins,11,80,2.0
64,Ollie Watkins,12,67,2.0
64,Ollie Watkins,13,36,1.0
64,Ollie Watkins,14,85,13.0
64,Ollie Watkins,15,65,2.0
64,Ollie Watkins,16,74,5.0
64,Ollie Watkins,17,74,5.0
64,Ollie Watkins,18,32,12.0
64,Ollie Watkins,19,90,5.0
64,Ollie Watkins,20,82,7.0
64,Ollie Watkins,21,90,2.0
64,Ollie Watkins,22,90,2.0
64,Ollie Watkins,23,90,8.0
64,Ollie Watkins,24,0,0.0
64,Ollie Watkins,25,85,2.0
64,Ollie Watkins,26,73,2.0
64,Ollie Watkins,27,90,2.0
64,Ollie Watkins,28,85,2.0
64,Ollie Watkins,29,70,1.0
65,Zépiqueno Redmond,6,0,0.0
65,Zépiqueno Redmond,7,0,0.0
65,Zépiqueno Redmond,8,0,0.0
65,Zépiqueno Redmond,9,0,0.0
65,Zépiqueno Redmond,10,0,0.0
65,Zépiqueno Redmond,11,0,0.0
65,Zépiqueno Redmond,12,0,0.0
65,Zépiqueno Redmond,13,0,0.0
65,Zépiqueno Redmond,14,0,0.0
65,Zépiqueno Redmond,15,0,0.0
65,Zépiqueno Redmond,16,0,0.0
65,Zépiqueno Redmond,17,0,0.0
65,Zépiqueno Redmond,18,0,0.0
65,Zépiqueno Redmond,19,0,0.0
65,Zépiqueno Redmond,20,0,0.0
65,Zépiqueno Redmond,21,0,0.0
65,Zépiqueno Redmond,22,0,0.0
65,Zépiqueno Redmond,23,0,0.0
65,Zépiqueno Redmond,24,0,0.0
65,Zépiqueno Redmond,25,0,0.0
65,Zépiqueno Redmond,26,0,0.0
65,Zépiqueno Redmond,27,0,0.0
65,Zépiqueno Redmond,28,0,0.0
65,Zépiqueno Redmond,29,0,0.0
66,Norberto Murara Neto,6,0,0.0
66,Norberto Murara Neto,7,0,0.0
66,Norberto Murara Neto,8,0,0.0
66,Norberto Murara Neto,9,0,0.0
66,Norberto Murara Neto,10,0,0.0
66,Norberto Murara Neto,11,0,0.0
66,Norberto Murara Neto,12,0,0.0
66,Norberto Murara Neto,13,0,0.0
66,Norberto Murara Neto,14,0,0.0
66,Norberto Murara Neto,15,0,0.0
66,Norberto Murara Neto,16,0,0.0
66,Norberto Murara Neto,17,0,0.0
66,Norberto Murara Neto,18,0,0.0
66,Norberto Murara Neto,19,0,0.0
66,Norberto Murara Neto,20,0,0.0
66,Norberto Murara Neto,21,0,0.0
66,Norberto Murara Neto,22,0,0.0
66,Norberto Murara Neto,23,0,0.0
66,Norberto Murara Neto,24,0,0.0
66,Norberto Murara Neto,25,0,0.0
66,Norberto Murara Neto,26,0,0.0
66,Norberto Murara Neto,27,0,0.0
66,Norberto Murara Neto,28,0,0.0
66,Norberto Murara Neto,29,0,0.0
67,Đorđe Petrović,6,90,3.0
67,Đorđe Petrović,7,90,3.0
67,Đorđe Petrović,8,90,2.0
67,Đorđe Petrović,9,90,8.0
67,Đorđe Petrović,10,90,2.0
67,Đorđe Petrović,11,90,1.0
67,Đorđe Petrović,12,90,1.0
67,Đorđe Petrović,13,90,2.0
67,Đorđe Petrović,14,90,2.0
67,Đorđe Petrović,15,90,7.0
67,Đorđe Petrović,16,90,1.0
67,Đorđe Petrović,17,90,2.0
67,Đorđe Petrović,18,90,-1.0
67,Đorđe Petrović,19,90,1.0
67,Đorđe Petrović,20,90,1.0
67,Đorđe Petrović,21,90,1.0
67,Đorđe Petrović,22,90,2.0
67,Đorđe Petrović,23,90,1.0
67,Đorđe Petrović,24,90,10.0
67,Đorđe Petrović,25,90,3.0
67,Đorđe Petrović,26,90,3.0
67,Đorđe Petrović,27,90,9.0
67,Đorđe Petrović,28,90,3.0
67,Đorđe Petrović,29,90,6.0
68,Will Dennis,6,0,0.0
68,Will Dennis,7,0,0.0
68,Will Dennis,8,0,0.0
68,Will Dennis,9,0,0.0
68,Will Dennis,10,0,0.0
68,Will Dennis,11,0,0.0
68,Will Dennis,12,0,0.0
68,Will Dennis,13,0,0.0
68,Will Dennis,14,0,0.0
68,Will Dennis,15,0,0.0
68,Will Dennis,16,0,0.0
68,Will Dennis,17,0,0.0
68,Will Dennis,18,0,0.0
68,Will Dennis,19,0,0.0
68,Will Dennis,20,0,0.0
68,Will Dennis,21,0,0.0
68,Will Dennis,22,0,0.0
68,Will Dennis,23,0,0.0
68,Will Dennis,24,0,0.0
68,Will Dennis,25,0,0.0
68,Will Dennis,26,0,0.0
68,Will Dennis,27,0,0.0
68,Will Dennis,28,0,0.0
68,Will Dennis,29,0,0.0
69,Callan McKenna,6,0,0.0
69,Callan McKenna,7,0,0.0
69,Callan McKenna,8,0,0.0
69,Callan McKenna,9,0,0.0
69,Callan McKenna,10,0,0.0
69,Callan McKenna,11,0,0.0
69,Callan McKenna,12,0,0.0
69,Callan McKenna,13,0,0.0
69,Callan McKenna,14,0,0.0
69,Callan McKenna,15,0,0.0
69,Callan McKenna,16,0,0.0
69,Callan McKenna,17,0,0.0
69,Callan McKenna,18,0,0.0
69,Callan McKenna,19,0,0.0
69,Callan McKenna,20,0,0.0
69,Callan McKenna,21,0,0.0
69,Callan McKenna,22,0,0.0
69,Callan McKenna,23,0,0.0
69,Callan McKenna,24,0,0.0
69,Callan McKenna,25,0,0.0
69,Callan McKenna,26,0,0.0
69,Callan McKenna,27,0,0.0
69,Callan McKenna,28,0,0.0
69,Callan McKenna,29,0,0.0
70,Alex Paulsen,6,0,0.0
70,Alex Paulsen,7,0,0.0
70,Alex Paulsen,8,0,0.0
70,Alex Paulsen,9,0,0.0
70,Alex Paulsen,10,0,0.0
70,Alex Paulsen,11,0,0.0
70,Alex Paulsen,12,0,0.0
70,Alex Paulsen,13,0,0.0
70,Alex Paulsen,14,0,0.0
70,Alex Paulsen,15,0,0.0
70,Alex Paulsen,16,0,0.0
70,Alex Paulsen,17,0,0.0
70,Alex Paulsen,18,0,0.0
70,Alex Paulsen,19,0,0.0
70,Alex Paulsen,20,0,0.0
70,Alex Paulsen,21,0,0.0
70,Alex Paulsen,22,0,0.0
70,Alex Paulsen,23,0,0.0
70,Alex Paulsen,24,0,0.0
70,Alex Paulsen,25,0,0.0
70,Alex Paulsen,26,0,0.0
70,Alex Paulsen,27,0,0.0
70,Alex Paulsen,28,0,0.0
70,Alex Paulsen,29,0,0.0
71,Illia Zabarnyi,6,0,0.0
71,Illia Zabarnyi,7,0,0.0
71,Illia Zabarnyi,8,0,0.0
71,Illia Zabarnyi,9,0,0.0
71,Illia Zabarnyi,10,0,0.0
71,Illia Zabarnyi,11,0,0.0
71,Illia Zabarnyi,12,0,0.0
71,Illia Zabarnyi,13,0,0.0
71,Illia Zabarnyi,14,0,0.0
71,Illia Zabarnyi,15,0,0.0
71,Illia Zabarnyi,16,0,0.0
71,Illia Zabarnyi,17,0,0.0
71,Illia Zabarnyi,18,0,0.0
71,Illia Zabarnyi,19,0,0.0
71,Illia Zabarnyi,20,0,0.0
71,Illia Zabarnyi,21,0,0.0
71,Illia Zabarnyi,22,0,0.0
71,Illia Zabarnyi,23,0,0.0
71,Illia Zabarnyi,24,0,0.0
71,Illia Zabarnyi,25,0,0.0
71,Illia Zabarnyi,26,0,0.0
71,Illia Zabarnyi,27,0,0.0
71,Illia Zabarnyi,28,0,0.0
71,Illia Zabarnyi,29,0,0.0
72,Marcos Senesi Barón,6,90,7.0
72,Marcos Senesi Barón,7,77,2.0
72,Marcos Senesi Barón,8,90,2.0
72,Marcos Senesi Barón,9,90,5.0
72,Marcos Senesi Barón,10,90,3.0
72,Marcos Senesi Barón,11,90,2.0
72,Marcos Senesi Barón,12,90,3.0
72,Marcos Senesi Barón,13,90,2.0
72,Marcos Senesi Barón,14,0,0.0
72,Marcos Senesi Barón,15,61,8.0
72,Marcos Senesi Barón,16,90,1.0
72,Marcos Senesi Barón,17,90,4.0
72,Marcos Senesi Barón,18,90,2.0
72,Marcos Senesi Barón,19,90,3.0
72,Marcos Senesi Barón,20,90,1.0
72,Marcos Senesi Barón,21,90,6.0
72,Marcos Senesi Barón,22,90,3.0
72,Marcos Senesi Barón,23,90,3.0
72,Marcos Senesi Barón,24,90,8.0
72,Marcos Senesi Barón,25,90,2.0
72,Marcos Senesi Barón,26,90,2.0
72,Marcos Senesi Barón,27,90,5.0
72,Marcos Senesi Barón,28,90,4.0
72,Marcos Senesi Barón,29,90,11.0
73,Adam Smith,6,0,0.0
73,Adam Smith,7,0,0.0
73,Adam Smith,8,0,0.0
73,Adam Smith,9,0,0.0
73,Adam Smith,10,0,0.0
73,Adam Smith,11,9,1.0
73,Adam Smith,12,4,1.0
73,Adam Smith,13,79,1.0
73,Adam Smith,14,0,0.0
73,Adam Smith,15,90,6.0
73,Adam Smith,16,90,2.0
73,Adam Smith,17,0,0.0
73,Adam Smith,18,45,0.0
73,Adam Smith,19,1,1.0
73,Adam Smith,20,0,0.0
73,Adam Smith,21,0,0.0
73,Adam Smith,22,19,0.0
73,Adam Smith,23,90,1.0
73,Adam Smith,24,90,6.0
73,Adam Smith,25,4,1.0
73,Adam Smith,26,1,1.0
73,Adam Smith,27,1,1.0
73,Adam Smith,28,0,0.0
73,Adam Smith,29,0,0.0
74,Adrien Truffert,6,90,3.0
74,Adrien Truffert,7,90,5.0
74,Adrien Truffert,8,90,1.0
74,Adrien Truffert,9,90,10.0
74,Adrien Truffert,10,90,2.0
74,Adrien Truffert,11,62,0.0
74,Adrien Truffert,12,90,0.0
74,Adrien Truffert,13,90,1.0
74,Adrien Truffert,14,90,4.0
74,Adrien Truffert,15,90,6.0
74,Adrien Truffert,16,90,0.0
74,Adrien Truffert,17,90,5.0
74,Adrien Truffert,18,76,1.0
74,Adrien Truffert,19,90,3.0
74,Adrien Truffert,20,90,1.0
74,Adrien Truffert,21,90,1.0
74,Adrien Truffert,22,90,4.0
74,Adrien Truffert,23,90,3.0
74,Adrien Truffert,24,90,6.0
74,Adrien Truffert,25,90,2.0
74,Adrien Truffert,26,90,7.0
74,Adrien Truffert,27,90,6.0
74,Adrien Truffert,28,90,4.0
74,Adrien Truffert,29,90,8.0
75,Matai Akinmboni,6,0,0.0
75,Matai Akinmboni,7,0,0.0
75,Matai Akinmboni,8,0,0.0
75,Matai Akinmboni,9,0,0.0
75,Matai Akinmboni,10,0,0.0
75,Matai Akinmboni,11,0,0.0
75,Matai Akinmboni,12,0,0.0
75,Matai Akinmboni,13,0,0.0
75,Matai Akinmboni,14,0,0.0
75,Matai Akinmboni,15,0,0.0
75,Matai Akinmboni,16,0,0.0
75,Matai Akinmboni,17,0,0.0
75,Matai Akinmboni,18,0,0.0
75,Matai Akinmboni,19,0,0.0
75,Matai Akinmboni,20,0,0.0
75,Matai Akinmboni,21,0,0.0
75,Matai Akinmboni,22,0,0.0
75,Matai Akinmboni,23,0,0.0
75,Matai Akinmboni,24,0,0.0
75,Matai Akinmboni,25,0,0.0
75,Matai Akinmboni,26,0,0.0
75,Matai Akinmboni,27,0,0.0
75,Matai Akinmboni,28,0,0.0
75,Matai Akinmboni,29,0,0.0
76,Owen Bevan,6,0,0.0
76,Owen Bevan,7,0,0.0
76,Owen Bevan,8,0,0.0
76,Owen Bevan,9,0,0.0
76,Owen Bevan,10,0,0.0
76,Owen Bevan,11,0,0.0
76,Owen Bevan,12,0,0.0
76,Owen Bevan,13,0,0.0
76,Owen Bevan,14,0,0.0
76,Owen Bevan,15,0,0.0
76,Owen Bevan,16,0,0.0
76,Owen Bevan,17,0,0.0
76,Owen Bevan,18,0,0.0
76,Owen Bevan,19,0,0.0
76,Owen Bevan,20,0,0.0
76,Owen Bevan,21,0,0.0
76,Owen Bevan,22,0,0.0
76,Owen Bevan,23,0,0.0
76,Owen Bevan,24,0,0.0
76,Owen Bevan,25,0,0.0
76,Owen Bevan,26,0,0.0
76,Owen Bevan,27,0,0.0
76,Owen Bevan,28,0,0.0
76,Owen Bevan,29,0,0.0
77,James Hill,6,0,0.0
77,James Hill,7,60,6.0
77,James Hill,8,15,1.0
77,James Hill,9,0,0.0
77,James Hill,10,0,0.0
77,James Hill,11,0,0.0
77,James Hill,12,0,0.0
77,James Hill,13,0,0.0
77,James Hill,14,0,0.0
77,James Hill,15,28,1.0
77,James Hill,16,1,1.0
77,James Hill,17,0,0.0
77,James Hill,18,0,0.0
77,James Hill,19,90,3.0
77,James Hill,20,90,3.0
77,James Hill,21,90,3.0
77,James Hill,22,90,2.0
77,James Hill,23,90,6.0
77,James Hill,24,90,7.0
77,James Hill,25,90,7.0
77,James Hill,26,90,9.0
77,James Hill,27,90,6.0
77,James Hill,28,90,2.0
77,James Hill,29,90,8.0
78,Julián Araujo Zúñiga,6,0,0.0
78,Julián Araujo Zúñiga,7,0,0.0
78,Julián Araujo Zúñiga,8,0,0.0
78,Julián Araujo Zúñiga,9,0,0.0
78,Julián Araujo Zúñiga,10,0,0.0
78,Julián Araujo Zúñiga,11,0,0.0
78,Julián Araujo Zúñiga,12,0,0.0
78,Julián Araujo Zúñiga,13,0,0.0
78,Julián Araujo Zúñiga,14,0,0.0
78,Julián Araujo Zúñiga,15,0,0.0
78,Julián Araujo Zúñiga,16,0,0.0
78,Julián Araujo Zúñiga,17,0,0.0
78,Julián Araujo Zúñiga,18,0,0.0
78,Julián Araujo Zúñiga,19,0,0.0
78,Julián Araujo Zúñiga,20,0,0.0
78,Julián Araujo Zúñiga,21,0,0.0
78,Julián Araujo Zúñiga,22,0,0.0
78,Julián Araujo Zúñiga,23,0,0.0
78,Julián Araujo Zúñiga,24,0,0.0
78,Julián Araujo Zúñiga,25,0,0.0
78,Julián Araujo Zúñiga,26,0,0.0
78,Julián Araujo Zúñiga,27,0,0.0
78,Julián Araujo Zúñiga,28,0,0.0
78,Julián Araujo Zúñiga,29,0,0.0
79,Chris Mepham,6,0,0.0
79,Chris Mepham,7,0,0.0
79,Chris Mepham,8,0,0.0
79,Chris Mepham,9,0,0.0
79,Chris Mepham,10,0,0.0
79,Chris Mepham,11,0,0.0
79,Chris Mepham,12,0,0.0
79,Chris Mepham,13,0,0.0
79,Chris Mepham,14,0,0.0
79,Chris Mepham,15,0,0.0
79,Chris Mepham,16,0,0.0
79,Chris Mepham,17,0,0.0
79,Chris Mepham,18,0,0.0
79,Chris Mepham,19,0,0.0
79,Chris Mepham,20,0,0.0
79,Chris Mepham,21,0,0.0
79,Chris Mepham,22,0,0.0
79,Chris Mepham,23,0,0.0
79,Chris Mepham,24,0,0.0
79,Chris Mepham,25,0,0.0
79,Chris Mepham,26,0,0.0
79,Chris Mepham,27,0,0.0
79,Chris Mepham,28,0,0.0
79,Chris Mepham,29,0,0.0
80,Julio Soler Barreto,6,0,0.0
80,Julio Soler Barreto,7,0,0.0
80,Julio Soler Barreto,8,0,0.0
80,Julio Soler Barreto,9,0,0.0
80,Julio Soler Barreto,10,0,0.0
80,Julio Soler Barreto,11,0,0.0
80,Julio Soler Barreto,12,0,0.0
80,Julio Soler Barreto,13,0,0.0
80,Julio Soler Barreto,14,20,1.0
80,Julio Soler Barreto,15,0,0.0
80,Julio Soler Barreto,16,0,0.0
80,Julio Soler Barreto,17,0,0.0
80,Julio Soler Barreto,18,13,1.0
80,Julio Soler Barreto,19,0,0.0
80,Julio Soler Barreto,20,0,0.0
80,Julio Soler Barreto,21,0,0.0
80,Julio Soler Barreto,22,0,0.0
80,Julio Soler Barreto,23,0,0.0
80,Julio Soler Barreto,24,0,0.0
80,Julio Soler Barreto,25,0,0.0
80,Julio Soler Barreto,26,0,0.0
80,Julio Soler Barreto,27,0,0.0
80,Julio Soler Barreto,28,0,0.0
80,Julio Soler Barreto,29,0,0.0
81,Justin Kluivert,6,59,1.0
81,Justin Kluivert,7,29,7.0
81,Justin Kluivert,8,75,2.0
81,Justin Kluivert,9,68,2.0
81,Justin Kluivert,10,28,0.0
81,Justin Kluivert,11,62,2.0
81,Justin Kluivert,12,0,0.0
81,Justin Kluivert,13,19,1.0
81,Justin Kluivert,14,69,2.0
81,Justin Kluivert,15,73,3.0
81,Justin Kluivert,16,90,2.0
81,Justin Kluivert,17,63,3.0
81,Justin Kluivert,18,45,0.0
81,Justin Kluivert,19,90,9.0
81,Justin Kluivert,20,73,2.0
81,Justin Kluivert,21,0,0.0
81,Justin Kluivert,22,0,0.0
81,Justin Kluivert,23,0,0.0
81,Justin Kluivert,24,0,0.0
81,Justin Kluivert,25,0,0.0
81,Justin Kluivert,26,0,0.0
81,Justin Kluivert,27,0,0.0
81,Justin Kluivert,28,0,0.0
81,Justin Kluivert,29,0,0.0
82,Antoine Semenyo,6,90,7.0
82,Antoine Semenyo,7,90,18.0
82,Antoine Semenyo,8,90,4.0
82,Antoine Semenyo,9,90,3.0
82,Antoine Semenyo,10,90,2.0
82,Antoine Semenyo,11,90,0.0
82,Antoine Semenyo,12,0,0.0
82,Antoine Semenyo,13,90,1.0
82,Antoine Semenyo,14,90,4.0
82,Antoine Semenyo,15,90,3.0
82,Antoine Semenyo,16,90,6.0
82,Antoine Semenyo,17,90,10.0
82,Antoine Semenyo,18,90,9.0
82,Antoine Semenyo,19,90,5.0
82,Antoine Semenyo,20,90,1.0
82,Antoine Semenyo,21,90,6.0
82,Antoine Semenyo,22,90,2.0
82,Antoine Semenyo,23,90,8.0
82,Antoine Semenyo,24,90,7.0
82,Antoine Semenyo,25,90,2.0
82,Antoine Semenyo,26,90,14.0
82,Antoine Semenyo,27,86,4.0
82,Antoine Semenyo,28,90,8.0
82,Antoine Semenyo,29,90,7.0
83,Dango Ouattara,6,74,2.0
83,Dango Ouattara,7,22,0.0
83,Dango Ouattara,8,75,3.0
83,Dango Ouattara,9,90,11.0
83,Dango Ouattara,10,74,2.0
83,Dango Ouattara,11,90,4.0
83,Dango Ouattara,12,64,5.0
83,Dango Ouattara,13,90,12.0
83,Dango Ouattara,14,90,2.0
83,Dango Ouattara,15,87,4.0
83,Dango Ouattara,16,90,2.0
83,Dango Ouattara,17,0,0.0
83,Dango Ouattara,18,0,0.0
83,Dango Ouattara,19,0,0.0
83,Dango Ouattara,20,0,0.0
83,Dango Ouattara,21,0,0.0
83,Dango Ouattara,22,13,1.0
83,Dango Ouattara,23,53,1.0
83,Dango Ouattara,24,59,8.0
83,Dango Ouattara,25,90,12.0
83,Dango Ouattara,26,90,1.0
83,Dango Ouattara,27,90,2.0
83,Dango Ouattara,28,71,5.0
83,Dango Ouattara,29,86,3.0
84,Marcus Tavernier,6,30,1.0
84,Marcus Tavernier,7,60,3.0
84,Marcus Tavernier,8,90,5.0
84,Marcus Tavernier,9,90,11.0
84,Marcus Tavernier,10,90,2.0
84,Marcus Tavernier,11,90,2.0
84,Marcus Tavernier,12,90,7.0
84,Marcus Tavernier,13,90,1.0
84,Marcus Tavernier,14,30,1.0
84,Marcus Tavernier,15,90,5.0
84,Marcus Tavernier,16,90,12.0
84,Marcus Tavernier,17,90,2.0
84,Marcus Tavernier,18,90,1.0
84,Marcus Tavernier,19,90,3.0
84,Marcus Tavernier,20,90,2.0
84,Marcus Tavernier,21,86,5.0
84,Marcus Tavernier,22,70,8.0
84,Marcus Tavernier,23,0,0.0
84,Marcus Tavernier,24,0,0.0
84,Marcus Tavernier,25,0,0.0
84,Marcus Tavernier,26,0,0.0
84,Marcus Tavernier,27,10,1.0
84,Marcus Tavernier,28,80,7.0
84,Marcus Tavernier,29,90,2.0
85,Tyler Adams,6,80,2.0
85,Tyler Adams,7,77,2.0
85,Tyler Adams,8,90,3.0
85,Tyler Adams,9,90,6.0
85,Tyler Adams,10,79,8.0
85,Tyler Adams,11,90,2.0
85,Tyler Adams,12,79,2.0
85,Tyler Adams,13,70,9.0
85,Tyler Adams,14,90,1.0
85,Tyler Adams,15,0,0.0
85,Tyler Adams,16,4,1.0
85,Tyler Adams,17,0,0.0
85,Tyler Adams,18,0,0.0
85,Tyler Adams,19,0,0.0
85,Tyler Adams,20,0,0.0
85,Tyler Adams,21,0,0.0
85,Tyler Adams,22,0,0.0
85,Tyler Adams,23,0,0.0
85,Tyler Adams,24,0,0.0
85,Tyler Adams,25,0,0.0
85,Tyler Adams,26,0,0.0
85,Tyler Adams,27,65,5.0
85,Tyler Adams,28,61,1.0
85,Tyler Adams,29,90,4.0
86,David Brooks,6,30,1.0
86,David Brooks,7,84,2.0
86,David Brooks,8,0,0.0
86,David Brooks,9,21,0.0
86,David Brooks,10,61,2.0
86,David Brooks,11,13,1.0
86,David Brooks,12,60,1.0
86,David Brooks,13,19,0.0
86,David Brooks,14,0,0.0
86,David Brooks,15,16,1.0
86,David Brooks,16,1,1.0
86,David Brooks,17,73,2.0
86,David Brooks,18,45,1.0
86,David Brooks,19,77,10.0
86,David Brooks,20,66,2.0
86,David Brooks,21,26,4.0
86,David Brooks,22,0,0.0
86,David Brooks,23,0,0.0
86,David Brooks,24,0,0.0
86,David Brooks,25,3,1.0
86,David Brooks,26,10,0.0
86,David Brooks,27,24,1.0
86,David Brooks,28,45,1.0
86,David Brooks,29,0,0.0
87,Ryan Christie,6,59,4.0
87,Ryan Christie,7,12,1.0
87,Ryan Christie,8,23,5.0
87,Ryan Christie,9,10,1.0
87,Ryan Christie,10,17,1.0
87,Ryan Christie,11,27,1.0
87,Ryan Christie,12,45,1.0
87,Ryan Christie,13,0,0.0
87,Ryan Christie,14,0,0.0
87,Ryan Christie,15,0,0.0
87,Ryan Christie,16,0,0.0
87,Ryan Christie,17,16,1.0
87,Ryan Christie,18,0,0.0
87,Ryan Christie,19,0,0.0
87,Ryan Christie,20,0,0.0
87,Ryan Christie,21,0,0.0
87,Ryan Christie,22,18,1.0
87,Ryan Christie,23,23,1.0
87,Ryan Christie,24,22,1.0
87,Ryan Christie,25,25,1.0
87,Ryan Christie,26,79,2.0
87,Ryan Christie,27,24,1.0
87,Ryan Christie,28,28,0.0
87,Ryan Christie,29,73,3.0
88,Lewis Cook,6,0,0.0
88,Lewis Cook,7,0,0.0
88,Lewis Cook,8,1,1.0
88,Lewis Cook,9,1,1.0
88,Lewis Cook,10,28,1.0
88,Lewis Cook,11,45,1.0
88,Lewis Cook,12,90,4.0
88,Lewis Cook,13,45,-2.0
88,Lewis Cook,14,0,0.0
88,Lewis Cook,15,0,0.0
88,Lewis Cook,16,0,0.0
88,Lewis Cook,17,90,4.0
88,Lewis Cook,18,90,4.0
88,Lewis Cook,19,0,0.0
88,Lewis Cook,20,16,4.0
88,Lewis Cook,21,90,3.0
88,Lewis Cook,22,90,4.0
88,Lewis Cook,23,90,4.0
88,Lewis Cook,24,90,3.0
88,Lewis Cook,25,90,4.0
88,Lewis Cook,26,10,1.0
88,Lewis Cook,27,0,0.0
88,Lewis Cook,28,0,0.0
88,Lewis Cook,29,0,0.0
89,Philip Billing,6,0,0.0
89,Philip Billing,7,0,0.0
89,Philip Billing,8,0,0.0
89,Philip Billing,9,0,0.0
89,Philip Billing,10,0,0.0
89,Philip Billing,11,0,0.0
89,Philip Billing,12,0,0.0
89,Philip Billing,13,0,0.0
89,Philip Billing,14,0,0.0
89,Philip Billing,15,0,0.0
89,Philip Billing,16,0,0.0
89,Philip Billing,17,0,0.0
89,Philip Billing,18,0,0.0
89,Philip Billing,19,0,0.0
89,Philip Billing,20,0,0.0
89,Philip Billing,21,0,0.0
89,Philip Billing,22,0,0.0
89,Philip Billing,23,0,0.0
89,Philip Billing,24,0,0.0
89,Philip Billing,25,0,0.0
89,Philip Billing,26,0,0.0
89,Philip Billing,27,0,0.0
89,Philip Billing,28,0,0.0
89,Philip Billing,29,0,0.0
90,Alex Scott,6,30,1.0
90,Alex Scott,7,90,4.0
90,Alex Scott,8,66,2.0
90,Alex Scott,9,79,3.0
90,Alex Scott,10,72,5.0
90,Alex Scott,11,62,2.0
90,Alex Scott,12,45,1.0
90,Alex Scott,13,45,0.0
90,Alex Scott,14,79,4.0
90,Alex Scott,15,90,5.0
90,Alex Scott,16,85,2.0
90,Alex Scott,17,1,1.0
90,Alex Scott,18,83,5.0
90,Alex Scott,19,90,2.0
90,Alex Scott,20,73,2.0
90,Alex Scott,21,90,4.0
90,Alex Scott,22,90,4.0
90,Alex Scott,23,90,5.0
90,Alex Scott,24,90,13.0
90,Alex Scott,25,90,2.0
90,Alex Scott,26,90,4.0
90,Alex Scott,27,90,5.0
90,Alex Scott,28,90,3.0
90,Alex Scott,29,90,3.0
91,Luis Sinisterra Lucumí,6,0,0.0
91,Luis Sinisterra Lucumí,7,0,0.0
91,Luis Sinisterra Lucumí,8,0,0.0
91,Luis Sinisterra Lucumí,9,0,0.0
91,Luis Sinisterra Lucumí,10,0,0.0
91,Luis Sinisterra Lucumí,11,0,0.0
91,Luis Sinisterra Lucumí,12,0,0.0
91,Luis Sinisterra Lucumí,13,0,0.0
91,Luis Sinisterra Lucumí,14,0,0.0
91,Luis Sinisterra Lucumí,15,0,0.0
91,Luis Sinisterra Lucumí,16,0,0.0
91,Luis Sinisterra Lucumí,17,0,0.0
91,Luis Sinisterra Lucumí,18,0,0.0
91,Luis Sinisterra Lucumí,19,0,0.0
91,Luis Sinisterra Lucumí,20,0,0.0
91,Luis Sinisterra Lucumí,21,0,0.0
91,Luis Sinisterra Lucumí,22,0,0.0
91,Luis Sinisterra Lucumí,23,0,0.0
91,Luis Sinisterra Lucumí,24,0,0.0
91,Luis Sinisterra Lucumí,25,0,0.0
91,Luis Sinisterra Lucumí,26,0,0.0
91,Luis Sinisterra Lucumí,27,0,0.0
91,Luis Sinisterra Lucumí,28,0,0.0
91,Luis Sinisterra Lucumí,29,0,0.0
92,Romain Faivre,6,0,0.0
92,Romain Faivre,7,0,0.0
92,Romain Faivre,8,0,0.0
92,Romain Faivre,9,0,0.0
92,Romain Faivre,10,0,0.0
92,Romain Faivre,11,0,0.0
92,Romain Faivre,12,0,0.0
92,Romain Faivre,13,0,0.0
92,Romain Faivre,14,0,0.0
92,Romain Faivre,15,0,0.0
92,Romain Faivre,16,0,0.0
92,Romain Faivre,17,0,0.0
92,Romain Faivre,18,0,0.0
92,Romain Faivre,19,0,0.0
92,Romain Faivre,20,0,0.0
92,Romain Faivre,21,0,0.0
92,Romain Faivre,22,0,0.0
92,Romain Faivre,23,0,0.0
92,Romain Faivre,24,0,0.0
92,Romain Faivre,25,0,0.0
92,Romain Faivre,26,0,0.0
92,Romain Faivre,27,0,0.0
92,Romain Faivre,28,0,0.0
92,Romain Faivre,29,0,0.0
93,Hamed Traorè,6,0,0.0
93,Hamed Traorè,7,0,0.0
93,Hamed Traorè,8,0,0.0
93,Hamed Traorè,9,0,0.0
93,Hamed Traorè,10,0,0.0
93,Hamed Traorè,11,0,0.0
93,Hamed Traorè,12,0,0.0
93,Hamed Traorè,13,0,0.0
93,Hamed Traorè,14,0,0.0
93,Hamed Traorè,15,0,0.0
93,Hamed Traorè,16,0,0.0
93,Hamed Traorè,17,0,0.0
93,Hamed Traorè,18,0,0.0
93,Hamed Traorè,19,0,0.0
93,Hamed Traorè,20,0,0.0
93,Hamed Traorè,21,0,0.0
93,Hamed Traorè,22,0,0.0
93,Hamed Traorè,23,0,0.0
93,Hamed Traorè,24,0,0.0
93,Hamed Traorè,25,0,0.0
93,Hamed Traorè,26,0,0.0
93,Hamed Traorè,27,0,0.0
93,Hamed Traorè,28,0,0.0
93,Hamed Traorè,29,0,0.0
94,Dominic Sadi,6,0,0.0
94,Dominic Sadi,7,0,0.0
94,Dominic Sadi,8,0,0.0
94,Dominic Sadi,9,0,0.0
94,Dominic Sadi,10,0,0.0
94,Dominic Sadi,11,0,0.0
94,Dominic Sadi,12,0,0.0
94,Dominic Sadi,13,0,0.0
94,Dominic Sadi,14,0,0.0
94,Dominic Sadi,15,0,0.0
94,Dominic Sadi,16,0,0.0
94,Dominic Sadi,17,0,0.0
94,Dominic Sadi,18,0,0.0
94,Dominic Sadi,19,0,0.0
94,Dominic Sadi,20,0,0.0
94,Dominic Sadi,21,0,0.0
94,Dominic Sadi,22,0,0.0
94,Dominic Sadi,23,0,0.0
94,Dominic Sadi,24,0,0.0
94,Dominic Sadi,25,0,0.0
94,Dominic Sadi,26,0,0.0
94,Dominic Sadi,27,0,0.0
94,Dominic Sadi,28,0,0.0
94,Dominic Sadi,29,0,0.0
95,Zain Silcott-Duberry,6,0,0.0
95,Zain Silcott-Duberry,7,0,0.0
95,Zain Silcott-Duberry,8,0,0.0
95,Zain Silcott-Duberry,9,0,0.0
95,Zain Silcott-Duberry,10,0,0.0
95,Zain Silcott-Duberry,11,0,0.0
95,Zain Silcott-Duberry,12,0,0.0
95,Zain Silcott-Duberry,13,0,0.0
95,Zain Silcott-Duberry,14,0,0.0
95,Zain Silcott-Duberry,15,0,0.0
95,Zain Silcott-Duberry,16,0,0.0
95,Zain Silcott-Duberry,17,0,0.0
95,Zain Silcott-Duberry,18,0,0.0
95,Zain Silcott-Duberry,19,0,0.0
95,Zain Silcott-Duberry,20,0,0.0
95,Zain Silcott-Duberry,21,0,0.0
95,Zain Silcott-Duberry,22,0,0.0
95,Zain Silcott-Duberry,23,0,0.0
95,Zain Silcott-Duberry,24,0,0.0
95,Zain Silcott-Duberry,25,0,0.0
95,Zain Silcott-Duberry,26,0,0.0
95,Zain Silcott-Duberry,27,0,0.0
95,Zain Silcott-Duberry,28,0,0.0
95,Zain Silcott-Duberry,29,0,0.0
96,Ben Winterburn,6,0,0.0
96,Ben Winterburn,7,0,0.0
96,Ben Winterburn,8,0,0.0
96,Ben Winterburn,9,0,0.0
96,Ben Winterburn,10,0,0.0
96,Ben Winterburn,11,0,0.0
96,Ben Winterburn,12,0,0.0
96,Ben Winterburn,13,0,0.0
96,Ben Winterburn,14,0,0.0
96,Ben Winterburn,15,0,0.0
96,Ben Winterburn,16,0,0.0
96,Ben Winterburn,17,0,0.0
96,Ben Winterburn,18,0,0.0
96,Ben Winterburn,19,0,0.0
96,Ben Winterburn,20,0,0.0
96,Ben Winterburn,21,0,0.0
96,Ben Winterburn,22,0,0.0
96,Ben Winterburn,23,0,0.0
96,Ben Winterburn,24,0,0.0
96,Ben Winterburn,25,0,0.0
96,Ben Winterburn,26,0,0.0
96,Ben Winterburn,27,0,0.0
96,Ben Winterburn,28,0,0.0
96,Ben Winterburn,29,0,0.0
97,Francisco Evanilson de Lima Barbosa,6,90,2.0
97,Francisco Evanilson de Lima Barbosa,7,90,2.0
97,Francisco Evanilson de Lima Barbosa,8,0,0.0
97,Francisco Evanilson de Lima Barbosa,9,0,0.0
97,Francisco Evanilson de Lima Barbosa,10,28,1.0
97,Francisco Evanilson de Lima Barbosa,11,76,2.0
97,Francisco Evanilson de Lima Barbosa,12,90,5.0
97,Francisco Evanilson de Lima Barbosa,13,79,5.0
97,Francisco Evanilson de Lima Barbosa,14,29,1.0
97,Francisco Evanilson de Lima Barbosa,15,86,2.0
97,Francisco Evanilson de Lima Barbosa,16,77,6.0
97,Francisco Evanilson de Lima Barbosa,17,62,2.0
97,Francisco Evanilson de Lima Barbosa,18,45,1.0
97,Francisco Evanilson de Lima Barbosa,19,81,2.0
97,Francisco Evanilson de Lima Barbosa,20,73,7.0
97,Francisco Evanilson de Lima Barbosa,21,63,6.0
97,Francisco Evanilson de Lima Barbosa,22,90,2.0
97,Francisco Evanilson de Lima Barbosa,23,90,8.0
97,Francisco Evanilson de Lima Barbosa,24,84,2.0
97,Francisco Evanilson de Lima Barbosa,25,89,2.0
97,Francisco Evanilson de Lima Barbosa,26,57,1.0
97,Francisco Evanilson de Lima Barbosa,27,79,2.0
97,Francisco Evanilson de Lima Barbosa,28,39,6.0
97,Francisco Evanilson de Lima Barbosa,29,79,2.0
98,Enes Ünal,6,0,0.0
98,Enes Ünal,7,0,0.0
98,Enes Ünal,8,0,0.0
98,Enes Ünal,9,1,1.0
98,Enes Ünal,10,0,0.0
98,Enes Ünal,11,0,0.0
98,Enes Ünal,12,10,6.0
98,Enes Ünal,13,10,1.0
98,Enes Ünal,14,10,0.0
98,Enes Ünal,15,3,1.0
98,Enes Ünal,16,0,0.0
98,Enes Ünal,17,27,1.0
98,Enes Ünal,18,0,0.0
98,Enes Ünal,19,8,1.0
98,Enes Ünal,20,16,1.0
98,Enes Ünal,21,26,1.0
98,Enes Ünal,22,0,0.0
98,Enes Ünal,23,1,1.0
98,Enes Ünal,24,5,1.0
98,Enes Ünal,25,1,1.0
98,Enes Ünal,26,32,1.0
98,Enes Ünal,27,1,1.0
98,Enes Ünal,28,9,1.0
98,Enes Ünal,29,10,1.0
99,Daniel Adu-Adjei,6,0,0.0
99,Daniel Adu-Adjei,7,0,0.0
99,Daniel Adu-Adjei,8,0,0.0
99,Daniel Adu-Adjei,9,0,0.0
99,Daniel Adu-Adjei,10,0,0.0
99,Daniel Adu-Adjei,11,0,0.0
99,Daniel Adu-Adjei,12,0,0.0
99,Daniel Adu-Adjei,13,0,0.0
99,Daniel Adu-Adjei,14,0,0.0
99,Daniel Adu-Adjei,15,0,0.0
99,Daniel Adu-Adjei,16,0,0.0
99,Daniel Adu-Adjei,17,0,0.0
99,Daniel Adu-Adjei,18,0,0.0
99,Daniel Adu-Adjei,19,0,0.0
99,Daniel Adu-Adjei,20,0,0.0
99,Daniel Adu-Adjei,21,0,0.0
99,Daniel Adu-Adjei,22,0,0.0
99,Daniel Adu-Adjei,23,0,0.0
99,Daniel Adu-Adjei,24,0,0.0
99,Daniel Adu-Adjei,25,0,0.0
99,Daniel Adu-Adjei,26,0,0.0
99,Daniel Adu-Adjei,27,0,0.0
99,Daniel Adu-Adjei,28,0,0.0
99,Daniel Adu-Adjei,29,0,0.0
100,Junior Kroupi,6,9,6.0
100,Junior Kroupi,7,0,0.0
100,Junior Kroupi,8,74,12.0
100,Junior Kroupi,9,68,6.0
100,Junior Kroupi,10,61,2.0
100,Junior Kroupi,11,27,1.0
100,Junior Kroupi,12,85,2.0
100,Junior Kroupi,13,10,1.0
100,Junior Kroupi,14,60,2.0
100,Junior Kroupi,15,0,0.0
100,Junior Kroupi,16,12,5.0
100,Junior Kroupi,17,26,1.0
100,Junior Kroupi,18,45,1.0
100,Junior Kroupi,19,0,0.0
100,Junior Kroupi,20,16,5.0
100,Junior Kroupi,21,63,7.0
100,Junior Kroupi,22,71,2.0
100,Junior Kroupi,23,66,1.0
100,Junior Kroupi,24,67,7.0
100,Junior Kroupi,25,64,2.0
100,Junior Kroupi,26,32,1.0
100,Junior Kroupi,27,88,2.0
100,Junior Kroupi,28,80,2.0
100,Junior Kroupi,29,16,1.0
101,Caoimhín Kelleher,6,90,8.0
101,Caoimhín Kelleher,7,90,3.0
101,Caoimhín Kelleher,8,90,6.0
101,Caoimhín Kelleher,9,90,2.0
101,Caoimhín Kelleher,10,90,1.0
101,Caoimhín Kelleher,11,90,2.0
101,Caoimhín Kelleher,12,90,2.0
101,Caoimhín Kelleher,13,90,2.0
101,Caoimhín Kelleher,14,90,2.0
101,Caoimhín Kelleher,15,90,2.0
101,Caoimhín Kelleher,16,90,3.0
101,Caoimhín Kelleher,17,90,13.0
101,Caoimhín Kelleher,18,90,4.0
101,Caoimhín Kelleher,19,90,6.0
101,Caoimhín Kelleher,20,90,2.0
101,Caoimhín Kelleher,21,90,13.0
101,Caoimhín Kelleher,22,90,1.0
101,Caoimhín Kelleher,23,90,1.0
101,Caoimhín Kelleher,24,90,10.0
101,Caoimhín Kelleher,25,90,1.0
101,Caoimhín Kelleher,26,90,2.0
101,Caoimhín Kelleher,27,90,2.0
101,Caoimhín Kelleher,28,0,0.0
101,Caoimhín Kelleher,29,90,6.0
102,Ellery Balcombe,6,0,0.0
102,Ellery Balcombe,7,0,0.0
102,Ellery Balcombe,8,0,0.0
102,Ellery Balcombe,9,0,0.0
102,Ellery Balcombe,10,0,0.0
102,Ellery Balcombe,11,0,0.0
102,Ellery Balcombe,12,0,0.0
102,Ellery Balcombe,13,0,0.0
102,Ellery Balcombe,14,0,0.0
102,Ellery Balcombe,15,0,0.0
102,Ellery Balcombe,16,0,0.0
102,Ellery Balcombe,17,0,0.0
102,Ellery Balcombe,18,0,0.0
102,Ellery Balcombe,19,0,0.0
102,Ellery Balcombe,20,0,0.0
102,Ellery Balcombe,21,0,0.0
102,Ellery Balcombe,22,0,0.0
102,Ellery Balcombe,23,0,0.0
102,Ellery Balcombe,24,0,0.0
102,Ellery Balcombe,25,0,0.0
102,Ellery Balcombe,26,0,0.0
102,Ellery Balcombe,27,0,0.0
102,Ellery Balcombe,28,0,0.0
102,Ellery Balcombe,29,0,0.0
103,Matthew Cox,6,0,0.0
103,Matthew Cox,7,0,0.0
103,Matthew Cox,8,0,0.0
103,Matthew Cox,9,0,0.0
103,Matthew Cox,10,0,0.0
103,Matthew Cox,11,0,0.0
103,Matthew Cox,12,0,0.0
103,Matthew Cox,13,0,0.0
103,Matthew Cox,14,0,0.0
103,Matthew Cox,15,0,0.0
103,Matthew Cox,16,0,0.0
103,Matthew Cox,17,0,0.0
103,Matthew Cox,18,0,0.0
103,Matthew Cox,19,0,0.0
103,Matthew Cox,20,0,0.0
103,Matthew Cox,21,0,0.0
103,Matthew Cox,22,0,0.0
103,Matthew Cox,23,0,0.0
103,Matthew Cox,24,0,0.0
103,Matthew Cox,25,0,0.0
103,Matthew Cox,26,0,0.0
103,Matthew Cox,27,0,0.0
103,Matthew Cox,28,0,0.0
103,Matthew Cox,29,0,0.0
104,Julian Eyestone,6,0,0.0
104,Julian Eyestone,7,0,0.0
104,Julian Eyestone,8,0,0.0
104,Julian Eyestone,9,0,0.0
104,Julian Eyestone,10,0,0.0
104,Julian Eyestone,11,0,0.0
104,Julian Eyestone,12,0,0.0
104,Julian Eyestone,13,0,0.0
104,Julian Eyestone,14,0,0.0
104,Julian Eyestone,15,0,0.0
104,Julian Eyestone,16,0,0.0
104,Julian Eyestone,17,0,0.0
104,Julian Eyestone,18,0,0.0
104,Julian Eyestone,19,0,0.0
104,Julian Eyestone,20,0,0.0
104,Julian Eyestone,21,0,0.0
104,Julian Eyestone,22,0,0.0
104,Julian Eyestone,23,0,0.0
104,Julian Eyestone,24,0,0.0
104,Julian Eyestone,25,0,0.0
104,Julian Eyestone,26,0,0.0
104,Julian Eyestone,27,0,0.0
104,Julian Eyestone,28,0,0.0
104,Julian Eyestone,29,0,0.0
105,Hákon Rafn Valdimarsson,6,0,0.0
105,Hákon Rafn Valdimarsson,7,0,0.0
105,Hákon Rafn Valdimarsson,8,0,0.0
105,Hákon Rafn Valdimarsson,9,0,0.0
105,Hákon Rafn Valdimarsson,10,0,0.0
105,Hákon Rafn Valdimarsson,11,0,0.0
105,Hákon Rafn Valdimarsson,12,0,0.0
105,Hákon Rafn Valdimarsson,13,0,0.0
105,Hákon Rafn Valdimarsson,14,0,0.0
105,Hákon Rafn Valdimarsson,15,0,0.0
105,Hákon Rafn Valdimarsson,16,0,0.0
105,Hákon Rafn Valdimarsson,17,0,0.0
105,Hákon Rafn Valdimarsson,18,0,0.0
105,Hákon Rafn Valdimarsson,19,0,0.0
105,Hákon Rafn Valdimarsson,20,0,0.0
105,Hákon Rafn Valdimarsson,21,0,0.0
105,Hákon Rafn Valdimarsson,22,0,0.0
105,Hákon Rafn Valdimarsson,23,0,0.0
105,Hákon Rafn Valdimarsson,24,0,0.0
105,Hákon Rafn Valdimarsson,25,0,0.0
105,Hákon Rafn Valdimarsson,26,0,0.0
105,Hákon Rafn Valdimarsson,27,0,0.0
105,Hákon Rafn Valdimarsson,28,90,1.0
105,Hákon Rafn Valdimarsson,29,0,0.0
106,Nathan Collins,6,90,1.0
106,Nathan Collins,7,90,2.0
106,Nathan Collins,8,90,9.0
106,Nathan Collins,9,90,3.0
106,Nathan Collins,10,90,0.0
106,Nathan Collins,11,90,2.0
106,Nathan Collins,12,90,1.0
106,Nathan Collins,13,90,4.0
106,Nathan Collins,14,16,1.0
106,Nathan Collins,15,90,3.0
106,Nathan Collins,16,90,4.0
106,Nathan Collins,17,90,8.0
106,Nathan Collins,18,90,4.0
106,Nathan Collins,19,90,9.0
106,Nathan Collins,20,90,10.0
106,Nathan Collins,21,90,13.0
106,Nathan Collins,22,90,1.0
106,Nathan Collins,23,90,1.0
106,Nathan Collins,24,30,1.0
106,Nathan Collins,25,0,0.0
106,Nathan Collins,26,0,0.0
106,Nathan Collins,27,45,1.0
106,Nathan Collins,28,0,0.0
106,Nathan Collins,29,90,6.0
107,Keane Lewis-Potter,6,15,1.0
107,Keane Lewis-Potter,7,0,0.0
107,Keane Lewis-Potter,8,14,4.0
107,Keane Lewis-Potter,9,11,0.0
107,Keane Lewis-Potter,10,23,1.0
107,Keane Lewis-Potter,11,0,0.0
107,Keane Lewis-Potter,12,25,0.0
107,Keane Lewis-Potter,13,1,1.0
107,Keane Lewis-Potter,14,16,1.0
107,Keane Lewis-Potter,15,2,1.0
107,Keane Lewis-Potter,16,60,6.0
107,Keane Lewis-Potter,17,90,21.0
107,Keane Lewis-Potter,18,88,2.0
107,Keane Lewis-Potter,19,90,6.0
107,Keane Lewis-Potter,20,26,0.0
107,Keane Lewis-Potter,21,60,6.0
107,Keane Lewis-Potter,22,8,1.0
107,Keane Lewis-Potter,23,9,1.0
107,Keane Lewis-Potter,24,14,1.0
107,Keane Lewis-Potter,25,79,1.0
107,Keane Lewis-Potter,26,72,8.0
107,Keane Lewis-Potter,27,45,0.0
107,Keane Lewis-Potter,28,18,1.0
107,Keane Lewis-Potter,29,3,1.0
108,Kristoffer Ajer,6,0,0.0
108,Kristoffer Ajer,7,90,2.0
108,Kristoffer Ajer,8,90,6.0
108,Kristoffer Ajer,9,90,4.0
108,Kristoffer Ajer,10,90,1.0
108,Kristoffer Ajer,11,0,0.0
108,Kristoffer Ajer,12,79,4.0
108,Kristoffer Ajer,13,0,0.0
108,Kristoffer Ajer,14,90,1.0
108,Kristoffer Ajer,15,45,-1.0
108,Kristoffer Ajer,16,9,1.0
108,Kristoffer Ajer,17,0,0.0
108,Kristoffer Ajer,18,90,4.0
108,Kristoffer Ajer,19,90,9.0
108,Kristoffer Ajer,20,90,3.0
108,Kristoffer Ajer,21,90,6.0
108,Kristoffer Ajer,22,90,1.0
108,Kristoffer Ajer,23,36,1.0
108,Kristoffer Ajer,24,90,7.0
108,Kristoffer Ajer,25,90,3.0
108,Kristoffer Ajer,26,90,4.0
108,Kristoffer Ajer,27,80,1.0
108,Kristoffer Ajer,28,90,1.0
108,Kristoffer Ajer,29,69,6.0
109,Rico Henry,6,15,1.0
109,Rico Henry,7,0,0.0
109,Rico Henry,8,0,0.0
109,Rico Henry,9,1,1.0
109,Rico Henry,10,0,0.0
109,Rico Henry,11,20,1.0
109,Rico Henry,12,0,0.0
109,Rico Henry,13,16,1.0
109,Rico Henry,14,73,2.0
109,Rico Henry,15,45,1.0
109,Rico Henry,16,29,4.0
109,Rico Henry,17,90,5.0
109,Rico Henry,18,76,2.0
109,Rico Henry,19,90,6.0
109,Rico Henry,20,14,1.0
109,Rico Henry,21,90,6.0
109,Rico Henry,22,81,1.0
109,Rico Henry,23,66,2.0
109,Rico Henry,24,83,6.0
109,Rico Henry,25,90,1.0
109,Rico Henry,26,90,2.0
109,Rico Henry,27,90,1.0
109,Rico Henry,28,90,4.0
109,Rico Henry,29,20,1.0
110,Michael Kayode,6,90,2.0
110,Michael Kayode,7,90,2.0
110,Michael Kayode,8,90,9.0
110,Michael Kayode,9,90,1.0
110,Michael Kayode,10,66,1.0
110,Michael Kayode,11,90,4.0
110,Michael Kayode,12,90,1.0
110,Michael Kayode,13,90,2.0
110,Michael Kayode,14,90,1.0
110,Michael Kayode,15,75,0.0
110,Michael Kayode,16,90,5.0
110,Michael Kayode,17,90,5.0
110,Michael Kayode,18,90,3.0
110,Michael Kayode,19,90,6.0
110,Michael Kayode,20,90,0.0
110,Michael Kayode,21,81,6.0
110,Michael Kayode,22,90,1.0
110,Michael Kayode,23,80,1.0
110,Michael Kayode,24,90,5.0
110,Michael Kayode,25,90,1.0
110,Michael Kayode,26,90,2.0
110,Michael Kayode,27,0,0.0
110,Michael Kayode,28,90,-1.0
110,Michael Kayode,29,90,6.0
111,Ethan Pinnock,6,0,0.0
111,Ethan Pinnock,7,0,0.0
111,Ethan Pinnock,8,0,0.0
111,Ethan Pinnock,9,0,0.0
111,Ethan Pinnock,10,0,0.0
111,Ethan Pinnock,11,0,0.0
111,Ethan Pinnock,12,0,0.0
111,Ethan Pinnock,13,0,0.0
111,Ethan Pinnock,14,73,4.0
111,Ethan Pinnock,15,0,0.0
111,Ethan Pinnock,16,0,0.0
111,Ethan Pinnock,17,0,0.0
111,Ethan Pinnock,18,0,0.0
111,Ethan Pinnock,19,0,0.0
111,Ethan Pinnock,20,0,0.0
111,Ethan Pinnock,21,0,0.0
111,Ethan Pinnock,22,0,0.0
111,Ethan Pinnock,23,0,0.0
111,Ethan Pinnock,24,0,0.0
111,Ethan Pinnock,25,0,0.0
111,Ethan Pinnock,26,0,0.0
111,Ethan Pinnock,27,0,0.0
111,Ethan Pinnock,28,0,0.0
111,Ethan Pinnock,29,0,0.0
112,Mads Roerslev Rasmussen,6,0,0.0
112,Mads Roerslev Rasmussen,7,0,0.0
112,Mads Roerslev Rasmussen,8,0,0.0
112,Mads Roerslev Rasmussen,9,0,0.0
112,Mads Roerslev Rasmussen,10,0,0.0
112,Mads Roerslev Rasmussen,11,0,0.0
112,Mads Roerslev Rasmussen,12,0,0.0
112,Mads Roerslev Rasmussen,13,0,0.0
112,Mads Roerslev Rasmussen,14,0,0.0
112,Mads Roerslev Rasmussen,15,0,0.0
112,Mads Roerslev Rasmussen,16,0,0.0
112,Mads Roerslev Rasmussen,17,0,0.0
112,Mads Roerslev Rasmussen,18,0,0.0
112,Mads Roerslev Rasmussen,19,0,0.0
112,Mads Roerslev Rasmussen,20,0,0.0
112,Mads Roerslev Rasmussen,21,0,0.0
112,Mads Roerslev Rasmussen,22,0,0.0
112,Mads Roerslev Rasmussen,23,0,0.0
112,Mads Roerslev Rasmussen,24,0,0.0
112,Mads Roerslev Rasmussen,25,0,0.0
112,Mads Roerslev Rasmussen,26,0,0.0
112,Mads Roerslev Rasmussen,27,0,0.0
112,Mads Roerslev Rasmussen,28,0,0.0
112,Mads Roerslev Rasmussen,29,0,0.0
113,Sepp van den Berg,6,90,2.0
113,Sepp van den Berg,7,90,2.0
113,Sepp van den Berg,8,90,6.0
113,Sepp van den Berg,9,90,3.0
113,Sepp van den Berg,10,90,3.0
113,Sepp van den Berg,11,90,2.0
113,Sepp van den Berg,12,90,3.0
113,Sepp van den Berg,13,90,2.0
113,Sepp van den Berg,14,90,1.0
113,Sepp van den Berg,15,90,1.0
113,Sepp van den Berg,16,90,4.0
113,Sepp van den Berg,17,90,7.0
113,Sepp van den Berg,18,0,0.0
113,Sepp van den Berg,19,0,0.0
113,Sepp van den Berg,20,0,0.0
113,Sepp van den Berg,21,0,0.0
113,Sepp van den Berg,22,0,0.0
113,Sepp van den Berg,23,53,1.0
113,Sepp van den Berg,24,90,8.0
113,Sepp van den Berg,25,90,1.0
113,Sepp van den Berg,26,90,6.0
113,Sepp van den Berg,27,90,3.0
113,Sepp van den Berg,28,90,6.0
113,Sepp van den Berg,29,90,6.0
114,Benjamin Arthur,6,0,0.0
114,Benjamin Arthur,7,0,0.0
114,Benjamin Arthur,8,0,0.0
114,Benjamin Arthur,9,0,0.0
114,Benjamin Arthur,10,0,0.0
114,Benjamin Arthur,11,0,0.0
114,Benjamin Arthur,12,0,0.0
114,Benjamin Arthur,13,0,0.0
114,Benjamin Arthur,14,0,0.0
114,Benjamin Arthur,15,0,0.0
114,Benjamin Arthur,16,0,0.0
114,Benjamin Arthur,17,0,0.0
114,Benjamin Arthur,18,0,0.0
114,Benjamin Arthur,19,0,0.0
114,Benjamin Arthur,20,0,0.0
114,Benjamin Arthur,21,0,0.0
114,Benjamin Arthur,22,0,0.0
114,Benjamin Arthur,23,0,0.0
114,Benjamin Arthur,24,0,0.0
114,Benjamin Arthur,25,0,0.0
114,Benjamin Arthur,26,0,0.0
114,Benjamin Arthur,27,0,0.0
114,Benjamin Arthur,28,0,0.0
114,Benjamin Arthur,29,0,0.0
115,Benjamin Fredrick,6,0,0.0
115,Benjamin Fredrick,7,0,0.0
115,Benjamin Fredrick,8,0,0.0
115,Benjamin Fredrick,9,0,0.0
115,Benjamin Fredrick,10,0,0.0
115,Benjamin Fredrick,11,0,0.0
115,Benjamin Fredrick,12,0,0.0
115,Benjamin Fredrick,13,0,0.0
115,Benjamin Fredrick,14,0,0.0
115,Benjamin Fredrick,15,0,0.0
115,Benjamin Fredrick,16,0,0.0
115,Benjamin Fredrick,17,0,0.0
115,Benjamin Fredrick,18,0,0.0
115,Benjamin Fredrick,19,0,0.0
115,Benjamin Fredrick,20,0,0.0
115,Benjamin Fredrick,21,0,0.0
115,Benjamin Fredrick,22,0,0.0
115,Benjamin Fredrick,23,0,0.0
115,Benjamin Fredrick,24,0,0.0
115,Benjamin Fredrick,25,0,0.0
115,Benjamin Fredrick,26,0,0.0
115,Benjamin Fredrick,27,0,0.0
115,Benjamin Fredrick,28,0,0.0
115,Benjamin Fredrick,29,0,0.0
116,Aaron Hickey,6,74,2.0
116,Aaron Hickey,7,90,2.0
116,Aaron Hickey,8,0,0.0
116,Aaron Hickey,9,0,0.0
116,Aaron Hickey,10,0,0.0
116,Aaron Hickey,11,69,2.0
116,Aaron Hickey,12,10,1.0
116,Aaron Hickey,13,73,8.0
116,Aaron Hickey,14,0,0.0
116,Aaron Hickey,15,14,1.0
116,Aaron Hickey,16,60,6.0
116,Aaron Hickey,17,0,0.0
116,Aaron Hickey,18,13,1.0
116,Aaron Hickey,19,0,0.0
116,Aaron Hickey,20,75,2.0
116,Aaron Hickey,21,8,1.0
116,Aaron Hickey,22,8,1.0
116,Aaron Hickey,23,23,1.0
116,Aaron Hickey,24,6,1.0
116,Aaron Hickey,25,0,0.0
116,Aaron Hickey,26,1,1.0
116,Aaron Hickey,27,44,1.0
116,Aaron Hickey,28,0,0.0
116,Aaron Hickey,29,0,0.0
117,Kim Ji-soo,6,0,0.0
117,Kim Ji-soo,7,0,0.0
117,Kim Ji-soo,8,0,0.0
117,Kim Ji-soo,9,0,0.0
117,Kim Ji-soo,10,0,0.0
117,Kim Ji-soo,11,0,0.0
117,Kim Ji-soo,12,0,0.0
117,Kim Ji-soo,13,0,0.0
117,Kim Ji-soo,14,0,0.0
117,Kim Ji-soo,15,0,0.0
117,Kim Ji-soo,16,0,0.0
117,Kim Ji-soo,17,0,0.0
117,Kim Ji-soo,18,0,0.0
117,Kim Ji-soo,19,0,0.0
117,Kim Ji-soo,20,0,0.0
117,Kim Ji-soo,21,0,0.0
117,Kim Ji-soo,22,0,0.0
117,Kim Ji-soo,23,0,0.0
117,Kim Ji-soo,24,0,0.0
117,Kim Ji-soo,25,0,0.0
117,Kim Ji-soo,26,0,0.0
117,Kim Ji-soo,27,0,0.0
117,Kim Ji-soo,28,0,0.0
117,Kim Ji-soo,29,0,0.0
118,Jayden Meghoma,6,0,0.0
118,Jayden Meghoma,7,0,0.0
118,Jayden Meghoma,8,0,0.0
118,Jayden Meghoma,9,0,0.0
118,Jayden Meghoma,10,0,0.0
118,Jayden Meghoma,11,0,0.0
118,Jayden Meghoma,12,0,0.0
118,Jayden Meghoma,13,0,0.0
118,Jayden Meghoma,14,0,0.0
118,Jayden Meghoma,15,0,0.0
118,Jayden Meghoma,16,0,0.0
118,Jayden Meghoma,17,0,0.0
118,Jayden Meghoma,18,0,0.0
118,Jayden Meghoma,19,0,0.0
118,Jayden Meghoma,20,0,0.0
118,Jayden Meghoma,21,0,0.0
118,Jayden Meghoma,22,0,0.0
118,Jayden Meghoma,23,0,0.0
118,Jayden Meghoma,24,0,0.0
118,Jayden Meghoma,25,0,0.0
118,Jayden Meghoma,26,0,0.0
118,Jayden Meghoma,27,0,0.0
118,Jayden Meghoma,28,0,0.0
118,Jayden Meghoma,29,0,0.0
119,Bryan Mbeumo,6,90,2.0
119,Bryan Mbeumo,7,76,6.0
119,Bryan Mbeumo,8,90,9.0
119,Bryan Mbeumo,9,90,15.0
119,Bryan Mbeumo,10,90,2.0
119,Bryan Mbeumo,11,90,7.0
119,Bryan Mbeumo,12,90,1.0
119,Bryan Mbeumo,13,90,1.0
119,Bryan Mbeumo,14,90,2.0
119,Bryan Mbeumo,15,90,8.0
119,Bryan Mbeumo,16,90,2.0
119,Bryan Mbeumo,17,0,0.0
119,Bryan Mbeumo,18,0,0.0
119,Bryan Mbeumo,19,0,0.0
119,Bryan Mbeumo,20,0,0.0
119,Bryan Mbeumo,21,0,0.0
119,Bryan Mbeumo,22,70,9.0
119,Bryan Mbeumo,23,68,10.0
119,Bryan Mbeumo,24,90,2.0
119,Bryan Mbeumo,25,86,8.0
119,Bryan Mbeumo,26,90,6.0
119,Bryan Mbeumo,27,77,6.0
119,Bryan Mbeumo,28,85,2.0
119,Bryan Mbeumo,29,76,1.0
120,Kevin Schade,6,90,4.0
120,Kevin Schade,7,90,1.0
120,Kevin Schade,8,90,6.0
120,Kevin Schade,9,78,7.0
120,Kevin Schade,10,90,1.0
120,Kevin Schade,11,90,8.0
120,Kevin Schade,12,90,2.0
120,Kevin Schade,13,74,3.0
120,Kevin Schade,14,59,1.0
120,Kevin Schade,15,90,1.0
120,Kevin Schade,16,0,0.0
120,Kevin Schade,17,90,3.0
120,Kevin Schade,18,90,20.0
120,Kevin Schade,19,79,3.0
120,Kevin Schade,20,63,6.0
120,Kevin Schade,21,90,6.0
120,Kevin Schade,22,81,1.0
120,Kevin Schade,23,90,2.0
120,Kevin Schade,24,41,-2.0
120,Kevin Schade,25,0,0.0
120,Kevin Schade,26,0,0.0
120,Kevin Schade,27,45,1.0
120,Kevin Schade,28,71,7.0
120,Kevin Schade,29,90,3.0
121,Mikkel Damsgaard,6,80,2.0
121,Mikkel Damsgaard,7,67,2.0
121,Mikkel Damsgaard,8,74,3.0
121,Mikkel Damsgaard,9,78,7.0
121,Mikkel Damsgaard,10,67,2.0
121,Mikkel Damsgaard,11,83,2.0
121,Mikkel Damsgaard,12,79,2.0
121,Mikkel Damsgaard,13,90,4.0
121,Mikkel Damsgaard,14,29,1.0
121,Mikkel Damsgaard,15,60,2.0
121,Mikkel Damsgaard,16,29,1.0
121,Mikkel Damsgaard,17,26,4.0
121,Mikkel Damsgaard,18,13,4.0
121,Mikkel Damsgaard,19,0,0.0
121,Mikkel Damsgaard,20,90,4.0
121,Mikkel Damsgaard,21,29,1.0
121,Mikkel Damsgaard,22,76,4.0
121,Mikkel Damsgaard,23,36,1.0
121,Mikkel Damsgaard,24,0,0.0
121,Mikkel Damsgaard,25,3,1.0
121,Mikkel Damsgaard,26,17,1.0
121,Mikkel Damsgaard,27,23,1.0
121,Mikkel Damsgaard,28,90,18.0
121,Mikkel Damsgaard,29,90,3.0
122,Antoni Milambo,6,0,0.0
122,Antoni Milambo,7,0,0.0
122,Antoni Milambo,8,0,0.0
122,Antoni Milambo,9,0,0.0
122,Antoni Milambo,10,0,0.0
122,Antoni Milambo,11,0,0.0
122,Antoni Milambo,12,0,0.0
122,Antoni Milambo,13,0,0.0
122,Antoni Milambo,14,0,0.0
122,Antoni Milambo,15,0,0.0
122,Antoni Milambo,16,0,0.0
122,Antoni Milambo,17,0,0.0
122,Antoni Milambo,18,0,0.0
122,Antoni Milambo,19,0,0.0
122,Antoni Milambo,20,0,0.0
122,Antoni Milambo,21,0,0.0
122,Antoni Milambo,22,0,0.0
122,Antoni Milambo,23,0,0.0
122,Antoni Milambo,24,0,0.0
122,Antoni Milambo,25,0,0.0
122,Antoni Milambo,26,0,0.0
122,Antoni Milambo,27,0,0.0
122,Antoni Milambo,28,0,0.0
122,Antoni Milambo,29,0,0.0
123,Fábio Freitas Gouveia Carvalho,6,0,0.0
123,Fábio Freitas Gouveia Carvalho,7,1,1.0
123,Fábio Freitas Gouveia Carvalho,8,0,0.0
123,Fábio Freitas Gouveia Carvalho,9,0,0.0
123,Fábio Freitas Gouveia Carvalho,10,4,1.0
123,Fábio Freitas Gouveia Carvalho,11,0,0.0
123,Fábio Freitas Gouveia Carvalho,12,0,0.0
123,Fábio Freitas Gouveia Carvalho,13,0,0.0
123,Fábio Freitas Gouveia Carvalho,14,0,0.0
123,Fábio Freitas Gouveia Carvalho,15,0,0.0
123,Fábio Freitas Gouveia Carvalho,16,0,0.0
123,Fábio Freitas Gouveia Carvalho,17,0,0.0
123,Fábio Freitas Gouveia Carvalho,18,0,0.0
123,Fábio Freitas Gouveia Carvalho,19,0,0.0
123,Fábio Freitas Gouveia Carvalho,20,0,0.0
123,Fábio Freitas Gouveia Carvalho,21,0,0.0
123,Fábio Freitas Gouveia Carvalho,22,0,0.0
123,Fábio Freitas Gouveia Carvalho,23,0,0.0
123,Fábio Freitas Gouveia Carvalho,24,0,0.0
123,Fábio Freitas Gouveia Carvalho,25,0,0.0
123,Fábio Freitas Gouveia Carvalho,26,0,0.0
123,Fábio Freitas Gouveia Carvalho,27,0,0.0
123,Fábio Freitas Gouveia Carvalho,28,0,0.0
123,Fábio Freitas Gouveia Carvalho,29,0,0.0
124,Jordan Henderson,6,80,6.0
124,Jordan Henderson,7,73,1.0
124,Jordan Henderson,8,89,2.0
124,Jordan Henderson,9,90,2.0
124,Jordan Henderson,10,85,1.0
124,Jordan Henderson,11,90,2.0
124,Jordan Henderson,12,90,2.0
124,Jordan Henderson,13,90,8.0
124,Jordan Henderson,14,29,1.0
124,Jordan Henderson,15,90,4.0
124,Jordan Henderson,16,90,9.0
124,Jordan Henderson,17,0,0.0
124,Jordan Henderson,18,1,1.0
124,Jordan Henderson,19,90,2.0
124,Jordan Henderson,20,26,1.0
124,Jordan Henderson,21,14,1.0
124,Jordan Henderson,22,0,0.0
124,Jordan Henderson,23,9,1.0
124,Jordan Henderson,24,59,1.0
124,Jordan Henderson,25,55,1.0
124,Jordan Henderson,26,17,1.0
124,Jordan Henderson,27,66,2.0
124,Jordan Henderson,28,18,1.0
124,Jordan Henderson,29,61,3.0
125,Vitaly Janelt,6,9,1.0
125,Vitaly Janelt,7,16,1.0
125,Vitaly Janelt,8,15,1.0
125,Vitaly Janelt,9,61,4.0
125,Vitaly Janelt,10,22,1.0
125,Vitaly Janelt,11,6,1.0
125,Vitaly Janelt,12,10,0.0
125,Vitaly Janelt,13,0,0.0
125,Vitaly Janelt,14,60,2.0
125,Vitaly Janelt,15,14,1.0
125,Vitaly Janelt,16,79,3.0
125,Vitaly Janelt,17,90,9.0
125,Vitaly Janelt,18,90,4.0
125,Vitaly Janelt,19,90,5.0
125,Vitaly Janelt,20,90,11.0
125,Vitaly Janelt,21,90,7.0
125,Vitaly Janelt,22,90,1.0
125,Vitaly Janelt,23,90,2.0
125,Vitaly Janelt,24,90,4.0
125,Vitaly Janelt,25,90,9.0
125,Vitaly Janelt,26,90,1.0
125,Vitaly Janelt,27,45,1.0
125,Vitaly Janelt,28,0,0.0
125,Vitaly Janelt,29,0,0.0
126,Mathias Jensen,6,1,6.0
126,Mathias Jensen,7,22,1.0
126,Mathias Jensen,8,1,6.0
126,Mathias Jensen,9,11,1.0
126,Mathias Jensen,10,22,1.0
126,Mathias Jensen,11,6,1.0
126,Mathias Jensen,12,10,1.0
126,Mathias Jensen,13,84,2.0
126,Mathias Jensen,14,60,2.0
126,Mathias Jensen,15,29,1.0
126,Mathias Jensen,16,80,3.0
126,Mathias Jensen,17,63,3.0
126,Mathias Jensen,18,76,1.0
126,Mathias Jensen,19,10,1.0
126,Mathias Jensen,20,63,3.0
126,Mathias Jensen,21,75,3.0
126,Mathias Jensen,22,90,2.0
126,Mathias Jensen,23,90,2.0
126,Mathias Jensen,24,75,3.0
126,Mathias Jensen,25,86,8.0
126,Mathias Jensen,26,90,1.0
126,Mathias Jensen,27,90,2.0
126,Mathias Jensen,28,90,2.0
126,Mathias Jensen,29,90,4.0
127,Gustavo Nunes Fernandes Gomes,6,0,0.0
127,Gustavo Nunes Fernandes Gomes,7,0,0.0
127,Gustavo Nunes Fernandes Gomes,8,0,0.0
127,Gustavo Nunes Fernandes Gomes,9,0,0.0
127,Gustavo Nunes Fernandes Gomes,10,0,0.0
127,Gustavo Nunes Fernandes Gomes,11,0,0.0
127,Gustavo Nunes Fernandes Gomes,12,0,0.0
127,Gustavo Nunes Fernandes Gomes,13,0,0.0
127,Gustavo Nunes Fernandes Gomes,14,0,0.0
127,Gustavo Nunes Fernandes Gomes,15,0,0.0
127,Gustavo Nunes Fernandes Gomes,16,0,0.0
127,Gustavo Nunes Fernandes Gomes,17,0,0.0
127,Gustavo Nunes Fernandes Gomes,18,0,0.0
127,Gustavo Nunes Fernandes Gomes,19,0,0.0
127,Gustavo Nunes Fernandes Gomes,20,0,0.0
127,Gustavo Nunes Fernandes Gomes,21,0,0.0
127,Gustavo Nunes Fernandes Gomes,22,0,0.0
127,Gustavo Nunes Fernandes Gomes,23,0,0.0
127,Gustavo Nunes Fernandes Gomes,24,0,0.0
127,Gustavo Nunes Fernandes Gomes,25,0,0.0
127,Gustavo Nunes Fernandes Gomes,26,0,0.0
127,Gustavo Nunes Fernandes Gomes,27,0,0.0
127,Gustavo Nunes Fernandes Gomes,28,0,0.0
127,Gustavo Nunes Fernandes Gomes,29,0,0.0
128,Frank Onyeka,6,9,1.0
128,Frank Onyeka,7,17,1.0
128,Frank Onyeka,8,0,0.0
128,Frank Onyeka,9,1,1.0
128,Frank Onyeka,10,0,0.0
128,Frank Onyeka,11,0,0.0
128,Frank Onyeka,12,0,0.0
128,Frank Onyeka,13,0,0.0
128,Frank Onyeka,14,0,0.0
128,Frank Onyeka,15,0,0.0
128,Frank Onyeka,16,0,0.0
128,Frank Onyeka,17,0,0.0
128,Frank Onyeka,18,0,0.0
128,Frank Onyeka,19,0,0.0
128,Frank Onyeka,20,0,0.0
128,Frank Onyeka,21,0,0.0
128,Frank Onyeka,22,0,0.0
128,Frank Onyeka,23,0,0.0
128,Frank Onyeka,24,0,0.0
128,Frank Onyeka,25,0,0.0
128,Frank Onyeka,26,0,0.0
128,Frank Onyeka,27,0,0.0
128,Frank Onyeka,28,0,0.0
128,Frank Onyeka,29,0,0.0
129,Yehor Yarmoliuk,6,90,7.0
129,Yehor Yarmoliuk,7,72,2.0
129,Yehor Yarmoliuk,8,90,3.0
129,Yehor Yarmoliuk,9,28,1.0
129,Yehor Yarmoliuk,10,67,2.0
129,Yehor Yarmoliuk,11,83,4.0
129,Yehor Yarmoliuk,12,79,2.0
129,Yehor Yarmoliuk,13,5,1.0
129,Yehor Yarmoliuk,14,90,1.0
129,Yehor Yarmoliuk,15,75,1.0
129,Yehor Yarmoliuk,16,10,1.0
129,Yehor Yarmoliuk,17,90,5.0
129,Yehor Yarmoliuk,18,88,5.0
129,Yehor Yarmoliuk,19,79,5.0
129,Yehor Yarmoliuk,20,90,3.0
129,Yehor Yarmoliuk,21,90,8.0
129,Yehor Yarmoliuk,22,90,2.0
129,Yehor Yarmoliuk,23,80,3.0
129,Yehor Yarmoliuk,24,30,1.0
129,Yehor Yarmoliuk,25,34,1.0
129,Yehor Yarmoliuk,26,72,2.0
129,Yehor Yarmoliuk,27,45,0.0
129,Yehor Yarmoliuk,28,71,1.0
129,Yehor Yarmoliuk,29,28,1.0
130,Romelle Donovan,6,0,0.0
130,Romelle Donovan,7,0,0.0
130,Romelle Donovan,8,0,0.0
130,Romelle Donovan,9,0,0.0
130,Romelle Donovan,10,0,0.0
130,Romelle Donovan,11,0,0.0
130,Romelle Donovan,12,0,0.0
130,Romelle Donovan,13,0,0.0
130,Romelle Donovan,14,0,0.0
130,Romelle Donovan,15,0,0.0
130,Romelle Donovan,16,0,0.0
130,Romelle Donovan,17,0,0.0
130,Romelle Donovan,18,0,0.0
130,Romelle Donovan,19,0,0.0
130,Romelle Donovan,20,0,0.0
130,Romelle Donovan,21,0,0.0
130,Romelle Donovan,22,1,1.0
130,Romelle Donovan,23,0,0.0
130,Romelle Donovan,24,0,0.0
130,Romelle Donovan,25,10,1.0
130,Romelle Donovan,26,0,0.0
130,Romelle Donovan,27,9,1.0
130,Romelle Donovan,28,18,1.0
130,Romelle Donovan,29,0,0.0
131,Yunus Emre Konak,6,0,0.0
131,Yunus Emre Konak,7,0,0.0
131,Yunus Emre Konak,8,0,0.0
131,Yunus Emre Konak,9,0,0.0
131,Yunus Emre Konak,10,0,0.0
131,Yunus Emre Konak,11,0,0.0
131,Yunus Emre Konak,12,0,0.0
131,Yunus Emre Konak,13,0,0.0
131,Yunus Emre Konak,14,0,0.0
131,Yunus Emre Konak,15,0,0.0
131,Yunus Emre Konak,16,0,0.0
131,Yunus Emre Konak,17,0,0.0
131,Yunus Emre Konak,18,0,0.0
131,Yunus Emre Konak,19,0,0.0
131,Yunus Emre Konak,20,0,0.0
131,Yunus Emre Konak,21,0,0.0
131,Yunus Emre Konak,22,0,0.0
131,Yunus Emre Konak,23,0,0.0
131,Yunus Emre Konak,24,0,0.0
131,Yunus Emre Konak,25,0,0.0
131,Yunus Emre Konak,26,0,0.0
131,Yunus Emre Konak,27,0,0.0
131,Yunus Emre Konak,28,0,0.0
131,Yunus Emre Konak,29,0,0.0
132,Paris Maghoma,6,0,0.0
132,Paris Maghoma,7,0,0.0
132,Paris Maghoma,8,0,0.0
132,Paris Maghoma,9,0,0.0
132,Paris Maghoma,10,0,0.0
132,Paris Maghoma,11,0,0.0
132,Paris Maghoma,12,0,0.0
132,Paris Maghoma,13,0,0.0
132,Paris Maghoma,14,0,0.0
132,Paris Maghoma,15,0,0.0
132,Paris Maghoma,16,0,0.0
132,Paris Maghoma,17,0,0.0
132,Paris Maghoma,18,0,0.0
132,Paris Maghoma,19,0,0.0
132,Paris Maghoma,20,0,0.0
132,Paris Maghoma,21,0,0.0
132,Paris Maghoma,22,0,0.0
132,Paris Maghoma,23,0,0.0
132,Paris Maghoma,24,0,0.0
132,Paris Maghoma,25,0,0.0
132,Paris Maghoma,26,0,0.0
132,Paris Maghoma,27,0,0.0
132,Paris Maghoma,28,0,0.0
132,Paris Maghoma,29,0,0.0
133,Myles Peart-Harris,6,0,0.0
133,Myles Peart-Harris,7,0,0.0
133,Myles Peart-Harris,8,0,0.0
133,Myles Peart-Harris,9,0,0.0
133,Myles Peart-Harris,10,0,0.0
133,Myles Peart-Harris,11,0,0.0
133,Myles Peart-Harris,12,0,0.0
133,Myles Peart-Harris,13,0,0.0
133,Myles Peart-Harris,14,0,0.0
133,Myles Peart-Harris,15,0,0.0
133,Myles Peart-Harris,16,0,0.0
133,Myles Peart-Harris,17,0,0.0
133,Myles Peart-Harris,18,0,0.0
133,Myles Peart-Harris,19,0,0.0
133,Myles Peart-Harris,20,1,1.0
133,Myles Peart-Harris,21,0,0.0
133,Myles Peart-Harris,22,0,0.0
133,Myles Peart-Harris,23,0,0.0
133,Myles Peart-Harris,24,0,0.0
133,Myles Peart-Harris,25,0,0.0
133,Myles Peart-Harris,26,0,0.0
133,Myles Peart-Harris,27,0,0.0
133,Myles Peart-Harris,28,0,0.0
133,Myles Peart-Harris,29,0,0.0
134,Ryan Trevitt,6,0,0.0
134,Ryan Trevitt,7,0,0.0
134,Ryan Trevitt,8,0,0.0
134,Ryan Trevitt,9,0,0.0
134,Ryan Trevitt,10,0,0.0
134,Ryan Trevitt,11,0,0.0
134,Ryan Trevitt,12,0,0.0
134,Ryan Trevitt,13,0,0.0
134,Ryan Trevitt,14,0,0.0
134,Ryan Trevitt,15,0,0.0
134,Ryan Trevitt,16,0,0.0
134,Ryan Trevitt,17,0,0.0
134,Ryan Trevitt,18,0,0.0
134,Ryan Trevitt,19,0,0.0
134,Ryan Trevitt,20,0,0.0
134,Ryan Trevitt,21,0,0.0
134,Ryan Trevitt,22,0,0.0
134,Ryan Trevitt,23,0,0.0
134,Ryan Trevitt,24,0,0.0
134,Ryan Trevitt,25,0,0.0
134,Ryan Trevitt,26,0,0.0
134,Ryan Trevitt,27,0,0.0
134,Ryan Trevitt,28,0,0.0
134,Ryan Trevitt,29,0,0.0
135,Yoane Wissa,6,0,0.0
135,Yoane Wissa,7,0,0.0
135,Yoane Wissa,8,0,0.0
135,Yoane Wissa,9,0,0.0
135,Yoane Wissa,10,0,0.0
135,Yoane Wissa,11,0,0.0
135,Yoane Wissa,12,0,0.0
135,Yoane Wissa,13,0,0.0
135,Yoane Wissa,14,0,0.0
135,Yoane Wissa,15,16,1.0
135,Yoane Wissa,16,15,1.0
135,Yoane Wissa,17,17,0.0
135,Yoane Wissa,18,22,1.0
135,Yoane Wissa,19,79,6.0
135,Yoane Wissa,20,77,2.0
135,Yoane Wissa,21,15,1.0
135,Yoane Wissa,22,23,1.0
135,Yoane Wissa,23,61,2.0
135,Yoane Wissa,24,17,1.0
135,Yoane Wissa,25,64,2.0
135,Yoane Wissa,26,0,0.0
135,Yoane Wissa,27,0,0.0
135,Yoane Wissa,28,15,1.0
135,Yoane Wissa,29,0,0.0
136,Igor Thiago Nascimento Rodrigues,6,89,13.0
136,Igor Thiago Nascimento Rodrigues,7,67,2.0
136,Igor Thiago Nascimento Rodrigues,8,90,8.0
136,Igor Thiago Nascimento Rodrigues,9,90,5.0
136,Igor Thiago Nascimento Rodrigues,10,90,2.0
136,Igor Thiago Nascimento Rodrigues,11,90,13.0
136,Igor Thiago Nascimento Rodrigues,12,90,4.0
136,Igor Thiago Nascimento Rodrigues,13,90,13.0
136,Igor Thiago Nascimento Rodrigues,14,30,1.0
136,Igor Thiago Nascimento Rodrigues,15,90,2.0
136,Igor Thiago Nascimento Rodrigues,16,90,2.0
136,Igor Thiago Nascimento Rodrigues,17,90,2.0
136,Igor Thiago Nascimento Rodrigues,18,90,5.0
136,Igor Thiago Nascimento Rodrigues,19,90,2.0
136,Igor Thiago Nascimento Rodrigues,20,90,17.0
136,Igor Thiago Nascimento Rodrigues,21,81,12.0
136,Igor Thiago Nascimento Rodrigues,22,90,2.0
136,Igor Thiago Nascimento Rodrigues,23,90,2.0
136,Igor Thiago Nascimento Rodrigues,24,90,2.0
136,Igor Thiago Nascimento Rodrigues,25,90,5.0
136,Igor Thiago Nascimento Rodrigues,26,90,2.0
136,Igor Thiago Nascimento Rodrigues,27,90,2.0
136,Igor Thiago Nascimento Rodrigues,28,90,6.0
136,Igor Thiago Nascimento Rodrigues,29,90,2.0
137,Iwan Morgan,6,0,0.0
137,Iwan Morgan,7,0,0.0
137,Iwan Morgan,8,0,0.0
137,Iwan Morgan,9,0,0.0
137,Iwan Morgan,10,0,0.0
137,Iwan Morgan,11,0,0.0
137,Iwan Morgan,12,0,0.0
137,Iwan Morgan,13,0,0.0
137,Iwan Morgan,14,0,0.0
137,Iwan Morgan,15,0,0.0
137,Iwan Morgan,16,0,0.0
137,Iwan Morgan,17,0,0.0
137,Iwan Morgan,18,0,0.0
137,Iwan Morgan,19,0,0.0
137,Iwan Morgan,20,0,0.0
137,Iwan Morgan,21,0,0.0
137,Iwan Morgan,22,0,0.0
137,Iwan Morgan,23,0,0.0
137,Iwan Morgan,24,0,0.0
137,Iwan Morgan,25,0,0.0
137,Iwan Morgan,26,0,0.0
137,Iwan Morgan,27,0,0.0
137,Iwan Morgan,28,0,0.0
137,Iwan Morgan,29,0,0.0
138,Jason Steele,6,0,0.0
138,Jason Steele,7,0,0.0
138,Jason Steele,8,0,0.0
138,Jason Steele,9,0,0.0
138,Jason Steele,10,0,0.0
138,Jason Steele,11,0,0.0
138,Jason Steele,12,0,0.0
138,Jason Steele,13,0,0.0
138,Jason Steele,14,0,0.0
138,Jason Steele,15,0,0.0
138,Jason Steele,16,0,0.0
138,Jason Steele,17,0,0.0
138,Jason Steele,18,0,0.0
138,Jason Steele,19,0,0.0
138,Jason Steele,20,0,0.0
138,Jason Steele,21,0,0.0
138,Jason Steele,22,0,0.0
138,Jason Steele,23,0,0.0
138,Jason Steele,24,0,0.0
138,Jason Steele,25,0,0.0
138,Jason Steele,26,0,0.0
138,Jason Steele,27,0,0.0
138,Jason Steele,28,0,0.0
138,Jason Steele,29,0,0.0
139,Bart Verbruggen,6,90,2.0
139,Bart Verbruggen,7,90,1.0
139,Bart Verbruggen,8,90,2.0
139,Bart Verbruggen,9,90,1.0
139,Bart Verbruggen,10,90,6.0
139,Bart Verbruggen,11,90,6.0
139,Bart Verbruggen,12,90,7.0
139,Bart Verbruggen,13,90,7.0
139,Bart Verbruggen,14,90,1.0
139,Bart Verbruggen,15,90,3.0
139,Bart Verbruggen,16,90,1.0
139,Bart Verbruggen,17,90,11.0
139,Bart Verbruggen,18,90,1.0
139,Bart Verbruggen,19,90,1.0
139,Bart Verbruggen,20,90,7.0
139,Bart Verbruggen,21,90,3.0
139,Bart Verbruggen,22,90,2.0
139,Bart Verbruggen,23,90,1.0
139,Bart Verbruggen,24,90,3.0
139,Bart Verbruggen,25,90,3.0
139,Bart Verbruggen,26,90,2.0
139,Bart Verbruggen,27,90,7.0
139,Bart Verbruggen,28,90,3.0
139,Bart Verbruggen,29,90,2.0
140,Tom McGill,6,0,0.0
140,Tom McGill,7,0,0.0
140,Tom McGill,8,0,0.0
140,Tom McGill,9,0,0.0
140,Tom McGill,10,0,0.0
140,Tom McGill,11,0,0.0
140,Tom McGill,12,0,0.0
140,Tom McGill,13,0,0.0
140,Tom McGill,14,0,0.0
140,Tom McGill,15,0,0.0
140,Tom McGill,16,0,0.0
140,Tom McGill,17,0,0.0
140,Tom McGill,18,0,0.0
140,Tom McGill,19,0,0.0
140,Tom McGill,20,0,0.0
140,Tom McGill,21,0,0.0
140,Tom McGill,22,0,0.0
140,Tom McGill,23,0,0.0
140,Tom McGill,24,0,0.0
140,Tom McGill,25,0,0.0
140,Tom McGill,26,0,0.0
140,Tom McGill,27,0,0.0
140,Tom McGill,28,0,0.0
140,Tom McGill,29,0,0.0
141,Carl Rushworth,6,0,0.0
141,Carl Rushworth,7,0,0.0
141,Carl Rushworth,8,0,0.0
141,Carl Rushworth,9,0,0.0
141,Carl Rushworth,10,0,0.0
141,Carl Rushworth,11,0,0.0
141,Carl Rushworth,12,0,0.0
141,Carl Rushworth,13,0,0.0
141,Carl Rushworth,14,0,0.0
141,Carl Rushworth,15,0,0.0
141,Carl Rushworth,16,0,0.0
141,Carl Rushworth,17,0,0.0
141,Carl Rushworth,18,0,0.0
141,Carl Rushworth,19,0,0.0
141,Carl Rushworth,20,0,0.0
141,Carl Rushworth,21,0,0.0
141,Carl Rushworth,22,0,0.0
141,Carl Rushworth,23,0,0.0
141,Carl Rushworth,24,0,0.0
141,Carl Rushworth,25,0,0.0
141,Carl Rushworth,26,0,0.0
141,Carl Rushworth,27,0,0.0
141,Carl Rushworth,28,0,0.0
141,Carl Rushworth,29,0,0.0
142,Kjell Scherpen,6,0,0.0
142,Kjell Scherpen,7,0,0.0
142,Kjell Scherpen,8,0,0.0
142,Kjell Scherpen,9,0,0.0
142,Kjell Scherpen,10,0,0.0
142,Kjell Scherpen,11,0,0.0
142,Kjell Scherpen,12,0,0.0
142,Kjell Scherpen,13,0,0.0
142,Kjell Scherpen,14,0,0.0
142,Kjell Scherpen,15,0,0.0
142,Kjell Scherpen,16,0,0.0
142,Kjell Scherpen,17,0,0.0
142,Kjell Scherpen,18,0,0.0
142,Kjell Scherpen,19,0,0.0
142,Kjell Scherpen,20,0,0.0
142,Kjell Scherpen,21,0,0.0
142,Kjell Scherpen,22,0,0.0
142,Kjell Scherpen,23,0,0.0
142,Kjell Scherpen,24,0,0.0
142,Kjell Scherpen,25,0,0.0
142,Kjell Scherpen,26,0,0.0
142,Kjell Scherpen,27,0,0.0
142,Kjell Scherpen,28,0,0.0
142,Kjell Scherpen,29,0,0.0
143,Olivier Boscagli,6,0,0.0
143,Olivier Boscagli,7,0,0.0
143,Olivier Boscagli,8,0,0.0
143,Olivier Boscagli,9,0,0.0
143,Olivier Boscagli,10,0,0.0
143,Olivier Boscagli,11,0,0.0
143,Olivier Boscagli,12,45,0.0
143,Olivier Boscagli,13,0,0.0
143,Olivier Boscagli,14,0,0.0
143,Olivier Boscagli,15,7,1.0
143,Olivier Boscagli,16,0,0.0
143,Olivier Boscagli,17,90,8.0
143,Olivier Boscagli,18,0,0.0
143,Olivier Boscagli,19,0,0.0
143,Olivier Boscagli,20,0,0.0
143,Olivier Boscagli,21,0,0.0
143,Olivier Boscagli,22,1,1.0
143,Olivier Boscagli,23,87,5.0
143,Olivier Boscagli,24,0,0.0
143,Olivier Boscagli,25,90,4.0
143,Olivier Boscagli,26,29,1.0
143,Olivier Boscagli,27,0,0.0
143,Olivier Boscagli,28,0,0.0
143,Olivier Boscagli,29,90,1.0
144,Diego Coppola,6,0,0.0
144,Diego Coppola,7,0,0.0
144,Diego Coppola,8,1,1.0
144,Diego Coppola,9,0,0.0
144,Diego Coppola,10,0,0.0
144,Diego Coppola,11,0,0.0
144,Diego Coppola,12,0,0.0
144,Diego Coppola,13,0,0.0
144,Diego Coppola,14,0,0.0
144,Diego Coppola,15,0,0.0
144,Diego Coppola,16,0,0.0
144,Diego Coppola,17,90,7.0
144,Diego Coppola,18,86,0.0
144,Diego Coppola,19,0,0.0
144,Diego Coppola,20,0,0.0
144,Diego Coppola,21,0,0.0
144,Diego Coppola,22,0,0.0
144,Diego Coppola,23,0,0.0
144,Diego Coppola,24,0,0.0
144,Diego Coppola,25,0,0.0
144,Diego Coppola,26,0,0.0
144,Diego Coppola,27,0,0.0
144,Diego Coppola,28,0,0.0
144,Diego Coppola,29,0,0.0
145,Maxim De Cuyper,6,5,8.0
145,Maxim De Cuyper,7,20,1.0
145,Maxim De Cuyper,8,54,1.0
145,Maxim De Cuyper,9,58,0.0
145,Maxim De Cuyper,10,0,0.0
145,Maxim De Cuyper,11,5,1.0
145,Maxim De Cuyper,12,45,1.0
145,Maxim De Cuyper,13,83,15.0
145,Maxim De Cuyper,14,90,0.0
145,Maxim De Cuyper,15,71,8.0
145,Maxim De Cuyper,16,0,0.0
145,Maxim De Cuyper,17,63,6.0
145,Maxim De Cuyper,18,45,1.0
145,Maxim De Cuyper,19,57,0.0
145,Maxim De Cuyper,20,20,1.0
145,Maxim De Cuyper,21,90,1.0
145,Maxim De Cuyper,22,0,0.0
145,Maxim De Cuyper,23,2,1.0
145,Maxim De Cuyper,24,69,6.0
145,Maxim De Cuyper,25,70,2.0
145,Maxim De Cuyper,26,0,0.0
145,Maxim De Cuyper,27,14,1.0
145,Maxim De Cuyper,28,1,1.0
145,Maxim De Cuyper,29,0,0.0
146,Lewis Dunk,6,90,1.0
146,Lewis Dunk,7,90,1.0
146,Lewis Dunk,8,90,2.0
146,Lewis Dunk,9,90,0.0
146,Lewis Dunk,10,90,6.0
146,Lewis Dunk,11,90,6.0
146,Lewis Dunk,12,45,1.0
146,Lewis Dunk,13,90,6.0
146,Lewis Dunk,14,90,0.0
146,Lewis Dunk,15,90,1.0
146,Lewis Dunk,16,90,0.0
146,Lewis Dunk,17,0,0.0
146,Lewis Dunk,18,90,0.0
146,Lewis Dunk,19,90,2.0
146,Lewis Dunk,20,90,6.0
146,Lewis Dunk,21,90,3.0
146,Lewis Dunk,22,90,2.0
146,Lewis Dunk,23,90,3.0
146,Lewis Dunk,24,90,4.0
146,Lewis Dunk,25,90,4.0
146,Lewis Dunk,26,90,2.0
146,Lewis Dunk,27,90,6.0
146,Lewis Dunk,28,90,1.0
146,Lewis Dunk,29,0,0.0
147,Pervis Estupiñán Tenorio,6,0,0.0
147,Pervis Estupiñán Tenorio,7,0,0.0
147,Pervis Estupiñán Tenorio,8,0,0.0
147,Pervis Estupiñán Tenorio,9,0,0.0
147,Pervis Estupiñán Tenorio,10,0,0.0
147,Pervis Estupiñán Tenorio,11,0,0.0
147,Pervis Estupiñán Tenorio,12,0,0.0
147,Pervis Estupiñán Tenorio,13,0,0.0
147,Pervis Estupiñán Tenorio,14,0,0.0
147,Pervis Estupiñán Tenorio,15,0,0.0
147,Pervis Estupiñán Tenorio,16,0,0.0
147,Pervis Estupiñán Tenorio,17,0,0.0
147,Pervis Estupiñán Tenorio,18,0,0.0
147,Pervis Estupiñán Tenorio,19,0,0.0
147,Pervis Estupiñán Tenorio,20,0,0.0
147,Pervis Estupiñán Tenorio,21,0,0.0
147,Pervis Estupiñán Tenorio,22,0,0.0
147,Pervis Estupiñán Tenorio,23,0,0.0
147,Pervis Estupiñán Tenorio,24,0,0.0
147,Pervis Estupiñán Tenorio,25,0,0.0
147,Pervis Estupiñán Tenorio,26,0,0.0
147,Pervis Estupiñán Tenorio,27,0,0.0
147,Pervis Estupiñán Tenorio,28,0,0.0
147,Pervis Estupiñán Tenorio,29,0,0.0
148,Ferdi Kadıoğlu,6,90,2.0
148,Ferdi Kadıoğlu,7,90,2.0
148,Ferdi Kadıoğlu,8,90,2.0
148,Ferdi Kadıoğlu,9,90,-1.0
148,Ferdi Kadıoğlu,10,90,6.0
148,Ferdi Kadıoğlu,11,90,6.0
148,Ferdi Kadıoğlu,12,90,2.0
148,Ferdi Kadıoğlu,13,90,7.0
148,Ferdi Kadıoğlu,14,66,1.0
148,Ferdi Kadıoğlu,15,82,1.0
148,Ferdi Kadıoğlu,16,90,1.0
148,Ferdi Kadıoğlu,17,90,6.0
148,Ferdi Kadıoğlu,18,90,1.0
148,Ferdi Kadıoğlu,19,90,4.0
148,Ferdi Kadıoğlu,20,90,9.0
148,Ferdi Kadıoğlu,21,90,2.0
148,Ferdi Kadıoğlu,22,88,2.0
148,Ferdi Kadıoğlu,23,90,1.0
148,Ferdi Kadıoğlu,24,90,2.0
148,Ferdi Kadıoğlu,25,90,2.0
148,Ferdi Kadıoğlu,26,90,2.0
148,Ferdi Kadıoğlu,27,90,8.0
148,Ferdi Kadıoğlu,28,90,2.0
148,Ferdi Kadıoğlu,29,90,1.0
149,Igor Julio dos Santos de Paulo,6,1,1.0
149,Igor Julio dos Santos de Paulo,7,0,0.0
149,Igor Julio dos Santos de Paulo,8,0,0.0
149,Igor Julio dos Santos de Paulo,9,0,0.0
149,Igor Julio dos Santos de Paulo,10,5,1.0
149,Igor Julio dos Santos de Paulo,11,7,1.0
149,Igor Julio dos Santos de Paulo,12,90,3.0
149,Igor Julio dos Santos de Paulo,13,0,0.0
149,Igor Julio dos Santos de Paulo,14,0,0.0
149,Igor Julio dos Santos de Paulo,15,0,0.0
149,Igor Julio dos Santos de Paulo,16,0,0.0
149,Igor Julio dos Santos de Paulo,17,0,0.0
149,Igor Julio dos Santos de Paulo,18,0,0.0
149,Igor Julio dos Santos de Paulo,19,0,0.0
149,Igor Julio dos Santos de Paulo,20,0,0.0
149,Igor Julio dos Santos de Paulo,21,0,0.0
149,Igor Julio dos Santos de Paulo,22,0,0.0
149,Igor Julio dos Santos de Paulo,23,0,0.0
149,Igor Julio dos Santos de Paulo,24,0,0.0
149,Igor Julio dos Santos de Paulo,25,0,0.0
149,Igor Julio dos Santos de Paulo,26,0,0.0
149,Igor Julio dos Santos de Paulo,27,0,0.0
149,Igor Julio dos Santos de Paulo,28,0,0.0
149,Igor Julio dos Santos de Paulo,29,0,0.0
150,Tariq Lamptey,6,0,0.0
150,Tariq Lamptey,7,0,0.0
150,Tariq Lamptey,8,0,0.0
150,Tariq Lamptey,9,0,0.0
150,Tariq Lamptey,10,0,0.0
150,Tariq Lamptey,11,0,0.0
150,Tariq Lamptey,12,0,0.0
150,Tariq Lamptey,13,0,0.0
150,Tariq Lamptey,14,0,0.0
150,Tariq Lamptey,15,0,0.0
150,Tariq Lamptey,16,0,0.0
150,Tariq Lamptey,17,0,0.0
150,Tariq Lamptey,18,0,0.0
150,Tariq Lamptey,19,0,0.0
150,Tariq Lamptey,20,0,0.0
150,Tariq Lamptey,21,0,0.0
150,Tariq Lamptey,22,0,0.0
150,Tariq Lamptey,23,0,0.0
150,Tariq Lamptey,24,0,0.0
150,Tariq Lamptey,25,0,0.0
150,Tariq Lamptey,26,0,0.0
150,Tariq Lamptey,27,0,0.0
150,Tariq Lamptey,28,0,0.0
150,Tariq Lamptey,29,0,0.0
151,Jan Paul van Hecke,6,90,3.0
151,Jan Paul van Hecke,7,90,11.0
151,Jan Paul van Hecke,8,90,4.0
151,Jan Paul van Hecke,9,90,2.0
151,Jan Paul van Hecke,10,90,7.0
151,Jan Paul van Hecke,11,90,5.0
151,Jan Paul van Hecke,12,90,2.0
151,Jan Paul van Hecke,13,90,6.0
151,Jan Paul van Hecke,14,90,12.0
151,Jan Paul van Hecke,15,90,5.0
151,Jan Paul van Hecke,16,90,1.0
151,Jan Paul van Hecke,17,0,0.0
151,Jan Paul van Hecke,18,90,3.0
151,Jan Paul van Hecke,19,90,0.0
151,Jan Paul van Hecke,20,90,6.0
151,Jan Paul van Hecke,21,90,3.0
151,Jan Paul van Hecke,22,90,6.0
151,Jan Paul van Hecke,23,90,1.0
151,Jan Paul van Hecke,24,90,2.0
151,Jan Paul van Hecke,25,0,0.0
151,Jan Paul van Hecke,26,60,5.0
151,Jan Paul van Hecke,27,90,9.0
151,Jan Paul van Hecke,28,90,4.0
151,Jan Paul van Hecke,29,90,2.0
152,Joël Veltman,6,54,0.0
152,Joël Veltman,7,0,0.0
152,Joël Veltman,8,0,0.0
152,Joël Veltman,9,0,0.0
152,Joël Veltman,10,0,0.0
152,Joël Veltman,11,15,0.0
152,Joël Veltman,12,1,1.0
152,Joël Veltman,13,6,1.0
152,Joël Veltman,14,12,1.0
152,Joël Veltman,15,0,0.0
152,Joël Veltman,16,0,0.0
152,Joël Veltman,17,45,1.0
152,Joël Veltman,18,0,0.0
152,Joël Veltman,19,90,10.0
152,Joël Veltman,20,90,6.0
152,Joël Veltman,21,0,0.0
152,Joël Veltman,22,90,2.0
152,Joël Veltman,23,0,0.0
152,Joël Veltman,24,20,1.0
152,Joël Veltman,25,0,0.0
152,Joël Veltman,26,90,1.0
152,Joël Veltman,27,25,1.0
152,Joël Veltman,28,19,1.0
152,Joël Veltman,29,13,1.0
153,Adam Webster,6,0,0.0
153,Adam Webster,7,0,0.0
153,Adam Webster,8,0,0.0
153,Adam Webster,9,0,0.0
153,Adam Webster,10,0,0.0
153,Adam Webster,11,0,0.0
153,Adam Webster,12,0,0.0
153,Adam Webster,13,0,0.0
153,Adam Webster,14,0,0.0
153,Adam Webster,15,0,0.0
153,Adam Webster,16,0,0.0
153,Adam Webster,17,0,0.0
153,Adam Webster,18,0,0.0
153,Adam Webster,19,0,0.0
153,Adam Webster,20,0,0.0
153,Adam Webster,21,0,0.0
153,Adam Webster,22,0,0.0
153,Adam Webster,23,0,0.0
153,Adam Webster,24,0,0.0
153,Adam Webster,25,0,0.0
153,Adam Webster,26,0,0.0
153,Adam Webster,27,0,0.0
153,Adam Webster,28,0,0.0
153,Adam Webster,29,0,0.0
154,Eiran Cashin,6,0,0.0
154,Eiran Cashin,7,0,0.0
154,Eiran Cashin,8,0,0.0
154,Eiran Cashin,9,0,0.0
154,Eiran Cashin,10,0,0.0
154,Eiran Cashin,11,0,0.0
154,Eiran Cashin,12,0,0.0
154,Eiran Cashin,13,0,0.0
154,Eiran Cashin,14,0,0.0
154,Eiran Cashin,15,0,0.0
154,Eiran Cashin,16,0,0.0
154,Eiran Cashin,17,0,0.0
154,Eiran Cashin,18,0,0.0
154,Eiran Cashin,19,0,0.0
154,Eiran Cashin,20,0,0.0
154,Eiran Cashin,21,0,0.0
154,Eiran Cashin,22,0,0.0
154,Eiran Cashin,23,0,0.0
154,Eiran Cashin,24,0,0.0
154,Eiran Cashin,25,0,0.0
154,Eiran Cashin,26,0,0.0
154,Eiran Cashin,27,0,0.0
154,Eiran Cashin,28,0,0.0
154,Eiran Cashin,29,0,0.0
155,Jacob Slater,6,0,0.0
155,Jacob Slater,7,0,0.0
155,Jacob Slater,8,0,0.0
155,Jacob Slater,9,0,0.0
155,Jacob Slater,10,0,0.0
155,Jacob Slater,11,0,0.0
155,Jacob Slater,12,0,0.0
155,Jacob Slater,13,0,0.0
155,Jacob Slater,14,0,0.0
155,Jacob Slater,15,0,0.0
155,Jacob Slater,16,0,0.0
155,Jacob Slater,17,0,0.0
155,Jacob Slater,18,0,0.0
155,Jacob Slater,19,0,0.0
155,Jacob Slater,20,0,0.0
155,Jacob Slater,21,0,0.0
155,Jacob Slater,22,0,0.0
155,Jacob Slater,23,0,0.0
155,Jacob Slater,24,0,0.0
155,Jacob Slater,25,0,0.0
155,Jacob Slater,26,0,0.0
155,Jacob Slater,27,0,0.0
155,Jacob Slater,28,0,0.0
155,Jacob Slater,29,0,0.0
156,Charlie Tasker,6,0,0.0
156,Charlie Tasker,7,0,0.0
156,Charlie Tasker,8,0,0.0
156,Charlie Tasker,9,0,0.0
156,Charlie Tasker,10,0,0.0
156,Charlie Tasker,11,0,0.0
156,Charlie Tasker,12,0,0.0
156,Charlie Tasker,13,0,0.0
156,Charlie Tasker,14,0,0.0
156,Charlie Tasker,15,0,0.0
156,Charlie Tasker,16,0,0.0
156,Charlie Tasker,17,0,0.0
156,Charlie Tasker,18,0,0.0
156,Charlie Tasker,19,0,0.0
156,Charlie Tasker,20,0,0.0
156,Charlie Tasker,21,0,0.0
156,Charlie Tasker,22,0,0.0
156,Charlie Tasker,23,0,0.0
156,Charlie Tasker,24,0,0.0
156,Charlie Tasker,25,0,0.0
156,Charlie Tasker,26,0,0.0
156,Charlie Tasker,27,0,0.0
156,Charlie Tasker,28,0,0.0
156,Charlie Tasker,29,0,0.0
157,Mitoma Kaoru,6,66,2.0
157,Mitoma Kaoru,7,0,0.0
157,Mitoma Kaoru,8,0,0.0
157,Mitoma Kaoru,9,0,0.0
157,Mitoma Kaoru,10,0,0.0
157,Mitoma Kaoru,11,0,0.0
157,Mitoma Kaoru,12,0,0.0
157,Mitoma Kaoru,13,0,0.0
157,Mitoma Kaoru,14,0,0.0
157,Mitoma Kaoru,15,0,0.0
157,Mitoma Kaoru,16,26,1.0
157,Mitoma Kaoru,17,26,1.0
157,Mitoma Kaoru,18,0,0.0
157,Mitoma Kaoru,19,32,1.0
157,Mitoma Kaoru,20,69,3.0
157,Mitoma Kaoru,21,82,8.0
157,Mitoma Kaoru,22,90,2.0
157,Mitoma Kaoru,23,90,2.0
157,Mitoma Kaoru,24,90,2.0
157,Mitoma Kaoru,25,90,2.0
157,Mitoma Kaoru,26,80,3.0
157,Mitoma Kaoru,27,90,3.0
157,Mitoma Kaoru,28,90,1.0
157,Mitoma Kaoru,29,45,1.0
158,Georginio Rutter,6,84,2.0
158,Georginio Rutter,7,45,1.0
158,Georginio Rutter,8,70,7.0
158,Georginio Rutter,9,78,2.0
158,Georginio Rutter,10,90,3.0
158,Georginio Rutter,11,74,2.0
158,Georginio Rutter,12,88,2.0
158,Georginio Rutter,13,55,4.0
158,Georginio Rutter,14,0,0.0
158,Georginio Rutter,15,90,8.0
158,Georginio Rutter,16,81,2.0
158,Georginio Rutter,17,90,3.0
158,Georginio Rutter,18,90,0.0
158,Georginio Rutter,19,18,1.0
158,Georginio Rutter,20,70,8.0
158,Georginio Rutter,21,76,2.0
158,Georginio Rutter,22,24,1.0
158,Georginio Rutter,23,2,1.0
158,Georginio Rutter,24,59,1.0
158,Georginio Rutter,25,81,2.0
158,Georginio Rutter,26,0,0.0
158,Georginio Rutter,27,0,0.0
158,Georginio Rutter,28,0,0.0
158,Georginio Rutter,29,90,4.0
159,Solly March,6,0,0.0
159,Solly March,7,0,0.0
159,Solly March,8,0,0.0
159,Solly March,9,0,0.0
159,Solly March,10,0,0.0
159,Solly March,11,0,0.0
159,Solly March,12,0,0.0
159,Solly March,13,0,0.0
159,Solly March,14,0,0.0
159,Solly March,15,0,0.0
159,Solly March,16,0,0.0
159,Solly March,17,0,0.0
159,Solly March,18,0,0.0
159,Solly March,19,0,0.0
159,Solly March,20,0,0.0
159,Solly March,21,0,0.0
159,Solly March,22,0,0.0
159,Solly March,23,0,0.0
159,Solly March,24,0,0.0
159,Solly March,25,0,0.0
159,Solly March,26,0,0.0
159,Solly March,27,0,0.0
159,Solly March,28,4,1.0
159,Solly March,29,0,0.0
160,Yankuba Minteh,6,90,5.0
160,Yankuba Minteh,7,90,2.0
160,Yankuba Minteh,8,89,2.0
160,Yankuba Minteh,9,90,5.0
160,Yankuba Minteh,10,87,9.0
160,Yankuba Minteh,11,90,3.0
160,Yankuba Minteh,12,88,11.0
160,Yankuba Minteh,13,83,3.0
160,Yankuba Minteh,14,90,2.0
160,Yankuba Minteh,15,71,3.0
160,Yankuba Minteh,16,90,2.0
160,Yankuba Minteh,17,70,3.0
160,Yankuba Minteh,18,45,1.0
160,Yankuba Minteh,19,57,4.0
160,Yankuba Minteh,20,0,0.0
160,Yankuba Minteh,21,0,0.0
160,Yankuba Minteh,22,24,1.0
160,Yankuba Minteh,23,9,1.0
160,Yankuba Minteh,24,30,1.0
160,Yankuba Minteh,25,19,1.0
160,Yankuba Minteh,26,9,1.0
160,Yankuba Minteh,27,0,0.0
160,Yankuba Minteh,28,0,0.0
160,Yankuba Minteh,29,45,1.0
161,Julio Enciso Espínola,6,0,0.0
161,Julio Enciso Espínola,7,0,0.0
161,Julio Enciso Espínola,8,0,0.0
161,Julio Enciso Espínola,9,0,0.0
161,Julio Enciso Espínola,10,0,0.0
161,Julio Enciso Espínola,11,0,0.0
161,Julio Enciso Espínola,12,0,0.0
161,Julio Enciso Espínola,13,0,0.0
161,Julio Enciso Espínola,14,0,0.0
161,Julio Enciso Espínola,15,0,0.0
161,Julio Enciso Espínola,16,0,0.0
161,Julio Enciso Espínola,17,0,0.0
161,Julio Enciso Espínola,18,0,0.0
161,Julio Enciso Espínola,19,0,0.0
161,Julio Enciso Espínola,20,0,0.0
161,Julio Enciso Espínola,21,0,0.0
161,Julio Enciso Espínola,22,0,0.0
161,Julio Enciso Espínola,23,0,0.0
161,Julio Enciso Espínola,24,0,0.0
161,Julio Enciso Espínola,25,0,0.0
161,Julio Enciso Espínola,26,0,0.0
161,Julio Enciso Espínola,27,0,0.0
161,Julio Enciso Espínola,28,0,0.0
161,Julio Enciso Espínola,29,0,0.0
162,Brajan Gruda,6,23,4.0
162,Brajan Gruda,7,69,2.0
162,Brajan Gruda,8,0,0.0
162,Brajan Gruda,9,0,0.0
162,Brajan Gruda,10,0,0.0
162,Brajan Gruda,11,0,0.0
162,Brajan Gruda,12,1,0.0
162,Brajan Gruda,13,6,1.0
162,Brajan Gruda,14,76,2.0
162,Brajan Gruda,15,18,1.0
162,Brajan Gruda,16,63,2.0
162,Brajan Gruda,17,85,2.0
162,Brajan Gruda,18,45,1.0
162,Brajan Gruda,19,32,1.0
162,Brajan Gruda,20,86,3.0
162,Brajan Gruda,21,13,1.0
162,Brajan Gruda,22,65,2.0
162,Brajan Gruda,23,0,0.0
162,Brajan Gruda,24,0,0.0
162,Brajan Gruda,25,0,0.0
162,Brajan Gruda,26,0,0.0
162,Brajan Gruda,27,0,0.0
162,Brajan Gruda,28,0,0.0
162,Brajan Gruda,29,0,0.0
163,Jack Hinshelwood,6,0,0.0
163,Jack Hinshelwood,7,0,0.0
163,Jack Hinshelwood,8,0,0.0
163,Jack Hinshelwood,9,0,0.0
163,Jack Hinshelwood,10,0,0.0
163,Jack Hinshelwood,11,0,0.0
163,Jack Hinshelwood,12,20,7.0
163,Jack Hinshelwood,13,34,1.0
163,Jack Hinshelwood,14,66,8.0
163,Jack Hinshelwood,15,30,1.0
163,Jack Hinshelwood,16,81,2.0
163,Jack Hinshelwood,17,70,3.0
163,Jack Hinshelwood,18,74,2.0
163,Jack Hinshelwood,19,18,1.0
163,Jack Hinshelwood,20,0,0.0
163,Jack Hinshelwood,21,90,5.0
163,Jack Hinshelwood,22,65,2.0
163,Jack Hinshelwood,23,0,0.0
163,Jack Hinshelwood,24,0,0.0
163,Jack Hinshelwood,25,8,1.0
163,Jack Hinshelwood,26,90,0.0
163,Jack Hinshelwood,27,90,6.0
163,Jack Hinshelwood,28,90,5.0
163,Jack Hinshelwood,29,68,2.0
164,Matt O'Riley,6,0,0.0
164,Matt O'Riley,7,0,0.0
164,Matt O'Riley,8,0,0.0
164,Matt O'Riley,9,0,0.0
164,Matt O'Riley,10,0,0.0
164,Matt O'Riley,11,0,0.0
164,Matt O'Riley,12,0,0.0
164,Matt O'Riley,13,0,0.0
164,Matt O'Riley,14,0,0.0
164,Matt O'Riley,15,0,0.0
164,Matt O'Riley,16,0,0.0
164,Matt O'Riley,17,0,0.0
164,Matt O'Riley,18,0,0.0
164,Matt O'Riley,19,0,0.0
164,Matt O'Riley,20,0,0.0
164,Matt O'Riley,21,0,0.0
164,Matt O'Riley,22,0,0.0
164,Matt O'Riley,23,0,0.0
164,Matt O'Riley,24,0,0.0
164,Matt O'Riley,25,8,1.0
164,Matt O'Riley,26,0,0.0
164,Matt O'Riley,27,0,0.0
164,Matt O'Riley,28,0,0.0
164,Matt O'Riley,29,0,0.0
165,Abdallah Sima,6,0,0.0
165,Abdallah Sima,7,0,0.0
165,Abdallah Sima,8,0,0.0
165,Abdallah Sima,9,0,0.0
165,Abdallah Sima,10,0,0.0
165,Abdallah Sima,11,0,0.0
165,Abdallah Sima,12,0,0.0
165,Abdallah Sima,13,0,0.0
165,Abdallah Sima,14,0,0.0
165,Abdallah Sima,15,0,0.0
165,Abdallah Sima,16,0,0.0
165,Abdallah Sima,17,0,0.0
165,Abdallah Sima,18,0,0.0
165,Abdallah Sima,19,0,0.0
165,Abdallah Sima,20,0,0.0
165,Abdallah Sima,21,0,0.0
165,Abdallah Sima,22,0,0.0
165,Abdallah Sima,23,0,0.0
165,Abdallah Sima,24,0,0.0
165,Abdallah Sima,25,0,0.0
165,Abdallah Sima,26,0,0.0
165,Abdallah Sima,27,0,0.0
165,Abdallah Sima,28,0,0.0
165,Abdallah Sima,29,0,0.0
166,Yasin Ayari,6,90,2.0
166,Yasin Ayari,7,90,2.0
166,Yasin Ayari,8,90,2.0
166,Yasin Ayari,9,59,1.0
166,Yasin Ayari,10,90,3.0
166,Yasin Ayari,11,90,3.0
166,Yasin Ayari,12,90,4.0
166,Yasin Ayari,13,90,3.0
166,Yasin Ayari,14,0,0.0
166,Yasin Ayari,15,0,0.0
166,Yasin Ayari,16,26,1.0
166,Yasin Ayari,17,90,3.0
166,Yasin Ayari,18,90,5.0
166,Yasin Ayari,19,90,4.0
166,Yasin Ayari,20,90,12.0
166,Yasin Ayari,21,82,5.0
166,Yasin Ayari,22,0,0.0
166,Yasin Ayari,23,90,11.0
166,Yasin Ayari,24,90,6.0
166,Yasin Ayari,25,0,0.0
166,Yasin Ayari,26,0,0.0
166,Yasin Ayari,27,0,0.0
166,Yasin Ayari,28,0,0.0
166,Yasin Ayari,29,12,0.0
167,Carlos Baleba,6,66,2.0
167,Carlos Baleba,7,45,0.0
167,Carlos Baleba,8,70,3.0
167,Carlos Baleba,9,58,0.0
167,Carlos Baleba,10,90,3.0
167,Carlos Baleba,11,74,2.0
167,Carlos Baleba,12,45,1.0
167,Carlos Baleba,13,6,1.0
167,Carlos Baleba,14,77,4.0
167,Carlos Baleba,15,59,1.0
167,Carlos Baleba,16,63,2.0
167,Carlos Baleba,17,0,0.0
167,Carlos Baleba,18,0,0.0
167,Carlos Baleba,19,0,0.0
167,Carlos Baleba,20,0,0.0
167,Carlos Baleba,21,0,0.0
167,Carlos Baleba,22,24,1.0
167,Carlos Baleba,23,80,4.0
167,Carlos Baleba,24,90,4.0
167,Carlos Baleba,25,70,2.0
167,Carlos Baleba,26,21,0.0
167,Carlos Baleba,27,1,1.0
167,Carlos Baleba,28,4,1.0
167,Carlos Baleba,29,77,2.0
168,Facundo Buonanotte,6,0,0.0
168,Facundo Buonanotte,7,0,0.0
168,Facundo Buonanotte,8,0,0.0
168,Facundo Buonanotte,9,0,0.0
168,Facundo Buonanotte,10,0,0.0
168,Facundo Buonanotte,11,0,0.0
168,Facundo Buonanotte,12,0,0.0
168,Facundo Buonanotte,13,0,0.0
168,Facundo Buonanotte,14,0,0.0
168,Facundo Buonanotte,15,0,0.0
168,Facundo Buonanotte,16,0,0.0
168,Facundo Buonanotte,17,0,0.0
168,Facundo Buonanotte,18,0,0.0
168,Facundo Buonanotte,19,0,0.0
168,Facundo Buonanotte,20,0,0.0
168,Facundo Buonanotte,21,0,0.0
168,Facundo Buonanotte,22,0,0.0
168,Facundo Buonanotte,23,5,0.0
168,Facundo Buonanotte,24,19,1.0
168,Facundo Buonanotte,25,0,0.0
168,Facundo Buonanotte,26,0,0.0
168,Facundo Buonanotte,27,0,0.0
168,Facundo Buonanotte,28,0,0.0
168,Facundo Buonanotte,29,0,0.0
169,Diego Gómez Amarilla,6,84,2.0
169,Diego Gómez Amarilla,7,76,2.0
169,Diego Gómez Amarilla,8,35,1.0
169,Diego Gómez Amarilla,9,30,1.0
169,Diego Gómez Amarilla,10,80,16.0
169,Diego Gómez Amarilla,11,84,3.0
169,Diego Gómez Amarilla,12,69,1.0
169,Diego Gómez Amarilla,13,83,3.0
169,Diego Gómez Amarilla,14,90,1.0
169,Diego Gómez Amarilla,15,90,2.0
169,Diego Gómez Amarilla,16,86,1.0
169,Diego Gómez Amarilla,17,0,0.0
169,Diego Gómez Amarilla,18,86,9.0
169,Diego Gómez Amarilla,19,71,2.0
169,Diego Gómez Amarilla,20,79,3.0
169,Diego Gómez Amarilla,21,76,2.0
169,Diego Gómez Amarilla,22,65,2.0
169,Diego Gómez Amarilla,23,80,2.0
169,Diego Gómez Amarilla,24,0,0.0
169,Diego Gómez Amarilla,25,19,0.0
169,Diego Gómez Amarilla,26,80,3.0
169,Diego Gómez Amarilla,27,75,10.0
169,Diego Gómez Amarilla,28,85,9.0
169,Diego Gómez Amarilla,29,76,1.0
170,James Milner,6,0,0.0
170,James Milner,7,13,1.0
170,James Milner,8,19,1.0
170,James Milner,9,31,4.0
170,James Milner,10,0,0.0
170,James Milner,11,0,0.0
170,James Milner,12,0,0.0
170,James Milner,13,0,0.0
170,James Milner,14,0,0.0
170,James Milner,15,0,0.0
170,James Milner,16,3,1.0
170,James Milner,17,19,1.0
170,James Milner,18,0,0.0
170,James Milner,19,71,1.0
170,James Milner,20,10,1.0
170,James Milner,21,7,1.0
170,James Milner,22,0,0.0
170,James Milner,23,9,1.0
170,James Milner,24,1,1.0
170,James Milner,25,0,0.0
170,James Milner,26,68,2.0
170,James Milner,27,89,3.0
170,James Milner,28,85,2.0
170,James Milner,29,0,0.0
171,Jeremy Sarmiento Morante,6,0,0.0
171,Jeremy Sarmiento Morante,7,0,0.0
171,Jeremy Sarmiento Morante,8,0,0.0
171,Jeremy Sarmiento Morante,9,0,0.0
171,Jeremy Sarmiento Morante,10,0,0.0
171,Jeremy Sarmiento Morante,11,0,0.0
171,Jeremy Sarmiento Morante,12,0,0.0
171,Jeremy Sarmiento Morante,13,0,0.0
171,Jeremy Sarmiento Morante,14,0,0.0
171,Jeremy Sarmiento Morante,15,0,0.0
171,Jeremy Sarmiento Morante,16,0,0.0
171,Jeremy Sarmiento Morante,17,0,0.0
171,Jeremy Sarmiento Morante,18,0,0.0
171,Jeremy Sarmiento Morante,19,0,0.0
171,Jeremy Sarmiento Morante,20,0,0.0
171,Jeremy Sarmiento Morante,21,0,0.0
171,Jeremy Sarmiento Morante,22,0,0.0
171,Jeremy Sarmiento Morante,23,0,0.0
171,Jeremy Sarmiento Morante,24,0,0.0
171,Jeremy Sarmiento Morante,25,0,0.0
171,Jeremy Sarmiento Morante,26,0,0.0
171,Jeremy Sarmiento Morante,27,0,0.0
171,Jeremy Sarmiento Morante,28,0,0.0
171,Jeremy Sarmiento Morante,29,0,0.0
172,Tom Watson,6,0,0.0
172,Tom Watson,7,0,0.0
172,Tom Watson,8,0,0.0
172,Tom Watson,9,31,1.0
172,Tom Watson,10,9,1.0
172,Tom Watson,11,0,0.0
172,Tom Watson,12,0,0.0
172,Tom Watson,13,0,0.0
172,Tom Watson,14,0,0.0
172,Tom Watson,15,0,0.0
172,Tom Watson,16,0,0.0
172,Tom Watson,17,4,1.0
172,Tom Watson,18,3,1.0
172,Tom Watson,19,0,0.0
172,Tom Watson,20,3,1.0
172,Tom Watson,21,7,0.0
172,Tom Watson,22,0,0.0
172,Tom Watson,23,0,0.0
172,Tom Watson,24,0,0.0
172,Tom Watson,25,0,0.0
172,Tom Watson,26,0,0.0
172,Tom Watson,27,0,0.0
172,Tom Watson,28,0,0.0
172,Tom Watson,29,0,0.0
173,Mats Wieffer,6,35,3.0
173,Mats Wieffer,7,69,1.0
173,Mats Wieffer,8,90,7.0
173,Mats Wieffer,9,86,4.0
173,Mats Wieffer,10,90,10.0
173,Mats Wieffer,11,90,3.0
173,Mats Wieffer,12,90,4.0
173,Mats Wieffer,13,90,4.0
173,Mats Wieffer,14,90,8.0
173,Mats Wieffer,15,90,2.0
173,Mats Wieffer,16,90,2.0
173,Mats Wieffer,17,45,1.0
173,Mats Wieffer,18,45,1.0
173,Mats Wieffer,19,0,0.0
173,Mats Wieffer,20,0,0.0
173,Mats Wieffer,21,0,0.0
173,Mats Wieffer,22,0,0.0
173,Mats Wieffer,23,0,0.0
173,Mats Wieffer,24,0,0.0
173,Mats Wieffer,25,0,0.0
173,Mats Wieffer,26,0,0.0
173,Mats Wieffer,27,64,2.0
173,Mats Wieffer,28,70,1.0
173,Mats Wieffer,29,76,4.0
174,Malick Yalcouyé,6,0,0.0
174,Malick Yalcouyé,7,0,0.0
174,Malick Yalcouyé,8,0,0.0
174,Malick Yalcouyé,9,0,0.0
174,Malick Yalcouyé,10,0,0.0
174,Malick Yalcouyé,11,0,0.0
174,Malick Yalcouyé,12,0,0.0
174,Malick Yalcouyé,13,0,0.0
174,Malick Yalcouyé,14,0,0.0
174,Malick Yalcouyé,15,0,0.0
174,Malick Yalcouyé,16,0,0.0
174,Malick Yalcouyé,17,0,0.0
174,Malick Yalcouyé,18,0,0.0
174,Malick Yalcouyé,19,0,0.0
174,Malick Yalcouyé,20,0,0.0
174,Malick Yalcouyé,21,0,0.0
174,Malick Yalcouyé,22,0,0.0
174,Malick Yalcouyé,23,0,0.0
174,Malick Yalcouyé,24,0,0.0
174,Malick Yalcouyé,25,0,0.0
174,Malick Yalcouyé,26,0,0.0
174,Malick Yalcouyé,27,0,0.0
174,Malick Yalcouyé,28,0,0.0
174,Malick Yalcouyé,29,0,0.0
175,Joe Knight,6,0,0.0
175,Joe Knight,7,0,0.0
175,Joe Knight,8,0,0.0
175,Joe Knight,9,0,0.0
175,Joe Knight,10,1,1.0
175,Joe Knight,11,0,0.0
175,Joe Knight,12,0,0.0
175,Joe Knight,13,0,0.0
175,Joe Knight,14,0,0.0
175,Joe Knight,15,0,0.0
175,Joe Knight,16,0,0.0
175,Joe Knight,17,0,0.0
175,Joe Knight,18,0,0.0
175,Joe Knight,19,0,0.0
175,Joe Knight,20,0,0.0
175,Joe Knight,21,0,0.0
175,Joe Knight,22,0,0.0
175,Joe Knight,23,0,0.0
175,Joe Knight,24,0,0.0
175,Joe Knight,25,0,0.0
175,Joe Knight,26,0,0.0
175,Joe Knight,27,0,0.0
175,Joe Knight,28,0,0.0
175,Joe Knight,29,0,0.0
176,Adrian Mazilu,6,0,0.0
176,Adrian Mazilu,7,0,0.0
176,Adrian Mazilu,8,0,0.0
176,Adrian Mazilu,9,0,0.0
176,Adrian Mazilu,10,0,0.0
176,Adrian Mazilu,11,0,0.0
176,Adrian Mazilu,12,0,0.0
176,Adrian Mazilu,13,0,0.0
176,Adrian Mazilu,14,0,0.0
176,Adrian Mazilu,15,0,0.0
176,Adrian Mazilu,16,0,0.0
176,Adrian Mazilu,17,0,0.0
176,Adrian Mazilu,18,0,0.0
176,Adrian Mazilu,19,0,0.0
176,Adrian Mazilu,20,0,0.0
176,Adrian Mazilu,21,0,0.0
176,Adrian Mazilu,22,0,0.0
176,Adrian Mazilu,23,0,0.0
176,Adrian Mazilu,24,0,0.0
176,Adrian Mazilu,25,0,0.0
176,Adrian Mazilu,26,0,0.0
176,Adrian Mazilu,27,0,0.0
176,Adrian Mazilu,28,0,0.0
176,Adrian Mazilu,29,0,0.0
177,Andrew Moran,6,0,0.0
177,Andrew Moran,7,0,0.0
177,Andrew Moran,8,0,0.0
177,Andrew Moran,9,0,0.0
177,Andrew Moran,10,0,0.0
177,Andrew Moran,11,0,0.0
177,Andrew Moran,12,0,0.0
177,Andrew Moran,13,0,0.0
177,Andrew Moran,14,0,0.0
177,Andrew Moran,15,0,0.0
177,Andrew Moran,16,0,0.0
177,Andrew Moran,17,0,0.0
177,Andrew Moran,18,0,0.0
177,Andrew Moran,19,0,0.0
177,Andrew Moran,20,0,0.0
177,Andrew Moran,21,0,0.0
177,Andrew Moran,22,0,0.0
177,Andrew Moran,23,0,0.0
177,Andrew Moran,24,0,0.0
177,Andrew Moran,25,0,0.0
177,Andrew Moran,26,0,0.0
177,Andrew Moran,27,0,0.0
177,Andrew Moran,28,0,0.0
177,Andrew Moran,29,0,0.0
178,Danny Welbeck,6,23,11.0
178,Danny Welbeck,7,90,1.0
178,Danny Welbeck,8,89,13.0
178,Danny Welbeck,9,90,6.0
178,Danny Welbeck,10,81,6.0
178,Danny Welbeck,11,84,2.0
178,Danny Welbeck,12,90,8.0
178,Danny Welbeck,13,64,2.0
178,Danny Welbeck,14,23,1.0
178,Danny Welbeck,15,90,2.0
178,Danny Welbeck,16,8,1.0
178,Danny Welbeck,17,0,0.0
178,Danny Welbeck,18,15,1.0
178,Danny Welbeck,19,82,3.0
178,Danny Welbeck,20,19,1.0
178,Danny Welbeck,21,13,1.0
178,Danny Welbeck,22,76,1.0
178,Danny Welbeck,23,87,2.0
178,Danny Welbeck,24,69,2.0
178,Danny Welbeck,25,19,1.0
178,Danny Welbeck,26,80,2.0
178,Danny Welbeck,27,90,9.0
178,Danny Welbeck,28,90,9.0
178,Danny Welbeck,29,21,1.0
179,Evan Ferguson,6,0,0.0
179,Evan Ferguson,7,0,0.0
179,Evan Ferguson,8,0,0.0
179,Evan Ferguson,9,0,0.0
179,Evan Ferguson,10,0,0.0
179,Evan Ferguson,11,0,0.0
179,Evan Ferguson,12,0,0.0
179,Evan Ferguson,13,0,0.0
179,Evan Ferguson,14,0,0.0
179,Evan Ferguson,15,0,0.0
179,Evan Ferguson,16,0,0.0
179,Evan Ferguson,17,0,0.0
179,Evan Ferguson,18,0,0.0
179,Evan Ferguson,19,0,0.0
179,Evan Ferguson,20,0,0.0
179,Evan Ferguson,21,0,0.0
179,Evan Ferguson,22,0,0.0
179,Evan Ferguson,23,0,0.0
179,Evan Ferguson,24,0,0.0
179,Evan Ferguson,25,0,0.0
179,Evan Ferguson,26,0,0.0
179,Evan Ferguson,27,0,0.0
179,Evan Ferguson,28,0,0.0
179,Evan Ferguson,29,0,0.0
180,Stefanos Tzimas,6,5,1.0
180,Stefanos Tzimas,7,20,4.0
180,Stefanos Tzimas,8,19,1.0
180,Stefanos Tzimas,9,3,1.0
180,Stefanos Tzimas,10,9,1.0
180,Stefanos Tzimas,11,5,1.0
180,Stefanos Tzimas,12,0,0.0
180,Stefanos Tzimas,13,25,5.0
180,Stefanos Tzimas,14,23,1.0
180,Stefanos Tzimas,15,0,0.0
180,Stefanos Tzimas,16,0,0.0
180,Stefanos Tzimas,17,0,0.0
180,Stefanos Tzimas,18,0,0.0
180,Stefanos Tzimas,19,0,0.0
180,Stefanos Tzimas,20,0,0.0
180,Stefanos Tzimas,21,0,0.0
180,Stefanos Tzimas,22,0,0.0
180,Stefanos Tzimas,23,0,0.0
180,Stefanos Tzimas,24,0,0.0
180,Stefanos Tzimas,25,0,0.0
180,Stefanos Tzimas,26,0,0.0
180,Stefanos Tzimas,27,0,0.0
180,Stefanos Tzimas,28,0,0.0
180,Stefanos Tzimas,29,0,0.0
181,Charalampos Kostoulas,6,0,0.0
181,Charalampos Kostoulas,7,0,0.0
181,Charalampos Kostoulas,8,1,1.0
181,Charalampos Kostoulas,9,11,5.0
181,Charalampos Kostoulas,10,2,1.0
181,Charalampos Kostoulas,11,15,1.0
181,Charalampos Kostoulas,12,0,0.0
181,Charalampos Kostoulas,13,0,0.0
181,Charalampos Kostoulas,14,13,1.0
181,Charalampos Kostoulas,15,18,1.0
181,Charalampos Kostoulas,16,8,1.0
181,Charalampos Kostoulas,17,19,1.0
181,Charalampos Kostoulas,18,3,1.0
181,Charalampos Kostoulas,19,7,0.0
181,Charalampos Kostoulas,20,70,5.0
181,Charalampos Kostoulas,21,0,0.0
181,Charalampos Kostoulas,22,13,8.0
181,Charalampos Kostoulas,23,2,0.0
181,Charalampos Kostoulas,24,20,1.0
181,Charalampos Kostoulas,25,81,2.0
181,Charalampos Kostoulas,26,9,1.0
181,Charalampos Kostoulas,27,0,0.0
181,Charalampos Kostoulas,28,0,0.0
181,Charalampos Kostoulas,29,0,0.0
182,James Trafford,6,0,0.0
182,James Trafford,7,0,0.0
182,James Trafford,8,0,0.0
182,James Trafford,9,0,0.0
182,James Trafford,10,0,0.0
182,James Trafford,11,0,0.0
182,James Trafford,12,0,0.0
182,James Trafford,13,0,0.0
182,James Trafford,14,0,0.0
182,James Trafford,15,0,0.0
182,James Trafford,16,0,0.0
182,James Trafford,17,0,0.0
182,James Trafford,18,0,0.0
182,James Trafford,19,0,0.0
182,James Trafford,20,0,0.0
182,James Trafford,21,0,0.0
182,James Trafford,22,0,0.0
182,James Trafford,23,0,0.0
182,James Trafford,24,0,0.0
182,James Trafford,25,0,0.0
182,James Trafford,26,0,0.0
182,James Trafford,27,0,0.0
182,James Trafford,28,0,0.0
182,James Trafford,29,0,0.0
183,Max Weiß,6,0,0.0
183,Max Weiß,7,0,0.0
183,Max Weiß,8,0,0.0
183,Max Weiß,9,0,0.0
183,Max Weiß,10,0,0.0
183,Max Weiß,11,0,0.0
183,Max Weiß,12,0,0.0
183,Max Weiß,13,0,0.0
183,Max Weiß,14,0,0.0
183,Max Weiß,15,0,0.0
183,Max Weiß,16,0,0.0
183,Max Weiß,17,0,0.0
183,Max Weiß,18,0,0.0
183,Max Weiß,19,0,0.0
183,Max Weiß,20,0,0.0
183,Max Weiß,21,0,0.0
183,Max Weiß,22,0,0.0
183,Max Weiß,23,0,0.0
183,Max Weiß,24,0,0.0
183,Max Weiß,25,0,0.0
183,Max Weiß,26,0,0.0
183,Max Weiß,27,0,0.0
183,Max Weiß,28,0,0.0
183,Max Weiß,29,0,0.0
184,Etienne Green,6,0,0.0
184,Etienne Green,7,0,0.0
184,Etienne Green,8,0,0.0
184,Etienne Green,9,0,0.0
184,Etienne Green,10,0,0.0
184,Etienne Green,11,0,0.0
184,Etienne Green,12,0,0.0
184,Etienne Green,13,0,0.0
184,Etienne Green,14,0,0.0
184,Etienne Green,15,0,0.0
184,Etienne Green,16,0,0.0
184,Etienne Green,17,0,0.0
184,Etienne Green,18,0,0.0
184,Etienne Green,19,0,0.0
184,Etienne Green,20,0,0.0
184,Etienne Green,21,0,0.0
184,Etienne Green,22,0,0.0
184,Etienne Green,23,0,0.0
184,Etienne Green,24,0,0.0
184,Etienne Green,25,0,0.0
184,Etienne Green,26,0,0.0
184,Etienne Green,27,0,0.0
184,Etienne Green,28,0,0.0
184,Etienne Green,29,0,0.0
185,Václav Hladký,6,0,0.0
185,Václav Hladký,7,0,0.0
185,Václav Hladký,8,0,0.0
185,Václav Hladký,9,0,0.0
185,Václav Hladký,10,0,0.0
185,Václav Hladký,11,0,0.0
185,Václav Hladký,12,0,0.0
185,Václav Hladký,13,0,0.0
185,Václav Hladký,14,0,0.0
185,Václav Hladký,15,0,0.0
185,Václav Hladký,16,0,0.0
185,Václav Hladký,17,0,0.0
185,Václav Hladký,18,0,0.0
185,Václav Hladký,19,0,0.0
185,Václav Hladký,20,0,0.0
185,Václav Hladký,21,0,0.0
185,Václav Hladký,22,0,0.0
185,Václav Hladký,23,0,0.0
185,Václav Hladký,24,0,0.0
185,Václav Hladký,25,0,0.0
185,Václav Hladký,26,0,0.0
185,Václav Hladký,27,0,0.0
185,Václav Hladký,28,0,0.0
185,Václav Hladký,29,0,0.0
186,Connor Roberts,6,0,0.0
186,Connor Roberts,7,0,0.0
186,Connor Roberts,8,0,0.0
186,Connor Roberts,9,0,0.0
186,Connor Roberts,10,0,0.0
186,Connor Roberts,11,0,0.0
186,Connor Roberts,12,0,0.0
186,Connor Roberts,13,0,0.0
186,Connor Roberts,14,0,0.0
186,Connor Roberts,15,0,0.0
186,Connor Roberts,16,0,0.0
186,Connor Roberts,17,0,0.0
186,Connor Roberts,18,0,0.0
186,Connor Roberts,19,0,0.0
186,Connor Roberts,20,0,0.0
186,Connor Roberts,21,0,0.0
186,Connor Roberts,22,0,0.0
186,Connor Roberts,23,0,0.0
186,Connor Roberts,24,0,0.0
186,Connor Roberts,25,0,0.0
186,Connor Roberts,26,0,0.0
186,Connor Roberts,27,0,0.0
186,Connor Roberts,28,0,0.0
186,Connor Roberts,29,0,0.0
187,Kyle Walker,6,90,-1.0
187,Kyle Walker,7,90,1.0
187,Kyle Walker,8,90,14.0
187,Kyle Walker,9,90,3.0
187,Kyle Walker,10,90,1.0
187,Kyle Walker,11,90,0.0
187,Kyle Walker,12,90,0.0
187,Kyle Walker,13,90,3.0
187,Kyle Walker,14,90,2.0
187,Kyle Walker,15,90,0.0
187,Kyle Walker,16,0,0.0
187,Kyle Walker,17,76,2.0
187,Kyle Walker,18,90,6.0
187,Kyle Walker,19,90,0.0
187,Kyle Walker,20,90,0.0
187,Kyle Walker,21,90,1.0
187,Kyle Walker,22,90,2.0
187,Kyle Walker,23,90,4.0
187,Kyle Walker,24,90,0.0
187,Kyle Walker,25,90,1.0
187,Kyle Walker,26,90,1.0
187,Kyle Walker,27,45,1.0
187,Kyle Walker,28,0,0.0
187,Kyle Walker,29,90,3.0
188,Hannes Delcroix,6,0,0.0
188,Hannes Delcroix,7,0,0.0
188,Hannes Delcroix,8,0,0.0
188,Hannes Delcroix,9,0,0.0
188,Hannes Delcroix,10,0,0.0
188,Hannes Delcroix,11,0,0.0
188,Hannes Delcroix,12,0,0.0
188,Hannes Delcroix,13,0,0.0
188,Hannes Delcroix,14,0,0.0
188,Hannes Delcroix,15,0,0.0
188,Hannes Delcroix,16,0,0.0
188,Hannes Delcroix,17,0,0.0
188,Hannes Delcroix,18,0,0.0
188,Hannes Delcroix,19,0,0.0
188,Hannes Delcroix,20,0,0.0
188,Hannes Delcroix,21,0,0.0
188,Hannes Delcroix,22,0,0.0
188,Hannes Delcroix,23,0,0.0
188,Hannes Delcroix,24,0,0.0
188,Hannes Delcroix,25,0,0.0
188,Hannes Delcroix,26,0,0.0
188,Hannes Delcroix,27,0,0.0
188,Hannes Delcroix,28,0,0.0
188,Hannes Delcroix,29,0,0.0
189,Owen Dodgson,6,0,0.0
189,Owen Dodgson,7,0,0.0
189,Owen Dodgson,8,0,0.0
189,Owen Dodgson,9,0,0.0
189,Owen Dodgson,10,0,0.0
189,Owen Dodgson,11,0,0.0
189,Owen Dodgson,12,0,0.0
189,Owen Dodgson,13,0,0.0
189,Owen Dodgson,14,0,0.0
189,Owen Dodgson,15,0,0.0
189,Owen Dodgson,16,0,0.0
189,Owen Dodgson,17,0,0.0
189,Owen Dodgson,18,0,0.0
189,Owen Dodgson,19,0,0.0
189,Owen Dodgson,20,0,0.0
189,Owen Dodgson,21,0,0.0
189,Owen Dodgson,22,0,0.0
189,Owen Dodgson,23,0,0.0
189,Owen Dodgson,24,0,0.0
189,Owen Dodgson,25,0,0.0
189,Owen Dodgson,26,0,0.0
189,Owen Dodgson,27,0,0.0
189,Owen Dodgson,28,0,0.0
189,Owen Dodgson,29,0,0.0
190,Hjalmar Ekdal,6,90,0.0
190,Hjalmar Ekdal,7,0,0.0
190,Hjalmar Ekdal,8,0,0.0
190,Hjalmar Ekdal,9,1,1.0
190,Hjalmar Ekdal,10,0,0.0
190,Hjalmar Ekdal,11,0,0.0
190,Hjalmar Ekdal,12,0,0.0
190,Hjalmar Ekdal,13,0,0.0
190,Hjalmar Ekdal,14,90,4.0
190,Hjalmar Ekdal,15,90,1.0
190,Hjalmar Ekdal,16,90,1.0
190,Hjalmar Ekdal,17,90,4.0
190,Hjalmar Ekdal,18,90,9.0
190,Hjalmar Ekdal,19,90,3.0
190,Hjalmar Ekdal,20,90,1.0
190,Hjalmar Ekdal,21,0,0.0
190,Hjalmar Ekdal,22,16,1.0
190,Hjalmar Ekdal,23,0,0.0
190,Hjalmar Ekdal,24,0,0.0
190,Hjalmar Ekdal,25,0,0.0
190,Hjalmar Ekdal,26,0,0.0
190,Hjalmar Ekdal,27,0,0.0
190,Hjalmar Ekdal,28,0,0.0
190,Hjalmar Ekdal,29,0,0.0
191,Maxime Estève,6,90,-2.0
191,Maxime Estève,7,90,1.0
191,Maxime Estève,8,90,8.0
191,Maxime Estève,9,90,1.0
191,Maxime Estève,10,90,1.0
191,Maxime Estève,11,90,3.0
191,Maxime Estève,12,90,3.0
191,Maxime Estève,13,90,3.0
191,Maxime Estève,14,90,4.0
191,Maxime Estève,15,90,3.0
191,Maxime Estève,16,90,1.0
191,Maxime Estève,17,0,0.0
191,Maxime Estève,18,0,0.0
191,Maxime Estève,19,14,0.0
191,Maxime Estève,20,0,0.0
191,Maxime Estève,21,90,3.0
191,Maxime Estève,22,73,2.0
191,Maxime Estève,23,90,3.0
191,Maxime Estève,24,90,3.0
191,Maxime Estève,25,90,1.0
191,Maxime Estève,26,90,3.0
191,Maxime Estève,27,90,2.0
191,Maxime Estève,28,90,0.0
191,Maxime Estève,29,90,1.0
192,Quilindschy Hartman,6,87,3.0
192,Quilindschy Hartman,7,90,4.0
192,Quilindschy Hartman,8,90,6.0
192,Quilindschy Hartman,9,90,7.0
192,Quilindschy Hartman,10,90,1.0
192,Quilindschy Hartman,11,80,1.0
192,Quilindschy Hartman,12,90,1.0
192,Quilindschy Hartman,13,90,3.0
192,Quilindschy Hartman,14,90,2.0
192,Quilindschy Hartman,15,0,0.0
192,Quilindschy Hartman,16,90,4.0
192,Quilindschy Hartman,17,0,0.0
192,Quilindschy Hartman,18,0,0.0
192,Quilindschy Hartman,19,0,0.0
192,Quilindschy Hartman,20,0,0.0
192,Quilindschy Hartman,21,0,0.0
192,Quilindschy Hartman,22,0,0.0
192,Quilindschy Hartman,23,0,0.0
192,Quilindschy Hartman,24,0,0.0
192,Quilindschy Hartman,25,0,0.0
192,Quilindschy Hartman,26,0,0.0
192,Quilindschy Hartman,27,0,0.0
192,Quilindschy Hartman,28,0,0.0
192,Quilindschy Hartman,29,0,0.0
193,Bashir Humphreys,6,2,0.0
193,Bashir Humphreys,7,0,0.0
193,Bashir Humphreys,8,0,0.0
193,Bashir Humphreys,9,0,0.0
193,Bashir Humphreys,10,0,0.0
193,Bashir Humphreys,11,0,0.0
193,Bashir Humphreys,12,0,0.0
193,Bashir Humphreys,13,0,0.0
193,Bashir Humphreys,14,0,0.0
193,Bashir Humphreys,15,0,0.0
193,Bashir Humphreys,16,0,0.0
193,Bashir Humphreys,17,0,0.0
193,Bashir Humphreys,18,90,8.0
193,Bashir Humphreys,19,75,2.0
193,Bashir Humphreys,20,90,2.0
193,Bashir Humphreys,21,90,6.0
193,Bashir Humphreys,22,90,4.0
193,Bashir Humphreys,23,90,1.0
193,Bashir Humphreys,24,90,3.0
193,Bashir Humphreys,25,90,0.0
193,Bashir Humphreys,26,90,4.0
193,Bashir Humphreys,27,82,2.0
193,Bashir Humphreys,28,90,1.0
193,Bashir Humphreys,29,90,0.0
194,Jordan Beyer,6,0,0.0
194,Jordan Beyer,7,0,0.0
194,Jordan Beyer,8,0,0.0
194,Jordan Beyer,9,0,0.0
194,Jordan Beyer,10,0,0.0
194,Jordan Beyer,11,0,0.0
194,Jordan Beyer,12,0,0.0
194,Jordan Beyer,13,0,0.0
194,Jordan Beyer,14,0,0.0
194,Jordan Beyer,15,0,0.0
194,Jordan Beyer,16,0,0.0
194,Jordan Beyer,17,0,0.0
194,Jordan Beyer,18,0,0.0
194,Jordan Beyer,19,0,0.0
194,Jordan Beyer,20,0,0.0
194,Jordan Beyer,21,0,0.0
194,Jordan Beyer,22,0,0.0
194,Jordan Beyer,23,0,0.0
194,Jordan Beyer,24,0,0.0
194,Jordan Beyer,25,0,0.0
194,Jordan Beyer,26,0,0.0
194,Jordan Beyer,27,0,0.0
194,Jordan Beyer,28,0,0.0
194,Jordan Beyer,29,0,0.0
195,Lucas Pires Silva,6,0,0.0
195,Lucas Pires Silva,7,0,0.0
195,Lucas Pires Silva,8,0,0.0
195,Lucas Pires Silva,9,0,0.0
195,Lucas Pires Silva,10,0,0.0
195,Lucas Pires Silva,11,9,1.0
195,Lucas Pires Silva,12,0,0.0
195,Lucas Pires Silva,13,0,0.0
195,Lucas Pires Silva,14,0,0.0
195,Lucas Pires Silva,15,42,-3.0
195,Lucas Pires Silva,16,0,0.0
195,Lucas Pires Silva,17,90,2.0
195,Lucas Pires Silva,18,90,6.0
195,Lucas Pires Silva,19,90,1.0
195,Lucas Pires Silva,20,90,1.0
195,Lucas Pires Silva,21,90,1.0
195,Lucas Pires Silva,22,90,4.0
195,Lucas Pires Silva,23,90,1.0
195,Lucas Pires Silva,24,90,1.0
195,Lucas Pires Silva,25,90,1.0
195,Lucas Pires Silva,26,0,0.0
195,Lucas Pires Silva,27,45,1.0
195,Lucas Pires Silva,28,90,0.0
195,Lucas Pires Silva,29,90,1.0
196,Shurandy Sambo,6,0,0.0
196,Shurandy Sambo,7,0,0.0
196,Shurandy Sambo,8,0,0.0
196,Shurandy Sambo,9,0,0.0
196,Shurandy Sambo,10,0,0.0
196,Shurandy Sambo,11,0,0.0
196,Shurandy Sambo,12,0,0.0
196,Shurandy Sambo,13,0,0.0
196,Shurandy Sambo,14,0,0.0
196,Shurandy Sambo,15,0,0.0
196,Shurandy Sambo,16,0,0.0
196,Shurandy Sambo,17,0,0.0
196,Shurandy Sambo,18,0,0.0
196,Shurandy Sambo,19,0,0.0
196,Shurandy Sambo,20,0,0.0
196,Shurandy Sambo,21,0,0.0
196,Shurandy Sambo,22,0,0.0
196,Shurandy Sambo,23,0,0.0
196,Shurandy Sambo,24,0,0.0
196,Shurandy Sambo,25,0,0.0
196,Shurandy Sambo,26,0,0.0
196,Shurandy Sambo,27,0,0.0
196,Shurandy Sambo,28,0,0.0
196,Shurandy Sambo,29,0,0.0
197,Oliver Sonne,6,0,0.0
197,Oliver Sonne,7,0,0.0
197,Oliver Sonne,8,0,0.0
197,Oliver Sonne,9,0,0.0
197,Oliver Sonne,10,0,0.0
197,Oliver Sonne,11,0,0.0
197,Oliver Sonne,12,0,0.0
197,Oliver Sonne,13,0,0.0
197,Oliver Sonne,14,0,0.0
197,Oliver Sonne,15,0,0.0
197,Oliver Sonne,16,13,7.0
197,Oliver Sonne,17,13,1.0
197,Oliver Sonne,18,0,0.0
197,Oliver Sonne,19,0,0.0
197,Oliver Sonne,20,35,1.0
197,Oliver Sonne,21,1,1.0
197,Oliver Sonne,22,0,0.0
197,Oliver Sonne,23,0,0.0
197,Oliver Sonne,24,0,0.0
197,Oliver Sonne,25,0,0.0
197,Oliver Sonne,26,0,0.0
197,Oliver Sonne,27,0,0.0
197,Oliver Sonne,28,0,0.0
197,Oliver Sonne,29,0,0.0
198,Axel Tuanzebe,6,0,0.0
198,Axel Tuanzebe,7,90,1.0
198,Axel Tuanzebe,8,90,8.0
198,Axel Tuanzebe,9,90,1.0
198,Axel Tuanzebe,10,90,3.0
198,Axel Tuanzebe,11,90,3.0
198,Axel Tuanzebe,12,90,1.0
198,Axel Tuanzebe,13,90,0.0
198,Axel Tuanzebe,14,0,0.0
198,Axel Tuanzebe,15,0,0.0
198,Axel Tuanzebe,16,76,1.0
198,Axel Tuanzebe,17,0,0.0
198,Axel Tuanzebe,18,0,0.0
198,Axel Tuanzebe,19,0,0.0
198,Axel Tuanzebe,20,0,0.0
198,Axel Tuanzebe,21,0,0.0
198,Axel Tuanzebe,22,90,4.0
198,Axel Tuanzebe,23,90,7.0
198,Axel Tuanzebe,24,45,-2.0
198,Axel Tuanzebe,25,0,0.0
198,Axel Tuanzebe,26,0,0.0
198,Axel Tuanzebe,27,0,0.0
198,Axel Tuanzebe,28,0,0.0
198,Axel Tuanzebe,29,0,0.0
199,Joe Worrall,6,0,0.0
199,Joe Worrall,7,1,1.0
199,Joe Worrall,8,0,0.0
199,Joe Worrall,9,0,0.0
199,Joe Worrall,10,0,0.0
199,Joe Worrall,11,0,0.0
199,Joe Worrall,12,0,0.0
199,Joe Worrall,13,0,0.0
199,Joe Worrall,14,0,0.0
199,Joe Worrall,15,45,1.0
199,Joe Worrall,16,0,0.0
199,Joe Worrall,17,90,2.0
199,Joe Worrall,18,0,0.0
199,Joe Worrall,19,0,0.0
199,Joe Worrall,20,0,0.0
199,Joe Worrall,21,0,0.0
199,Joe Worrall,22,0,0.0
199,Joe Worrall,23,0,0.0
199,Joe Worrall,24,0,0.0
199,Joe Worrall,25,0,0.0
199,Joe Worrall,26,90,3.0
199,Joe Worrall,27,90,4.0
199,Joe Worrall,28,90,2.0
199,Joe Worrall,29,56,3.0
200,Jaidon Anthony,6,87,6.0
200,Jaidon Anthony,7,58,1.0
200,Jaidon Anthony,8,82,2.0
200,Jaidon Anthony,9,76,2.0
200,Jaidon Anthony,10,61,2.0
200,Jaidon Anthony,11,80,2.0
200,Jaidon Anthony,12,71,2.0
200,Jaidon Anthony,13,15,4.0
200,Jaidon Anthony,14,57,1.0
200,Jaidon Anthony,15,4,1.0
200,Jaidon Anthony,16,13,1.0
200,Jaidon Anthony,17,76,2.0
200,Jaidon Anthony,18,17,1.0
200,Jaidon Anthony,19,0,0.0
200,Jaidon Anthony,20,80,2.0
200,Jaidon Anthony,21,32,6.0
200,Jaidon Anthony,22,90,2.0
200,Jaidon Anthony,23,90,2.0
200,Jaidon Anthony,24,79,1.0
200,Jaidon Anthony,25,65,2.0
200,Jaidon Anthony,26,90,8.0
200,Jaidon Anthony,27,83,2.0
200,Jaidon Anthony,28,90,10.0
200,Jaidon Anthony,29,90,4.0
201,Manuel Benson Hedilazio,6,0,0.0
201,Manuel Benson Hedilazio,7,0,0.0
201,Manuel Benson Hedilazio,8,0,0.0
201,Manuel Benson Hedilazio,9,0,0.0
201,Manuel Benson Hedilazio,10,0,0.0
201,Manuel Benson Hedilazio,11,0,0.0
201,Manuel Benson Hedilazio,12,0,0.0
201,Manuel Benson Hedilazio,13,0,0.0
201,Manuel Benson Hedilazio,14,0,0.0
201,Manuel Benson Hedilazio,15,0,0.0
201,Manuel Benson Hedilazio,16,0,0.0
201,Manuel Benson Hedilazio,17,0,0.0
201,Manuel Benson Hedilazio,18,0,0.0
201,Manuel Benson Hedilazio,19,0,0.0
201,Manuel Benson Hedilazio,20,0,0.0
201,Manuel Benson Hedilazio,21,0,0.0
201,Manuel Benson Hedilazio,22,0,0.0
201,Manuel Benson Hedilazio,23,0,0.0
201,Manuel Benson Hedilazio,24,0,0.0
201,Manuel Benson Hedilazio,25,0,0.0
201,Manuel Benson Hedilazio,26,0,0.0
201,Manuel Benson Hedilazio,27,0,0.0
201,Manuel Benson Hedilazio,28,0,0.0
201,Manuel Benson Hedilazio,29,0,0.0
202,Jacob Bruun Larsen,6,28,1.0
202,Jacob Bruun Larsen,7,31,1.0
202,Jacob Bruun Larsen,8,57,1.0
202,Jacob Bruun Larsen,9,68,2.0
202,Jacob Bruun Larsen,10,28,1.0
202,Jacob Bruun Larsen,11,23,1.0
202,Jacob Bruun Larsen,12,14,1.0
202,Jacob Bruun Larsen,13,15,1.0
202,Jacob Bruun Larsen,14,45,1.0
202,Jacob Bruun Larsen,15,85,2.0
202,Jacob Bruun Larsen,16,76,2.0
202,Jacob Bruun Larsen,17,65,3.0
202,Jacob Bruun Larsen,18,72,3.0
202,Jacob Bruun Larsen,19,16,1.0
202,Jacob Bruun Larsen,20,54,1.0
202,Jacob Bruun Larsen,21,0,0.0
202,Jacob Bruun Larsen,22,0,0.0
202,Jacob Bruun Larsen,23,0,0.0
202,Jacob Bruun Larsen,24,10,1.0
202,Jacob Bruun Larsen,25,24,1.0
202,Jacob Bruun Larsen,26,17,1.0
202,Jacob Bruun Larsen,27,12,1.0
202,Jacob Bruun Larsen,28,45,1.0
202,Jacob Bruun Larsen,29,0,0.0
203,Enock Agyei,6,0,0.0
203,Enock Agyei,7,0,0.0
203,Enock Agyei,8,0,0.0
203,Enock Agyei,9,0,0.0
203,Enock Agyei,10,0,0.0
203,Enock Agyei,11,0,0.0
203,Enock Agyei,12,0,0.0
203,Enock Agyei,13,0,0.0
203,Enock Agyei,14,0,0.0
203,Enock Agyei,15,0,0.0
203,Enock Agyei,16,0,0.0
203,Enock Agyei,17,0,0.0
203,Enock Agyei,18,0,0.0
203,Enock Agyei,19,0,0.0
203,Enock Agyei,20,0,0.0
203,Enock Agyei,21,0,0.0
203,Enock Agyei,22,0,0.0
203,Enock Agyei,23,0,0.0
203,Enock Agyei,24,0,0.0
203,Enock Agyei,25,0,0.0
203,Enock Agyei,26,0,0.0
203,Enock Agyei,27,0,0.0
203,Enock Agyei,28,0,0.0
203,Enock Agyei,29,0,0.0
204,Darko Churlinov,6,0,0.0
204,Darko Churlinov,7,0,0.0
204,Darko Churlinov,8,0,0.0
204,Darko Churlinov,9,0,0.0
204,Darko Churlinov,10,0,0.0
204,Darko Churlinov,11,0,0.0
204,Darko Churlinov,12,0,0.0
204,Darko Churlinov,13,0,0.0
204,Darko Churlinov,14,0,0.0
204,Darko Churlinov,15,0,0.0
204,Darko Churlinov,16,0,0.0
204,Darko Churlinov,17,0,0.0
204,Darko Churlinov,18,0,0.0
204,Darko Churlinov,19,0,0.0
204,Darko Churlinov,20,0,0.0
204,Darko Churlinov,21,0,0.0
204,Darko Churlinov,22,0,0.0
204,Darko Churlinov,23,0,0.0
204,Darko Churlinov,24,0,0.0
204,Darko Churlinov,25,0,0.0
204,Darko Churlinov,26,0,0.0
204,Darko Churlinov,27,0,0.0
204,Darko Churlinov,28,0,0.0
204,Darko Churlinov,29,0,0.0
205,Josh Cullen,6,78,4.0
205,Josh Cullen,7,90,6.0
205,Josh Cullen,8,90,3.0
205,Josh Cullen,9,90,2.0
205,Josh Cullen,10,81,1.0
205,Josh Cullen,11,90,10.0
205,Josh Cullen,12,90,2.0
205,Josh Cullen,13,80,2.0
205,Josh Cullen,14,80,4.0
205,Josh Cullen,15,90,2.0
205,Josh Cullen,16,90,4.0
205,Josh Cullen,17,90,2.0
205,Josh Cullen,18,52,1.0
205,Josh Cullen,19,0,0.0
205,Josh Cullen,20,0,0.0
205,Josh Cullen,21,0,0.0
205,Josh Cullen,22,0,0.0
205,Josh Cullen,23,0,0.0
205,Josh Cullen,24,0,0.0
205,Josh Cullen,25,0,0.0
205,Josh Cullen,26,0,0.0
205,Josh Cullen,27,0,0.0
205,Josh Cullen,28,0,0.0
205,Josh Cullen,29,0,0.0
206,Marcus Edwards,6,0,0.0
206,Marcus Edwards,7,0,0.0
206,Marcus Edwards,8,0,0.0
206,Marcus Edwards,9,0,0.0
206,Marcus Edwards,10,8,1.0
206,Marcus Edwards,11,9,1.0
206,Marcus Edwards,12,0,0.0
206,Marcus Edwards,13,0,0.0
206,Marcus Edwards,14,32,1.0
206,Marcus Edwards,15,1,1.0
206,Marcus Edwards,16,28,1.0
206,Marcus Edwards,17,13,4.0
206,Marcus Edwards,18,87,3.0
206,Marcus Edwards,19,90,2.0
206,Marcus Edwards,20,35,1.0
206,Marcus Edwards,21,90,5.0
206,Marcus Edwards,22,89,9.0
206,Marcus Edwards,23,84,2.0
206,Marcus Edwards,24,68,2.0
206,Marcus Edwards,25,66,2.0
206,Marcus Edwards,26,72,5.0
206,Marcus Edwards,27,90,2.0
206,Marcus Edwards,28,0,0.0
206,Marcus Edwards,29,0,0.0
207,Hannibal Mejbri,6,2,1.0
207,Hannibal Mejbri,7,0,0.0
207,Hannibal Mejbri,8,7,0.0
207,Hannibal Mejbri,9,1,4.0
207,Hannibal Mejbri,10,14,1.0
207,Hannibal Mejbri,11,19,4.0
207,Hannibal Mejbri,12,18,0.0
207,Hannibal Mejbri,13,59,0.0
207,Hannibal Mejbri,14,31,1.0
207,Hannibal Mejbri,15,0,0.0
207,Hannibal Mejbri,16,0,0.0
207,Hannibal Mejbri,17,0,0.0
207,Hannibal Mejbri,18,0,0.0
207,Hannibal Mejbri,19,0,0.0
207,Hannibal Mejbri,20,0,0.0
207,Hannibal Mejbri,21,57,0.0
207,Hannibal Mejbri,22,1,1.0
207,Hannibal Mejbri,23,5,1.0
207,Hannibal Mejbri,24,0,0.0
207,Hannibal Mejbri,25,90,2.0
207,Hannibal Mejbri,26,82,10.0
207,Hannibal Mejbri,27,90,1.0
207,Hannibal Mejbri,28,83,10.0
207,Hannibal Mejbri,29,71,2.0
208,Luca Koleosho,6,0,0.0
208,Luca Koleosho,7,0,0.0
208,Luca Koleosho,8,0,0.0
208,Luca Koleosho,9,0,0.0
208,Luca Koleosho,10,0,0.0
208,Luca Koleosho,11,0,0.0
208,Luca Koleosho,12,0,0.0
208,Luca Koleosho,13,0,0.0
208,Luca Koleosho,14,0,0.0
208,Luca Koleosho,15,0,0.0
208,Luca Koleosho,16,0,0.0
208,Luca Koleosho,17,0,0.0
208,Luca Koleosho,18,0,0.0
208,Luca Koleosho,19,0,0.0
208,Luca Koleosho,20,0,0.0
208,Luca Koleosho,21,0,0.0
208,Luca Koleosho,22,0,0.0
208,Luca Koleosho,23,0,0.0
208,Luca Koleosho,24,0,0.0
208,Luca Koleosho,25,0,0.0
208,Luca Koleosho,26,0,0.0
208,Luca Koleosho,27,0,0.0
208,Luca Koleosho,28,0,0.0
208,Luca Koleosho,29,0,0.0
209,Josh Laurent,6,90,2.0
209,Josh Laurent,7,81,2.0
209,Josh Laurent,8,13,1.0
209,Josh Laurent,9,21,1.0
209,Josh Laurent,10,75,2.0
209,Josh Laurent,11,0,0.0
209,Josh Laurent,12,6,1.0
209,Josh Laurent,13,15,1.0
209,Josh Laurent,14,0,0.0
209,Josh Laurent,15,25,0.0
209,Josh Laurent,16,0,0.0
209,Josh Laurent,17,90,4.0
209,Josh Laurent,18,90,5.0
209,Josh Laurent,19,90,10.0
209,Josh Laurent,20,90,1.0
209,Josh Laurent,21,90,4.0
209,Josh Laurent,22,5,1.0
209,Josh Laurent,23,21,0.0
209,Josh Laurent,24,45,1.0
209,Josh Laurent,25,45,0.0
209,Josh Laurent,26,90,2.0
209,Josh Laurent,27,77,1.0
209,Josh Laurent,28,45,1.0
209,Josh Laurent,29,18,1.0
210,Loum Tchaouna,6,61,2.0
210,Loum Tchaouna,7,58,1.0
210,Loum Tchaouna,8,32,6.0
210,Loum Tchaouna,9,0,0.0
210,Loum Tchaouna,10,28,1.0
210,Loum Tchaouna,11,66,2.0
210,Loum Tchaouna,12,75,2.0
210,Loum Tchaouna,13,74,3.0
210,Loum Tchaouna,14,45,1.0
210,Loum Tchaouna,15,0,0.0
210,Loum Tchaouna,16,0,0.0
210,Loum Tchaouna,17,24,1.0
210,Loum Tchaouna,18,0,0.0
210,Loum Tchaouna,19,73,2.0
210,Loum Tchaouna,20,26,1.0
210,Loum Tchaouna,21,0,0.0
210,Loum Tchaouna,22,1,1.0
210,Loum Tchaouna,23,0,0.0
210,Loum Tchaouna,24,21,1.0
210,Loum Tchaouna,25,23,1.0
210,Loum Tchaouna,26,0,0.0
210,Loum Tchaouna,27,7,1.0
210,Loum Tchaouna,28,6,1.0
210,Loum Tchaouna,29,33,1.0
211,Aaron Ramsey,6,0,0.0
211,Aaron Ramsey,7,0,0.0
211,Aaron Ramsey,8,0,0.0
211,Aaron Ramsey,9,0,0.0
211,Aaron Ramsey,10,0,0.0
211,Aaron Ramsey,11,0,0.0
211,Aaron Ramsey,12,0,0.0
211,Aaron Ramsey,13,0,0.0
211,Aaron Ramsey,14,0,0.0
211,Aaron Ramsey,15,0,0.0
211,Aaron Ramsey,16,0,0.0
211,Aaron Ramsey,17,0,0.0
211,Aaron Ramsey,18,0,0.0
211,Aaron Ramsey,19,0,0.0
211,Aaron Ramsey,20,0,0.0
211,Aaron Ramsey,21,0,0.0
211,Aaron Ramsey,22,0,0.0
211,Aaron Ramsey,23,0,0.0
211,Aaron Ramsey,24,0,0.0
211,Aaron Ramsey,25,0,0.0
211,Aaron Ramsey,26,0,0.0
211,Aaron Ramsey,27,0,0.0
211,Aaron Ramsey,28,0,0.0
211,Aaron Ramsey,29,0,0.0
212,Oluwaseun Adewumi,6,0,0.0
212,Oluwaseun Adewumi,7,0,0.0
212,Oluwaseun Adewumi,8,0,0.0
212,Oluwaseun Adewumi,9,0,0.0
212,Oluwaseun Adewumi,10,0,0.0
212,Oluwaseun Adewumi,11,0,0.0
212,Oluwaseun Adewumi,12,0,0.0
212,Oluwaseun Adewumi,13,0,0.0
212,Oluwaseun Adewumi,14,0,0.0
212,Oluwaseun Adewumi,15,0,0.0
212,Oluwaseun Adewumi,16,0,0.0
212,Oluwaseun Adewumi,17,0,0.0
212,Oluwaseun Adewumi,18,0,0.0
212,Oluwaseun Adewumi,19,0,0.0
212,Oluwaseun Adewumi,20,0,0.0
212,Oluwaseun Adewumi,21,0,0.0
212,Oluwaseun Adewumi,22,0,0.0
212,Oluwaseun Adewumi,23,0,0.0
212,Oluwaseun Adewumi,24,0,0.0
212,Oluwaseun Adewumi,25,0,0.0
212,Oluwaseun Adewumi,26,0,0.0
212,Oluwaseun Adewumi,27,0,0.0
212,Oluwaseun Adewumi,28,0,0.0
212,Oluwaseun Adewumi,29,0,0.0
213,Jaydon Banel,6,0,0.0
213,Jaydon Banel,7,0,0.0
213,Jaydon Banel,8,0,0.0
213,Jaydon Banel,9,0,0.0
213,Jaydon Banel,10,0,0.0
213,Jaydon Banel,11,0,0.0
213,Jaydon Banel,12,0,0.0
213,Jaydon Banel,13,0,0.0
213,Jaydon Banel,14,0,0.0
213,Jaydon Banel,15,0,0.0
213,Jaydon Banel,16,0,0.0
213,Jaydon Banel,17,0,0.0
213,Jaydon Banel,18,0,0.0
213,Jaydon Banel,19,0,0.0
213,Jaydon Banel,20,9,1.0
213,Jaydon Banel,21,0,0.0
213,Jaydon Banel,22,0,0.0
213,Jaydon Banel,23,0,0.0
213,Jaydon Banel,24,0,0.0
213,Jaydon Banel,25,0,0.0
213,Jaydon Banel,26,0,0.0
213,Jaydon Banel,27,0,0.0
213,Jaydon Banel,28,0,0.0
213,Jaydon Banel,29,0,0.0
214,Mike Trésor Ndayishimiye,6,0,0.0
214,Mike Trésor Ndayishimiye,7,0,0.0
214,Mike Trésor Ndayishimiye,8,0,0.0
214,Mike Trésor Ndayishimiye,9,0,0.0
214,Mike Trésor Ndayishimiye,10,0,0.0
214,Mike Trésor Ndayishimiye,11,0,0.0
214,Mike Trésor Ndayishimiye,12,0,0.0
214,Mike Trésor Ndayishimiye,13,0,0.0
214,Mike Trésor Ndayishimiye,14,0,0.0
214,Mike Trésor Ndayishimiye,15,0,0.0
214,Mike Trésor Ndayishimiye,16,7,1.0
214,Mike Trésor Ndayishimiye,17,8,1.0
214,Mike Trésor Ndayishimiye,18,2,1.0
214,Mike Trésor Ndayishimiye,19,2,1.0
214,Mike Trésor Ndayishimiye,20,0,0.0
214,Mike Trésor Ndayishimiye,21,0,0.0
214,Mike Trésor Ndayishimiye,22,0,0.0
214,Mike Trésor Ndayishimiye,23,0,0.0
214,Mike Trésor Ndayishimiye,24,0,0.0
214,Mike Trésor Ndayishimiye,25,0,0.0
214,Mike Trésor Ndayishimiye,26,0,0.0
214,Mike Trésor Ndayishimiye,27,0,0.0
214,Mike Trésor Ndayishimiye,28,0,0.0
214,Mike Trésor Ndayishimiye,29,0,0.0
215,Zian Flemming,6,0,0.0
215,Zian Flemming,7,8,1.0
215,Zian Flemming,8,76,2.0
215,Zian Flemming,9,90,13.0
215,Zian Flemming,10,75,1.0
215,Zian Flemming,11,70,5.0
215,Zian Flemming,12,71,2.0
215,Zian Flemming,13,90,6.0
215,Zian Flemming,14,58,1.0
215,Zian Flemming,15,4,5.0
215,Zian Flemming,16,28,1.0
215,Zian Flemming,17,64,1.0
215,Zian Flemming,18,2,1.0
215,Zian Flemming,19,0,0.0
215,Zian Flemming,20,0,0.0
215,Zian Flemming,21,0,0.0
215,Zian Flemming,22,0,0.0
215,Zian Flemming,23,0,0.0
215,Zian Flemming,24,27,1.0
215,Zian Flemming,25,66,2.0
215,Zian Flemming,26,72,2.0
215,Zian Flemming,27,90,9.0
215,Zian Flemming,28,90,6.0
215,Zian Flemming,29,0,0.0
216,Zeki Amdouni,6,0,0.0
216,Zeki Amdouni,7,0,0.0
216,Zeki Amdouni,8,0,0.0
216,Zeki Amdouni,9,0,0.0
216,Zeki Amdouni,10,0,0.0
216,Zeki Amdouni,11,0,0.0
216,Zeki Amdouni,12,0,0.0
216,Zeki Amdouni,13,0,0.0
216,Zeki Amdouni,14,0,0.0
216,Zeki Amdouni,15,0,0.0
216,Zeki Amdouni,16,0,0.0
216,Zeki Amdouni,17,0,0.0
216,Zeki Amdouni,18,0,0.0
216,Zeki Amdouni,19,0,0.0
216,Zeki Amdouni,20,0,0.0
216,Zeki Amdouni,21,0,0.0
216,Zeki Amdouni,22,0,0.0
216,Zeki Amdouni,23,0,0.0
216,Zeki Amdouni,24,0,0.0
216,Zeki Amdouni,25,0,0.0
216,Zeki Amdouni,26,0,0.0
216,Zeki Amdouni,27,0,0.0
216,Zeki Amdouni,28,0,0.0
216,Zeki Amdouni,29,0,0.0
217,Lyle Foster,6,79,2.0
217,Lyle Foster,7,68,1.0
217,Lyle Foster,8,0,0.0
217,Lyle Foster,9,13,7.0
217,Lyle Foster,10,0,0.0
217,Lyle Foster,11,0,0.0
217,Lyle Foster,12,18,1.0
217,Lyle Foster,13,74,2.0
217,Lyle Foster,14,90,2.0
217,Lyle Foster,15,45,1.0
217,Lyle Foster,16,61,2.0
217,Lyle Foster,17,0,0.0
217,Lyle Foster,18,0,0.0
217,Lyle Foster,19,0,0.0
217,Lyle Foster,20,0,0.0
217,Lyle Foster,21,14,0.0
217,Lyle Foster,22,16,1.0
217,Lyle Foster,23,21,5.0
217,Lyle Foster,24,62,2.0
217,Lyle Foster,25,23,1.0
217,Lyle Foster,26,17,1.0
217,Lyle Foster,27,0,0.0
217,Lyle Foster,28,45,0.0
217,Lyle Foster,29,90,2.0
218,Ashley Barnes,6,0,0.0
218,Ashley Barnes,7,0,0.0
218,Ashley Barnes,8,7,1.0
218,Ashley Barnes,9,0,0.0
218,Ashley Barnes,10,0,0.0
218,Ashley Barnes,11,0,0.0
218,Ashley Barnes,12,0,0.0
218,Ashley Barnes,13,0,0.0
218,Ashley Barnes,14,0,0.0
218,Ashley Barnes,15,0,0.0
218,Ashley Barnes,16,0,0.0
218,Ashley Barnes,17,0,0.0
218,Ashley Barnes,18,0,0.0
218,Ashley Barnes,19,2,1.0
218,Ashley Barnes,20,0,0.0
218,Ashley Barnes,21,0,0.0
218,Ashley Barnes,22,0,-1.0
218,Ashley Barnes,23,0,0.0
218,Ashley Barnes,24,0,0.0
218,Ashley Barnes,25,0,0.0
218,Ashley Barnes,26,0,0.0
218,Ashley Barnes,27,6,1.0
218,Ashley Barnes,28,1,1.0
218,Ashley Barnes,29,7,1.0
219,Michael Obafemi,6,0,0.0
219,Michael Obafemi,7,0,0.0
219,Michael Obafemi,8,0,0.0
219,Michael Obafemi,9,0,0.0
219,Michael Obafemi,10,0,0.0
219,Michael Obafemi,11,0,0.0
219,Michael Obafemi,12,0,0.0
219,Michael Obafemi,13,0,0.0
219,Michael Obafemi,14,0,0.0
219,Michael Obafemi,15,0,0.0
219,Michael Obafemi,16,0,0.0
219,Michael Obafemi,17,0,0.0
219,Michael Obafemi,18,0,0.0
219,Michael Obafemi,19,0,0.0
219,Michael Obafemi,20,0,0.0
219,Michael Obafemi,21,0,0.0
219,Michael Obafemi,22,0,0.0
219,Michael Obafemi,23,0,0.0
219,Michael Obafemi,24,0,0.0
219,Michael Obafemi,25,0,0.0
219,Michael Obafemi,26,0,0.0
219,Michael Obafemi,27,0,0.0
219,Michael Obafemi,28,0,0.0
219,Michael Obafemi,29,0,0.0
220,Robert Lynch Sánchez,6,90,1.0
220,Robert Lynch Sánchez,7,90,2.0
220,Robert Lynch Sánchez,8,90,5.0
220,Robert Lynch Sánchez,9,90,1.0
220,Robert Lynch Sánchez,10,90,6.0
220,Robert Lynch Sánchez,11,90,6.0
220,Robert Lynch Sánchez,12,90,6.0
220,Robert Lynch Sánchez,13,90,3.0
220,Robert Lynch Sánchez,14,90,1.0
220,Robert Lynch Sánchez,15,90,10.0
220,Robert Lynch Sánchez,16,90,6.0
220,Robert Lynch Sánchez,17,90,4.0
220,Robert Lynch Sánchez,18,90,3.0
220,Robert Lynch Sánchez,19,90,2.0
220,Robert Lynch Sánchez,20,0,0.0
220,Robert Lynch Sánchez,21,90,2.0
220,Robert Lynch Sánchez,22,90,11.0
220,Robert Lynch Sánchez,23,90,3.0
220,Robert Lynch Sánchez,24,90,2.0
220,Robert Lynch Sánchez,25,90,2.0
220,Robert Lynch Sánchez,26,90,1.0
220,Robert Lynch Sánchez,27,90,2.0
220,Robert Lynch Sánchez,28,90,2.0
220,Robert Lynch Sánchez,29,0,0.0
221,Filip Jörgensen,6,0,0.0
221,Filip Jörgensen,7,0,0.0
221,Filip Jörgensen,8,0,0.0
221,Filip Jörgensen,9,0,0.0
221,Filip Jörgensen,10,0,0.0
221,Filip Jörgensen,11,0,0.0
221,Filip Jörgensen,12,0,0.0
221,Filip Jörgensen,13,0,0.0
221,Filip Jörgensen,14,0,0.0
221,Filip Jörgensen,15,0,0.0
221,Filip Jörgensen,16,0,0.0
221,Filip Jörgensen,17,0,0.0
221,Filip Jörgensen,18,0,0.0
221,Filip Jörgensen,19,0,0.0
221,Filip Jörgensen,20,90,2.0
221,Filip Jörgensen,21,0,0.0
221,Filip Jörgensen,22,0,0.0
221,Filip Jörgensen,23,0,0.0
221,Filip Jörgensen,24,0,0.0
221,Filip Jörgensen,25,0,0.0
221,Filip Jörgensen,26,0,0.0
221,Filip Jörgensen,27,0,0.0
221,Filip Jörgensen,28,0,0.0
221,Filip Jörgensen,29,90,3.0
222,Mike Penders,6,0,0.0
222,Mike Penders,7,0,0.0
222,Mike Penders,8,0,0.0
222,Mike Penders,9,0,0.0
222,Mike Penders,10,0,0.0
222,Mike Penders,11,0,0.0
222,Mike Penders,12,0,0.0
222,Mike Penders,13,0,0.0
222,Mike Penders,14,0,0.0
222,Mike Penders,15,0,0.0
222,Mike Penders,16,0,0.0
222,Mike Penders,17,0,0.0
222,Mike Penders,18,0,0.0
222,Mike Penders,19,0,0.0
222,Mike Penders,20,0,0.0
222,Mike Penders,21,0,0.0
222,Mike Penders,22,0,0.0
222,Mike Penders,23,0,0.0
222,Mike Penders,24,0,0.0
222,Mike Penders,25,0,0.0
222,Mike Penders,26,0,0.0
222,Mike Penders,27,0,0.0
222,Mike Penders,28,0,0.0
222,Mike Penders,29,0,0.0
223,Gabriel Słonina,6,0,0.0
223,Gabriel Słonina,7,0,0.0
223,Gabriel Słonina,8,0,0.0
223,Gabriel Słonina,9,0,0.0
223,Gabriel Słonina,10,0,0.0
223,Gabriel Słonina,11,0,0.0
223,Gabriel Słonina,12,0,0.0
223,Gabriel Słonina,13,0,0.0
223,Gabriel Słonina,14,0,0.0
223,Gabriel Słonina,15,0,0.0
223,Gabriel Słonina,16,0,0.0
223,Gabriel Słonina,17,0,0.0
223,Gabriel Słonina,18,0,0.0
223,Gabriel Słonina,19,0,0.0
223,Gabriel Słonina,20,0,0.0
223,Gabriel Słonina,21,0,0.0
223,Gabriel Słonina,22,0,0.0
223,Gabriel Słonina,23,0,0.0
223,Gabriel Słonina,24,0,0.0
223,Gabriel Słonina,25,0,0.0
223,Gabriel Słonina,26,0,0.0
223,Gabriel Słonina,27,0,0.0
223,Gabriel Słonina,28,0,0.0
223,Gabriel Słonina,29,0,0.0
224,Marc Cucurella Saseta,6,90,0.0
224,Marc Cucurella Saseta,7,90,7.0
224,Marc Cucurella Saseta,8,90,8.0
224,Marc Cucurella Saseta,9,90,1.0
224,Marc Cucurella Saseta,10,90,7.0
224,Marc Cucurella Saseta,11,90,6.0
224,Marc Cucurella Saseta,12,90,6.0
224,Marc Cucurella Saseta,13,90,1.0
224,Marc Cucurella Saseta,14,90,1.0
224,Marc Cucurella Saseta,15,90,6.0
224,Marc Cucurella Saseta,16,90,6.0
224,Marc Cucurella Saseta,17,90,1.0
224,Marc Cucurella Saseta,18,68,2.0
224,Marc Cucurella Saseta,19,0,0.0
224,Marc Cucurella Saseta,20,0,0.0
224,Marc Cucurella Saseta,21,21,-3.0
224,Marc Cucurella Saseta,22,90,5.0
224,Marc Cucurella Saseta,23,90,4.0
224,Marc Cucurella Saseta,24,45,7.0
224,Marc Cucurella Saseta,25,90,4.0
224,Marc Cucurella Saseta,26,45,1.0
224,Marc Cucurella Saseta,27,0,0.0
224,Marc Cucurella Saseta,28,0,0.0
224,Marc Cucurella Saseta,29,11,1.0
225,Reece James,6,90,3.0
225,Reece James,7,90,4.0
225,Reece James,8,90,18.0
225,Reece James,9,90,1.0
225,Reece James,10,90,7.0
225,Reece James,11,13,1.0
225,Reece James,12,45,1.0
225,Reece James,13,90,8.0
225,Reece James,14,0,0.0
225,Reece James,15,90,6.0
225,Reece James,16,90,6.0
225,Reece James,17,90,7.0
225,Reece James,18,90,6.0
225,Reece James,19,45,1.0
225,Reece James,20,90,1.0
225,Reece James,21,25,1.0
225,Reece James,22,84,7.0
225,Reece James,23,80,6.0
225,Reece James,24,9,1.0
225,Reece James,25,0,0.0
225,Reece James,26,0,0.0
225,Reece James,27,88,6.0
225,Reece James,28,90,6.0
225,Reece James,29,90,2.0
226,Trevoh Chalobah,6,52,-3.0
226,Trevoh Chalobah,7,0,0.0
226,Trevoh Chalobah,8,90,6.0
226,Trevoh Chalobah,9,90,1.0
226,Trevoh Chalobah,10,90,7.0
226,Trevoh Chalobah,11,90,6.0
226,Trevoh Chalobah,12,90,6.0
226,Trevoh Chalobah,13,90,9.0
226,Trevoh Chalobah,14,90,1.0
226,Trevoh Chalobah,15,90,11.0
226,Trevoh Chalobah,16,90,9.0
226,Trevoh Chalobah,17,90,3.0
226,Trevoh Chalobah,18,90,0.0
226,Trevoh Chalobah,19,90,1.0
226,Trevoh Chalobah,20,90,4.0
226,Trevoh Chalobah,21,90,3.0
226,Trevoh Chalobah,22,90,8.0
226,Trevoh Chalobah,23,90,4.0
226,Trevoh Chalobah,24,90,3.0
226,Trevoh Chalobah,25,90,4.0
226,Trevoh Chalobah,26,90,3.0
226,Trevoh Chalobah,27,90,2.0
226,Trevoh Chalobah,28,90,1.0
226,Trevoh Chalobah,29,90,2.0
227,Levi Samuels Colwill,6,0,0.0
227,Levi Samuels Colwill,7,0,0.0
227,Levi Samuels Colwill,8,0,0.0
227,Levi Samuels Colwill,9,0,0.0
227,Levi Samuels Colwill,10,0,0.0
227,Levi Samuels Colwill,11,0,0.0
227,Levi Samuels Colwill,12,0,0.0
227,Levi Samuels Colwill,13,0,0.0
227,Levi Samuels Colwill,14,0,0.0
227,Levi Samuels Colwill,15,0,0.0
227,Levi Samuels Colwill,16,0,0.0
227,Levi Samuels Colwill,17,0,0.0
227,Levi Samuels Colwill,18,0,0.0
227,Levi Samuels Colwill,19,0,0.0
227,Levi Samuels Colwill,20,0,0.0
227,Levi Samuels Colwill,21,0,0.0
227,Levi Samuels Colwill,22,0,0.0
227,Levi Samuels Colwill,23,0,0.0
227,Levi Samuels Colwill,24,0,0.0
227,Levi Samuels Colwill,25,0,0.0
227,Levi Samuels Colwill,26,0,0.0
227,Levi Samuels Colwill,27,0,0.0
227,Levi Samuels Colwill,28,0,0.0
227,Levi Samuels Colwill,29,0,0.0
228,Malo Gusto,6,27,0.0
228,Malo Gusto,7,90,5.0
228,Malo Gusto,8,86,3.0
228,Malo Gusto,9,0,0.0
228,Malo Gusto,10,75,6.0
228,Malo Gusto,11,76,15.0
228,Malo Gusto,12,23,1.0
228,Malo Gusto,13,90,2.0
228,Malo Gusto,14,45,1.0
228,Malo Gusto,15,90,7.0
228,Malo Gusto,16,90,18.0
228,Malo Gusto,17,53,-1.0
228,Malo Gusto,18,21,1.0
228,Malo Gusto,19,90,1.0
228,Malo Gusto,20,90,2.0
228,Malo Gusto,21,75,2.0
228,Malo Gusto,22,0,0.0
228,Malo Gusto,23,16,1.0
228,Malo Gusto,24,80,1.0
228,Malo Gusto,25,74,2.0
228,Malo Gusto,26,90,0.0
228,Malo Gusto,27,79,6.0
228,Malo Gusto,28,15,1.0
228,Malo Gusto,29,74,5.0
229,Benoît Badiashile Mukinayi,6,11,-1.0
229,Benoît Badiashile Mukinayi,7,54,1.0
229,Benoît Badiashile Mukinayi,8,0,0.0
229,Benoît Badiashile Mukinayi,9,0,0.0
229,Benoît Badiashile Mukinayi,10,0,0.0
229,Benoît Badiashile Mukinayi,11,0,0.0
229,Benoît Badiashile Mukinayi,12,45,0.0
229,Benoît Badiashile Mukinayi,13,0,0.0
229,Benoît Badiashile Mukinayi,14,45,0.0
229,Benoît Badiashile Mukinayi,15,0,0.0
229,Benoît Badiashile Mukinayi,16,0,0.0
229,Benoît Badiashile Mukinayi,17,0,0.0
229,Benoît Badiashile Mukinayi,18,90,1.0
229,Benoît Badiashile Mukinayi,19,0,0.0
229,Benoît Badiashile Mukinayi,20,90,2.0
229,Benoît Badiashile Mukinayi,21,0,0.0
229,Benoît Badiashile Mukinayi,22,0,0.0
229,Benoît Badiashile Mukinayi,23,90,4.0
229,Benoît Badiashile Mukinayi,24,45,0.0
229,Benoît Badiashile Mukinayi,25,0,0.0
229,Benoît Badiashile Mukinayi,26,0,0.0
229,Benoît Badiashile Mukinayi,27,0,0.0
229,Benoît Badiashile Mukinayi,28,0,0.0
229,Benoît Badiashile Mukinayi,29,0,0.0
230,Wesley Fofana,6,0,0.0
230,Wesley Fofana,7,0,0.0
230,Wesley Fofana,8,0,0.0
230,Wesley Fofana,9,0,0.0
230,Wesley Fofana,10,88,6.0
230,Wesley Fofana,11,90,6.0
230,Wesley Fofana,12,0,0.0
230,Wesley Fofana,13,90,4.0
230,Wesley Fofana,14,0,0.0
230,Wesley Fofana,15,90,9.0
230,Wesley Fofana,16,90,9.0
230,Wesley Fofana,17,90,1.0
230,Wesley Fofana,18,0,0.0
230,Wesley Fofana,19,90,3.0
230,Wesley Fofana,20,0,0.0
230,Wesley Fofana,21,0,0.0
230,Wesley Fofana,22,32,0.0
230,Wesley Fofana,23,17,1.0
230,Wesley Fofana,24,45,4.0
230,Wesley Fofana,25,90,2.0
230,Wesley Fofana,26,11,1.0
230,Wesley Fofana,27,71,-1.0
230,Wesley Fofana,28,0,0.0
230,Wesley Fofana,29,78,2.0
231,Mamadou Sarr,6,0,0.0
231,Mamadou Sarr,7,0,0.0
231,Mamadou Sarr,8,0,0.0
231,Mamadou Sarr,9,0,0.0
231,Mamadou Sarr,10,0,0.0
231,Mamadou Sarr,11,0,0.0
231,Mamadou Sarr,12,0,0.0
231,Mamadou Sarr,13,0,0.0
231,Mamadou Sarr,14,0,0.0
231,Mamadou Sarr,15,0,0.0
231,Mamadou Sarr,16,0,0.0
231,Mamadou Sarr,17,0,0.0
231,Mamadou Sarr,18,0,0.0
231,Mamadou Sarr,19,0,0.0
231,Mamadou Sarr,20,0,0.0
231,Mamadou Sarr,21,0,0.0
231,Mamadou Sarr,22,0,0.0
231,Mamadou Sarr,23,0,0.0
231,Mamadou Sarr,24,0,0.0
231,Mamadou Sarr,25,0,0.0
231,Mamadou Sarr,26,0,0.0
231,Mamadou Sarr,27,2,1.0
231,Mamadou Sarr,28,89,1.0
231,Mamadou Sarr,29,0,0.0
232,Tosin Adarabioyo,6,0,0.0
232,Tosin Adarabioyo,7,0,0.0
232,Tosin Adarabioyo,8,9,1.0
232,Tosin Adarabioyo,9,14,1.0
232,Tosin Adarabioyo,10,1,1.0
232,Tosin Adarabioyo,11,0,0.0
232,Tosin Adarabioyo,12,90,10.0
232,Tosin Adarabioyo,13,0,0.0
232,Tosin Adarabioyo,14,90,3.0
232,Tosin Adarabioyo,15,0,0.0
232,Tosin Adarabioyo,16,0,0.0
232,Tosin Adarabioyo,17,0,0.0
232,Tosin Adarabioyo,18,0,0.0
232,Tosin Adarabioyo,19,0,0.0
232,Tosin Adarabioyo,20,0,0.0
232,Tosin Adarabioyo,21,90,0.0
232,Tosin Adarabioyo,22,57,3.0
232,Tosin Adarabioyo,23,0,0.0
232,Tosin Adarabioyo,24,0,0.0
232,Tosin Adarabioyo,25,0,0.0
232,Tosin Adarabioyo,26,0,0.0
232,Tosin Adarabioyo,27,15,1.0
232,Tosin Adarabioyo,28,1,1.0
232,Tosin Adarabioyo,29,11,1.0
233,Josh Acheampong,6,36,0.0
233,Josh Acheampong,7,67,2.0
233,Josh Acheampong,8,80,14.0
233,Josh Acheampong,9,75,2.0
233,Josh Acheampong,10,0,0.0
233,Josh Acheampong,11,0,0.0
233,Josh Acheampong,12,0,0.0
233,Josh Acheampong,13,0,0.0
233,Josh Acheampong,14,0,0.0
233,Josh Acheampong,15,0,0.0
233,Josh Acheampong,16,0,0.0
233,Josh Acheampong,17,0,0.0
233,Josh Acheampong,18,0,0.0
233,Josh Acheampong,19,45,0.0
233,Josh Acheampong,20,61,2.0
233,Josh Acheampong,21,14,1.0
233,Josh Acheampong,22,5,1.0
233,Josh Acheampong,23,0,0.0
233,Josh Acheampong,24,0,0.0
233,Josh Acheampong,25,15,1.0
233,Josh Acheampong,26,78,0.0
233,Josh Acheampong,27,1,1.0
233,Josh Acheampong,28,0,0.0
233,Josh Acheampong,29,0,0.0
234,Aarón Anselmino,6,0,0.0
234,Aarón Anselmino,7,0,0.0
234,Aarón Anselmino,8,0,0.0
234,Aarón Anselmino,9,0,0.0
234,Aarón Anselmino,10,0,0.0
234,Aarón Anselmino,11,0,0.0
234,Aarón Anselmino,12,0,0.0
234,Aarón Anselmino,13,0,0.0
234,Aarón Anselmino,14,0,0.0
234,Aarón Anselmino,15,0,0.0
234,Aarón Anselmino,16,0,0.0
234,Aarón Anselmino,17,0,0.0
234,Aarón Anselmino,18,0,0.0
234,Aarón Anselmino,19,0,0.0
234,Aarón Anselmino,20,0,0.0
234,Aarón Anselmino,21,0,0.0
234,Aarón Anselmino,22,0,0.0
234,Aarón Anselmino,23,0,0.0
234,Aarón Anselmino,24,0,0.0
234,Aarón Anselmino,25,0,0.0
234,Aarón Anselmino,26,0,0.0
234,Aarón Anselmino,27,0,0.0
234,Aarón Anselmino,28,0,0.0
234,Aarón Anselmino,29,0,0.0
235,Cole Palmer,6,0,0.0
235,Cole Palmer,7,0,0.0
235,Cole Palmer,8,0,0.0
235,Cole Palmer,9,0,0.0
235,Cole Palmer,10,0,0.0
235,Cole Palmer,11,0,0.0
235,Cole Palmer,12,0,0.0
235,Cole Palmer,13,0,0.0
235,Cole Palmer,14,29,1.0
235,Cole Palmer,15,57,1.0
235,Cole Palmer,16,57,6.0
235,Cole Palmer,17,79,5.0
235,Cole Palmer,18,71,2.0
235,Cole Palmer,19,62,7.0
235,Cole Palmer,20,90,2.0
235,Cole Palmer,21,74,1.0
235,Cole Palmer,22,90,9.0
235,Cole Palmer,23,0,0.0
235,Cole Palmer,24,90,2.0
235,Cole Palmer,25,60,20.0
235,Cole Palmer,26,90,12.0
235,Cole Palmer,27,74,3.0
235,Cole Palmer,28,85,1.0
235,Cole Palmer,29,84,9.0
236,Pedro Lomba Neto,6,78,2.0
236,Pedro Lomba Neto,7,74,2.0
236,Pedro Lomba Neto,8,77,12.0
236,Pedro Lomba Neto,9,84,8.0
236,Pedro Lomba Neto,10,84,3.0
236,Pedro Lomba Neto,11,76,9.0
236,Pedro Lomba Neto,12,90,8.0
236,Pedro Lomba Neto,13,90,2.0
236,Pedro Lomba Neto,14,45,6.0
236,Pedro Lomba Neto,15,90,2.0
236,Pedro Lomba Neto,16,90,6.0
236,Pedro Lomba Neto,17,90,2.0
236,Pedro Lomba Neto,18,90,2.0
236,Pedro Lomba Neto,19,45,1.0
236,Pedro Lomba Neto,20,90,2.0
236,Pedro Lomba Neto,21,90,5.0
236,Pedro Lomba Neto,22,90,3.0
236,Pedro Lomba Neto,23,73,3.0
236,Pedro Lomba Neto,24,64,2.0
236,Pedro Lomba Neto,25,90,2.0
236,Pedro Lomba Neto,26,26,1.0
236,Pedro Lomba Neto,27,87,8.0
236,Pedro Lomba Neto,28,69,-1.0
236,Pedro Lomba Neto,29,0,0.0
237,Enzo Fernández,6,90,9.0
237,Enzo Fernández,7,90,2.0
237,Enzo Fernández,8,0,0.0
237,Enzo Fernández,9,90,2.0
237,Enzo Fernández,10,90,2.0
237,Enzo Fernández,11,82,3.0
237,Enzo Fernández,12,90,11.0
237,Enzo Fernández,13,90,2.0
237,Enzo Fernández,14,90,2.0
237,Enzo Fernández,15,90,3.0
237,Enzo Fernández,16,90,3.0
237,Enzo Fernández,17,36,1.0
237,Enzo Fernández,18,90,1.0
237,Enzo Fernández,19,90,9.0
237,Enzo Fernández,20,90,11.0
237,Enzo Fernández,21,64,1.0
237,Enzo Fernández,22,84,6.0
237,Enzo Fernández,23,90,8.0
237,Enzo Fernández,24,90,8.0
237,Enzo Fernández,25,90,2.0
237,Enzo Fernández,26,90,2.0
237,Enzo Fernández,27,90,2.0
237,Enzo Fernández,28,85,1.0
237,Enzo Fernández,29,78,4.0
238,Estêvão Almeida de Oliveira Gonçalves,6,63,3.0
238,Estêvão Almeida de Oliveira Gonçalves,7,15,8.0
238,Estêvão Almeida de Oliveira Gonçalves,8,12,3.0
238,Estêvão Almeida de Oliveira Gonçalves,9,32,1.0
238,Estêvão Almeida de Oliveira Gonçalves,10,5,1.0
238,Estêvão Almeida de Oliveira Gonçalves,11,26,4.0
238,Estêvão Almeida de Oliveira Gonçalves,12,0,0.0
238,Estêvão Almeida de Oliveira Gonçalves,13,45,1.0
238,Estêvão Almeida de Oliveira Gonçalves,14,45,0.0
238,Estêvão Almeida de Oliveira Gonçalves,15,13,1.0
238,Estêvão Almeida de Oliveira Gonçalves,16,9,1.0
238,Estêvão Almeida de Oliveira Gonçalves,17,0,0.0
238,Estêvão Almeida de Oliveira Gonçalves,18,18,1.0
238,Estêvão Almeida de Oliveira Gonçalves,19,90,5.0
238,Estêvão Almeida de Oliveira Gonçalves,20,45,1.0
238,Estêvão Almeida de Oliveira Gonçalves,21,0,0.0
238,Estêvão Almeida de Oliveira Gonçalves,22,0,0.0
238,Estêvão Almeida de Oliveira Gonçalves,23,73,13.0
238,Estêvão Almeida de Oliveira Gonçalves,24,0,0.0
238,Estêvão Almeida de Oliveira Gonçalves,25,0,0.0
238,Estêvão Almeida de Oliveira Gonçalves,26,63,3.0
238,Estêvão Almeida de Oliveira Gonçalves,27,0,0.0
238,Estêvão Almeida de Oliveira Gonçalves,28,0,0.0
238,Estêvão Almeida de Oliveira Gonçalves,29,0,0.0
239,Jamie Bynoe-Gittens,6,0,0.0
239,Jamie Bynoe-Gittens,7,15,1.0
239,Jamie Bynoe-Gittens,8,45,1.0
239,Jamie Bynoe-Gittens,9,14,1.0
239,Jamie Bynoe-Gittens,10,24,1.0
239,Jamie Bynoe-Gittens,11,7,1.0
239,Jamie Bynoe-Gittens,12,90,6.0
239,Jamie Bynoe-Gittens,13,0,0.0
239,Jamie Bynoe-Gittens,14,60,5.0
239,Jamie Bynoe-Gittens,15,0,0.0
239,Jamie Bynoe-Gittens,16,25,1.0
239,Jamie Bynoe-Gittens,17,0,0.0
239,Jamie Bynoe-Gittens,18,21,1.0
239,Jamie Bynoe-Gittens,19,1,1.0
239,Jamie Bynoe-Gittens,20,0,0.0
239,Jamie Bynoe-Gittens,21,0,0.0
239,Jamie Bynoe-Gittens,22,0,0.0
239,Jamie Bynoe-Gittens,23,16,1.0
239,Jamie Bynoe-Gittens,24,25,1.0
239,Jamie Bynoe-Gittens,25,0,0.0
239,Jamie Bynoe-Gittens,26,0,0.0
239,Jamie Bynoe-Gittens,27,0,0.0
239,Jamie Bynoe-Gittens,28,0,0.0
239,Jamie Bynoe-Gittens,29,0,0.0
240,Christopher Nkunku,6,0,0.0
240,Christopher Nkunku,7,0,0.0
240,Christopher Nkunku,8,0,0.0
240,Christopher Nkunku,9,0,0.0
240,Christopher Nkunku,10,0,0.0
240,Christopher Nkunku,11,0,0.0
240,Christopher Nkunku,12,0,0.0
240,Christopher Nkunku,13,0,0.0
240,Christopher Nkunku,14,0,0.0
240,Christopher Nkunku,15,0,0.0
240,Christopher Nkunku,16,0,0.0
240,Christopher Nkunku,17,0,0.0
240,Christopher Nkunku,18,0,0.0
240,Christopher Nkunku,19,0,0.0
240,Christopher Nkunku,20,0,0.0
240,Christopher Nkunku,21,0,0.0
240,Christopher Nkunku,22,0,0.0
240,Christopher Nkunku,23,0,0.0
240,Christopher Nkunku,24,0,0.0
240,Christopher Nkunku,25,0,0.0
240,Christopher Nkunku,26,0,0.0
240,Christopher Nkunku,27,0,0.0
240,Christopher Nkunku,28,0,0.0
240,Christopher Nkunku,29,0,0.0
241,Moisés Caicedo Corozo,6,90,2.0
241,Moisés Caicedo Corozo,7,90,10.0
241,Moisés Caicedo Corozo,8,45,1.0
241,Moisés Caicedo Corozo,9,90,2.0
241,Moisés Caicedo Corozo,10,90,10.0
241,Moisés Caicedo Corozo,11,90,2.0
241,Moisés Caicedo Corozo,12,0,0.0
241,Moisés Caicedo Corozo,13,37,-2.0
241,Moisés Caicedo Corozo,14,0,0.0
241,Moisés Caicedo Corozo,15,0,0.0
241,Moisés Caicedo Corozo,16,0,0.0
241,Moisés Caicedo Corozo,17,90,3.0
241,Moisés Caicedo Corozo,18,90,3.0
241,Moisés Caicedo Corozo,19,90,1.0
241,Moisés Caicedo Corozo,20,0,0.0
241,Moisés Caicedo Corozo,21,90,4.0
241,Moisés Caicedo Corozo,22,90,5.0
241,Moisés Caicedo Corozo,23,72,2.0
241,Moisés Caicedo Corozo,24,90,3.0
241,Moisés Caicedo Corozo,25,90,5.0
241,Moisés Caicedo Corozo,26,90,1.0
241,Moisés Caicedo Corozo,27,90,2.0
241,Moisés Caicedo Corozo,28,90,4.0
241,Moisés Caicedo Corozo,29,90,2.0
242,Kiernan Dewsbury-Hall,6,90,1.0
242,Kiernan Dewsbury-Hall,7,0,0.0
242,Kiernan Dewsbury-Hall,8,85,2.0
242,Kiernan Dewsbury-Hall,9,90,2.0
242,Kiernan Dewsbury-Hall,10,82,2.0
242,Kiernan Dewsbury-Hall,11,88,9.0
242,Kiernan Dewsbury-Hall,12,87,13.0
242,Kiernan Dewsbury-Hall,13,90,7.0
242,Kiernan Dewsbury-Hall,14,90,3.0
242,Kiernan Dewsbury-Hall,15,90,16.0
242,Kiernan Dewsbury-Hall,16,15,1.0
242,Kiernan Dewsbury-Hall,17,0,0.0
242,Kiernan Dewsbury-Hall,18,0,0.0
242,Kiernan Dewsbury-Hall,19,0,0.0
242,Kiernan Dewsbury-Hall,20,0,0.0
242,Kiernan Dewsbury-Hall,21,0,0.0
242,Kiernan Dewsbury-Hall,22,0,0.0
242,Kiernan Dewsbury-Hall,23,45,1.0
242,Kiernan Dewsbury-Hall,24,78,2.0
242,Kiernan Dewsbury-Hall,25,90,13.0
242,Kiernan Dewsbury-Hall,26,90,2.0
242,Kiernan Dewsbury-Hall,27,90,4.0
242,Kiernan Dewsbury-Hall,28,88,6.0
242,Kiernan Dewsbury-Hall,29,90,9.0
243,Tyrique George,6,0,0.0
243,Tyrique George,7,0,0.0
243,Tyrique George,8,0,0.0
243,Tyrique George,9,5,1.0
243,Tyrique George,10,0,0.0
243,Tyrique George,11,0,0.0
243,Tyrique George,12,0,0.0
243,Tyrique George,13,0,0.0
243,Tyrique George,14,0,0.0
243,Tyrique George,15,0,0.0
243,Tyrique George,16,0,0.0
243,Tyrique George,17,0,0.0
243,Tyrique George,18,0,0.0
243,Tyrique George,19,0,0.0
243,Tyrique George,20,0,0.0
243,Tyrique George,21,0,0.0
243,Tyrique George,22,0,0.0
243,Tyrique George,23,0,0.0
243,Tyrique George,24,0,0.0
243,Tyrique George,25,21,1.0
243,Tyrique George,26,61,2.0
243,Tyrique George,27,17,1.0
243,Tyrique George,28,0,0.0
243,Tyrique George,29,3,1.0
244,Roméo Lavia,6,11,1.0
244,Roméo Lavia,7,35,1.0
244,Roméo Lavia,8,45,1.0
244,Roméo Lavia,9,0,0.0
244,Roméo Lavia,10,14,1.0
244,Roméo Lavia,11,0,0.0
244,Roméo Lavia,12,0,0.0
244,Roméo Lavia,13,0,0.0
244,Roméo Lavia,14,0,0.0
244,Roméo Lavia,15,0,0.0
244,Roméo Lavia,16,0,0.0
244,Roméo Lavia,17,0,0.0
244,Roméo Lavia,18,0,0.0
244,Roméo Lavia,19,0,0.0
244,Roméo Lavia,20,0,0.0
244,Roméo Lavia,21,0,0.0
244,Roméo Lavia,22,0,0.0
244,Roméo Lavia,23,0,0.0
244,Roméo Lavia,24,0,0.0
244,Roméo Lavia,25,0,0.0
244,Roméo Lavia,26,0,0.0
244,Roméo Lavia,27,0,0.0
244,Roméo Lavia,28,15,1.0
244,Roméo Lavia,29,15,1.0
245,Mykhailo Mudryk,6,0,0.0
245,Mykhailo Mudryk,7,0,0.0
245,Mykhailo Mudryk,8,0,0.0
245,Mykhailo Mudryk,9,0,0.0
245,Mykhailo Mudryk,10,0,0.0
245,Mykhailo Mudryk,11,0,0.0
245,Mykhailo Mudryk,12,0,0.0
245,Mykhailo Mudryk,13,0,0.0
245,Mykhailo Mudryk,14,0,0.0
245,Mykhailo Mudryk,15,0,0.0
245,Mykhailo Mudryk,16,0,0.0
245,Mykhailo Mudryk,17,0,0.0
245,Mykhailo Mudryk,18,0,0.0
245,Mykhailo Mudryk,19,0,0.0
245,Mykhailo Mudryk,20,0,0.0
245,Mykhailo Mudryk,21,0,0.0
245,Mykhailo Mudryk,22,0,0.0
245,Mykhailo Mudryk,23,0,0.0
245,Mykhailo Mudryk,24,0,0.0
245,Mykhailo Mudryk,25,0,0.0
245,Mykhailo Mudryk,26,0,0.0
245,Mykhailo Mudryk,27,0,0.0
245,Mykhailo Mudryk,28,0,0.0
245,Mykhailo Mudryk,29,0,0.0
246,Andrey Nascimento dos Santos,6,53,1.0
246,Andrey Nascimento dos Santos,7,0,0.0
246,Andrey Nascimento dos Santos,8,45,1.0
246,Andrey Nascimento dos Santos,9,5,0.0
246,Andrey Nascimento dos Santos,10,0,0.0
246,Andrey Nascimento dos Santos,11,7,1.0
246,Andrey Nascimento dos Santos,12,90,5.0
246,Andrey Nascimento dos Santos,13,0,0.0
246,Andrey Nascimento dos Santos,14,76,2.0
246,Andrey Nascimento dos Santos,15,0,0.0
246,Andrey Nascimento dos Santos,16,32,1.0
246,Andrey Nascimento dos Santos,17,11,0.0
246,Andrey Nascimento dos Santos,18,0,0.0
246,Andrey Nascimento dos Santos,19,3,1.0
246,Andrey Nascimento dos Santos,20,45,1.0
246,Andrey Nascimento dos Santos,21,27,1.0
246,Andrey Nascimento dos Santos,22,33,1.0
246,Andrey Nascimento dos Santos,23,90,3.0
246,Andrey Nascimento dos Santos,24,0,0.0
246,Andrey Nascimento dos Santos,25,83,2.0
246,Andrey Nascimento dos Santos,26,78,2.0
246,Andrey Nascimento dos Santos,27,90,2.0
246,Andrey Nascimento dos Santos,28,74,2.0
246,Andrey Nascimento dos Santos,29,5,1.0
247,Dário Luís Essugo,6,0,0.0
247,Dário Luís Essugo,7,0,0.0
247,Dário Luís Essugo,8,0,0.0
247,Dário Luís Essugo,9,0,0.0
247,Dário Luís Essugo,10,0,0.0
247,Dário Luís Essugo,11,0,0.0
247,Dário Luís Essugo,12,0,0.0
247,Dário Luís Essugo,13,0,0.0
247,Dário Luís Essugo,14,0,0.0
247,Dário Luís Essugo,15,0,0.0
247,Dário Luís Essugo,16,0,0.0
247,Dário Luís Essugo,17,0,0.0
247,Dário Luís Essugo,18,0,0.0
247,Dário Luís Essugo,19,0,0.0
247,Dário Luís Essugo,20,0,0.0
247,Dário Luís Essugo,21,0,0.0
247,Dário Luís Essugo,22,0,0.0
247,Dário Luís Essugo,23,0,0.0
247,Dário Luís Essugo,24,0,0.0
247,Dário Luís Essugo,25,0,0.0
247,Dário Luís Essugo,26,0,0.0
247,Dário Luís Essugo,27,0,0.0
247,Dário Luís Essugo,28,0,0.0
247,Dário Luís Essugo,29,0,0.0
248,Kendry Páez Andrade,6,0,0.0
248,Kendry Páez Andrade,7,0,0.0
248,Kendry Páez Andrade,8,0,0.0
248,Kendry Páez Andrade,9,0,0.0
248,Kendry Páez Andrade,10,0,0.0
248,Kendry Páez Andrade,11,0,0.0
248,Kendry Páez Andrade,12,0,0.0
248,Kendry Páez Andrade,13,0,0.0
248,Kendry Páez Andrade,14,0,0.0
248,Kendry Páez Andrade,15,0,0.0
248,Kendry Páez Andrade,16,0,0.0
248,Kendry Páez Andrade,17,0,0.0
248,Kendry Páez Andrade,18,0,0.0
248,Kendry Páez Andrade,19,0,0.0
248,Kendry Páez Andrade,20,0,0.0
248,Kendry Páez Andrade,21,0,0.0
248,Kendry Páez Andrade,22,0,0.0
248,Kendry Páez Andrade,23,0,0.0
248,Kendry Páez Andrade,24,0,0.0
248,Kendry Páez Andrade,25,0,0.0
248,Kendry Páez Andrade,26,0,0.0
248,Kendry Páez Andrade,27,0,0.0
248,Kendry Páez Andrade,28,0,0.0
248,Kendry Páez Andrade,29,0,0.0
249,João Pedro Junqueira de Jesus,6,90,2.0
249,João Pedro Junqueira de Jesus,7,73,2.0
249,João Pedro Junqueira de Jesus,8,90,2.0
249,João Pedro Junqueira de Jesus,9,84,2.0
249,João Pedro Junqueira de Jesus,10,90,9.0
249,João Pedro Junqueira de Jesus,11,82,7.0
249,João Pedro Junqueira de Jesus,12,75,1.0
249,João Pedro Junqueira de Jesus,13,54,1.0
249,João Pedro Junqueira de Jesus,14,90,2.0
249,João Pedro Junqueira de Jesus,15,32,1.0
249,João Pedro Junqueira de Jesus,16,80,2.0
249,João Pedro Junqueira de Jesus,17,90,6.0
249,João Pedro Junqueira de Jesus,18,68,8.0
249,João Pedro Junqueira de Jesus,19,27,1.0
249,João Pedro Junqueira de Jesus,20,61,2.0
249,João Pedro Junqueira de Jesus,21,15,1.0
249,João Pedro Junqueira de Jesus,22,73,8.0
249,João Pedro Junqueira de Jesus,23,84,12.0
249,João Pedro Junqueira de Jesus,24,45,10.0
249,João Pedro Junqueira de Jesus,25,74,8.0
249,João Pedro Junqueira de Jesus,26,90,10.0
249,João Pedro Junqueira de Jesus,27,79,7.0
249,João Pedro Junqueira de Jesus,28,90,2.0
249,João Pedro Junqueira de Jesus,29,84,19.0
250,Liam Delap,6,0,0.0
250,Liam Delap,7,0,0.0
250,Liam Delap,8,0,0.0
250,Liam Delap,9,0,0.0
250,Liam Delap,10,0,0.0
250,Liam Delap,11,63,2.0
250,Liam Delap,12,66,2.0
250,Liam Delap,13,35,1.0
250,Liam Delap,14,60,2.0
250,Liam Delap,15,31,1.0
250,Liam Delap,16,0,0.0
250,Liam Delap,17,0,0.0
250,Liam Delap,18,21,0.0
250,Liam Delap,19,86,2.0
250,Liam Delap,20,28,0.0
250,Liam Delap,21,90,7.0
250,Liam Delap,22,16,4.0
250,Liam Delap,23,5,1.0
250,Liam Delap,24,90,5.0
250,Liam Delap,25,15,1.0
250,Liam Delap,26,11,1.0
250,Liam Delap,27,10,1.0
250,Liam Delap,28,4,1.0
250,Liam Delap,29,5,1.0
251,Nicolas Jackson,6,0,0.0
251,Nicolas Jackson,7,0,0.0
251,Nicolas Jackson,8,0,0.0
251,Nicolas Jackson,9,0,0.0
251,Nicolas Jackson,10,0,0.0
251,Nicolas Jackson,11,0,0.0
251,Nicolas Jackson,12,0,0.0
251,Nicolas Jackson,13,0,0.0
251,Nicolas Jackson,14,0,0.0
251,Nicolas Jackson,15,0,0.0
251,Nicolas Jackson,16,0,0.0
251,Nicolas Jackson,17,0,0.0
251,Nicolas Jackson,18,0,0.0
251,Nicolas Jackson,19,0,0.0
251,Nicolas Jackson,20,0,0.0
251,Nicolas Jackson,21,0,0.0
251,Nicolas Jackson,22,0,0.0
251,Nicolas Jackson,23,0,0.0
251,Nicolas Jackson,24,0,0.0
251,Nicolas Jackson,25,0,0.0
251,Nicolas Jackson,26,0,0.0
251,Nicolas Jackson,27,0,0.0
251,Nicolas Jackson,28,0,0.0
251,Nicolas Jackson,29,0,0.0
252,Marc Guiu Paz,6,0,0.0
252,Marc Guiu Paz,7,16,1.0
252,Marc Guiu Paz,8,45,1.0
252,Marc Guiu Paz,9,75,2.0
252,Marc Guiu Paz,10,0,0.0
252,Marc Guiu Paz,11,13,1.0
252,Marc Guiu Paz,12,14,4.0
252,Marc Guiu Paz,13,0,0.0
252,Marc Guiu Paz,14,13,1.0
252,Marc Guiu Paz,15,58,0.0
252,Marc Guiu Paz,16,0,0.0
252,Marc Guiu Paz,17,0,0.0
252,Marc Guiu Paz,18,0,0.0
252,Marc Guiu Paz,19,0,0.0
252,Marc Guiu Paz,20,0,0.0
252,Marc Guiu Paz,21,0,0.0
252,Marc Guiu Paz,22,0,0.0
252,Marc Guiu Paz,23,0,0.0
252,Marc Guiu Paz,24,0,0.0
252,Marc Guiu Paz,25,0,0.0
252,Marc Guiu Paz,26,0,0.0
252,Marc Guiu Paz,27,0,0.0
252,Marc Guiu Paz,28,0,0.0
252,Marc Guiu Paz,29,0,0.0
253,Dean Henderson,6,90,3.0
253,Dean Henderson,7,90,2.0
253,Dean Henderson,8,90,1.0
253,Dean Henderson,9,90,2.0
253,Dean Henderson,10,90,6.0
253,Dean Henderson,11,90,9.0
253,Dean Henderson,12,90,6.0
253,Dean Henderson,13,90,2.0
253,Dean Henderson,14,90,7.0
253,Dean Henderson,15,90,3.0
253,Dean Henderson,16,90,1.0
253,Dean Henderson,17,90,0.0
253,Dean Henderson,18,90,3.0
253,Dean Henderson,19,90,3.0
253,Dean Henderson,20,90,2.0
253,Dean Henderson,21,90,7.0
253,Dean Henderson,22,90,2.0
253,Dean Henderson,23,90,1.0
253,Dean Henderson,24,90,2.0
253,Dean Henderson,25,90,8.0
253,Dean Henderson,26,90,1.0
253,Dean Henderson,27,90,16.0
253,Dean Henderson,28,90,3.0
253,Dean Henderson,29,90,3.0
254,Walter Benítez,6,0,0.0
254,Walter Benítez,7,0,0.0
254,Walter Benítez,8,0,0.0
254,Walter Benítez,9,0,0.0
254,Walter Benítez,10,0,0.0
254,Walter Benítez,11,0,0.0
254,Walter Benítez,12,0,0.0
254,Walter Benítez,13,0,0.0
254,Walter Benítez,14,0,0.0
254,Walter Benítez,15,0,0.0
254,Walter Benítez,16,0,0.0
254,Walter Benítez,17,0,0.0
254,Walter Benítez,18,0,0.0
254,Walter Benítez,19,0,0.0
254,Walter Benítez,20,0,0.0
254,Walter Benítez,21,0,0.0
254,Walter Benítez,22,0,0.0
254,Walter Benítez,23,0,0.0
254,Walter Benítez,24,0,0.0
254,Walter Benítez,25,0,0.0
254,Walter Benítez,26,0,0.0
254,Walter Benítez,27,0,0.0
254,Walter Benítez,28,0,0.0
254,Walter Benítez,29,0,0.0
255,Remi Matthews,6,0,0.0
255,Remi Matthews,7,0,0.0
255,Remi Matthews,8,0,0.0
255,Remi Matthews,9,0,0.0
255,Remi Matthews,10,0,0.0
255,Remi Matthews,11,0,0.0
255,Remi Matthews,12,0,0.0
255,Remi Matthews,13,0,0.0
255,Remi Matthews,14,0,0.0
255,Remi Matthews,15,0,0.0
255,Remi Matthews,16,0,0.0
255,Remi Matthews,17,0,0.0
255,Remi Matthews,18,0,0.0
255,Remi Matthews,19,0,0.0
255,Remi Matthews,20,0,0.0
255,Remi Matthews,21,0,0.0
255,Remi Matthews,22,0,0.0
255,Remi Matthews,23,0,0.0
255,Remi Matthews,24,0,0.0
255,Remi Matthews,25,0,0.0
255,Remi Matthews,26,0,0.0
255,Remi Matthews,27,0,0.0
255,Remi Matthews,28,0,0.0
255,Remi Matthews,29,0,0.0
256,Daniel Muñoz Mejía,6,90,2.0
256,Daniel Muñoz Mejía,7,90,8.0
256,Daniel Muñoz Mejía,8,90,10.0
256,Daniel Muñoz Mejía,9,90,2.0
256,Daniel Muñoz Mejía,10,90,6.0
256,Daniel Muñoz Mejía,11,90,6.0
256,Daniel Muñoz Mejía,12,90,14.0
256,Daniel Muñoz Mejía,13,90,1.0
256,Daniel Muñoz Mejía,14,90,14.0
256,Daniel Muñoz Mejía,15,0,0.0
256,Daniel Muñoz Mejía,16,0,0.0
256,Daniel Muñoz Mejía,17,0,0.0
256,Daniel Muñoz Mejía,18,0,0.0
256,Daniel Muñoz Mejía,19,0,0.0
256,Daniel Muñoz Mejía,20,0,0.0
256,Daniel Muñoz Mejía,21,0,0.0
256,Daniel Muñoz Mejía,22,0,0.0
256,Daniel Muñoz Mejía,23,75,1.0
256,Daniel Muñoz Mejía,24,90,2.0
256,Daniel Muñoz Mejía,25,90,5.0
256,Daniel Muñoz Mejía,26,71,1.0
256,Daniel Muñoz Mejía,27,90,9.0
256,Daniel Muñoz Mejía,28,90,1.0
256,Daniel Muñoz Mejía,29,13,1.0
257,Maxence Lacroix,6,90,4.0
257,Maxence Lacroix,7,90,3.0
257,Maxence Lacroix,8,90,1.0
257,Maxence Lacroix,9,90,4.0
257,Maxence Lacroix,10,90,8.0
257,Maxence Lacroix,11,90,6.0
257,Maxence Lacroix,12,90,11.0
257,Maxence Lacroix,13,90,3.0
257,Maxence Lacroix,14,90,8.0
257,Maxence Lacroix,15,90,2.0
257,Maxence Lacroix,16,90,1.0
257,Maxence Lacroix,17,90,1.0
257,Maxence Lacroix,18,90,3.0
257,Maxence Lacroix,19,90,2.0
257,Maxence Lacroix,20,90,3.0
257,Maxence Lacroix,21,90,8.0
257,Maxence Lacroix,22,90,1.0
257,Maxence Lacroix,23,90,1.0
257,Maxence Lacroix,24,90,2.0
257,Maxence Lacroix,25,90,11.0
257,Maxence Lacroix,26,90,3.0
257,Maxence Lacroix,27,0,0.0
257,Maxence Lacroix,28,55,3.0
257,Maxence Lacroix,29,0,0.0
258,Tyrick Mitchell,6,90,4.0
258,Tyrick Mitchell,7,90,1.0
258,Tyrick Mitchell,8,90,1.0
258,Tyrick Mitchell,9,90,2.0
258,Tyrick Mitchell,10,90,6.0
258,Tyrick Mitchell,11,90,11.0
258,Tyrick Mitchell,12,90,6.0
258,Tyrick Mitchell,13,84,1.0
258,Tyrick Mitchell,14,90,6.0
258,Tyrick Mitchell,15,90,2.0
258,Tyrick Mitchell,16,90,1.0
258,Tyrick Mitchell,17,90,0.0
258,Tyrick Mitchell,18,90,2.0
258,Tyrick Mitchell,19,90,4.0
258,Tyrick Mitchell,20,90,2.0
258,Tyrick Mitchell,21,90,5.0
258,Tyrick Mitchell,22,90,0.0
258,Tyrick Mitchell,23,64,1.0
258,Tyrick Mitchell,24,90,2.0
258,Tyrick Mitchell,25,90,6.0
258,Tyrick Mitchell,26,90,1.0
258,Tyrick Mitchell,27,90,11.0
258,Tyrick Mitchell,28,90,1.0
258,Tyrick Mitchell,29,90,2.0
259,Borna Sosa,6,0,0.0
259,Borna Sosa,7,0,0.0
259,Borna Sosa,8,0,0.0
259,Borna Sosa,9,1,1.0
259,Borna Sosa,10,0,0.0
259,Borna Sosa,11,0,0.0
259,Borna Sosa,12,0,0.0
259,Borna Sosa,13,0,0.0
259,Borna Sosa,14,0,0.0
259,Borna Sosa,15,0,0.0
259,Borna Sosa,16,0,0.0
259,Borna Sosa,17,25,1.0
259,Borna Sosa,18,0,0.0
259,Borna Sosa,19,1,1.0
259,Borna Sosa,20,0,0.0
259,Borna Sosa,21,1,1.0
259,Borna Sosa,22,0,0.0
259,Borna Sosa,23,25,1.0
259,Borna Sosa,24,0,0.0
259,Borna Sosa,25,0,0.0
259,Borna Sosa,26,0,0.0
259,Borna Sosa,27,0,0.0
259,Borna Sosa,28,0,0.0
259,Borna Sosa,29,0,0.0
260,Marc Guéhi,6,90,7.0
260,Marc Guéhi,7,90,3.0
260,Marc Guéhi,8,90,4.0
260,Marc Guéhi,9,90,4.0
260,Marc Guéhi,10,90,10.0
260,Marc Guéhi,11,0,0.0
260,Marc Guéhi,12,90,5.0
260,Marc Guéhi,13,90,0.0
260,Marc Guéhi,14,90,14.0
260,Marc Guéhi,15,90,8.0
260,Marc Guéhi,16,90,1.0
260,Marc Guéhi,17,90,1.0
260,Marc Guéhi,18,90,2.0
260,Marc Guéhi,19,90,2.0
260,Marc Guéhi,20,90,2.0
260,Marc Guéhi,21,90,6.0
260,Marc Guéhi,22,0,0.0
260,Marc Guéhi,23,90,6.0
260,Marc Guéhi,24,90,3.0
260,Marc Guéhi,25,90,3.0
260,Marc Guéhi,26,90,7.0
260,Marc Guéhi,27,90,2.0
260,Marc Guéhi,28,90,6.0
260,Marc Guéhi,29,90,1.0
261,Chris Richards,6,90,4.0
261,Chris Richards,7,90,3.0
261,Chris Richards,8,90,3.0
261,Chris Richards,9,90,2.0
261,Chris Richards,10,90,6.0
261,Chris Richards,11,90,8.0
261,Chris Richards,12,82,6.0
261,Chris Richards,13,90,1.0
261,Chris Richards,14,90,9.0
261,Chris Richards,15,90,4.0
261,Chris Richards,16,90,1.0
261,Chris Richards,17,90,2.0
261,Chris Richards,18,0,0.0
261,Chris Richards,19,0,0.0
261,Chris Richards,20,0,0.0
261,Chris Richards,21,0,0.0
261,Chris Richards,22,90,2.0
261,Chris Richards,23,90,7.0
261,Chris Richards,24,90,1.0
261,Chris Richards,25,90,8.0
261,Chris Richards,26,90,0.0
261,Chris Richards,27,90,6.0
261,Chris Richards,28,90,1.0
261,Chris Richards,29,90,4.0
262,Chadi Riad Dnanou,6,0,0.0
262,Chadi Riad Dnanou,7,0,0.0
262,Chadi Riad Dnanou,8,0,0.0
262,Chadi Riad Dnanou,9,0,0.0
262,Chadi Riad Dnanou,10,0,0.0
262,Chadi Riad Dnanou,11,0,0.0
262,Chadi Riad Dnanou,12,0,0.0
262,Chadi Riad Dnanou,13,0,0.0
262,Chadi Riad Dnanou,14,0,0.0
262,Chadi Riad Dnanou,15,0,0.0
262,Chadi Riad Dnanou,16,0,0.0
262,Chadi Riad Dnanou,17,0,0.0
262,Chadi Riad Dnanou,18,0,0.0
262,Chadi Riad Dnanou,19,0,0.0
262,Chadi Riad Dnanou,20,0,0.0
262,Chadi Riad Dnanou,21,0,0.0
262,Chadi Riad Dnanou,22,0,0.0
262,Chadi Riad Dnanou,23,14,4.0
262,Chadi Riad Dnanou,24,60,1.0
262,Chadi Riad Dnanou,25,0,0.0
262,Chadi Riad Dnanou,26,45,1.0
262,Chadi Riad Dnanou,27,71,5.0
262,Chadi Riad Dnanou,28,32,1.0
262,Chadi Riad Dnanou,29,90,2.0
263,Nathaniel Clyne,6,0,0.0
263,Nathaniel Clyne,7,0,0.0
263,Nathaniel Clyne,8,0,0.0
263,Nathaniel Clyne,9,0,0.0
263,Nathaniel Clyne,10,0,0.0
263,Nathaniel Clyne,11,0,0.0
263,Nathaniel Clyne,12,0,0.0
263,Nathaniel Clyne,13,0,0.0
263,Nathaniel Clyne,14,0,0.0
263,Nathaniel Clyne,15,76,2.0
263,Nathaniel Clyne,16,76,1.0
263,Nathaniel Clyne,17,64,1.0
263,Nathaniel Clyne,18,57,1.0
263,Nathaniel Clyne,19,90,7.0
263,Nathaniel Clyne,20,51,1.0
263,Nathaniel Clyne,21,0,0.0
263,Nathaniel Clyne,22,0,0.0
263,Nathaniel Clyne,23,0,0.0
263,Nathaniel Clyne,24,0,0.0
263,Nathaniel Clyne,25,0,0.0
263,Nathaniel Clyne,26,0,0.0
263,Nathaniel Clyne,27,0,0.0
263,Nathaniel Clyne,28,0,0.0
263,Nathaniel Clyne,29,76,1.0
264,Rob Holding,6,0,0.0
264,Rob Holding,7,0,0.0
264,Rob Holding,8,0,0.0
264,Rob Holding,9,0,0.0
264,Rob Holding,10,0,0.0
264,Rob Holding,11,0,0.0
264,Rob Holding,12,0,0.0
264,Rob Holding,13,0,0.0
264,Rob Holding,14,0,0.0
264,Rob Holding,15,0,0.0
264,Rob Holding,16,0,0.0
264,Rob Holding,17,0,0.0
264,Rob Holding,18,0,0.0
264,Rob Holding,19,0,0.0
264,Rob Holding,20,0,0.0
264,Rob Holding,21,0,0.0
264,Rob Holding,22,0,0.0
264,Rob Holding,23,0,0.0
264,Rob Holding,24,0,0.0
264,Rob Holding,25,0,0.0
264,Rob Holding,26,0,0.0
264,Rob Holding,27,0,0.0
264,Rob Holding,28,0,0.0
264,Rob Holding,29,0,0.0
265,Caleb Kporha,6,0,0.0
265,Caleb Kporha,7,0,0.0
265,Caleb Kporha,8,0,0.0
265,Caleb Kporha,9,0,0.0
265,Caleb Kporha,10,0,0.0
265,Caleb Kporha,11,0,0.0
265,Caleb Kporha,12,0,0.0
265,Caleb Kporha,13,0,0.0
265,Caleb Kporha,14,0,0.0
265,Caleb Kporha,15,0,0.0
265,Caleb Kporha,16,0,0.0
265,Caleb Kporha,17,0,0.0
265,Caleb Kporha,18,0,0.0
265,Caleb Kporha,19,0,0.0
265,Caleb Kporha,20,0,0.0
265,Caleb Kporha,21,0,0.0
265,Caleb Kporha,22,0,0.0
265,Caleb Kporha,23,0,0.0
265,Caleb Kporha,24,0,0.0
265,Caleb Kporha,25,0,0.0
265,Caleb Kporha,26,0,0.0
265,Caleb Kporha,27,0,0.0
265,Caleb Kporha,28,0,0.0
265,Caleb Kporha,29,0,0.0
266,Eberechi Eze,6,90,2.0
266,Eberechi Eze,7,78,6.0
266,Eberechi Eze,8,61,3.0
266,Eberechi Eze,9,87,11.0
266,Eberechi Eze,10,71,3.0
266,Eberechi Eze,11,87,2.0
266,Eberechi Eze,12,90,20.0
266,Eberechi Eze,13,71,2.0
266,Eberechi Eze,14,29,1.0
266,Eberechi Eze,15,45,1.0
266,Eberechi Eze,16,56,1.0
266,Eberechi Eze,17,0,0.0
266,Eberechi Eze,18,0,0.0
266,Eberechi Eze,19,0,0.0
266,Eberechi Eze,20,0,0.0
266,Eberechi Eze,21,12,1.0
266,Eberechi Eze,22,11,1.0
266,Eberechi Eze,23,32,0.0
266,Eberechi Eze,24,9,1.0
266,Eberechi Eze,25,23,1.0
266,Eberechi Eze,26,70,2.0
266,Eberechi Eze,27,76,14.0
266,Eberechi Eze,28,90,2.0
266,Eberechi Eze,29,90,3.0
267,Ismaïla Sarr,6,74,11.0
267,Ismaïla Sarr,7,88,7.0
267,Ismaïla Sarr,8,90,2.0
267,Ismaïla Sarr,9,90,2.0
267,Ismaïla Sarr,10,90,3.0
267,Ismaïla Sarr,11,90,3.0
267,Ismaïla Sarr,12,90,3.0
267,Ismaïla Sarr,13,37,1.0
267,Ismaïla Sarr,14,0,0.0
267,Ismaïla Sarr,15,0,0.0
267,Ismaïla Sarr,16,90,2.0
267,Ismaïla Sarr,17,0,0.0
267,Ismaïla Sarr,18,0,0.0
267,Ismaïla Sarr,19,0,0.0
267,Ismaïla Sarr,20,0,0.0
267,Ismaïla Sarr,21,0,0.0
267,Ismaïla Sarr,22,0,0.0
267,Ismaïla Sarr,23,90,2.0
267,Ismaïla Sarr,24,90,7.0
267,Ismaïla Sarr,25,87,8.0
267,Ismaïla Sarr,26,90,2.0
267,Ismaïla Sarr,27,90,2.0
267,Ismaïla Sarr,28,90,2.0
267,Ismaïla Sarr,29,90,15.0
268,Cheick Doucouré,6,0,0.0
268,Cheick Doucouré,7,0,0.0
268,Cheick Doucouré,8,0,0.0
268,Cheick Doucouré,9,0,0.0
268,Cheick Doucouré,10,0,0.0
268,Cheick Doucouré,11,0,0.0
268,Cheick Doucouré,12,0,0.0
268,Cheick Doucouré,13,0,0.0
268,Cheick Doucouré,14,0,0.0
268,Cheick Doucouré,15,0,0.0
268,Cheick Doucouré,16,0,0.0
268,Cheick Doucouré,17,0,0.0
268,Cheick Doucouré,18,0,0.0
268,Cheick Doucouré,19,0,0.0
268,Cheick Doucouré,20,0,0.0
268,Cheick Doucouré,21,0,0.0
268,Cheick Doucouré,22,0,0.0
268,Cheick Doucouré,23,0,0.0
268,Cheick Doucouré,24,0,0.0
268,Cheick Doucouré,25,0,0.0
268,Cheick Doucouré,26,0,0.0
268,Cheick Doucouré,27,0,0.0
268,Cheick Doucouré,28,0,0.0
268,Cheick Doucouré,29,0,0.0
269,Romain Esse,6,0,0.0
269,Romain Esse,7,0,0.0
269,Romain Esse,8,0,0.0
269,Romain Esse,9,0,0.0
269,Romain Esse,10,0,0.0
269,Romain Esse,11,0,0.0
269,Romain Esse,12,0,0.0
269,Romain Esse,13,0,0.0
269,Romain Esse,14,0,0.0
269,Romain Esse,15,0,0.0
269,Romain Esse,16,0,0.0
269,Romain Esse,17,0,0.0
269,Romain Esse,18,5,1.0
269,Romain Esse,19,8,1.0
269,Romain Esse,20,3,1.0
269,Romain Esse,21,0,0.0
269,Romain Esse,22,0,0.0
269,Romain Esse,23,0,0.0
269,Romain Esse,24,0,0.0
269,Romain Esse,25,0,0.0
269,Romain Esse,26,0,0.0
269,Romain Esse,27,0,0.0
269,Romain Esse,28,0,0.0
269,Romain Esse,29,0,0.0
270,Will Hughes,6,28,1.0
270,Will Hughes,7,0,0.0
270,Will Hughes,8,0,0.0
270,Will Hughes,9,16,1.0
270,Will Hughes,10,12,1.0
270,Will Hughes,11,7,1.0
270,Will Hughes,12,1,1.0
270,Will Hughes,13,12,1.0
270,Will Hughes,14,14,1.0
270,Will Hughes,15,0,0.0
270,Will Hughes,16,23,1.0
270,Will Hughes,17,45,1.0
270,Will Hughes,18,90,1.0
270,Will Hughes,19,56,1.0
270,Will Hughes,20,90,2.0
270,Will Hughes,21,90,3.0
270,Will Hughes,22,90,5.0
270,Will Hughes,23,14,1.0
270,Will Hughes,24,90,2.0
270,Will Hughes,25,76,2.0
270,Will Hughes,26,18,1.0
270,Will Hughes,27,45,0.0
270,Will Hughes,28,22,1.0
270,Will Hughes,29,9,1.0
271,Daichi Kamada,6,90,5.0
271,Daichi Kamada,7,81,4.0
271,Daichi Kamada,8,90,2.0
271,Daichi Kamada,9,73,2.0
271,Daichi Kamada,10,77,5.0
271,Daichi Kamada,11,82,3.0
271,Daichi Kamada,12,80,3.0
271,Daichi Kamada,13,84,4.0
271,Daichi Kamada,14,88,3.0
271,Daichi Kamada,15,90,2.0
271,Daichi Kamada,16,66,1.0
271,Daichi Kamada,17,0,0.0
271,Daichi Kamada,18,0,0.0
271,Daichi Kamada,19,0,0.0
271,Daichi Kamada,20,0,0.0
271,Daichi Kamada,21,0,0.0
271,Daichi Kamada,22,0,0.0
271,Daichi Kamada,23,0,0.0
271,Daichi Kamada,24,0,0.0
271,Daichi Kamada,25,13,1.0
271,Daichi Kamada,26,71,2.0
271,Daichi Kamada,27,45,1.0
271,Daichi Kamada,28,84,1.0
271,Daichi Kamada,29,90,2.0
272,Jefferson Lerma Solís,6,16,1.0
272,Jefferson Lerma Solís,7,8,1.0
272,Jefferson Lerma Solís,8,0,0.0
272,Jefferson Lerma Solís,9,1,1.0
272,Jefferson Lerma Solís,10,90,10.0
272,Jefferson Lerma Solís,11,90,2.0
272,Jefferson Lerma Solís,12,9,1.0
272,Jefferson Lerma Solís,13,5,0.0
272,Jefferson Lerma Solís,14,90,5.0
272,Jefferson Lerma Solís,15,25,1.0
272,Jefferson Lerma Solís,16,0,0.0
272,Jefferson Lerma Solís,17,45,1.0
272,Jefferson Lerma Solís,18,90,1.0
272,Jefferson Lerma Solís,19,90,2.0
272,Jefferson Lerma Solís,20,37,1.0
272,Jefferson Lerma Solís,21,0,0.0
272,Jefferson Lerma Solís,22,90,2.0
272,Jefferson Lerma Solís,23,90,1.0
272,Jefferson Lerma Solís,24,90,9.0
272,Jefferson Lerma Solís,25,90,5.0
272,Jefferson Lerma Solís,26,45,1.0
272,Jefferson Lerma Solís,27,0,0.0
272,Jefferson Lerma Solís,28,0,0.0
272,Jefferson Lerma Solís,29,0,0.0
273,Adam Wharton,6,61,3.0
273,Adam Wharton,7,90,3.0
273,Adam Wharton,8,90,2.0
273,Adam Wharton,9,90,2.0
273,Adam Wharton,10,0,0.0
273,Adam Wharton,11,65,3.0
273,Adam Wharton,12,90,6.0
273,Adam Wharton,13,77,4.0
273,Adam Wharton,14,75,3.0
273,Adam Wharton,15,90,9.0
273,Adam Wharton,16,90,4.0
273,Adam Wharton,17,90,3.0
273,Adam Wharton,18,90,2.0
273,Adam Wharton,19,90,2.0
273,Adam Wharton,20,86,4.0
273,Adam Wharton,21,90,3.0
273,Adam Wharton,22,90,1.0
273,Adam Wharton,23,72,-1.0
273,Adam Wharton,24,0,0.0
273,Adam Wharton,25,90,3.0
273,Adam Wharton,26,82,7.0
273,Adam Wharton,27,90,2.0
273,Adam Wharton,28,67,2.0
273,Adam Wharton,29,80,10.0
274,Asher Agbinone,6,0,0.0
274,Asher Agbinone,7,0,0.0
274,Asher Agbinone,8,0,0.0
274,Asher Agbinone,9,0,0.0
274,Asher Agbinone,10,0,0.0
274,Asher Agbinone,11,0,0.0
274,Asher Agbinone,12,0,0.0
274,Asher Agbinone,13,0,0.0
274,Asher Agbinone,14,0,0.0
274,Asher Agbinone,15,0,0.0
274,Asher Agbinone,16,0,0.0
274,Asher Agbinone,17,0,0.0
274,Asher Agbinone,18,0,0.0
274,Asher Agbinone,19,0,0.0
274,Asher Agbinone,20,0,0.0
274,Asher Agbinone,21,0,0.0
274,Asher Agbinone,22,0,0.0
274,Asher Agbinone,23,0,0.0
274,Asher Agbinone,24,0,0.0
274,Asher Agbinone,25,0,0.0
274,Asher Agbinone,26,0,0.0
274,Asher Agbinone,27,0,0.0
274,Asher Agbinone,28,0,0.0
274,Asher Agbinone,29,0,0.0
275,Naouirou Ahamada,6,0,0.0
275,Naouirou Ahamada,7,0,0.0
275,Naouirou Ahamada,8,0,0.0
275,Naouirou Ahamada,9,0,0.0
275,Naouirou Ahamada,10,0,0.0
275,Naouirou Ahamada,11,0,0.0
275,Naouirou Ahamada,12,0,0.0
275,Naouirou Ahamada,13,0,0.0
275,Naouirou Ahamada,14,0,0.0
275,Naouirou Ahamada,15,0,0.0
275,Naouirou Ahamada,16,0,0.0
275,Naouirou Ahamada,17,0,0.0
275,Naouirou Ahamada,18,0,0.0
275,Naouirou Ahamada,19,0,0.0
275,Naouirou Ahamada,20,0,0.0
275,Naouirou Ahamada,21,0,0.0
275,Naouirou Ahamada,22,0,0.0
275,Naouirou Ahamada,23,0,0.0
275,Naouirou Ahamada,24,0,0.0
275,Naouirou Ahamada,25,0,0.0
275,Naouirou Ahamada,26,0,0.0
275,Naouirou Ahamada,27,0,0.0
275,Naouirou Ahamada,28,0,0.0
275,Naouirou Ahamada,29,0,0.0
276,Justin Devenny,6,1,1.0
276,Justin Devenny,7,2,1.0
276,Justin Devenny,8,0,0.0
276,Justin Devenny,9,0,0.0
276,Justin Devenny,10,12,1.0
276,Justin Devenny,11,0,0.0
276,Justin Devenny,12,9,1.0
276,Justin Devenny,13,5,1.0
276,Justin Devenny,14,26,1.0
276,Justin Devenny,15,1,1.0
276,Justin Devenny,16,0,0.0
276,Justin Devenny,17,13,6.0
276,Justin Devenny,18,84,2.0
276,Justin Devenny,19,81,2.0
276,Justin Devenny,20,38,1.0
276,Justin Devenny,21,89,3.0
276,Justin Devenny,22,90,2.0
276,Justin Devenny,23,0,0.0
276,Justin Devenny,24,0,0.0
276,Justin Devenny,25,0,0.0
276,Justin Devenny,26,0,0.0
276,Justin Devenny,27,0,0.0
276,Justin Devenny,28,0,0.0
276,Justin Devenny,29,0,0.0
277,Malcolm Ebiowei,6,0,0.0
277,Malcolm Ebiowei,7,0,0.0
277,Malcolm Ebiowei,8,0,0.0
277,Malcolm Ebiowei,9,0,0.0
277,Malcolm Ebiowei,10,0,0.0
277,Malcolm Ebiowei,11,0,0.0
277,Malcolm Ebiowei,12,0,0.0
277,Malcolm Ebiowei,13,0,0.0
277,Malcolm Ebiowei,14,0,0.0
277,Malcolm Ebiowei,15,0,0.0
277,Malcolm Ebiowei,16,0,0.0
277,Malcolm Ebiowei,17,0,0.0
277,Malcolm Ebiowei,18,0,0.0
277,Malcolm Ebiowei,19,0,0.0
277,Malcolm Ebiowei,20,0,0.0
277,Malcolm Ebiowei,21,0,0.0
277,Malcolm Ebiowei,22,0,0.0
277,Malcolm Ebiowei,23,0,0.0
277,Malcolm Ebiowei,24,0,0.0
277,Malcolm Ebiowei,25,0,0.0
277,Malcolm Ebiowei,26,0,0.0
277,Malcolm Ebiowei,27,0,0.0
277,Malcolm Ebiowei,28,0,0.0
277,Malcolm Ebiowei,29,0,0.0
278,Jesurun Rak-Sakyi,6,0,0.0
278,Jesurun Rak-Sakyi,7,0,0.0
278,Jesurun Rak-Sakyi,8,0,0.0
278,Jesurun Rak-Sakyi,9,0,0.0
278,Jesurun Rak-Sakyi,10,0,0.0
278,Jesurun Rak-Sakyi,11,0,0.0
278,Jesurun Rak-Sakyi,12,0,0.0
278,Jesurun Rak-Sakyi,13,0,0.0
278,Jesurun Rak-Sakyi,14,0,0.0
278,Jesurun Rak-Sakyi,15,0,0.0
278,Jesurun Rak-Sakyi,16,0,0.0
278,Jesurun Rak-Sakyi,17,0,0.0
278,Jesurun Rak-Sakyi,18,0,0.0
278,Jesurun Rak-Sakyi,19,0,0.0
278,Jesurun Rak-Sakyi,20,0,0.0
278,Jesurun Rak-Sakyi,21,0,0.0
278,Jesurun Rak-Sakyi,22,0,0.0
278,Jesurun Rak-Sakyi,23,0,0.0
278,Jesurun Rak-Sakyi,24,0,0.0
278,Jesurun Rak-Sakyi,25,0,0.0
278,Jesurun Rak-Sakyi,26,0,0.0
278,Jesurun Rak-Sakyi,27,0,0.0
278,Jesurun Rak-Sakyi,28,0,0.0
278,Jesurun Rak-Sakyi,29,0,0.0
279,Matheus França de Oliveira,6,0,0.0
279,Matheus França de Oliveira,7,0,0.0
279,Matheus França de Oliveira,8,0,0.0
279,Matheus França de Oliveira,9,0,0.0
279,Matheus França de Oliveira,10,0,0.0
279,Matheus França de Oliveira,11,0,0.0
279,Matheus França de Oliveira,12,0,0.0
279,Matheus França de Oliveira,13,0,0.0
279,Matheus França de Oliveira,14,0,0.0
279,Matheus França de Oliveira,15,0,0.0
279,Matheus França de Oliveira,16,0,0.0
279,Matheus França de Oliveira,17,0,0.0
279,Matheus França de Oliveira,18,0,0.0
279,Matheus França de Oliveira,19,0,0.0
279,Matheus França de Oliveira,20,0,0.0
279,Matheus França de Oliveira,21,0,0.0
279,Matheus França de Oliveira,22,0,0.0
279,Matheus França de Oliveira,23,0,0.0
279,Matheus França de Oliveira,24,0,0.0
279,Matheus França de Oliveira,25,0,0.0
279,Matheus França de Oliveira,26,0,0.0
279,Matheus França de Oliveira,27,0,0.0
279,Matheus França de Oliveira,28,0,0.0
279,Matheus França de Oliveira,29,0,0.0
280,David Ozoh,6,0,0.0
280,David Ozoh,7,0,0.0
280,David Ozoh,8,0,0.0
280,David Ozoh,9,0,0.0
280,David Ozoh,10,0,0.0
280,David Ozoh,11,0,0.0
280,David Ozoh,12,0,0.0
280,David Ozoh,13,0,0.0
280,David Ozoh,14,0,0.0
280,David Ozoh,15,0,0.0
280,David Ozoh,16,0,0.0
280,David Ozoh,17,0,0.0
280,David Ozoh,18,0,0.0
280,David Ozoh,19,0,0.0
280,David Ozoh,20,0,0.0
280,David Ozoh,21,0,0.0
280,David Ozoh,22,0,0.0
280,David Ozoh,23,0,0.0
280,David Ozoh,24,0,0.0
280,David Ozoh,25,0,0.0
280,David Ozoh,26,0,0.0
280,David Ozoh,27,0,0.0
280,David Ozoh,28,0,0.0
280,David Ozoh,29,0,0.0
281,Kaden Rodney,6,0,0.0
281,Kaden Rodney,7,0,0.0
281,Kaden Rodney,8,0,0.0
281,Kaden Rodney,9,0,0.0
281,Kaden Rodney,10,0,0.0
281,Kaden Rodney,11,0,0.0
281,Kaden Rodney,12,0,0.0
281,Kaden Rodney,13,0,0.0
281,Kaden Rodney,14,0,0.0
281,Kaden Rodney,15,0,0.0
281,Kaden Rodney,16,0,0.0
281,Kaden Rodney,17,0,0.0
281,Kaden Rodney,18,0,0.0
281,Kaden Rodney,19,0,0.0
281,Kaden Rodney,20,3,1.0
281,Kaden Rodney,21,0,0.0
281,Kaden Rodney,22,0,0.0
281,Kaden Rodney,23,0,0.0
281,Kaden Rodney,24,0,0.0
281,Kaden Rodney,25,0,0.0
281,Kaden Rodney,26,0,0.0
281,Kaden Rodney,27,0,0.0
281,Kaden Rodney,28,0,0.0
281,Kaden Rodney,29,0,0.0
282,Franco Umeh-Chibueze,6,0,0.0
282,Franco Umeh-Chibueze,7,0,0.0
282,Franco Umeh-Chibueze,8,0,0.0
282,Franco Umeh-Chibueze,9,0,0.0
282,Franco Umeh-Chibueze,10,0,0.0
282,Franco Umeh-Chibueze,11,0,0.0
282,Franco Umeh-Chibueze,12,0,0.0
282,Franco Umeh-Chibueze,13,0,0.0
282,Franco Umeh-Chibueze,14,0,0.0
282,Franco Umeh-Chibueze,15,0,0.0
282,Franco Umeh-Chibueze,16,0,0.0
282,Franco Umeh-Chibueze,17,0,0.0
282,Franco Umeh-Chibueze,18,0,0.0
282,Franco Umeh-Chibueze,19,0,0.0
282,Franco Umeh-Chibueze,20,0,0.0
282,Franco Umeh-Chibueze,21,0,0.0
282,Franco Umeh-Chibueze,22,0,0.0
282,Franco Umeh-Chibueze,23,0,0.0
282,Franco Umeh-Chibueze,24,0,0.0
282,Franco Umeh-Chibueze,25,0,0.0
282,Franco Umeh-Chibueze,26,0,0.0
282,Franco Umeh-Chibueze,27,0,0.0
282,Franco Umeh-Chibueze,28,0,0.0
282,Franco Umeh-Chibueze,29,0,0.0
283,Jean-Philippe Mateta,6,90,2.0
283,Jean-Philippe Mateta,7,69,2.0
283,Jean-Philippe Mateta,8,90,17.0
283,Jean-Philippe Mateta,9,90,2.0
283,Jean-Philippe Mateta,10,89,9.0
283,Jean-Philippe Mateta,11,90,2.0
283,Jean-Philippe Mateta,12,59,1.0
283,Jean-Philippe Mateta,13,90,6.0
283,Jean-Philippe Mateta,14,63,2.0
283,Jean-Philippe Mateta,15,65,2.0
283,Jean-Philippe Mateta,16,62,2.0
283,Jean-Philippe Mateta,17,76,2.0
283,Jean-Philippe Mateta,18,90,2.0
283,Jean-Philippe Mateta,19,90,9.0
283,Jean-Philippe Mateta,20,86,2.0
283,Jean-Philippe Mateta,21,90,2.0
283,Jean-Philippe Mateta,22,90,2.0
283,Jean-Philippe Mateta,23,84,2.0
283,Jean-Philippe Mateta,24,0,0.0
283,Jean-Philippe Mateta,25,0,0.0
283,Jean-Philippe Mateta,26,0,0.0
283,Jean-Philippe Mateta,27,0,0.0
283,Jean-Philippe Mateta,28,0,0.0
283,Jean-Philippe Mateta,29,0,0.0
284,Eddie Nketiah,6,15,4.0
284,Eddie Nketiah,7,20,1.0
284,Eddie Nketiah,8,26,1.0
284,Eddie Nketiah,9,31,1.0
284,Eddie Nketiah,10,0,0.0
284,Eddie Nketiah,11,0,0.0
284,Eddie Nketiah,12,30,1.0
284,Eddie Nketiah,13,52,0.0
284,Eddie Nketiah,14,26,1.0
284,Eddie Nketiah,15,64,9.0
284,Eddie Nketiah,16,27,1.0
284,Eddie Nketiah,17,76,2.0
284,Eddie Nketiah,18,32,1.0
284,Eddie Nketiah,19,0,0.0
284,Eddie Nketiah,20,0,0.0
284,Eddie Nketiah,21,0,0.0
284,Eddie Nketiah,22,0,0.0
284,Eddie Nketiah,23,0,0.0
284,Eddie Nketiah,24,0,0.0
284,Eddie Nketiah,25,0,0.0
284,Eddie Nketiah,26,0,0.0
284,Eddie Nketiah,27,0,0.0
284,Eddie Nketiah,28,0,0.0
284,Eddie Nketiah,29,0,0.0
285,Odsonne Édouard,6,0,0.0
285,Odsonne Édouard,7,0,0.0
285,Odsonne Édouard,8,0,0.0
285,Odsonne Édouard,9,0,0.0
285,Odsonne Édouard,10,0,0.0
285,Odsonne Édouard,11,0,0.0
285,Odsonne Édouard,12,0,0.0
285,Odsonne Édouard,13,0,0.0
285,Odsonne Édouard,14,0,0.0
285,Odsonne Édouard,15,0,0.0
285,Odsonne Édouard,16,0,0.0
285,Odsonne Édouard,17,0,0.0
285,Odsonne Édouard,18,0,0.0
285,Odsonne Édouard,19,0,0.0
285,Odsonne Édouard,20,0,0.0
285,Odsonne Édouard,21,0,0.0
285,Odsonne Édouard,22,0,0.0
285,Odsonne Édouard,23,0,0.0
285,Odsonne Édouard,24,0,0.0
285,Odsonne Édouard,25,0,0.0
285,Odsonne Édouard,26,0,0.0
285,Odsonne Édouard,27,0,0.0
285,Odsonne Édouard,28,0,0.0
285,Odsonne Édouard,29,0,0.0
286,Zach Marsh,6,0,0.0
286,Zach Marsh,7,0,0.0
286,Zach Marsh,8,0,0.0
286,Zach Marsh,9,0,0.0
286,Zach Marsh,10,0,0.0
286,Zach Marsh,11,0,0.0
286,Zach Marsh,12,0,0.0
286,Zach Marsh,13,0,0.0
286,Zach Marsh,14,0,0.0
286,Zach Marsh,15,0,0.0
286,Zach Marsh,16,0,0.0
286,Zach Marsh,17,0,0.0
286,Zach Marsh,18,0,0.0
286,Zach Marsh,19,0,0.0
286,Zach Marsh,20,0,0.0
286,Zach Marsh,21,0,0.0
286,Zach Marsh,22,0,0.0
286,Zach Marsh,23,0,0.0
286,Zach Marsh,24,0,0.0
286,Zach Marsh,25,0,0.0
286,Zach Marsh,26,0,0.0
286,Zach Marsh,27,0,0.0
286,Zach Marsh,28,0,0.0
286,Zach Marsh,29,0,0.0
287,Jordan Pickford,6,90,2.0
287,Jordan Pickford,7,90,3.0
287,Jordan Pickford,8,90,2.0
287,Jordan Pickford,9,90,1.0
287,Jordan Pickford,10,90,2.0
287,Jordan Pickford,11,90,7.0
287,Jordan Pickford,12,90,10.0
287,Jordan Pickford,13,90,1.0
287,Jordan Pickford,14,90,7.0
287,Jordan Pickford,15,90,6.0
287,Jordan Pickford,16,90,2.0
287,Jordan Pickford,17,90,2.0
287,Jordan Pickford,18,90,6.0
287,Jordan Pickford,19,90,10.0
287,Jordan Pickford,20,90,1.0
287,Jordan Pickford,21,90,3.0
287,Jordan Pickford,22,90,10.0
287,Jordan Pickford,23,90,3.0
287,Jordan Pickford,24,90,2.0
287,Jordan Pickford,25,90,2.0
287,Jordan Pickford,26,90,1.0
287,Jordan Pickford,27,90,1.0
287,Jordan Pickford,28,90,2.0
287,Jordan Pickford,29,90,6.0
288,Mark Travers,6,0,0.0
288,Mark Travers,7,0,0.0
288,Mark Travers,8,0,0.0
288,Mark Travers,9,0,0.0
288,Mark Travers,10,0,0.0
288,Mark Travers,11,0,0.0
288,Mark Travers,12,0,0.0
288,Mark Travers,13,0,0.0
288,Mark Travers,14,0,0.0
288,Mark Travers,15,0,0.0
288,Mark Travers,16,0,0.0
288,Mark Travers,17,0,0.0
288,Mark Travers,18,0,0.0
288,Mark Travers,19,0,0.0
288,Mark Travers,20,0,0.0
288,Mark Travers,21,0,0.0
288,Mark Travers,22,0,0.0
288,Mark Travers,23,0,0.0
288,Mark Travers,24,0,0.0
288,Mark Travers,25,0,0.0
288,Mark Travers,26,0,0.0
288,Mark Travers,27,0,0.0
288,Mark Travers,28,0,0.0
288,Mark Travers,29,0,0.0
289,Harry Tyrer,6,0,0.0
289,Harry Tyrer,7,0,0.0
289,Harry Tyrer,8,0,0.0
289,Harry Tyrer,9,0,0.0
289,Harry Tyrer,10,0,0.0
289,Harry Tyrer,11,0,0.0
289,Harry Tyrer,12,0,0.0
289,Harry Tyrer,13,0,0.0
289,Harry Tyrer,14,0,0.0
289,Harry Tyrer,15,0,0.0
289,Harry Tyrer,16,0,0.0
289,Harry Tyrer,17,0,0.0
289,Harry Tyrer,18,0,0.0
289,Harry Tyrer,19,0,0.0
289,Harry Tyrer,20,0,0.0
289,Harry Tyrer,21,0,0.0
289,Harry Tyrer,22,0,0.0
289,Harry Tyrer,23,0,0.0
289,Harry Tyrer,24,0,0.0
289,Harry Tyrer,25,0,0.0
289,Harry Tyrer,26,0,0.0
289,Harry Tyrer,27,0,0.0
289,Harry Tyrer,28,0,0.0
289,Harry Tyrer,29,0,0.0
290,Jarrad Branthwaite,6,0,0.0
290,Jarrad Branthwaite,7,0,0.0
290,Jarrad Branthwaite,8,0,0.0
290,Jarrad Branthwaite,9,0,0.0
290,Jarrad Branthwaite,10,0,0.0
290,Jarrad Branthwaite,11,0,0.0
290,Jarrad Branthwaite,12,0,0.0
290,Jarrad Branthwaite,13,0,0.0
290,Jarrad Branthwaite,14,0,0.0
290,Jarrad Branthwaite,15,0,0.0
290,Jarrad Branthwaite,16,0,0.0
290,Jarrad Branthwaite,17,0,0.0
290,Jarrad Branthwaite,18,0,0.0
290,Jarrad Branthwaite,19,0,0.0
290,Jarrad Branthwaite,20,0,0.0
290,Jarrad Branthwaite,21,0,0.0
290,Jarrad Branthwaite,22,0,0.0
290,Jarrad Branthwaite,23,45,1.0
290,Jarrad Branthwaite,24,88,1.0
290,Jarrad Branthwaite,25,5,1.0
290,Jarrad Branthwaite,26,90,4.0
290,Jarrad Branthwaite,27,90,2.0
290,Jarrad Branthwaite,28,90,9.0
290,Jarrad Branthwaite,29,82,6.0
291,James Tarkowski,6,90,1.0
291,James Tarkowski,7,90,5.0
291,James Tarkowski,8,90,3.0
291,James Tarkowski,9,90,1.0
291,James Tarkowski,10,90,2.0
291,James Tarkowski,11,90,5.0
291,James Tarkowski,12,90,8.0
291,James Tarkowski,13,90,3.0
291,James Tarkowski,14,90,10.0
291,James Tarkowski,15,90,9.0
291,James Tarkowski,16,90,1.0
291,James Tarkowski,17,90,3.0
291,James Tarkowski,18,90,8.0
291,James Tarkowski,19,90,9.0
291,James Tarkowski,20,90,2.0
291,James Tarkowski,21,90,4.0
291,James Tarkowski,22,90,8.0
291,James Tarkowski,23,90,4.0
291,James Tarkowski,24,90,2.0
291,James Tarkowski,25,90,2.0
291,James Tarkowski,26,90,1.0
291,James Tarkowski,27,90,1.0
291,James Tarkowski,28,90,3.0
291,James Tarkowski,29,90,15.0
292,Vitalii Mykolenko,6,90,1.0
292,Vitalii Mykolenko,7,90,4.0
292,Vitalii Mykolenko,8,90,1.0
292,Vitalii Mykolenko,9,90,1.0
292,Vitalii Mykolenko,10,90,2.0
292,Vitalii Mykolenko,11,90,6.0
292,Vitalii Mykolenko,12,90,9.0
292,Vitalii Mykolenko,13,90,2.0
292,Vitalii Mykolenko,14,90,5.0
292,Vitalii Mykolenko,15,90,5.0
292,Vitalii Mykolenko,16,90,1.0
292,Vitalii Mykolenko,17,90,1.0
292,Vitalii Mykolenko,18,90,6.0
292,Vitalii Mykolenko,19,90,8.0
292,Vitalii Mykolenko,20,90,0.0
292,Vitalii Mykolenko,21,90,2.0
292,Vitalii Mykolenko,22,90,6.0
292,Vitalii Mykolenko,23,90,2.0
292,Vitalii Mykolenko,24,0,0.0
292,Vitalii Mykolenko,25,84,2.0
292,Vitalii Mykolenko,26,90,1.0
292,Vitalii Mykolenko,27,0,0.0
292,Vitalii Mykolenko,28,90,3.0
292,Vitalii Mykolenko,29,90,6.0
293,Jake O'Brien,6,90,2.0
293,Jake O'Brien,7,90,5.0
293,Jake O'Brien,8,90,1.0
293,Jake O'Brien,9,65,1.0
293,Jake O'Brien,10,82,2.0
293,Jake O'Brien,11,1,1.0
293,Jake O'Brien,12,80,6.0
293,Jake O'Brien,13,90,0.0
293,Jake O'Brien,14,90,6.0
293,Jake O'Brien,15,90,8.0
293,Jake O'Brien,16,90,1.0
293,Jake O'Brien,17,90,2.0
293,Jake O'Brien,18,90,6.0
293,Jake O'Brien,19,90,8.0
293,Jake O'Brien,20,90,0.0
293,Jake O'Brien,21,90,2.0
293,Jake O'Brien,22,90,9.0
293,Jake O'Brien,23,90,4.0
293,Jake O'Brien,24,90,5.0
293,Jake O'Brien,25,90,3.0
293,Jake O'Brien,26,68,-2.0
293,Jake O'Brien,27,0,0.0
293,Jake O'Brien,28,90,1.0
293,Jake O'Brien,29,90,6.0
294,Séamus Coleman,6,0,0.0
294,Séamus Coleman,7,1,1.0
294,Séamus Coleman,8,0,0.0
294,Séamus Coleman,9,0,0.0
294,Séamus Coleman,10,0,0.0
294,Séamus Coleman,11,0,0.0
294,Séamus Coleman,12,9,1.0
294,Séamus Coleman,13,0,0.0
294,Séamus Coleman,14,0,0.0
294,Séamus Coleman,15,0,0.0
294,Séamus Coleman,16,0,0.0
294,Séamus Coleman,17,0,0.0
294,Séamus Coleman,18,0,0.0
294,Séamus Coleman,19,0,0.0
294,Séamus Coleman,20,0,0.0
294,Séamus Coleman,21,0,0.0
294,Séamus Coleman,22,0,0.0
294,Séamus Coleman,23,0,0.0
294,Séamus Coleman,24,0,0.0
294,Séamus Coleman,25,0,0.0
294,Séamus Coleman,26,0,0.0
294,Séamus Coleman,27,0,0.0
294,Séamus Coleman,28,0,0.0
294,Séamus Coleman,29,0,0.0
295,Michael Keane,6,90,11.0
295,Michael Keane,7,64,4.0
295,Michael Keane,8,90,1.0
295,Michael Keane,9,90,1.0
295,Michael Keane,10,90,4.0
295,Michael Keane,11,90,15.0
295,Michael Keane,12,90,9.0
295,Michael Keane,13,90,2.0
295,Michael Keane,14,0,0.0
295,Michael Keane,15,90,9.0
295,Michael Keane,16,90,1.0
295,Michael Keane,17,90,4.0
295,Michael Keane,18,90,10.0
295,Michael Keane,19,0,0.0
295,Michael Keane,20,90,0.0
295,Michael Keane,21,82,5.0
295,Michael Keane,22,0,0.0
295,Michael Keane,23,0,0.0
295,Michael Keane,24,90,2.0
295,Michael Keane,25,90,4.0
295,Michael Keane,26,1,1.0
295,Michael Keane,27,90,2.0
295,Michael Keane,28,1,1.0
295,Michael Keane,29,7,1.0
296,Nathan Patterson,6,0,0.0
296,Nathan Patterson,7,0,0.0
296,Nathan Patterson,8,0,0.0
296,Nathan Patterson,9,0,0.0
296,Nathan Patterson,10,0,0.0
296,Nathan Patterson,11,0,0.0
296,Nathan Patterson,12,0,0.0
296,Nathan Patterson,13,0,0.0
296,Nathan Patterson,14,0,0.0
296,Nathan Patterson,15,0,0.0
296,Nathan Patterson,16,0,0.0
296,Nathan Patterson,17,0,0.0
296,Nathan Patterson,18,2,1.0
296,Nathan Patterson,19,71,8.0
296,Nathan Patterson,20,0,0.0
296,Nathan Patterson,21,3,1.0
296,Nathan Patterson,22,90,8.0
296,Nathan Patterson,23,70,2.0
296,Nathan Patterson,24,1,1.0
296,Nathan Patterson,25,0,0.0
296,Nathan Patterson,26,0,0.0
296,Nathan Patterson,27,0,0.0
296,Nathan Patterson,28,0,0.0
296,Nathan Patterson,29,0,0.0
297,Roman Dixon,6,0,0.0
297,Roman Dixon,7,0,0.0
297,Roman Dixon,8,0,0.0
297,Roman Dixon,9,0,0.0
297,Roman Dixon,10,0,0.0
297,Roman Dixon,11,0,0.0
297,Roman Dixon,12,0,0.0
297,Roman Dixon,13,0,0.0
297,Roman Dixon,14,0,0.0
297,Roman Dixon,15,0,0.0
297,Roman Dixon,16,0,0.0
297,Roman Dixon,17,0,0.0
297,Roman Dixon,18,0,0.0
297,Roman Dixon,19,0,0.0
297,Roman Dixon,20,0,0.0
297,Roman Dixon,21,0,0.0
297,Roman Dixon,22,0,0.0
297,Roman Dixon,23,0,0.0
297,Roman Dixon,24,0,0.0
297,Roman Dixon,25,0,0.0
297,Roman Dixon,26,0,0.0
297,Roman Dixon,27,0,0.0
297,Roman Dixon,28,0,0.0
297,Roman Dixon,29,0,0.0
298,Reece Welch,6,0,0.0
298,Reece Welch,7,0,0.0
298,Reece Welch,8,0,0.0
298,Reece Welch,9,0,0.0
298,Reece Welch,10,0,0.0
298,Reece Welch,11,0,0.0
298,Reece Welch,12,0,0.0
298,Reece Welch,13,0,0.0
298,Reece Welch,14,0,0.0
298,Reece Welch,15,0,0.0
298,Reece Welch,16,0,0.0
298,Reece Welch,17,0,0.0
298,Reece Welch,18,0,0.0
298,Reece Welch,19,0,0.0
298,Reece Welch,20,0,0.0
298,Reece Welch,21,0,0.0
298,Reece Welch,22,0,0.0
298,Reece Welch,23,0,0.0
298,Reece Welch,24,0,0.0
298,Reece Welch,25,0,0.0
298,Reece Welch,26,0,0.0
298,Reece Welch,27,0,0.0
298,Reece Welch,28,0,0.0
298,Reece Welch,29,0,0.0
299,Iliman Ndiaye,6,80,2.0
299,Iliman Ndiaye,7,90,7.0
299,Iliman Ndiaye,8,85,4.0
299,Iliman Ndiaye,9,90,2.0
299,Iliman Ndiaye,10,61,9.0
299,Iliman Ndiaye,11,90,3.0
299,Iliman Ndiaye,12,80,3.0
299,Iliman Ndiaye,13,79,2.0
299,Iliman Ndiaye,14,90,3.0
299,Iliman Ndiaye,15,90,8.0
299,Iliman Ndiaye,16,90,2.0
299,Iliman Ndiaye,17,0,0.0
299,Iliman Ndiaye,18,0,0.0
299,Iliman Ndiaye,19,0,0.0
299,Iliman Ndiaye,20,0,0.0
299,Iliman Ndiaye,21,0,0.0
299,Iliman Ndiaye,22,0,0.0
299,Iliman Ndiaye,23,90,2.0
299,Iliman Ndiaye,24,90,2.0
299,Iliman Ndiaye,25,90,2.0
299,Iliman Ndiaye,26,90,9.0
299,Iliman Ndiaye,27,90,2.0
299,Iliman Ndiaye,28,90,4.0
299,Iliman Ndiaye,29,90,6.0
300,Dwight McNeil,6,0,0.0
300,Dwight McNeil,7,0,0.0
300,Dwight McNeil,8,4,1.0
300,Dwight McNeil,9,0,0.0
300,Dwight McNeil,10,28,1.0
300,Dwight McNeil,11,0,0.0
300,Dwight McNeil,12,3,1.0
300,Dwight McNeil,13,10,1.0
300,Dwight McNeil,14,10,1.0
300,Dwight McNeil,15,17,1.0
300,Dwight McNeil,16,0,0.0
300,Dwight McNeil,17,74,2.0
300,Dwight McNeil,18,90,5.0
300,Dwight McNeil,19,90,6.0
300,Dwight McNeil,20,45,1.0
300,Dwight McNeil,21,90,2.0
300,Dwight McNeil,22,90,5.0
300,Dwight McNeil,23,45,1.0
300,Dwight McNeil,24,0,0.0
300,Dwight McNeil,25,0,0.0
300,Dwight McNeil,26,0,0.0
300,Dwight McNeil,27,0,0.0
300,Dwight McNeil,28,80,6.0
300,Dwight McNeil,29,86,5.0
301,Carlos Alcaraz Durán,6,0,0.0
301,Carlos Alcaraz Durán,7,45,1.0
301,Carlos Alcaraz Durán,8,69,2.0
301,Carlos Alcaraz Durán,9,4,1.0
301,Carlos Alcaraz Durán,10,7,0.0
301,Carlos Alcaraz Durán,11,0,0.0
301,Carlos Alcaraz Durán,12,2,1.0
301,Carlos Alcaraz Durán,13,45,1.0
301,Carlos Alcaraz Durán,14,79,5.0
301,Carlos Alcaraz Durán,15,72,3.0
301,Carlos Alcaraz Durán,16,74,2.0
301,Carlos Alcaraz Durán,17,74,2.0
301,Carlos Alcaraz Durán,18,68,3.0
301,Carlos Alcaraz Durán,19,0,0.0
301,Carlos Alcaraz Durán,20,0,0.0
301,Carlos Alcaraz Durán,21,0,0.0
301,Carlos Alcaraz Durán,22,0,0.0
301,Carlos Alcaraz Durán,23,0,0.0
301,Carlos Alcaraz Durán,24,11,1.0
301,Carlos Alcaraz Durán,25,0,0.0
301,Carlos Alcaraz Durán,26,0,0.0
301,Carlos Alcaraz Durán,27,0,0.0
301,Carlos Alcaraz Durán,28,0,0.0
301,Carlos Alcaraz Durán,29,0,0.0
302,Idrissa Gana Gueye,6,90,2.0
302,Idrissa Gana Gueye,7,90,2.0
302,Idrissa Gana Gueye,8,69,2.0
302,Idrissa Gana Gueye,9,85,2.0
302,Idrissa Gana Gueye,10,90,4.0
302,Idrissa Gana Gueye,11,90,10.0
302,Idrissa Gana Gueye,12,12,-2.0
302,Idrissa Gana Gueye,13,0,0.0
302,Idrissa Gana Gueye,14,0,0.0
302,Idrissa Gana Gueye,15,0,0.0
302,Idrissa Gana Gueye,16,90,4.0
302,Idrissa Gana Gueye,17,0,0.0
302,Idrissa Gana Gueye,18,0,0.0
302,Idrissa Gana Gueye,19,0,0.0
302,Idrissa Gana Gueye,20,0,0.0
302,Idrissa Gana Gueye,21,0,0.0
302,Idrissa Gana Gueye,22,0,0.0
302,Idrissa Gana Gueye,23,90,6.0
302,Idrissa Gana Gueye,24,79,2.0
302,Idrissa Gana Gueye,25,90,1.0
302,Idrissa Gana Gueye,26,90,2.0
302,Idrissa Gana Gueye,27,90,2.0
302,Idrissa Gana Gueye,28,90,2.0
302,Idrissa Gana Gueye,29,86,3.0
303,James Garner,6,90,7.0
303,James Garner,7,90,1.0
303,James Garner,8,90,3.0
303,James Garner,9,90,1.0
303,James Garner,10,90,2.0
303,James Garner,11,90,3.0
303,James Garner,12,90,6.0
303,James Garner,13,90,2.0
303,James Garner,14,90,3.0
303,James Garner,15,90,3.0
303,James Garner,16,83,4.0
303,James Garner,17,90,4.0
303,James Garner,18,90,5.0
303,James Garner,19,90,16.0
303,James Garner,20,90,4.0
303,James Garner,21,90,6.0
303,James Garner,22,90,4.0
303,James Garner,23,90,2.0
303,James Garner,24,90,4.0
303,James Garner,25,90,4.0
303,James Garner,26,90,2.0
303,James Garner,27,90,2.0
303,James Garner,28,90,6.0
303,James Garner,29,90,10.0
304,Tim Iroegbunam,6,0,0.0
304,Tim Iroegbunam,7,25,4.0
304,Tim Iroegbunam,8,20,1.0
304,Tim Iroegbunam,9,0,0.0
304,Tim Iroegbunam,10,7,1.0
304,Tim Iroegbunam,11,66,5.0
304,Tim Iroegbunam,12,9,1.0
304,Tim Iroegbunam,13,45,1.0
304,Tim Iroegbunam,14,90,4.0
304,Tim Iroegbunam,15,0,0.0
304,Tim Iroegbunam,16,6,1.0
304,Tim Iroegbunam,17,90,4.0
304,Tim Iroegbunam,18,90,4.0
304,Tim Iroegbunam,19,90,5.0
304,Tim Iroegbunam,20,76,4.0
304,Tim Iroegbunam,21,90,7.0
304,Tim Iroegbunam,22,0,0.0
304,Tim Iroegbunam,23,0,0.0
304,Tim Iroegbunam,24,10,0.0
304,Tim Iroegbunam,25,1,1.0
304,Tim Iroegbunam,26,0,0.0
304,Tim Iroegbunam,27,78,2.0
304,Tim Iroegbunam,28,0,0.0
304,Tim Iroegbunam,29,3,1.0
305,Harrison Armstrong,6,0,0.0
305,Harrison Armstrong,7,0,0.0
305,Harrison Armstrong,8,0,0.0
305,Harrison Armstrong,9,0,0.0
305,Harrison Armstrong,10,0,0.0
305,Harrison Armstrong,11,0,0.0
305,Harrison Armstrong,12,0,0.0
305,Harrison Armstrong,13,0,0.0
305,Harrison Armstrong,14,0,0.0
305,Harrison Armstrong,15,0,0.0
305,Harrison Armstrong,16,0,0.0
305,Harrison Armstrong,17,0,0.0
305,Harrison Armstrong,18,0,0.0
305,Harrison Armstrong,19,0,0.0
305,Harrison Armstrong,20,13,1.0
305,Harrison Armstrong,21,86,4.0
305,Harrison Armstrong,22,90,3.0
305,Harrison Armstrong,23,45,1.0
305,Harrison Armstrong,24,79,2.0
305,Harrison Armstrong,25,68,2.0
305,Harrison Armstrong,26,28,1.0
305,Harrison Armstrong,27,72,2.0
305,Harrison Armstrong,28,9,1.0
305,Harrison Armstrong,29,0,0.0
306,Callum Bates,6,0,0.0
306,Callum Bates,7,0,0.0
306,Callum Bates,8,0,0.0
306,Callum Bates,9,0,0.0
306,Callum Bates,10,0,0.0
306,Callum Bates,11,0,0.0
306,Callum Bates,12,0,0.0
306,Callum Bates,13,0,0.0
306,Callum Bates,14,0,0.0
306,Callum Bates,15,0,0.0
306,Callum Bates,16,0,0.0
306,Callum Bates,17,0,0.0
306,Callum Bates,18,0,0.0
306,Callum Bates,19,0,0.0
306,Callum Bates,20,0,0.0
306,Callum Bates,21,0,0.0
306,Callum Bates,22,0,0.0
306,Callum Bates,23,0,0.0
306,Callum Bates,24,0,0.0
306,Callum Bates,25,0,0.0
306,Callum Bates,26,0,0.0
306,Callum Bates,27,0,0.0
306,Callum Bates,28,0,0.0
306,Callum Bates,29,0,0.0
307,Coby Ebere,6,0,0.0
307,Coby Ebere,7,0,0.0
307,Coby Ebere,8,0,0.0
307,Coby Ebere,9,0,0.0
307,Coby Ebere,10,0,0.0
307,Coby Ebere,11,0,0.0
307,Coby Ebere,12,0,0.0
307,Coby Ebere,13,0,0.0
307,Coby Ebere,14,0,0.0
307,Coby Ebere,15,0,0.0
307,Coby Ebere,16,0,0.0
307,Coby Ebere,17,0,0.0
307,Coby Ebere,18,0,0.0
307,Coby Ebere,19,0,0.0
307,Coby Ebere,20,0,0.0
307,Coby Ebere,21,0,0.0
307,Coby Ebere,22,0,0.0
307,Coby Ebere,23,0,0.0
307,Coby Ebere,24,0,0.0
307,Coby Ebere,25,0,0.0
307,Coby Ebere,26,0,0.0
307,Coby Ebere,27,0,0.0
307,Coby Ebere,28,0,0.0
307,Coby Ebere,29,0,0.0
308,Isaac Heath,6,0,0.0
308,Isaac Heath,7,0,0.0
308,Isaac Heath,8,0,0.0
308,Isaac Heath,9,0,0.0
308,Isaac Heath,10,0,0.0
308,Isaac Heath,11,0,0.0
308,Isaac Heath,12,0,0.0
308,Isaac Heath,13,0,0.0
308,Isaac Heath,14,0,0.0
308,Isaac Heath,15,0,0.0
308,Isaac Heath,16,0,0.0
308,Isaac Heath,17,0,0.0
308,Isaac Heath,18,0,0.0
308,Isaac Heath,19,0,0.0
308,Isaac Heath,20,0,0.0
308,Isaac Heath,21,0,0.0
308,Isaac Heath,22,0,0.0
308,Isaac Heath,23,0,0.0
308,Isaac Heath,24,0,0.0
308,Isaac Heath,25,0,0.0
308,Isaac Heath,26,0,0.0
308,Isaac Heath,27,0,0.0
308,Isaac Heath,28,0,0.0
308,Isaac Heath,29,0,0.0
309,Jenson Metcalfe,6,0,0.0
309,Jenson Metcalfe,7,0,0.0
309,Jenson Metcalfe,8,0,0.0
309,Jenson Metcalfe,9,0,0.0
309,Jenson Metcalfe,10,0,0.0
309,Jenson Metcalfe,11,0,0.0
309,Jenson Metcalfe,12,0,0.0
309,Jenson Metcalfe,13,0,0.0
309,Jenson Metcalfe,14,0,0.0
309,Jenson Metcalfe,15,0,0.0
309,Jenson Metcalfe,16,0,0.0
309,Jenson Metcalfe,17,0,0.0
309,Jenson Metcalfe,18,0,0.0
309,Jenson Metcalfe,19,0,0.0
309,Jenson Metcalfe,20,0,0.0
309,Jenson Metcalfe,21,0,0.0
309,Jenson Metcalfe,22,0,0.0
309,Jenson Metcalfe,23,0,0.0
309,Jenson Metcalfe,24,0,0.0
309,Jenson Metcalfe,25,0,0.0
309,Jenson Metcalfe,26,0,0.0
309,Jenson Metcalfe,27,0,0.0
309,Jenson Metcalfe,28,0,0.0
309,Jenson Metcalfe,29,0,0.0
310,Thierno Barry,6,21,1.0
310,Thierno Barry,7,45,1.0
310,Thierno Barry,8,15,1.0
310,Thierno Barry,9,24,1.0
310,Thierno Barry,10,56,0.0
310,Thierno Barry,11,78,2.0
310,Thierno Barry,12,80,2.0
310,Thierno Barry,13,86,2.0
310,Thierno Barry,14,79,2.0
310,Thierno Barry,15,61,5.0
310,Thierno Barry,16,67,2.0
310,Thierno Barry,17,65,2.0
310,Thierno Barry,18,20,1.0
310,Thierno Barry,19,84,6.0
310,Thierno Barry,20,90,6.0
310,Thierno Barry,21,86,2.0
310,Thierno Barry,22,83,8.0
310,Thierno Barry,23,88,9.0
310,Thierno Barry,24,88,2.0
310,Thierno Barry,25,68,2.0
310,Thierno Barry,26,61,2.0
310,Thierno Barry,27,90,2.0
310,Thierno Barry,28,16,6.0
310,Thierno Barry,29,7,1.0
311,Norberto Bercique Gomes Betuncal,6,68,2.0
311,Norberto Bercique Gomes Betuncal,7,45,1.0
311,Norberto Bercique Gomes Betuncal,8,74,2.0
311,Norberto Bercique Gomes Betuncal,9,65,2.0
311,Norberto Bercique Gomes Betuncal,10,33,1.0
311,Norberto Bercique Gomes Betuncal,11,11,1.0
311,Norberto Bercique Gomes Betuncal,12,9,1.0
311,Norberto Bercique Gomes Betuncal,13,3,1.0
311,Norberto Bercique Gomes Betuncal,14,10,1.0
311,Norberto Bercique Gomes Betuncal,15,28,1.0
311,Norberto Bercique Gomes Betuncal,16,22,1.0
311,Norberto Bercique Gomes Betuncal,17,24,1.0
311,Norberto Bercique Gomes Betuncal,18,69,2.0
311,Norberto Bercique Gomes Betuncal,19,5,1.0
311,Norberto Bercique Gomes Betuncal,20,45,5.0
311,Norberto Bercique Gomes Betuncal,21,3,1.0
311,Norberto Bercique Gomes Betuncal,22,6,1.0
311,Norberto Bercique Gomes Betuncal,23,1,1.0
311,Norberto Bercique Gomes Betuncal,24,1,7.0
311,Norberto Bercique Gomes Betuncal,25,21,1.0
311,Norberto Bercique Gomes Betuncal,26,28,0.0
311,Norberto Bercique Gomes Betuncal,27,11,1.0
311,Norberto Bercique Gomes Betuncal,28,73,9.0
311,Norberto Bercique Gomes Betuncal,29,82,2.0
312,Youssef Ramalho Chermiti,6,0,0.0
312,Youssef Ramalho Chermiti,7,0,0.0
312,Youssef Ramalho Chermiti,8,0,0.0
312,Youssef Ramalho Chermiti,9,0,0.0
312,Youssef Ramalho Chermiti,10,0,0.0
312,Youssef Ramalho Chermiti,11,0,0.0
312,Youssef Ramalho Chermiti,12,0,0.0
312,Youssef Ramalho Chermiti,13,0,0.0
312,Youssef Ramalho Chermiti,14,0,0.0
312,Youssef Ramalho Chermiti,15,0,0.0
312,Youssef Ramalho Chermiti,16,0,0.0
312,Youssef Ramalho Chermiti,17,0,0.0
312,Youssef Ramalho Chermiti,18,0,0.0
312,Youssef Ramalho Chermiti,19,0,0.0
312,Youssef Ramalho Chermiti,20,0,0.0
312,Youssef Ramalho Chermiti,21,0,0.0
312,Youssef Ramalho Chermiti,22,0,0.0
312,Youssef Ramalho Chermiti,23,0,0.0
312,Youssef Ramalho Chermiti,24,0,0.0
312,Youssef Ramalho Chermiti,25,0,0.0
312,Youssef Ramalho Chermiti,26,0,0.0
312,Youssef Ramalho Chermiti,27,0,0.0
312,Youssef Ramalho Chermiti,28,0,0.0
312,Youssef Ramalho Chermiti,29,0,0.0
313,Martin Sherif,6,0,0.0
313,Martin Sherif,7,0,0.0
313,Martin Sherif,8,0,0.0
313,Martin Sherif,9,0,0.0
313,Martin Sherif,10,0,0.0
313,Martin Sherif,11,0,0.0
313,Martin Sherif,12,0,0.0
313,Martin Sherif,13,0,0.0
313,Martin Sherif,14,0,0.0
313,Martin Sherif,15,0,0.0
313,Martin Sherif,16,0,0.0
313,Martin Sherif,17,0,0.0
313,Martin Sherif,18,0,0.0
313,Martin Sherif,19,0,0.0
313,Martin Sherif,20,0,0.0
313,Martin Sherif,21,0,0.0
313,Martin Sherif,22,0,0.0
313,Martin Sherif,23,0,0.0
313,Martin Sherif,24,0,0.0
313,Martin Sherif,25,0,0.0
313,Martin Sherif,26,0,0.0
313,Martin Sherif,27,0,0.0
313,Martin Sherif,28,0,0.0
313,Martin Sherif,29,0,0.0
314,Bernd Leno,6,90,1.0
314,Bernd Leno,7,90,2.0
314,Bernd Leno,8,90,3.0
314,Bernd Leno,9,90,2.0
314,Bernd Leno,10,90,7.0
314,Bernd Leno,11,90,2.0
314,Bernd Leno,12,90,5.0
314,Bernd Leno,13,90,1.0
314,Bernd Leno,14,90,0.0
314,Bernd Leno,15,90,2.0
314,Bernd Leno,16,90,3.0
314,Bernd Leno,17,90,7.0
314,Bernd Leno,18,90,6.0
314,Bernd Leno,19,90,2.0
314,Bernd Leno,20,90,1.0
314,Bernd Leno,21,90,3.0
314,Bernd Leno,22,90,3.0
314,Bernd Leno,23,90,3.0
314,Bernd Leno,24,90,2.0
314,Bernd Leno,25,90,-1.0
314,Bernd Leno,26,90,1.0
314,Bernd Leno,27,90,2.0
314,Bernd Leno,28,90,2.0
314,Bernd Leno,29,90,3.0
315,Steven Benda,6,0,0.0
315,Steven Benda,7,0,0.0
315,Steven Benda,8,0,0.0
315,Steven Benda,9,0,0.0
315,Steven Benda,10,0,0.0
315,Steven Benda,11,0,0.0
315,Steven Benda,12,0,0.0
315,Steven Benda,13,0,0.0
315,Steven Benda,14,0,0.0
315,Steven Benda,15,0,0.0
315,Steven Benda,16,0,0.0
315,Steven Benda,17,0,0.0
315,Steven Benda,18,0,0.0
315,Steven Benda,19,0,0.0
315,Steven Benda,20,0,0.0
315,Steven Benda,21,0,0.0
315,Steven Benda,22,0,0.0
315,Steven Benda,23,0,0.0
315,Steven Benda,24,0,0.0
315,Steven Benda,25,0,0.0
315,Steven Benda,26,0,0.0
315,Steven Benda,27,0,0.0
315,Steven Benda,28,0,0.0
315,Steven Benda,29,0,0.0
316,Antonee Robinson,6,10,1.0
316,Antonee Robinson,7,0,0.0
316,Antonee Robinson,8,0,0.0
316,Antonee Robinson,9,0,0.0
316,Antonee Robinson,10,0,0.0
316,Antonee Robinson,11,0,0.0
316,Antonee Robinson,12,0,0.0
316,Antonee Robinson,13,0,0.0
316,Antonee Robinson,14,0,0.0
316,Antonee Robinson,15,0,0.0
316,Antonee Robinson,16,90,3.0
316,Antonee Robinson,17,90,10.0
316,Antonee Robinson,18,90,8.0
316,Antonee Robinson,19,90,2.0
316,Antonee Robinson,20,90,1.0
316,Antonee Robinson,21,72,2.0
316,Antonee Robinson,22,90,2.0
316,Antonee Robinson,23,58,1.0
316,Antonee Robinson,24,70,1.0
316,Antonee Robinson,25,0,0.0
316,Antonee Robinson,26,0,0.0
316,Antonee Robinson,27,0,0.0
316,Antonee Robinson,28,0,0.0
316,Antonee Robinson,29,90,1.0
317,Joachim Andersen,6,90,3.0
317,Joachim Andersen,7,90,3.0
317,Joachim Andersen,8,41,1.0
317,Joachim Andersen,9,0,0.0
317,Joachim Andersen,10,90,6.0
317,Joachim Andersen,11,90,3.0
317,Joachim Andersen,12,90,10.0
317,Joachim Andersen,13,90,4.0
317,Joachim Andersen,14,90,0.0
317,Joachim Andersen,15,90,1.0
317,Joachim Andersen,16,90,2.0
317,Joachim Andersen,17,90,7.0
317,Joachim Andersen,18,90,5.0
317,Joachim Andersen,19,90,3.0
317,Joachim Andersen,20,90,3.0
317,Joachim Andersen,21,90,2.0
317,Joachim Andersen,22,90,2.0
317,Joachim Andersen,23,90,8.0
317,Joachim Andersen,24,90,0.0
317,Joachim Andersen,25,90,1.0
317,Joachim Andersen,26,90,2.0
317,Joachim Andersen,27,90,4.0
317,Joachim Andersen,28,0,0.0
317,Joachim Andersen,29,0,0.0
318,Calvin Bassey,6,90,0.0
318,Calvin Bassey,7,90,1.0
318,Calvin Bassey,8,8,1.0
318,Calvin Bassey,9,90,1.0
318,Calvin Bassey,10,90,6.0
318,Calvin Bassey,11,90,2.0
318,Calvin Bassey,12,90,9.0
318,Calvin Bassey,13,90,4.0
318,Calvin Bassey,14,90,2.0
318,Calvin Bassey,15,90,3.0
318,Calvin Bassey,16,90,9.0
318,Calvin Bassey,17,0,0.0
318,Calvin Bassey,18,0,0.0
318,Calvin Bassey,19,0,0.0
318,Calvin Bassey,20,0,0.0
318,Calvin Bassey,21,0,0.0
318,Calvin Bassey,22,0,0.0
318,Calvin Bassey,23,0,0.0
318,Calvin Bassey,24,4,1.0
318,Calvin Bassey,25,0,0.0
318,Calvin Bassey,26,90,1.0
318,Calvin Bassey,27,90,7.0
318,Calvin Bassey,28,90,1.0
318,Calvin Bassey,29,90,1.0
319,Timothy Castagne,6,90,3.0
319,Timothy Castagne,7,90,1.0
319,Timothy Castagne,8,90,2.0
319,Timothy Castagne,9,1,1.0
319,Timothy Castagne,10,0,0.0
319,Timothy Castagne,11,0,0.0
319,Timothy Castagne,12,1,1.0
319,Timothy Castagne,13,3,1.0
319,Timothy Castagne,14,45,3.0
319,Timothy Castagne,15,90,1.0
319,Timothy Castagne,16,1,1.0
319,Timothy Castagne,17,0,0.0
319,Timothy Castagne,18,8,1.0
319,Timothy Castagne,19,39,0.0
319,Timothy Castagne,20,90,1.0
319,Timothy Castagne,21,90,1.0
319,Timothy Castagne,22,90,1.0
319,Timothy Castagne,23,90,4.0
319,Timothy Castagne,24,90,1.0
319,Timothy Castagne,25,82,2.0
319,Timothy Castagne,26,0,0.0
319,Timothy Castagne,27,2,1.0
319,Timothy Castagne,28,0,0.0
319,Timothy Castagne,29,8,1.0
320,Issa Diop,6,0,0.0
320,Issa Diop,7,85,2.0
320,Issa Diop,8,48,1.0
320,Issa Diop,9,90,1.0
320,Issa Diop,10,0,0.0
320,Issa Diop,11,0,0.0
320,Issa Diop,12,0,0.0
320,Issa Diop,13,0,0.0
320,Issa Diop,14,0,0.0
320,Issa Diop,15,0,0.0
320,Issa Diop,16,0,0.0
320,Issa Diop,17,5,1.0
320,Issa Diop,18,2,1.0
320,Issa Diop,19,0,0.0
320,Issa Diop,20,90,1.0
320,Issa Diop,21,90,2.0
320,Issa Diop,22,2,1.0
320,Issa Diop,23,0,0.0
320,Issa Diop,24,0,0.0
320,Issa Diop,25,0,0.0
320,Issa Diop,26,0,0.0
320,Issa Diop,27,0,0.0
320,Issa Diop,28,90,1.0
320,Issa Diop,29,90,2.0
321,Jorge Cuenca Barreno,6,0,0.0
321,Jorge Cuenca Barreno,7,0,0.0
321,Jorge Cuenca Barreno,8,81,4.0
321,Jorge Cuenca Barreno,9,0,0.0
321,Jorge Cuenca Barreno,10,0,0.0
321,Jorge Cuenca Barreno,11,0,0.0
321,Jorge Cuenca Barreno,12,0,0.0
321,Jorge Cuenca Barreno,13,0,0.0
321,Jorge Cuenca Barreno,14,0,0.0
321,Jorge Cuenca Barreno,15,0,0.0
321,Jorge Cuenca Barreno,16,0,0.0
321,Jorge Cuenca Barreno,17,90,5.0
321,Jorge Cuenca Barreno,18,90,9.0
321,Jorge Cuenca Barreno,19,90,3.0
321,Jorge Cuenca Barreno,20,90,3.0
321,Jorge Cuenca Barreno,21,45,0.0
321,Jorge Cuenca Barreno,22,90,3.0
321,Jorge Cuenca Barreno,23,90,4.0
321,Jorge Cuenca Barreno,24,85,1.0
321,Jorge Cuenca Barreno,25,90,2.0
321,Jorge Cuenca Barreno,26,0,0.0
321,Jorge Cuenca Barreno,27,2,1.0
321,Jorge Cuenca Barreno,28,1,1.0
321,Jorge Cuenca Barreno,29,0,0.0
322,Kenny Tete,6,0,0.0
322,Kenny Tete,7,0,0.0
322,Kenny Tete,8,0,0.0
322,Kenny Tete,9,90,2.0
322,Kenny Tete,10,90,6.0
322,Kenny Tete,11,90,3.0
322,Kenny Tete,12,90,6.0
322,Kenny Tete,13,90,12.0
322,Kenny Tete,14,45,0.0
322,Kenny Tete,15,90,3.0
322,Kenny Tete,16,90,2.0
322,Kenny Tete,17,90,9.0
322,Kenny Tete,18,81,6.0
322,Kenny Tete,19,50,1.0
322,Kenny Tete,20,0,0.0
322,Kenny Tete,21,0,0.0
322,Kenny Tete,22,0,0.0
322,Kenny Tete,23,0,0.0
322,Kenny Tete,24,0,0.0
322,Kenny Tete,25,7,1.0
322,Kenny Tete,26,90,1.0
322,Kenny Tete,27,87,4.0
322,Kenny Tete,28,90,2.0
322,Kenny Tete,29,81,2.0
323,Samuel Amissah,6,0,0.0
323,Samuel Amissah,7,0,0.0
323,Samuel Amissah,8,0,0.0
323,Samuel Amissah,9,0,0.0
323,Samuel Amissah,10,0,0.0
323,Samuel Amissah,11,0,0.0
323,Samuel Amissah,12,0,0.0
323,Samuel Amissah,13,0,0.0
323,Samuel Amissah,14,0,0.0
323,Samuel Amissah,15,0,0.0
323,Samuel Amissah,16,0,0.0
323,Samuel Amissah,17,0,0.0
323,Samuel Amissah,18,0,0.0
323,Samuel Amissah,19,0,0.0
323,Samuel Amissah,20,0,0.0
323,Samuel Amissah,21,0,0.0
323,Samuel Amissah,22,0,0.0
323,Samuel Amissah,23,0,0.0
323,Samuel Amissah,24,0,0.0
323,Samuel Amissah,25,0,0.0
323,Samuel Amissah,26,0,0.0
323,Samuel Amissah,27,0,0.0
323,Samuel Amissah,28,0,0.0
323,Samuel Amissah,29,0,0.0
324,Alex Iwobi,6,64,2.0
324,Alex Iwobi,7,85,2.0
324,Alex Iwobi,8,90,4.0
324,Alex Iwobi,9,90,1.0
324,Alex Iwobi,10,88,3.0
324,Alex Iwobi,11,90,2.0
324,Alex Iwobi,12,88,3.0
324,Alex Iwobi,13,86,2.0
324,Alex Iwobi,14,90,7.0
324,Alex Iwobi,15,88,2.0
324,Alex Iwobi,16,78,2.0
324,Alex Iwobi,17,0,0.0
324,Alex Iwobi,18,0,0.0
324,Alex Iwobi,19,0,0.0
324,Alex Iwobi,20,0,0.0
324,Alex Iwobi,21,0,0.0
324,Alex Iwobi,22,0,0.0
324,Alex Iwobi,23,87,2.0
324,Alex Iwobi,24,90,2.0
324,Alex Iwobi,25,90,4.0
324,Alex Iwobi,26,90,2.0
324,Alex Iwobi,27,87,13.0
324,Alex Iwobi,28,89,10.0
324,Alex Iwobi,29,90,2.0
325,Emile Smith Rowe,6,25,1.0
325,Emile Smith Rowe,7,4,1.0
325,Emile Smith Rowe,8,26,1.0
325,Emile Smith Rowe,9,45,1.0
325,Emile Smith Rowe,10,18,1.0
325,Emile Smith Rowe,11,3,1.0
325,Emile Smith Rowe,12,26,1.0
325,Emile Smith Rowe,13,22,1.0
325,Emile Smith Rowe,14,73,7.0
325,Emile Smith Rowe,15,67,2.0
325,Emile Smith Rowe,16,88,8.0
325,Emile Smith Rowe,17,84,3.0
325,Emile Smith Rowe,18,81,3.0
325,Emile Smith Rowe,19,90,1.0
325,Emile Smith Rowe,20,73,2.0
325,Emile Smith Rowe,21,82,5.0
325,Emile Smith Rowe,22,76,3.0
325,Emile Smith Rowe,23,68,2.0
325,Emile Smith Rowe,24,70,2.0
325,Emile Smith Rowe,25,82,2.0
325,Emile Smith Rowe,26,59,1.0
325,Emile Smith Rowe,27,87,2.0
325,Emile Smith Rowe,28,71,2.0
325,Emile Smith Rowe,29,29,1.0
326,Adama Traoré Diarra,6,79,2.0
326,Adama Traoré Diarra,7,4,1.0
326,Adama Traoré Diarra,8,8,1.0
326,Adama Traoré Diarra,9,75,2.0
326,Adama Traoré Diarra,10,1,1.0
326,Adama Traoré Diarra,11,15,1.0
326,Adama Traoré Diarra,12,0,0.0
326,Adama Traoré Diarra,13,0,0.0
326,Adama Traoré Diarra,14,0,0.0
326,Adama Traoré Diarra,15,1,1.0
326,Adama Traoré Diarra,16,1,1.0
326,Adama Traoré Diarra,17,6,1.0
326,Adama Traoré Diarra,18,0,0.0
326,Adama Traoré Diarra,19,5,1.0
326,Adama Traoré Diarra,20,5,1.0
326,Adama Traoré Diarra,21,1,1.0
326,Adama Traoré Diarra,22,0,0.0
326,Adama Traoré Diarra,23,0,0.0
326,Adama Traoré Diarra,24,9,0.0
326,Adama Traoré Diarra,25,1,1.0
326,Adama Traoré Diarra,26,1,1.0
326,Adama Traoré Diarra,27,0,0.0
326,Adama Traoré Diarra,28,14,1.0
326,Adama Traoré Diarra,29,2,1.0
327,Andreas Hoelgebaum Pereira,6,0,0.0
327,Andreas Hoelgebaum Pereira,7,0,0.0
327,Andreas Hoelgebaum Pereira,8,0,0.0
327,Andreas Hoelgebaum Pereira,9,0,0.0
327,Andreas Hoelgebaum Pereira,10,0,0.0
327,Andreas Hoelgebaum Pereira,11,0,0.0
327,Andreas Hoelgebaum Pereira,12,0,0.0
327,Andreas Hoelgebaum Pereira,13,0,0.0
327,Andreas Hoelgebaum Pereira,14,0,0.0
327,Andreas Hoelgebaum Pereira,15,0,0.0
327,Andreas Hoelgebaum Pereira,16,0,0.0
327,Andreas Hoelgebaum Pereira,17,0,0.0
327,Andreas Hoelgebaum Pereira,18,0,0.0
327,Andreas Hoelgebaum Pereira,19,0,0.0
327,Andreas Hoelgebaum Pereira,20,0,0.0
327,Andreas Hoelgebaum Pereira,21,0,0.0
327,Andreas Hoelgebaum Pereira,22,0,0.0
327,Andreas Hoelgebaum Pereira,23,0,0.0
327,Andreas Hoelgebaum Pereira,24,0,0.0
327,Andreas Hoelgebaum Pereira,25,0,0.0
327,Andreas Hoelgebaum Pereira,26,0,0.0
327,Andreas Hoelgebaum Pereira,27,0,0.0
327,Andreas Hoelgebaum Pereira,28,0,0.0
327,Andreas Hoelgebaum Pereira,29,0,0.0
328,Ryan Sessegnon,6,79,2.0
328,Ryan Sessegnon,7,90,9.0
328,Ryan Sessegnon,8,90,2.0
328,Ryan Sessegnon,9,90,4.0
328,Ryan Sessegnon,10,90,14.0
328,Ryan Sessegnon,11,90,4.0
328,Ryan Sessegnon,12,90,3.0
328,Ryan Sessegnon,13,90,4.0
328,Ryan Sessegnon,14,90,2.0
328,Ryan Sessegnon,15,0,0.0
328,Ryan Sessegnon,16,0,0.0
328,Ryan Sessegnon,17,0,0.0
328,Ryan Sessegnon,18,0,0.0
328,Ryan Sessegnon,19,0,0.0
328,Ryan Sessegnon,20,0,0.0
328,Ryan Sessegnon,21,17,1.0
328,Ryan Sessegnon,22,64,3.0
328,Ryan Sessegnon,23,31,1.0
328,Ryan Sessegnon,24,19,4.0
328,Ryan Sessegnon,25,90,2.0
328,Ryan Sessegnon,26,90,4.0
328,Ryan Sessegnon,27,90,2.0
328,Ryan Sessegnon,28,90,4.0
328,Ryan Sessegnon,29,8,1.0
329,Harry Wilson,6,79,1.0
329,Harry Wilson,7,66,3.0
329,Harry Wilson,8,81,2.0
329,Harry Wilson,9,0,0.0
329,Harry Wilson,10,76,10.0
329,Harry Wilson,11,58,1.0
329,Harry Wilson,12,90,2.0
329,Harry Wilson,13,67,10.0
329,Harry Wilson,14,81,8.0
329,Harry Wilson,15,88,8.0
329,Harry Wilson,16,88,16.0
329,Harry Wilson,17,83,2.0
329,Harry Wilson,18,90,5.0
329,Harry Wilson,19,84,2.0
329,Harry Wilson,20,84,6.0
329,Harry Wilson,21,90,9.0
329,Harry Wilson,22,87,2.0
329,Harry Wilson,23,90,10.0
329,Harry Wilson,24,90,2.0
329,Harry Wilson,25,90,2.0
329,Harry Wilson,26,71,2.0
329,Harry Wilson,27,90,8.0
329,Harry Wilson,28,71,12.0
329,Harry Wilson,29,0,0.0
330,Sander Berge,6,90,2.0
330,Sander Berge,7,90,2.0
330,Sander Berge,8,90,2.0
330,Sander Berge,9,90,2.0
330,Sander Berge,10,90,5.0
330,Sander Berge,11,90,2.0
330,Sander Berge,12,90,3.0
330,Sander Berge,13,90,2.0
330,Sander Berge,14,90,0.0
330,Sander Berge,15,75,2.0
330,Sander Berge,16,90,2.0
330,Sander Berge,17,65,2.0
330,Sander Berge,18,90,3.0
330,Sander Berge,19,67,2.0
330,Sander Berge,20,16,1.0
330,Sander Berge,21,90,10.0
330,Sander Berge,22,90,2.0
330,Sander Berge,23,90,1.0
330,Sander Berge,24,90,2.0
330,Sander Berge,25,90,2.0
330,Sander Berge,26,80,2.0
330,Sander Berge,27,90,4.0
330,Sander Berge,28,90,2.0
330,Sander Berge,29,81,4.0
331,Tom Cairney,6,0,0.0
331,Tom Cairney,7,76,2.0
331,Tom Cairney,8,63,2.0
331,Tom Cairney,9,5,1.0
331,Tom Cairney,10,18,1.0
331,Tom Cairney,11,0,0.0
331,Tom Cairney,12,0,0.0
331,Tom Cairney,13,0,0.0
331,Tom Cairney,14,0,0.0
331,Tom Cairney,15,2,1.0
331,Tom Cairney,16,0,0.0
331,Tom Cairney,17,24,1.0
331,Tom Cairney,18,8,1.0
331,Tom Cairney,19,22,6.0
331,Tom Cairney,20,73,2.0
331,Tom Cairney,21,72,2.0
331,Tom Cairney,22,24,1.0
331,Tom Cairney,23,21,1.0
331,Tom Cairney,24,11,1.0
331,Tom Cairney,25,0,0.0
331,Tom Cairney,26,0,0.0
331,Tom Cairney,27,2,1.0
331,Tom Cairney,28,18,0.0
331,Tom Cairney,29,60,3.0
332,Saša Lukić,6,90,4.0
332,Saša Lukić,7,13,1.0
332,Saša Lukić,8,0,0.0
332,Saša Lukić,9,84,9.0
332,Saša Lukić,10,0,0.0
332,Saša Lukić,11,45,0.0
332,Saša Lukić,12,0,0.0
332,Saša Lukić,13,22,1.0
332,Saša Lukić,14,45,1.0
332,Saša Lukić,15,14,1.0
332,Saša Lukić,16,11,1.0
332,Saša Lukić,17,90,5.0
332,Saša Lukić,18,87,3.0
332,Saša Lukić,19,90,6.0
332,Saša Lukić,20,90,2.0
332,Saša Lukić,21,17,1.0
332,Saša Lukić,22,65,2.0
332,Saša Lukić,23,0,0.0
332,Saša Lukić,24,0,0.0
332,Saša Lukić,25,0,0.0
332,Saša Lukić,26,0,0.0
332,Saša Lukić,27,0,0.0
332,Saša Lukić,28,0,0.0
332,Saša Lukić,29,0,0.0
333,Martial Godo,6,0,0.0
333,Martial Godo,7,0,0.0
333,Martial Godo,8,0,0.0
333,Martial Godo,9,0,0.0
333,Martial Godo,10,0,0.0
333,Martial Godo,11,0,0.0
333,Martial Godo,12,0,0.0
333,Martial Godo,13,0,0.0
333,Martial Godo,14,0,0.0
333,Martial Godo,15,0,0.0
333,Martial Godo,16,0,0.0
333,Martial Godo,17,0,0.0
333,Martial Godo,18,0,0.0
333,Martial Godo,19,0,0.0
333,Martial Godo,20,0,0.0
333,Martial Godo,21,0,0.0
333,Martial Godo,22,0,0.0
333,Martial Godo,23,0,0.0
333,Martial Godo,24,0,0.0
333,Martial Godo,25,0,0.0
333,Martial Godo,26,0,0.0
333,Martial Godo,27,0,0.0
333,Martial Godo,28,0,0.0
333,Martial Godo,29,0,0.0
334,Luke Harris,6,0,0.0
334,Luke Harris,7,0,0.0
334,Luke Harris,8,0,0.0
334,Luke Harris,9,0,0.0
334,Luke Harris,10,0,0.0
334,Luke Harris,11,0,0.0
334,Luke Harris,12,0,0.0
334,Luke Harris,13,0,0.0
334,Luke Harris,14,0,0.0
334,Luke Harris,15,0,0.0
334,Luke Harris,16,0,0.0
334,Luke Harris,17,0,0.0
334,Luke Harris,18,0,0.0
334,Luke Harris,19,0,0.0
334,Luke Harris,20,0,0.0
334,Luke Harris,21,0,0.0
334,Luke Harris,22,0,0.0
334,Luke Harris,23,0,0.0
334,Luke Harris,24,0,0.0
334,Luke Harris,25,0,0.0
334,Luke Harris,26,0,0.0
334,Luke Harris,27,0,0.0
334,Luke Harris,28,0,0.0
334,Luke Harris,29,0,0.0
335,Josh King,6,64,1.0
335,Josh King,7,66,3.0
335,Josh King,8,62,2.0
335,Josh King,9,14,1.0
335,Josh King,10,71,3.0
335,Josh King,11,45,1.0
335,Josh King,12,63,3.0
335,Josh King,13,67,5.0
335,Josh King,14,16,1.0
335,Josh King,15,14,1.0
335,Josh King,16,11,1.0
335,Josh King,17,12,1.0
335,Josh King,18,21,0.0
335,Josh King,19,0,0.0
335,Josh King,20,0,0.0
335,Josh King,21,0,0.0
335,Josh King,22,13,1.0
335,Josh King,23,2,4.0
335,Josh King,24,0,0.0
335,Josh King,25,0,0.0
335,Josh King,26,30,1.0
335,Josh King,27,0,0.0
335,Josh King,28,16,1.0
335,Josh King,29,60,3.0
336,Harrison Reed,6,0,0.0
336,Harrison Reed,7,0,0.0
336,Harrison Reed,8,0,0.0
336,Harrison Reed,9,0,0.0
336,Harrison Reed,10,0,0.0
336,Harrison Reed,11,0,0.0
336,Harrison Reed,12,1,1.0
336,Harrison Reed,13,0,0.0
336,Harrison Reed,14,0,0.0
336,Harrison Reed,15,0,0.0
336,Harrison Reed,16,0,0.0
336,Harrison Reed,17,0,0.0
336,Harrison Reed,18,0,0.0
336,Harrison Reed,19,5,1.0
336,Harrison Reed,20,1,8.0
336,Harrison Reed,21,7,1.0
336,Harrison Reed,22,0,0.0
336,Harrison Reed,23,0,0.0
336,Harrison Reed,24,0,0.0
336,Harrison Reed,25,0,0.0
336,Harrison Reed,26,9,1.0
336,Harrison Reed,27,0,0.0
336,Harrison Reed,28,0,0.0
336,Harrison Reed,29,0,0.0
337,Raúl Jiménez Rodríguez,6,10,6.0
337,Raúl Jiménez Rodríguez,7,0,0.0
337,Raúl Jiménez Rodríguez,8,90,2.0
337,Raúl Jiménez Rodríguez,9,90,5.0
337,Raúl Jiménez Rodríguez,10,71,5.0
337,Raúl Jiménez Rodríguez,11,57,1.0
337,Raúl Jiménez Rodríguez,12,90,6.0
337,Raúl Jiménez Rodríguez,13,90,1.0
337,Raúl Jiménez Rodríguez,14,73,2.0
337,Raúl Jiménez Rodríguez,15,90,5.0
337,Raúl Jiménez Rodríguez,16,78,2.0
337,Raúl Jiménez Rodríguez,17,84,5.0
337,Raúl Jiménez Rodríguez,18,90,9.0
337,Raúl Jiménez Rodríguez,19,90,2.0
337,Raúl Jiménez Rodríguez,20,84,5.0
337,Raúl Jiménez Rodríguez,21,90,5.0
337,Raúl Jiménez Rodríguez,22,87,2.0
337,Raúl Jiménez Rodríguez,23,90,2.0
337,Raúl Jiménez Rodríguez,24,90,6.0
337,Raúl Jiménez Rodríguez,25,74,5.0
337,Raúl Jiménez Rodríguez,26,59,1.0
337,Raúl Jiménez Rodríguez,27,64,11.0
337,Raúl Jiménez Rodríguez,28,72,2.0
337,Raúl Jiménez Rodríguez,29,59,1.0
338,Rodrigo Muniz Carvalho,6,0,0.0
338,Rodrigo Muniz Carvalho,7,0,0.0
338,Rodrigo Muniz Carvalho,8,0,0.0
338,Rodrigo Muniz Carvalho,9,0,0.0
338,Rodrigo Muniz Carvalho,10,18,1.0
338,Rodrigo Muniz Carvalho,11,16,1.0
338,Rodrigo Muniz Carvalho,12,0,0.0
338,Rodrigo Muniz Carvalho,13,0,0.0
338,Rodrigo Muniz Carvalho,14,0,0.0
338,Rodrigo Muniz Carvalho,15,0,0.0
338,Rodrigo Muniz Carvalho,16,0,0.0
338,Rodrigo Muniz Carvalho,17,0,0.0
338,Rodrigo Muniz Carvalho,18,0,0.0
338,Rodrigo Muniz Carvalho,19,0,0.0
338,Rodrigo Muniz Carvalho,20,0,0.0
338,Rodrigo Muniz Carvalho,21,0,0.0
338,Rodrigo Muniz Carvalho,22,0,0.0
338,Rodrigo Muniz Carvalho,23,0,0.0
338,Rodrigo Muniz Carvalho,24,0,0.0
338,Rodrigo Muniz Carvalho,25,15,1.0
338,Rodrigo Muniz Carvalho,26,30,1.0
338,Rodrigo Muniz Carvalho,27,25,1.0
338,Rodrigo Muniz Carvalho,28,17,1.0
338,Rodrigo Muniz Carvalho,29,30,1.0
339,Illan Meslier,6,0,0.0
339,Illan Meslier,7,0,0.0
339,Illan Meslier,8,0,0.0
339,Illan Meslier,9,0,0.0
339,Illan Meslier,10,0,0.0
339,Illan Meslier,11,0,0.0
339,Illan Meslier,12,0,0.0
339,Illan Meslier,13,0,0.0
339,Illan Meslier,14,0,0.0
339,Illan Meslier,15,0,0.0
339,Illan Meslier,16,0,0.0
339,Illan Meslier,17,0,0.0
339,Illan Meslier,18,0,0.0
339,Illan Meslier,19,0,0.0
339,Illan Meslier,20,0,0.0
339,Illan Meslier,21,0,0.0
339,Illan Meslier,22,0,0.0
339,Illan Meslier,23,0,0.0
339,Illan Meslier,24,0,0.0
339,Illan Meslier,25,0,0.0
339,Illan Meslier,26,0,0.0
339,Illan Meslier,27,0,0.0
339,Illan Meslier,28,0,0.0
339,Illan Meslier,29,0,0.0
340,Alex Cairns,6,0,0.0
340,Alex Cairns,7,0,0.0
340,Alex Cairns,8,0,0.0
340,Alex Cairns,9,0,0.0
340,Alex Cairns,10,0,0.0
340,Alex Cairns,11,0,0.0
340,Alex Cairns,12,0,0.0
340,Alex Cairns,13,0,0.0
340,Alex Cairns,14,0,0.0
340,Alex Cairns,15,0,0.0
340,Alex Cairns,16,0,0.0
340,Alex Cairns,17,0,0.0
340,Alex Cairns,18,0,0.0
340,Alex Cairns,19,0,0.0
340,Alex Cairns,20,0,0.0
340,Alex Cairns,21,0,0.0
340,Alex Cairns,22,0,0.0
340,Alex Cairns,23,0,0.0
340,Alex Cairns,24,0,0.0
340,Alex Cairns,25,0,0.0
340,Alex Cairns,26,0,0.0
340,Alex Cairns,27,0,0.0
340,Alex Cairns,28,0,0.0
340,Alex Cairns,29,0,0.0
341,Karl Darlow,6,90,2.0
341,Karl Darlow,7,90,1.0
341,Karl Darlow,8,90,1.0
341,Karl Darlow,9,0,0.0
341,Karl Darlow,10,0,0.0
341,Karl Darlow,11,0,0.0
341,Karl Darlow,12,0,0.0
341,Karl Darlow,13,0,0.0
341,Karl Darlow,14,0,0.0
341,Karl Darlow,15,0,0.0
341,Karl Darlow,16,0,0.0
341,Karl Darlow,17,0,0.0
341,Karl Darlow,18,0,0.0
341,Karl Darlow,19,0,0.0
341,Karl Darlow,20,0,0.0
341,Karl Darlow,21,0,0.0
341,Karl Darlow,22,90,6.0
341,Karl Darlow,23,90,2.0
341,Karl Darlow,24,90,1.0
341,Karl Darlow,25,90,3.0
341,Karl Darlow,26,90,1.0
341,Karl Darlow,27,90,2.0
341,Karl Darlow,28,90,3.0
341,Karl Darlow,29,90,2.0
342,Jayden Bogle,6,90,3.0
342,Jayden Bogle,7,88,3.0
342,Jayden Bogle,8,90,1.0
342,Jayden Bogle,9,90,2.0
342,Jayden Bogle,10,76,1.0
342,Jayden Bogle,11,90,1.0
342,Jayden Bogle,12,90,0.0
342,Jayden Bogle,13,90,1.0
342,Jayden Bogle,14,86,5.0
342,Jayden Bogle,15,90,0.0
342,Jayden Bogle,16,90,2.0
342,Jayden Bogle,17,79,6.0
342,Jayden Bogle,18,90,2.0
342,Jayden Bogle,19,7,1.0
342,Jayden Bogle,20,0,0.0
342,Jayden Bogle,21,0,0.0
342,Jayden Bogle,22,80,6.0
342,Jayden Bogle,23,90,2.0
342,Jayden Bogle,24,90,0.0
342,Jayden Bogle,25,90,8.0
342,Jayden Bogle,26,90,4.0
342,Jayden Bogle,27,90,1.0
342,Jayden Bogle,28,75,2.0
342,Jayden Bogle,29,83,2.0
343,Pascal Struijk,6,90,3.0
343,Pascal Struijk,7,90,1.0
343,Pascal Struijk,8,90,0.0
343,Pascal Struijk,9,0,0.0
343,Pascal Struijk,10,0,0.0
343,Pascal Struijk,11,8,1.0
343,Pascal Struijk,12,90,0.0
343,Pascal Struijk,13,90,3.0
343,Pascal Struijk,14,90,2.0
343,Pascal Struijk,15,90,0.0
343,Pascal Struijk,16,90,4.0
343,Pascal Struijk,17,90,4.0
343,Pascal Struijk,18,90,2.0
343,Pascal Struijk,19,90,8.0
343,Pascal Struijk,20,90,8.0
343,Pascal Struijk,21,90,2.0
343,Pascal Struijk,22,90,6.0
343,Pascal Struijk,23,90,4.0
343,Pascal Struijk,24,90,2.0
343,Pascal Struijk,25,90,4.0
343,Pascal Struijk,26,0,0.0
343,Pascal Struijk,27,90,2.0
343,Pascal Struijk,28,90,2.0
343,Pascal Struijk,29,90,2.0
344,Jaka Bijol,6,0,0.0
344,Jaka Bijol,7,0,0.0
344,Jaka Bijol,8,0,0.0
344,Jaka Bijol,9,90,4.0
344,Jaka Bijol,10,90,1.0
344,Jaka Bijol,11,81,1.0
344,Jaka Bijol,12,0,0.0
344,Jaka Bijol,13,45,1.0
344,Jaka Bijol,14,90,12.0
344,Jaka Bijol,15,64,1.0
344,Jaka Bijol,16,72,2.0
344,Jaka Bijol,17,90,5.0
344,Jaka Bijol,18,90,2.0
344,Jaka Bijol,19,90,7.0
344,Jaka Bijol,20,90,4.0
344,Jaka Bijol,21,90,3.0
344,Jaka Bijol,22,0,0.0
344,Jaka Bijol,23,0,0.0
344,Jaka Bijol,24,0,0.0
344,Jaka Bijol,25,0,0.0
344,Jaka Bijol,26,90,3.0
344,Jaka Bijol,27,45,0.0
344,Jaka Bijol,28,3,1.0
344,Jaka Bijol,29,6,1.0
345,Sebastiaan Bornauw,6,0,0.0
345,Sebastiaan Bornauw,7,0,0.0
345,Sebastiaan Bornauw,8,0,0.0
345,Sebastiaan Bornauw,9,0,0.0
345,Sebastiaan Bornauw,10,0,0.0
345,Sebastiaan Bornauw,11,0,0.0
345,Sebastiaan Bornauw,12,0,0.0
345,Sebastiaan Bornauw,13,0,0.0
345,Sebastiaan Bornauw,14,1,1.0
345,Sebastiaan Bornauw,15,1,1.0
345,Sebastiaan Bornauw,16,0,0.0
345,Sebastiaan Bornauw,17,0,0.0
345,Sebastiaan Bornauw,18,0,0.0
345,Sebastiaan Bornauw,19,82,6.0
345,Sebastiaan Bornauw,20,79,2.0
345,Sebastiaan Bornauw,21,1,1.0
345,Sebastiaan Bornauw,22,1,1.0
345,Sebastiaan Bornauw,23,84,4.0
345,Sebastiaan Bornauw,24,0,0.0
345,Sebastiaan Bornauw,25,1,1.0
345,Sebastiaan Bornauw,26,54,0.0
345,Sebastiaan Bornauw,27,0,0.0
345,Sebastiaan Bornauw,28,0,0.0
345,Sebastiaan Bornauw,29,0,0.0
346,Sam Byram,6,0,0.0
346,Sam Byram,7,0,0.0
346,Sam Byram,8,0,0.0
346,Sam Byram,9,0,0.0
346,Sam Byram,10,0,0.0
346,Sam Byram,11,0,0.0
346,Sam Byram,12,0,0.0
346,Sam Byram,13,0,0.0
346,Sam Byram,14,0,0.0
346,Sam Byram,15,0,0.0
346,Sam Byram,16,0,0.0
346,Sam Byram,17,0,0.0
346,Sam Byram,18,0,0.0
346,Sam Byram,19,0,0.0
346,Sam Byram,20,0,0.0
346,Sam Byram,21,0,0.0
346,Sam Byram,22,0,0.0
346,Sam Byram,23,0,0.0
346,Sam Byram,24,0,0.0
346,Sam Byram,25,0,0.0
346,Sam Byram,26,0,0.0
346,Sam Byram,27,0,0.0
346,Sam Byram,28,0,0.0
346,Sam Byram,29,0,0.0
347,Gabriel Gudmundsson,6,90,1.0
347,Gabriel Gudmundsson,7,78,1.0
347,Gabriel Gudmundsson,8,90,1.0
347,Gabriel Gudmundsson,9,43,1.0
347,Gabriel Gudmundsson,10,90,1.0
347,Gabriel Gudmundsson,11,81,1.0
347,Gabriel Gudmundsson,12,90,1.0
347,Gabriel Gudmundsson,13,21,1.0
347,Gabriel Gudmundsson,14,90,4.0
347,Gabriel Gudmundsson,15,90,0.0
347,Gabriel Gudmundsson,16,88,2.0
347,Gabriel Gudmundsson,17,90,2.0
347,Gabriel Gudmundsson,18,90,2.0
347,Gabriel Gudmundsson,19,90,8.0
347,Gabriel Gudmundsson,20,90,2.0
347,Gabriel Gudmundsson,21,90,0.0
347,Gabriel Gudmundsson,22,90,6.0
347,Gabriel Gudmundsson,23,0,0.0
347,Gabriel Gudmundsson,24,90,-1.0
347,Gabriel Gudmundsson,25,90,2.0
347,Gabriel Gudmundsson,26,90,0.0
347,Gabriel Gudmundsson,27,45,1.0
347,Gabriel Gudmundsson,28,90,2.0
347,Gabriel Gudmundsson,29,83,2.0
348,Joe Rodon,6,90,7.0
348,Joe Rodon,7,90,1.0
348,Joe Rodon,8,90,1.0
348,Joe Rodon,9,90,13.0
348,Joe Rodon,10,90,1.0
348,Joe Rodon,11,90,1.0
348,Joe Rodon,12,90,3.0
348,Joe Rodon,13,90,0.0
348,Joe Rodon,14,90,2.0
348,Joe Rodon,15,90,1.0
348,Joe Rodon,16,90,2.0
348,Joe Rodon,17,90,2.0
348,Joe Rodon,18,30,1.0
348,Joe Rodon,19,0,0.0
348,Joe Rodon,20,0,0.0
348,Joe Rodon,21,90,1.0
348,Joe Rodon,22,90,6.0
348,Joe Rodon,23,90,4.0
348,Joe Rodon,24,90,2.0
348,Joe Rodon,25,90,4.0
348,Joe Rodon,26,90,3.0
348,Joe Rodon,27,90,4.0
348,Joe Rodon,28,86,2.0
348,Joe Rodon,29,90,2.0
349,Isaac Schmidt,6,0,0.0
349,Isaac Schmidt,7,0,0.0
349,Isaac Schmidt,8,0,0.0
349,Isaac Schmidt,9,0,0.0
349,Isaac Schmidt,10,0,0.0
349,Isaac Schmidt,11,0,0.0
349,Isaac Schmidt,12,0,0.0
349,Isaac Schmidt,13,0,0.0
349,Isaac Schmidt,14,0,0.0
349,Isaac Schmidt,15,0,0.0
349,Isaac Schmidt,16,0,0.0
349,Isaac Schmidt,17,0,0.0
349,Isaac Schmidt,18,0,0.0
349,Isaac Schmidt,19,0,0.0
349,Isaac Schmidt,20,0,0.0
349,Isaac Schmidt,21,0,0.0
349,Isaac Schmidt,22,0,0.0
349,Isaac Schmidt,23,0,0.0
349,Isaac Schmidt,24,0,0.0
349,Isaac Schmidt,25,0,0.0
349,Isaac Schmidt,26,0,0.0
349,Isaac Schmidt,27,0,0.0
349,Isaac Schmidt,28,0,0.0
349,Isaac Schmidt,29,0,0.0
350,Brenden Aaronson,6,86,4.0
350,Brenden Aaronson,7,66,5.0
350,Brenden Aaronson,8,65,2.0
350,Brenden Aaronson,9,86,11.0
350,Brenden Aaronson,10,90,2.0
350,Brenden Aaronson,11,73,7.0
350,Brenden Aaronson,12,79,2.0
350,Brenden Aaronson,13,1,1.0
350,Brenden Aaronson,14,0,0.0
350,Brenden Aaronson,15,25,4.0
350,Brenden Aaronson,16,17,1.0
350,Brenden Aaronson,17,76,6.0
350,Brenden Aaronson,18,90,5.0
350,Brenden Aaronson,19,69,3.0
350,Brenden Aaronson,20,86,7.0
350,Brenden Aaronson,21,90,14.0
350,Brenden Aaronson,22,90,3.0
350,Brenden Aaronson,23,84,4.0
350,Brenden Aaronson,24,70,2.0
350,Brenden Aaronson,25,77,3.0
350,Brenden Aaronson,26,90,2.0
350,Brenden Aaronson,27,72,3.0
350,Brenden Aaronson,28,64,2.0
350,Brenden Aaronson,29,73,2.0
351,Wilfried Gnonto,6,0,0.0
351,Wilfried Gnonto,7,0,0.0
351,Wilfried Gnonto,8,0,0.0
351,Wilfried Gnonto,9,0,0.0
351,Wilfried Gnonto,10,0,0.0
351,Wilfried Gnonto,11,0,0.0
351,Wilfried Gnonto,12,10,0.0
351,Wilfried Gnonto,13,45,1.0
351,Wilfried Gnonto,14,0,0.0
351,Wilfried Gnonto,15,25,4.0
351,Wilfried Gnonto,16,17,4.0
351,Wilfried Gnonto,17,13,1.0
351,Wilfried Gnonto,18,5,1.0
351,Wilfried Gnonto,19,0,0.0
351,Wilfried Gnonto,20,10,1.0
351,Wilfried Gnonto,21,1,1.0
351,Wilfried Gnonto,22,20,1.0
351,Wilfried Gnonto,23,0,0.0
351,Wilfried Gnonto,24,9,1.0
351,Wilfried Gnonto,25,0,0.0
351,Wilfried Gnonto,26,0,0.0
351,Wilfried Gnonto,27,0,0.0
351,Wilfried Gnonto,28,15,1.0
351,Wilfried Gnonto,29,16,0.0
352,Jack Harrison,6,23,1.0
352,Jack Harrison,7,23,1.0
352,Jack Harrison,8,65,2.0
352,Jack Harrison,9,45,1.0
352,Jack Harrison,10,13,1.0
352,Jack Harrison,11,8,1.0
352,Jack Harrison,12,0,0.0
352,Jack Harrison,13,0,0.0
352,Jack Harrison,14,0,0.0
352,Jack Harrison,15,0,0.0
352,Jack Harrison,16,1,1.0
352,Jack Harrison,17,0,0.0
352,Jack Harrison,18,0,0.0
352,Jack Harrison,19,0,0.0
352,Jack Harrison,20,0,0.0
352,Jack Harrison,21,0,0.0
352,Jack Harrison,22,0,0.0
352,Jack Harrison,23,0,0.0
352,Jack Harrison,24,0,0.0
352,Jack Harrison,25,0,0.0
352,Jack Harrison,26,0,0.0
352,Jack Harrison,27,0,0.0
352,Jack Harrison,28,0,0.0
352,Jack Harrison,29,0,0.0
353,Daniel James,6,0,0.0
353,Daniel James,7,0,0.0
353,Daniel James,8,24,1.0
353,Daniel James,9,3,1.0
353,Daniel James,10,29,1.0
353,Daniel James,11,16,1.0
353,Daniel James,12,19,1.0
353,Daniel James,13,45,1.0
353,Daniel James,14,0,0.0
353,Daniel James,15,0,0.0
353,Daniel James,16,0,0.0
353,Daniel James,17,0,0.0
353,Daniel James,18,0,0.0
353,Daniel James,19,0,0.0
353,Daniel James,20,0,0.0
353,Daniel James,21,0,0.0
353,Daniel James,22,0,0.0
353,Daniel James,23,0,0.0
353,Daniel James,24,0,0.0
353,Daniel James,25,12,1.0
353,Daniel James,26,8,1.0
353,Daniel James,27,0,0.0
353,Daniel James,28,14,1.0
353,Daniel James,29,16,1.0
354,Ethan Ampadu,6,90,1.0
354,Ethan Ampadu,7,90,3.0
354,Ethan Ampadu,8,80,2.0
354,Ethan Ampadu,9,90,4.0
354,Ethan Ampadu,10,90,1.0
354,Ethan Ampadu,11,90,2.0
354,Ethan Ampadu,12,90,4.0
354,Ethan Ampadu,13,90,2.0
354,Ethan Ampadu,14,90,4.0
354,Ethan Ampadu,15,86,2.0
354,Ethan Ampadu,16,90,2.0
354,Ethan Ampadu,17,86,12.0
354,Ethan Ampadu,18,90,4.0
354,Ethan Ampadu,19,90,4.0
354,Ethan Ampadu,20,0,0.0
354,Ethan Ampadu,21,90,3.0
354,Ethan Ampadu,22,90,7.0
354,Ethan Ampadu,23,90,4.0
354,Ethan Ampadu,24,90,2.0
354,Ethan Ampadu,25,90,2.0
354,Ethan Ampadu,26,90,2.0
354,Ethan Ampadu,27,90,8.0
354,Ethan Ampadu,28,90,4.0
354,Ethan Ampadu,29,90,2.0
355,Sam Greenwood,6,0,0.0
355,Sam Greenwood,7,0,0.0
355,Sam Greenwood,8,0,0.0
355,Sam Greenwood,9,0,0.0
355,Sam Greenwood,10,0,0.0
355,Sam Greenwood,11,0,0.0
355,Sam Greenwood,12,0,0.0
355,Sam Greenwood,13,0,0.0
355,Sam Greenwood,14,0,0.0
355,Sam Greenwood,15,0,0.0
355,Sam Greenwood,16,0,0.0
355,Sam Greenwood,17,0,0.0
355,Sam Greenwood,18,0,0.0
355,Sam Greenwood,19,0,0.0
355,Sam Greenwood,20,0,0.0
355,Sam Greenwood,21,0,0.0
355,Sam Greenwood,22,0,0.0
355,Sam Greenwood,23,0,0.0
355,Sam Greenwood,24,0,0.0
355,Sam Greenwood,25,0,0.0
355,Sam Greenwood,26,0,0.0
355,Sam Greenwood,27,0,0.0
355,Sam Greenwood,28,0,0.0
355,Sam Greenwood,29,0,0.0
356,Ilia Gruev,6,0,0.0
356,Ilia Gruev,7,0,0.0
356,Ilia Gruev,8,0,0.0
356,Ilia Gruev,9,18,0.0
356,Ilia Gruev,10,0,0.0
356,Ilia Gruev,11,0,0.0
356,Ilia Gruev,12,0,0.0
356,Ilia Gruev,13,90,2.0
356,Ilia Gruev,14,23,1.0
356,Ilia Gruev,15,64,2.0
356,Ilia Gruev,16,0,0.0
356,Ilia Gruev,17,3,4.0
356,Ilia Gruev,18,0,0.0
356,Ilia Gruev,19,90,3.0
356,Ilia Gruev,20,79,2.0
356,Ilia Gruev,21,90,7.0
356,Ilia Gruev,22,80,3.0
356,Ilia Gruev,23,65,2.0
356,Ilia Gruev,24,45,1.0
356,Ilia Gruev,25,90,11.0
356,Ilia Gruev,26,90,2.0
356,Ilia Gruev,27,90,1.0
356,Ilia Gruev,28,74,2.0
356,Ilia Gruev,29,61,3.0
357,Largie Ramazani,6,0,0.0
357,Largie Ramazani,7,0,0.0
357,Largie Ramazani,8,0,0.0
357,Largie Ramazani,9,0,0.0
357,Largie Ramazani,10,0,0.0
357,Largie Ramazani,11,0,0.0
357,Largie Ramazani,12,0,0.0
357,Largie Ramazani,13,0,0.0
357,Largie Ramazani,14,0,0.0
357,Largie Ramazani,15,0,0.0
357,Largie Ramazani,16,0,0.0
357,Largie Ramazani,17,0,0.0
357,Largie Ramazani,18,0,0.0
357,Largie Ramazani,19,0,0.0
357,Largie Ramazani,20,0,0.0
357,Largie Ramazani,21,0,0.0
357,Largie Ramazani,22,0,0.0
357,Largie Ramazani,23,0,0.0
357,Largie Ramazani,24,0,0.0
357,Largie Ramazani,25,0,0.0
357,Largie Ramazani,26,0,0.0
357,Largie Ramazani,27,0,0.0
357,Largie Ramazani,28,0,0.0
357,Largie Ramazani,29,0,0.0
358,Tanaka Ao,6,3,1.0
358,Tanaka Ao,7,23,1.0
358,Tanaka Ao,8,9,1.0
358,Tanaka Ao,9,71,3.0
358,Tanaka Ao,10,60,2.0
358,Tanaka Ao,11,0,0.0
358,Tanaka Ao,12,47,2.0
358,Tanaka Ao,13,90,4.0
358,Tanaka Ao,14,66,9.0
358,Tanaka Ao,15,25,6.0
358,Tanaka Ao,16,72,2.0
358,Tanaka Ao,17,13,1.0
358,Tanaka Ao,18,59,1.0
358,Tanaka Ao,19,1,1.0
358,Tanaka Ao,20,10,1.0
358,Tanaka Ao,21,1,1.0
358,Tanaka Ao,22,9,1.0
358,Tanaka Ao,23,24,1.0
358,Tanaka Ao,24,0,0.0
358,Tanaka Ao,25,0,0.0
358,Tanaka Ao,26,0,0.0
358,Tanaka Ao,27,0,0.0
358,Tanaka Ao,28,0,0.0
358,Tanaka Ao,29,0,0.0
359,Charlie Crew,6,0,0.0
359,Charlie Crew,7,0,0.0
359,Charlie Crew,8,0,0.0
359,Charlie Crew,9,0,0.0
359,Charlie Crew,10,0,0.0
359,Charlie Crew,11,0,0.0
359,Charlie Crew,12,0,0.0
359,Charlie Crew,13,0,0.0
359,Charlie Crew,14,0,0.0
359,Charlie Crew,15,0,0.0
359,Charlie Crew,16,0,0.0
359,Charlie Crew,17,0,0.0
359,Charlie Crew,18,0,0.0
359,Charlie Crew,19,0,0.0
359,Charlie Crew,20,0,0.0
359,Charlie Crew,21,0,0.0
359,Charlie Crew,22,0,0.0
359,Charlie Crew,23,0,0.0
359,Charlie Crew,24,0,0.0
359,Charlie Crew,25,0,0.0
359,Charlie Crew,26,0,0.0
359,Charlie Crew,27,0,0.0
359,Charlie Crew,28,0,0.0
359,Charlie Crew,29,0,0.0
360,Joe Gelhardt,6,0,0.0
360,Joe Gelhardt,7,0,0.0
360,Joe Gelhardt,8,0,0.0
360,Joe Gelhardt,9,0,0.0
360,Joe Gelhardt,10,0,0.0
360,Joe Gelhardt,11,0,0.0
360,Joe Gelhardt,12,0,0.0
360,Joe Gelhardt,13,0,0.0
360,Joe Gelhardt,14,0,0.0
360,Joe Gelhardt,15,0,0.0
360,Joe Gelhardt,16,0,0.0
360,Joe Gelhardt,17,0,0.0
360,Joe Gelhardt,18,0,0.0
360,Joe Gelhardt,19,0,0.0
360,Joe Gelhardt,20,0,0.0
360,Joe Gelhardt,21,0,0.0
360,Joe Gelhardt,22,0,0.0
360,Joe Gelhardt,23,0,0.0
360,Joe Gelhardt,24,0,0.0
360,Joe Gelhardt,25,0,0.0
360,Joe Gelhardt,26,0,0.0
360,Joe Gelhardt,27,0,0.0
360,Joe Gelhardt,28,0,0.0
360,Joe Gelhardt,29,0,0.0
361,Darko Gyabi,6,0,0.0
361,Darko Gyabi,7,0,0.0
361,Darko Gyabi,8,0,0.0
361,Darko Gyabi,9,0,0.0
361,Darko Gyabi,10,0,0.0
361,Darko Gyabi,11,0,0.0
361,Darko Gyabi,12,0,0.0
361,Darko Gyabi,13,0,0.0
361,Darko Gyabi,14,0,0.0
361,Darko Gyabi,15,0,0.0
361,Darko Gyabi,16,0,0.0
361,Darko Gyabi,17,0,0.0
361,Darko Gyabi,18,0,0.0
361,Darko Gyabi,19,0,0.0
361,Darko Gyabi,20,0,0.0
361,Darko Gyabi,21,0,0.0
361,Darko Gyabi,22,0,0.0
361,Darko Gyabi,23,0,0.0
361,Darko Gyabi,24,0,0.0
361,Darko Gyabi,25,0,0.0
361,Darko Gyabi,26,0,0.0
361,Darko Gyabi,27,0,0.0
361,Darko Gyabi,28,0,0.0
361,Darko Gyabi,29,0,0.0
362,Joël Piroe,6,0,0.0
362,Joël Piroe,7,11,1.0
362,Joël Piroe,8,17,1.0
362,Joël Piroe,9,0,0.0
362,Joël Piroe,10,0,0.0
362,Joël Piroe,11,16,1.0
362,Joël Piroe,12,10,1.0
362,Joël Piroe,13,0,0.0
362,Joël Piroe,14,4,1.0
362,Joël Piroe,15,3,1.0
362,Joël Piroe,16,0,0.0
362,Joël Piroe,17,3,1.0
362,Joël Piroe,18,0,0.0
362,Joël Piroe,19,0,0.0
362,Joël Piroe,20,3,1.0
362,Joël Piroe,21,0,0.0
362,Joël Piroe,22,0,0.0
362,Joël Piroe,23,0,0.0
362,Joël Piroe,24,5,1.0
362,Joël Piroe,25,0,0.0
362,Joël Piroe,26,0,0.0
362,Joël Piroe,27,0,0.0
362,Joël Piroe,28,3,1.0
362,Joël Piroe,29,6,1.0
363,Patrick Bamford,6,0,0.0
363,Patrick Bamford,7,0,0.0
363,Patrick Bamford,8,0,0.0
363,Patrick Bamford,9,0,0.0
363,Patrick Bamford,10,0,0.0
363,Patrick Bamford,11,0,0.0
363,Patrick Bamford,12,0,0.0
363,Patrick Bamford,13,0,0.0
363,Patrick Bamford,14,0,0.0
363,Patrick Bamford,15,0,0.0
363,Patrick Bamford,16,0,0.0
363,Patrick Bamford,17,0,0.0
363,Patrick Bamford,18,0,0.0
363,Patrick Bamford,19,0,0.0
363,Patrick Bamford,20,0,0.0
363,Patrick Bamford,21,0,0.0
363,Patrick Bamford,22,0,0.0
363,Patrick Bamford,23,0,0.0
363,Patrick Bamford,24,0,0.0
363,Patrick Bamford,25,0,0.0
363,Patrick Bamford,26,0,0.0
363,Patrick Bamford,27,0,0.0
363,Patrick Bamford,28,0,0.0
363,Patrick Bamford,29,0,0.0
364,Mateo Joseph Fernández-Regatillo,6,0,0.0
364,Mateo Joseph Fernández-Regatillo,7,0,0.0
364,Mateo Joseph Fernández-Regatillo,8,0,0.0
364,Mateo Joseph Fernández-Regatillo,9,0,0.0
364,Mateo Joseph Fernández-Regatillo,10,0,0.0
364,Mateo Joseph Fernández-Regatillo,11,0,0.0
364,Mateo Joseph Fernández-Regatillo,12,0,0.0
364,Mateo Joseph Fernández-Regatillo,13,0,0.0
364,Mateo Joseph Fernández-Regatillo,14,0,0.0
364,Mateo Joseph Fernández-Regatillo,15,0,0.0
364,Mateo Joseph Fernández-Regatillo,16,0,0.0
364,Mateo Joseph Fernández-Regatillo,17,0,0.0
364,Mateo Joseph Fernández-Regatillo,18,0,0.0
364,Mateo Joseph Fernández-Regatillo,19,0,0.0
364,Mateo Joseph Fernández-Regatillo,20,0,0.0
364,Mateo Joseph Fernández-Regatillo,21,0,0.0
364,Mateo Joseph Fernández-Regatillo,22,0,0.0
364,Mateo Joseph Fernández-Regatillo,23,0,0.0
364,Mateo Joseph Fernández-Regatillo,24,0,0.0
364,Mateo Joseph Fernández-Regatillo,25,0,0.0
364,Mateo Joseph Fernández-Regatillo,26,0,0.0
364,Mateo Joseph Fernández-Regatillo,27,0,0.0
364,Mateo Joseph Fernández-Regatillo,28,0,0.0
364,Mateo Joseph Fernández-Regatillo,29,0,0.0
365,Lukas Nmecha,6,1,1.0
365,Lukas Nmecha,7,11,1.0
365,Lukas Nmecha,8,24,1.0
365,Lukas Nmecha,9,3,1.0
365,Lukas Nmecha,10,25,1.0
365,Lukas Nmecha,11,73,8.0
365,Lukas Nmecha,12,70,8.0
365,Lukas Nmecha,13,81,4.0
365,Lukas Nmecha,14,66,2.0
365,Lukas Nmecha,15,0,0.0
365,Lukas Nmecha,16,0,0.0
365,Lukas Nmecha,17,0,0.0
365,Lukas Nmecha,18,17,1.0
365,Lukas Nmecha,19,69,2.0
365,Lukas Nmecha,20,15,1.0
365,Lukas Nmecha,21,3,1.0
365,Lukas Nmecha,22,9,7.0
365,Lukas Nmecha,23,0,0.0
365,Lukas Nmecha,24,0,0.0
365,Lukas Nmecha,25,0,0.0
365,Lukas Nmecha,26,81,11.0
365,Lukas Nmecha,27,17,1.0
365,Lukas Nmecha,28,25,1.0
365,Lukas Nmecha,29,28,1.0
366,Alisson Becker,6,90,2.0
366,Alisson Becker,7,0,0.0
366,Alisson Becker,8,0,0.0
366,Alisson Becker,9,0,0.0
366,Alisson Becker,10,0,0.0
366,Alisson Becker,11,0,0.0
366,Alisson Becker,12,90,2.0
366,Alisson Becker,13,90,6.0
366,Alisson Becker,14,90,3.0
366,Alisson Becker,15,90,1.0
366,Alisson Becker,16,90,7.0
366,Alisson Becker,17,90,3.0
366,Alisson Becker,18,90,3.0
366,Alisson Becker,19,90,6.0
366,Alisson Becker,20,90,1.0
366,Alisson Becker,21,90,10.0
366,Alisson Becker,22,90,2.0
366,Alisson Becker,23,90,1.0
366,Alisson Becker,24,90,2.0
366,Alisson Becker,25,90,1.0
366,Alisson Becker,26,90,7.0
366,Alisson Becker,27,90,7.0
366,Alisson Becker,28,90,2.0
366,Alisson Becker,29,90,1.0
367,Giorgi Mamardashvili,6,0,0.0
367,Giorgi Mamardashvili,7,90,2.0
367,Giorgi Mamardashvili,8,90,1.0
367,Giorgi Mamardashvili,9,90,2.0
367,Giorgi Mamardashvili,10,90,7.0
367,Giorgi Mamardashvili,11,90,7.0
367,Giorgi Mamardashvili,12,0,0.0
367,Giorgi Mamardashvili,13,0,0.0
367,Giorgi Mamardashvili,14,0,0.0
367,Giorgi Mamardashvili,15,0,0.0
367,Giorgi Mamardashvili,16,0,0.0
367,Giorgi Mamardashvili,17,0,0.0
367,Giorgi Mamardashvili,18,0,0.0
367,Giorgi Mamardashvili,19,0,0.0
367,Giorgi Mamardashvili,20,0,0.0
367,Giorgi Mamardashvili,21,0,0.0
367,Giorgi Mamardashvili,22,0,0.0
367,Giorgi Mamardashvili,23,0,0.0
367,Giorgi Mamardashvili,24,0,0.0
367,Giorgi Mamardashvili,25,0,0.0
367,Giorgi Mamardashvili,26,0,0.0
367,Giorgi Mamardashvili,27,0,0.0
367,Giorgi Mamardashvili,28,0,0.0
367,Giorgi Mamardashvili,29,0,0.0
368,Ármin Pécsi,6,0,0.0
368,Ármin Pécsi,7,0,0.0
368,Ármin Pécsi,8,0,0.0
368,Ármin Pécsi,9,0,0.0
368,Ármin Pécsi,10,0,0.0
368,Ármin Pécsi,11,0,0.0
368,Ármin Pécsi,12,0,0.0
368,Ármin Pécsi,13,0,0.0
368,Ármin Pécsi,14,0,0.0
368,Ármin Pécsi,15,0,0.0
368,Ármin Pécsi,16,0,0.0
368,Ármin Pécsi,17,0,0.0
368,Ármin Pécsi,18,0,0.0
368,Ármin Pécsi,19,0,0.0
368,Ármin Pécsi,20,0,0.0
368,Ármin Pécsi,21,0,0.0
368,Ármin Pécsi,22,0,0.0
368,Ármin Pécsi,23,0,0.0
368,Ármin Pécsi,24,0,0.0
368,Ármin Pécsi,25,0,0.0
368,Ármin Pécsi,26,0,0.0
368,Ármin Pécsi,27,0,0.0
368,Ármin Pécsi,28,0,0.0
368,Ármin Pécsi,29,0,0.0
369,Freddie Woodman,6,0,0.0
369,Freddie Woodman,7,0,0.0
369,Freddie Woodman,8,0,0.0
369,Freddie Woodman,9,0,0.0
369,Freddie Woodman,10,0,0.0
369,Freddie Woodman,11,0,0.0
369,Freddie Woodman,12,0,0.0
369,Freddie Woodman,13,0,0.0
369,Freddie Woodman,14,0,0.0
369,Freddie Woodman,15,0,0.0
369,Freddie Woodman,16,0,0.0
369,Freddie Woodman,17,0,0.0
369,Freddie Woodman,18,0,0.0
369,Freddie Woodman,19,0,0.0
369,Freddie Woodman,20,0,0.0
369,Freddie Woodman,21,0,0.0
369,Freddie Woodman,22,0,0.0
369,Freddie Woodman,23,0,0.0
369,Freddie Woodman,24,0,0.0
369,Freddie Woodman,25,0,0.0
369,Freddie Woodman,26,0,0.0
369,Freddie Woodman,27,0,0.0
369,Freddie Woodman,28,0,0.0
369,Freddie Woodman,29,0,0.0
370,Jeremie Frimpong,6,16,1.0
370,Jeremie Frimpong,7,0,0.0
370,Jeremie Frimpong,8,5,1.0
370,Jeremie Frimpong,9,0,0.0
370,Jeremie Frimpong,10,0,0.0
370,Jeremie Frimpong,11,0,0.0
370,Jeremie Frimpong,12,0,0.0
370,Jeremie Frimpong,13,0,0.0
370,Jeremie Frimpong,14,0,0.0
370,Jeremie Frimpong,15,0,0.0
370,Jeremie Frimpong,16,0,0.0
370,Jeremie Frimpong,17,30,4.0
370,Jeremie Frimpong,18,90,5.0
370,Jeremie Frimpong,19,83,6.0
370,Jeremie Frimpong,20,14,4.0
370,Jeremie Frimpong,21,90,6.0
370,Jeremie Frimpong,22,90,2.0
370,Jeremie Frimpong,23,58,0.0
370,Jeremie Frimpong,24,0,0.0
370,Jeremie Frimpong,25,0,0.0
370,Jeremie Frimpong,26,0,0.0
370,Jeremie Frimpong,27,0,0.0
370,Jeremie Frimpong,28,13,4.0
370,Jeremie Frimpong,29,71,7.0
371,Milos Kerkez,6,90,1.0
371,Milos Kerkez,7,54,1.0
371,Milos Kerkez,8,90,1.0
371,Milos Kerkez,9,60,6.0
371,Milos Kerkez,10,0,0.0
371,Milos Kerkez,11,34,1.0
371,Milos Kerkez,12,67,1.0
371,Milos Kerkez,13,84,6.0
371,Milos Kerkez,14,4,1.0
371,Milos Kerkez,15,90,1.0
371,Milos Kerkez,16,90,7.0
371,Milos Kerkez,17,90,2.0
371,Milos Kerkez,18,90,2.0
371,Milos Kerkez,19,24,1.0
371,Milos Kerkez,20,90,1.0
371,Milos Kerkez,21,90,9.0
371,Milos Kerkez,22,77,1.0
371,Milos Kerkez,23,45,0.0
371,Milos Kerkez,24,90,5.0
371,Milos Kerkez,25,90,1.0
371,Milos Kerkez,26,0,0.0
371,Milos Kerkez,27,82,6.0
371,Milos Kerkez,28,90,1.0
371,Milos Kerkez,29,64,6.0
372,Andrew Robertson,6,0,0.0
372,Andrew Robertson,7,35,1.0
372,Andrew Robertson,8,0,0.0
372,Andrew Robertson,9,29,1.0
372,Andrew Robertson,10,90,8.0
372,Andrew Robertson,11,55,0.0
372,Andrew Robertson,12,22,1.0
372,Andrew Robertson,13,5,1.0
372,Andrew Robertson,14,85,2.0
372,Andrew Robertson,15,0,0.0
372,Andrew Robertson,16,12,1.0
372,Andrew Robertson,17,1,1.0
372,Andrew Robertson,18,0,0.0
372,Andrew Robertson,19,65,6.0
372,Andrew Robertson,20,0,0.0
372,Andrew Robertson,21,0,0.0
372,Andrew Robertson,22,12,1.0
372,Andrew Robertson,23,45,1.0
372,Andrew Robertson,24,0,0.0
372,Andrew Robertson,25,0,0.0
372,Andrew Robertson,26,90,8.0
372,Andrew Robertson,27,7,1.0
372,Andrew Robertson,28,0,0.0
372,Andrew Robertson,29,25,0.0
373,Virgil van Dijk,6,90,2.0
373,Virgil van Dijk,7,90,1.0
373,Virgil van Dijk,8,90,3.0
373,Virgil van Dijk,9,90,3.0
373,Virgil van Dijk,10,90,5.0
373,Virgil van Dijk,11,90,1.0
373,Virgil van Dijk,12,90,3.0
373,Virgil van Dijk,13,90,6.0
373,Virgil van Dijk,14,90,4.0
373,Virgil van Dijk,15,90,2.0
373,Virgil van Dijk,16,90,6.0
373,Virgil van Dijk,17,90,2.0
373,Virgil van Dijk,18,90,2.0
373,Virgil van Dijk,19,90,6.0
373,Virgil van Dijk,20,90,1.0
373,Virgil van Dijk,21,90,6.0
373,Virgil van Dijk,22,90,2.0
373,Virgil van Dijk,23,90,9.0
373,Virgil van Dijk,24,90,4.0
373,Virgil van Dijk,25,90,0.0
373,Virgil van Dijk,26,90,17.0
373,Virgil van Dijk,27,90,11.0
373,Virgil van Dijk,28,90,7.0
373,Virgil van Dijk,29,90,1.0
374,Ibrahima Konaté,6,73,3.0
374,Ibrahima Konaté,7,55,1.0
374,Ibrahima Konaté,8,90,3.0
374,Ibrahima Konaté,9,90,3.0
374,Ibrahima Konaté,10,90,8.0
374,Ibrahima Konaté,11,90,1.0
374,Ibrahima Konaté,12,54,0.0
374,Ibrahima Konaté,13,90,8.0
374,Ibrahima Konaté,14,90,4.0
374,Ibrahima Konaté,15,90,1.0
374,Ibrahima Konaté,16,90,9.0
374,Ibrahima Konaté,17,90,1.0
374,Ibrahima Konaté,18,90,2.0
374,Ibrahima Konaté,19,90,7.0
374,Ibrahima Konaté,20,90,1.0
374,Ibrahima Konaté,21,90,7.0
374,Ibrahima Konaté,22,90,2.0
374,Ibrahima Konaté,23,0,0.0
374,Ibrahima Konaté,24,90,11.0
374,Ibrahima Konaté,25,90,1.0
374,Ibrahima Konaté,26,90,6.0
374,Ibrahima Konaté,27,90,9.0
374,Ibrahima Konaté,28,90,1.0
374,Ibrahima Konaté,29,78,2.0
375,Conor Bradley,6,45,1.0
375,Conor Bradley,7,45,0.0
375,Conor Bradley,8,61,2.0
375,Conor Bradley,9,61,4.0
375,Conor Bradley,10,90,6.0
375,Conor Bradley,11,82,0.0
375,Conor Bradley,12,0,0.0
375,Conor Bradley,13,0,0.0
375,Conor Bradley,14,0,0.0
375,Conor Bradley,15,67,5.0
375,Conor Bradley,16,0,0.0
375,Conor Bradley,17,45,1.0
375,Conor Bradley,18,29,1.0
375,Conor Bradley,19,78,6.0
375,Conor Bradley,20,90,8.0
375,Conor Bradley,21,90,6.0
375,Conor Bradley,22,0,0.0
375,Conor Bradley,23,0,0.0
375,Conor Bradley,24,0,0.0
375,Conor Bradley,25,0,0.0
375,Conor Bradley,26,0,0.0
375,Conor Bradley,27,0,0.0
375,Conor Bradley,28,0,0.0
375,Conor Bradley,29,0,0.0
376,Joe Gomez,6,0,0.0
376,Joe Gomez,7,0,0.0
376,Joe Gomez,8,0,0.0
376,Joe Gomez,9,7,1.0
376,Joe Gomez,10,0,0.0
376,Joe Gomez,11,7,1.0
376,Joe Gomez,12,0,0.0
376,Joe Gomez,13,90,11.0
376,Joe Gomez,14,64,5.0
376,Joe Gomez,15,22,-1.0
376,Joe Gomez,16,25,4.0
376,Joe Gomez,17,0,0.0
376,Joe Gomez,18,0,0.0
376,Joe Gomez,19,0,0.0
376,Joe Gomez,20,1,1.0
376,Joe Gomez,21,1,1.0
376,Joe Gomez,22,0,0.0
376,Joe Gomez,23,33,0.0
376,Joe Gomez,24,0,0.0
376,Joe Gomez,25,0,0.0
376,Joe Gomez,26,21,1.0
376,Joe Gomez,27,7,1.0
376,Joe Gomez,28,76,1.0
376,Joe Gomez,29,18,0.0
377,Konstantinos Tsimikas,6,0,0.0
377,Konstantinos Tsimikas,7,0,0.0
377,Konstantinos Tsimikas,8,0,0.0
377,Konstantinos Tsimikas,9,0,0.0
377,Konstantinos Tsimikas,10,0,0.0
377,Konstantinos Tsimikas,11,0,0.0
377,Konstantinos Tsimikas,12,0,0.0
377,Konstantinos Tsimikas,13,0,0.0
377,Konstantinos Tsimikas,14,0,0.0
377,Konstantinos Tsimikas,15,0,0.0
377,Konstantinos Tsimikas,16,0,0.0
377,Konstantinos Tsimikas,17,0,0.0
377,Konstantinos Tsimikas,18,0,0.0
377,Konstantinos Tsimikas,19,0,0.0
377,Konstantinos Tsimikas,20,0,0.0
377,Konstantinos Tsimikas,21,0,0.0
377,Konstantinos Tsimikas,22,0,0.0
377,Konstantinos Tsimikas,23,0,0.0
377,Konstantinos Tsimikas,24,0,0.0
377,Konstantinos Tsimikas,25,0,0.0
377,Konstantinos Tsimikas,26,0,0.0
377,Konstantinos Tsimikas,27,0,0.0
377,Konstantinos Tsimikas,28,0,0.0
377,Konstantinos Tsimikas,29,0,0.0
378,Amara Nallo,6,0,0.0
378,Amara Nallo,7,0,0.0
378,Amara Nallo,8,0,0.0
378,Amara Nallo,9,0,0.0
378,Amara Nallo,10,0,0.0
378,Amara Nallo,11,0,0.0
378,Amara Nallo,12,0,0.0
378,Amara Nallo,13,0,0.0
378,Amara Nallo,14,0,0.0
378,Amara Nallo,15,0,0.0
378,Amara Nallo,16,0,0.0
378,Amara Nallo,17,0,0.0
378,Amara Nallo,18,0,0.0
378,Amara Nallo,19,0,0.0
378,Amara Nallo,20,0,0.0
378,Amara Nallo,21,0,0.0
378,Amara Nallo,22,0,0.0
378,Amara Nallo,23,0,0.0
378,Amara Nallo,24,0,0.0
378,Amara Nallo,25,0,0.0
378,Amara Nallo,26,0,0.0
378,Amara Nallo,27,0,0.0
378,Amara Nallo,28,0,0.0
378,Amara Nallo,29,0,0.0
379,Rhys Williams,6,0,0.0
379,Rhys Williams,7,0,0.0
379,Rhys Williams,8,0,0.0
379,Rhys Williams,9,0,0.0
379,Rhys Williams,10,0,0.0
379,Rhys Williams,11,0,0.0
379,Rhys Williams,12,0,0.0
379,Rhys Williams,13,0,0.0
379,Rhys Williams,14,0,0.0
379,Rhys Williams,15,0,0.0
379,Rhys Williams,16,0,0.0
379,Rhys Williams,17,0,0.0
379,Rhys Williams,18,0,0.0
379,Rhys Williams,19,0,0.0
379,Rhys Williams,20,0,0.0
379,Rhys Williams,21,0,0.0
379,Rhys Williams,22,0,0.0
379,Rhys Williams,23,0,0.0
379,Rhys Williams,24,0,0.0
379,Rhys Williams,25,0,0.0
379,Rhys Williams,26,0,0.0
379,Rhys Williams,27,0,0.0
379,Rhys Williams,28,0,0.0
379,Rhys Williams,29,0,0.0
380,Calvin Ramsay,6,0,0.0
380,Calvin Ramsay,7,0,0.0
380,Calvin Ramsay,8,0,0.0
380,Calvin Ramsay,9,0,0.0
380,Calvin Ramsay,10,0,0.0
380,Calvin Ramsay,11,0,0.0
380,Calvin Ramsay,12,0,0.0
380,Calvin Ramsay,13,0,0.0
380,Calvin Ramsay,14,0,0.0
380,Calvin Ramsay,15,0,0.0
380,Calvin Ramsay,16,0,0.0
380,Calvin Ramsay,17,0,0.0
380,Calvin Ramsay,18,0,0.0
380,Calvin Ramsay,19,0,0.0
380,Calvin Ramsay,20,0,0.0
380,Calvin Ramsay,21,0,0.0
380,Calvin Ramsay,22,0,0.0
380,Calvin Ramsay,23,0,0.0
380,Calvin Ramsay,24,0,0.0
380,Calvin Ramsay,25,0,0.0
380,Calvin Ramsay,26,0,0.0
380,Calvin Ramsay,27,0,0.0
380,Calvin Ramsay,28,0,0.0
380,Calvin Ramsay,29,0,0.0
381,Mohamed Salah,6,90,2.0
381,Mohamed Salah,7,90,2.0
381,Mohamed Salah,8,84,2.0
381,Mohamed Salah,9,90,6.0
381,Mohamed Salah,10,90,10.0
381,Mohamed Salah,11,90,2.0
381,Mohamed Salah,12,90,2.0
381,Mohamed Salah,13,0,0.0
381,Mohamed Salah,14,45,1.0
381,Mohamed Salah,15,0,0.0
381,Mohamed Salah,16,64,7.0
381,Mohamed Salah,17,0,0.0
381,Mohamed Salah,18,0,0.0
381,Mohamed Salah,19,0,0.0
381,Mohamed Salah,20,0,0.0
381,Mohamed Salah,21,0,0.0
381,Mohamed Salah,22,0,0.0
381,Mohamed Salah,23,90,5.0
381,Mohamed Salah,24,83,5.0
381,Mohamed Salah,25,90,2.0
381,Mohamed Salah,26,90,6.0
381,Mohamed Salah,27,76,3.0
381,Mohamed Salah,28,90,2.0
381,Mohamed Salah,29,90,9.0
382,Florian Wirtz,6,73,2.0
382,Florian Wirtz,7,45,1.0
382,Florian Wirtz,8,28,1.0
382,Florian Wirtz,9,82,2.0
382,Florian Wirtz,10,13,1.0
382,Florian Wirtz,11,82,2.0
382,Florian Wirtz,12,0,0.0
382,Florian Wirtz,13,74,3.0
382,Florian Wirtz,14,90,7.0
382,Florian Wirtz,15,67,3.0
382,Florian Wirtz,16,77,5.0
382,Florian Wirtz,17,90,8.0
382,Florian Wirtz,18,90,10.0
382,Florian Wirtz,19,65,3.0
382,Florian Wirtz,20,75,10.0
382,Florian Wirtz,21,90,3.0
382,Florian Wirtz,22,90,10.0
382,Florian Wirtz,23,90,2.0
382,Florian Wirtz,24,86,12.0
382,Florian Wirtz,25,90,2.0
382,Florian Wirtz,26,90,3.0
382,Florian Wirtz,27,0,0.0
382,Florian Wirtz,28,0,0.0
382,Florian Wirtz,29,0,0.0
383,Luis Díaz Marulanda,6,0,0.0
383,Luis Díaz Marulanda,7,0,0.0
383,Luis Díaz Marulanda,8,0,0.0
383,Luis Díaz Marulanda,9,0,0.0
383,Luis Díaz Marulanda,10,0,0.0
383,Luis Díaz Marulanda,11,0,0.0
383,Luis Díaz Marulanda,12,0,0.0
383,Luis Díaz Marulanda,13,0,0.0
383,Luis Díaz Marulanda,14,0,0.0
383,Luis Díaz Marulanda,15,0,0.0
383,Luis Díaz Marulanda,16,0,0.0
383,Luis Díaz Marulanda,17,0,0.0
383,Luis Díaz Marulanda,18,0,0.0
383,Luis Díaz Marulanda,19,0,0.0
383,Luis Díaz Marulanda,20,0,0.0
383,Luis Díaz Marulanda,21,0,0.0
383,Luis Díaz Marulanda,22,0,0.0
383,Luis Díaz Marulanda,23,0,0.0
383,Luis Díaz Marulanda,24,0,0.0
383,Luis Díaz Marulanda,25,0,0.0
383,Luis Díaz Marulanda,26,0,0.0
383,Luis Díaz Marulanda,27,0,0.0
383,Luis Díaz Marulanda,28,0,0.0
383,Luis Díaz Marulanda,29,0,0.0
384,Cody Gakpo,6,45,1.0
384,Cody Gakpo,7,90,7.0
384,Cody Gakpo,8,90,7.0
384,Cody Gakpo,9,60,2.0
384,Cody Gakpo,10,90,3.0
384,Cody Gakpo,11,34,1.0
384,Cody Gakpo,12,90,2.0
384,Cody Gakpo,13,90,14.0
384,Cody Gakpo,14,45,1.0
384,Cody Gakpo,15,82,2.0
384,Cody Gakpo,16,0,0.0
384,Cody Gakpo,17,0,0.0
384,Cody Gakpo,18,4,1.0
384,Cody Gakpo,19,24,1.0
384,Cody Gakpo,20,90,6.0
384,Cody Gakpo,21,90,3.0
384,Cody Gakpo,22,77,2.0
384,Cody Gakpo,23,73,2.0
384,Cody Gakpo,24,90,4.0
384,Cody Gakpo,25,84,2.0
384,Cody Gakpo,26,74,3.0
384,Cody Gakpo,27,76,3.0
384,Cody Gakpo,28,90,6.0
384,Cody Gakpo,29,64,3.0
385,Federico Chiesa,6,16,5.0
385,Federico Chiesa,7,0,0.0
385,Federico Chiesa,8,18,4.0
385,Federico Chiesa,9,29,1.0
385,Federico Chiesa,10,0,0.0
385,Federico Chiesa,11,7,1.0
385,Federico Chiesa,12,22,0.0
385,Federico Chiesa,13,0,0.0
385,Federico Chiesa,14,4,1.0
385,Federico Chiesa,15,0,0.0
385,Federico Chiesa,16,7,1.0
385,Federico Chiesa,17,1,1.0
385,Federico Chiesa,18,60,2.0
385,Federico Chiesa,19,11,1.0
385,Federico Chiesa,20,5,1.0
385,Federico Chiesa,21,0,0.0
385,Federico Chiesa,22,3,1.0
385,Federico Chiesa,23,0,0.0
385,Federico Chiesa,24,6,1.0
385,Federico Chiesa,25,1,1.0
385,Federico Chiesa,26,2,1.0
385,Federico Chiesa,27,13,1.0
385,Federico Chiesa,28,0,0.0
385,Federico Chiesa,29,11,1.0
386,Alexis Mac Allister,6,64,2.0
386,Alexis Mac Allister,7,85,2.0
386,Alexis Mac Allister,8,61,2.0
386,Alexis Mac Allister,9,28,1.0
386,Alexis Mac Allister,10,90,6.0
386,Alexis Mac Allister,11,73,1.0
386,Alexis Mac Allister,12,90,2.0
386,Alexis Mac Allister,13,90,3.0
386,Alexis Mac Allister,14,73,2.0
386,Alexis Mac Allister,15,22,1.0
386,Alexis Mac Allister,16,90,3.0
386,Alexis Mac Allister,17,90,1.0
386,Alexis Mac Allister,18,90,2.0
386,Alexis Mac Allister,19,24,1.0
386,Alexis Mac Allister,20,90,2.0
386,Alexis Mac Allister,21,90,2.0
386,Alexis Mac Allister,22,12,1.0
386,Alexis Mac Allister,23,58,1.0
386,Alexis Mac Allister,24,90,1.0
386,Alexis Mac Allister,25,90,2.0
386,Alexis Mac Allister,26,90,3.0
386,Alexis Mac Allister,27,90,13.0
386,Alexis Mac Allister,28,90,9.0
386,Alexis Mac Allister,29,90,2.0
387,Dominik Szoboszlai,6,90,5.0
387,Dominik Szoboszlai,7,90,1.0
387,Dominik Szoboszlai,8,90,4.0
387,Dominik Szoboszlai,9,90,10.0
387,Dominik Szoboszlai,10,90,2.0
387,Dominik Szoboszlai,11,90,1.0
387,Dominik Szoboszlai,12,90,2.0
387,Dominik Szoboszlai,13,90,3.0
387,Dominik Szoboszlai,14,90,2.0
387,Dominik Szoboszlai,15,90,8.0
387,Dominik Szoboszlai,16,82,3.0
387,Dominik Szoboszlai,17,90,1.0
387,Dominik Szoboszlai,18,0,0.0
387,Dominik Szoboszlai,19,90,3.0
387,Dominik Szoboszlai,20,90,2.0
387,Dominik Szoboszlai,21,90,3.0
387,Dominik Szoboszlai,22,90,0.0
387,Dominik Szoboszlai,23,90,13.0
387,Dominik Szoboszlai,24,90,5.0
387,Dominik Szoboszlai,25,90,8.0
387,Dominik Szoboszlai,26,0,0.0
387,Dominik Szoboszlai,27,90,3.0
387,Dominik Szoboszlai,28,90,4.0
387,Dominik Szoboszlai,29,90,5.0
388,Curtis Jones,6,25,1.0
388,Curtis Jones,7,34,1.0
388,Curtis Jones,8,28,1.0
388,Curtis Jones,9,69,2.0
388,Curtis Jones,10,0,0.0
388,Curtis Jones,11,16,0.0
388,Curtis Jones,12,77,2.0
388,Curtis Jones,13,15,1.0
388,Curtis Jones,14,25,1.0
388,Curtis Jones,15,90,2.0
388,Curtis Jones,16,90,3.0
388,Curtis Jones,17,90,2.0
388,Curtis Jones,18,90,5.0
388,Curtis Jones,19,65,3.0
388,Curtis Jones,20,84,2.0
388,Curtis Jones,21,0,0.0
388,Curtis Jones,22,86,5.0
388,Curtis Jones,23,31,1.0
388,Curtis Jones,24,6,1.0
388,Curtis Jones,25,5,1.0
388,Curtis Jones,26,15,1.0
388,Curtis Jones,27,82,3.0
388,Curtis Jones,28,0,0.0
388,Curtis Jones,29,45,1.0
389,Harvey Elliott,6,45,1.0
389,Harvey Elliott,7,0,0.0
389,Harvey Elliott,8,0,0.0
389,Harvey Elliott,9,0,0.0
389,Harvey Elliott,10,0,0.0
389,Harvey Elliott,11,0,0.0
389,Harvey Elliott,12,0,0.0
389,Harvey Elliott,13,0,0.0
389,Harvey Elliott,14,0,0.0
389,Harvey Elliott,15,0,0.0
389,Harvey Elliott,16,0,0.0
389,Harvey Elliott,17,0,0.0
389,Harvey Elliott,18,0,0.0
389,Harvey Elliott,19,0,0.0
389,Harvey Elliott,20,0,0.0
389,Harvey Elliott,21,0,0.0
389,Harvey Elliott,22,0,0.0
389,Harvey Elliott,23,0,0.0
389,Harvey Elliott,24,13,1.0
389,Harvey Elliott,25,0,0.0
389,Harvey Elliott,26,0,0.0
389,Harvey Elliott,27,0,0.0
389,Harvey Elliott,28,0,0.0
389,Harvey Elliott,29,0,0.0
390,Ryan Gravenberch,6,90,8.0
390,Ryan Gravenberch,7,90,2.0
390,Ryan Gravenberch,8,61,2.0
390,Ryan Gravenberch,9,0,0.0
390,Ryan Gravenberch,10,90,11.0
390,Ryan Gravenberch,11,90,2.0
390,Ryan Gravenberch,12,90,1.0
390,Ryan Gravenberch,13,90,3.0
390,Ryan Gravenberch,14,90,5.0
390,Ryan Gravenberch,15,90,5.0
390,Ryan Gravenberch,16,90,5.0
390,Ryan Gravenberch,17,90,2.0
390,Ryan Gravenberch,18,90,11.0
390,Ryan Gravenberch,19,90,5.0
390,Ryan Gravenberch,20,90,2.0
390,Ryan Gravenberch,21,90,3.0
390,Ryan Gravenberch,22,77,2.0
390,Ryan Gravenberch,23,90,1.0
390,Ryan Gravenberch,24,90,4.0
390,Ryan Gravenberch,25,90,5.0
390,Ryan Gravenberch,26,90,5.0
390,Ryan Gravenberch,27,90,3.0
390,Ryan Gravenberch,28,85,5.0
390,Ryan Gravenberch,29,45,0.0
391,Ben Gannon-Doak,6,17,1.0
391,Ben Gannon-Doak,7,12,4.0
391,Ben Gannon-Doak,8,14,1.0
391,Ben Gannon-Doak,9,0,0.0
391,Ben Gannon-Doak,10,10,1.0
391,Ben Gannon-Doak,11,0,0.0
391,Ben Gannon-Doak,12,0,0.0
391,Ben Gannon-Doak,13,0,0.0
391,Ben Gannon-Doak,14,0,0.0
391,Ben Gannon-Doak,15,0,0.0
391,Ben Gannon-Doak,16,0,0.0
391,Ben Gannon-Doak,17,0,0.0
391,Ben Gannon-Doak,18,0,0.0
391,Ben Gannon-Doak,19,0,0.0
391,Ben Gannon-Doak,20,0,0.0
391,Ben Gannon-Doak,21,0,0.0
391,Ben Gannon-Doak,22,0,0.0
391,Ben Gannon-Doak,23,0,0.0
391,Ben Gannon-Doak,24,0,0.0
391,Ben Gannon-Doak,25,0,0.0
391,Ben Gannon-Doak,26,0,0.0
391,Ben Gannon-Doak,27,0,0.0
391,Ben Gannon-Doak,28,0,0.0
391,Ben Gannon-Doak,29,0,0.0
392,Endo Wataru,6,0,0.0
392,Endo Wataru,7,4,1.0
392,Endo Wataru,8,0,0.0
392,Endo Wataru,9,0,0.0
392,Endo Wataru,10,0,0.0
392,Endo Wataru,11,0,0.0
392,Endo Wataru,12,0,0.0
392,Endo Wataru,13,0,0.0
392,Endo Wataru,14,0,0.0
392,Endo Wataru,15,7,1.0
392,Endo Wataru,16,0,0.0
392,Endo Wataru,17,0,0.0
392,Endo Wataru,18,0,0.0
392,Endo Wataru,19,0,0.0
392,Endo Wataru,20,0,0.0
392,Endo Wataru,21,0,0.0
392,Endo Wataru,22,0,0.0
392,Endo Wataru,23,56,1.0
392,Endo Wataru,24,3,1.0
392,Endo Wataru,25,0,0.0
392,Endo Wataru,26,68,3.0
392,Endo Wataru,27,0,0.0
392,Endo Wataru,28,0,0.0
392,Endo Wataru,29,0,0.0
393,Stefan Bajčetić Maquieira,6,0,0.0
393,Stefan Bajčetić Maquieira,7,0,0.0
393,Stefan Bajčetić Maquieira,8,0,0.0
393,Stefan Bajčetić Maquieira,9,0,0.0
393,Stefan Bajčetić Maquieira,10,0,0.0
393,Stefan Bajčetić Maquieira,11,0,0.0
393,Stefan Bajčetić Maquieira,12,0,0.0
393,Stefan Bajčetić Maquieira,13,0,0.0
393,Stefan Bajčetić Maquieira,14,0,0.0
393,Stefan Bajčetić Maquieira,15,0,0.0
393,Stefan Bajčetić Maquieira,16,0,0.0
393,Stefan Bajčetić Maquieira,17,0,0.0
393,Stefan Bajčetić Maquieira,18,0,0.0
393,Stefan Bajčetić Maquieira,19,0,0.0
393,Stefan Bajčetić Maquieira,20,0,0.0
393,Stefan Bajčetić Maquieira,21,0,0.0
393,Stefan Bajčetić Maquieira,22,0,0.0
393,Stefan Bajčetić Maquieira,23,0,0.0
393,Stefan Bajčetić Maquieira,24,0,0.0
393,Stefan Bajčetić Maquieira,25,0,0.0
393,Stefan Bajčetić Maquieira,26,0,0.0
393,Stefan Bajčetić Maquieira,27,0,0.0
393,Stefan Bajčetić Maquieira,28,0,0.0
393,Stefan Bajčetić Maquieira,29,0,0.0
394,James McConnell,6,0,0.0
394,James McConnell,7,0,0.0
394,James McConnell,8,0,0.0
394,James McConnell,9,0,0.0
394,James McConnell,10,0,0.0
394,James McConnell,11,0,0.0
394,James McConnell,12,0,0.0
394,James McConnell,13,0,0.0
394,James McConnell,14,0,0.0
394,James McConnell,15,0,0.0
394,James McConnell,16,0,0.0
394,James McConnell,17,0,0.0
394,James McConnell,18,0,0.0
394,James McConnell,19,0,0.0
394,James McConnell,20,0,0.0
394,James McConnell,21,0,0.0
394,James McConnell,22,0,0.0
394,James McConnell,23,0,0.0
394,James McConnell,24,0,0.0
394,James McConnell,25,0,0.0
394,James McConnell,26,0,0.0
394,James McConnell,27,0,0.0
394,James McConnell,28,0,0.0
394,James McConnell,29,0,0.0
395,Tyler Morton,6,0,0.0
395,Tyler Morton,7,0,0.0
395,Tyler Morton,8,0,0.0
395,Tyler Morton,9,0,0.0
395,Tyler Morton,10,0,0.0
395,Tyler Morton,11,0,0.0
395,Tyler Morton,12,0,0.0
395,Tyler Morton,13,0,0.0
395,Tyler Morton,14,0,0.0
395,Tyler Morton,15,0,0.0
395,Tyler Morton,16,0,0.0
395,Tyler Morton,17,0,0.0
395,Tyler Morton,18,0,0.0
395,Tyler Morton,19,0,0.0
395,Tyler Morton,20,0,0.0
395,Tyler Morton,21,0,0.0
395,Tyler Morton,22,0,0.0
395,Tyler Morton,23,0,0.0
395,Tyler Morton,24,0,0.0
395,Tyler Morton,25,0,0.0
395,Tyler Morton,26,0,0.0
395,Tyler Morton,27,0,0.0
395,Tyler Morton,28,0,0.0
395,Tyler Morton,29,0,0.0
396,Trey Nyoni,6,0,0.0
396,Trey Nyoni,7,0,0.0
396,Trey Nyoni,8,0,0.0
396,Trey Nyoni,9,0,0.0
396,Trey Nyoni,10,0,0.0
396,Trey Nyoni,11,0,0.0
396,Trey Nyoni,12,0,0.0
396,Trey Nyoni,13,0,0.0
396,Trey Nyoni,14,0,0.0
396,Trey Nyoni,15,0,0.0
396,Trey Nyoni,16,0,0.0
396,Trey Nyoni,17,1,1.0
396,Trey Nyoni,18,1,1.0
396,Trey Nyoni,19,0,0.0
396,Trey Nyoni,20,0,0.0
396,Trey Nyoni,21,0,0.0
396,Trey Nyoni,22,0,0.0
396,Trey Nyoni,23,0,0.0
396,Trey Nyoni,24,0,0.0
396,Trey Nyoni,25,0,0.0
396,Trey Nyoni,26,0,0.0
396,Trey Nyoni,27,0,0.0
396,Trey Nyoni,28,4,1.0
396,Trey Nyoni,29,0,0.0
397,Darwin Núñez Ribeiro,6,0,0.0
397,Darwin Núñez Ribeiro,7,0,0.0
397,Darwin Núñez Ribeiro,8,0,0.0
397,Darwin Núñez Ribeiro,9,0,0.0
397,Darwin Núñez Ribeiro,10,0,0.0
397,Darwin Núñez Ribeiro,11,0,0.0
397,Darwin Núñez Ribeiro,12,0,0.0
397,Darwin Núñez Ribeiro,13,0,0.0
397,Darwin Núñez Ribeiro,14,0,0.0
397,Darwin Núñez Ribeiro,15,0,0.0
397,Darwin Núñez Ribeiro,16,0,0.0
397,Darwin Núñez Ribeiro,17,0,0.0
397,Darwin Núñez Ribeiro,18,0,0.0
397,Darwin Núñez Ribeiro,19,0,0.0
397,Darwin Núñez Ribeiro,20,0,0.0
397,Darwin Núñez Ribeiro,21,0,0.0
397,Darwin Núñez Ribeiro,22,0,0.0
397,Darwin Núñez Ribeiro,23,0,0.0
397,Darwin Núñez Ribeiro,24,0,0.0
397,Darwin Núñez Ribeiro,25,0,0.0
397,Darwin Núñez Ribeiro,26,0,0.0
397,Darwin Núñez Ribeiro,27,0,0.0
397,Darwin Núñez Ribeiro,28,0,0.0
397,Darwin Núñez Ribeiro,29,0,0.0
398,Jayden Danns,6,0,0.0
398,Jayden Danns,7,0,0.0
398,Jayden Danns,8,0,0.0
398,Jayden Danns,9,0,0.0
398,Jayden Danns,10,0,0.0
398,Jayden Danns,11,0,0.0
398,Jayden Danns,12,0,0.0
398,Jayden Danns,13,0,0.0
398,Jayden Danns,14,0,0.0
398,Jayden Danns,15,0,0.0
398,Jayden Danns,16,0,0.0
398,Jayden Danns,17,0,0.0
398,Jayden Danns,18,0,0.0
398,Jayden Danns,19,0,0.0
398,Jayden Danns,20,0,0.0
398,Jayden Danns,21,0,0.0
398,Jayden Danns,22,0,0.0
398,Jayden Danns,23,0,0.0
398,Jayden Danns,24,0,0.0
398,Jayden Danns,25,0,0.0
398,Jayden Danns,26,0,0.0
398,Jayden Danns,27,0,0.0
398,Jayden Danns,28,0,0.0
398,Jayden Danns,29,0,0.0
399,Ederson Santana de Moraes,6,0,0.0
399,Ederson Santana de Moraes,7,0,0.0
399,Ederson Santana de Moraes,8,0,0.0
399,Ederson Santana de Moraes,9,0,0.0
399,Ederson Santana de Moraes,10,0,0.0
399,Ederson Santana de Moraes,11,0,0.0
399,Ederson Santana de Moraes,12,0,0.0
399,Ederson Santana de Moraes,13,0,0.0
399,Ederson Santana de Moraes,14,0,0.0
399,Ederson Santana de Moraes,15,0,0.0
399,Ederson Santana de Moraes,16,0,0.0
399,Ederson Santana de Moraes,17,0,0.0
399,Ederson Santana de Moraes,18,0,0.0
399,Ederson Santana de Moraes,19,0,0.0
399,Ederson Santana de Moraes,20,0,0.0
399,Ederson Santana de Moraes,21,0,0.0
399,Ederson Santana de Moraes,22,0,0.0
399,Ederson Santana de Moraes,23,0,0.0
399,Ederson Santana de Moraes,24,0,0.0
399,Ederson Santana de Moraes,25,0,0.0
399,Ederson Santana de Moraes,26,0,0.0
399,Ederson Santana de Moraes,27,0,0.0
399,Ederson Santana de Moraes,28,0,0.0
399,Ederson Santana de Moraes,29,0,0.0
400,Stefan Ortega Moreno,6,0,0.0
400,Stefan Ortega Moreno,7,0,0.0
400,Stefan Ortega Moreno,8,0,0.0
400,Stefan Ortega Moreno,9,0,0.0
400,Stefan Ortega Moreno,10,0,0.0
400,Stefan Ortega Moreno,11,0,0.0
400,Stefan Ortega Moreno,12,0,0.0
400,Stefan Ortega Moreno,13,0,0.0
400,Stefan Ortega Moreno,14,0,0.0
400,Stefan Ortega Moreno,15,0,0.0
400,Stefan Ortega Moreno,16,0,0.0
400,Stefan Ortega Moreno,17,0,0.0
400,Stefan Ortega Moreno,18,0,0.0
400,Stefan Ortega Moreno,19,0,0.0
400,Stefan Ortega Moreno,20,0,0.0
400,Stefan Ortega Moreno,21,0,0.0
400,Stefan Ortega Moreno,22,0,0.0
400,Stefan Ortega Moreno,23,0,0.0
400,Stefan Ortega Moreno,24,0,0.0
400,Stefan Ortega Moreno,25,90,1.0
400,Stefan Ortega Moreno,26,90,7.0
400,Stefan Ortega Moreno,27,90,3.0
400,Stefan Ortega Moreno,28,0,0.0
400,Stefan Ortega Moreno,29,0,0.0
401,Marcus Bettinelli,6,0,0.0
401,Marcus Bettinelli,7,0,0.0
401,Marcus Bettinelli,8,0,0.0
401,Marcus Bettinelli,9,0,0.0
401,Marcus Bettinelli,10,0,0.0
401,Marcus Bettinelli,11,0,0.0
401,Marcus Bettinelli,12,0,0.0
401,Marcus Bettinelli,13,0,0.0
401,Marcus Bettinelli,14,0,0.0
401,Marcus Bettinelli,15,0,0.0
401,Marcus Bettinelli,16,0,0.0
401,Marcus Bettinelli,17,0,0.0
401,Marcus Bettinelli,18,0,0.0
401,Marcus Bettinelli,19,0,0.0
401,Marcus Bettinelli,20,0,0.0
401,Marcus Bettinelli,21,0,0.0
401,Marcus Bettinelli,22,0,0.0
401,Marcus Bettinelli,23,0,0.0
401,Marcus Bettinelli,24,0,0.0
401,Marcus Bettinelli,25,0,0.0
401,Marcus Bettinelli,26,0,0.0
401,Marcus Bettinelli,27,0,0.0
401,Marcus Bettinelli,28,0,0.0
401,Marcus Bettinelli,29,0,0.0
402,Rayan Aït-Nouri,6,0,0.0
402,Rayan Aït-Nouri,7,0,0.0
402,Rayan Aït-Nouri,8,0,0.0
402,Rayan Aït-Nouri,9,0,0.0
402,Rayan Aït-Nouri,10,1,1.0
402,Rayan Aït-Nouri,11,0,0.0
402,Rayan Aït-Nouri,12,0,0.0
402,Rayan Aït-Nouri,13,0,0.0
402,Rayan Aït-Nouri,14,0,0.0
402,Rayan Aït-Nouri,15,0,0.0
402,Rayan Aït-Nouri,16,1,1.0
402,Rayan Aït-Nouri,17,0,0.0
402,Rayan Aït-Nouri,18,0,0.0
402,Rayan Aït-Nouri,19,0,0.0
402,Rayan Aït-Nouri,20,0,0.0
402,Rayan Aït-Nouri,21,0,0.0
402,Rayan Aït-Nouri,22,10,1.0
402,Rayan Aït-Nouri,23,0,0.0
402,Rayan Aït-Nouri,24,69,2.0
402,Rayan Aït-Nouri,25,90,2.0
402,Rayan Aït-Nouri,26,90,9.0
402,Rayan Aït-Nouri,27,90,2.0
402,Rayan Aït-Nouri,28,90,11.0
402,Rayan Aït-Nouri,29,76,4.0
403,Joško Gvardiol,6,69,2.0
403,Joško Gvardiol,7,90,12.0
403,Joško Gvardiol,8,0,0.0
403,Joško Gvardiol,9,90,2.0
403,Joško Gvardiol,10,90,2.0
403,Joško Gvardiol,11,90,6.0
403,Joško Gvardiol,12,90,1.0
403,Joško Gvardiol,13,90,6.0
403,Joško Gvardiol,14,90,0.0
403,Joško Gvardiol,15,69,12.0
403,Joško Gvardiol,16,90,8.0
403,Joško Gvardiol,17,90,6.0
403,Joško Gvardiol,18,90,8.0
403,Joško Gvardiol,19,33,1.0
403,Joško Gvardiol,20,50,1.0
403,Joško Gvardiol,21,0,0.0
403,Joško Gvardiol,22,0,0.0
403,Joško Gvardiol,23,0,0.0
403,Joško Gvardiol,24,0,0.0
403,Joško Gvardiol,25,0,0.0
403,Joško Gvardiol,26,0,0.0
403,Joško Gvardiol,27,0,0.0
403,Joško Gvardiol,28,0,0.0
403,Joško Gvardiol,29,0,0.0
404,Manuel Akanji,6,0,0.0
404,Manuel Akanji,7,0,0.0
404,Manuel Akanji,8,0,0.0
404,Manuel Akanji,9,0,0.0
404,Manuel Akanji,10,0,0.0
404,Manuel Akanji,11,0,0.0
404,Manuel Akanji,12,0,0.0
404,Manuel Akanji,13,0,0.0
404,Manuel Akanji,14,0,0.0
404,Manuel Akanji,15,0,0.0
404,Manuel Akanji,16,0,0.0
404,Manuel Akanji,17,0,0.0
404,Manuel Akanji,18,0,0.0
404,Manuel Akanji,19,0,0.0
404,Manuel Akanji,20,0,0.0
404,Manuel Akanji,21,0,0.0
404,Manuel Akanji,22,0,0.0
404,Manuel Akanji,23,0,0.0
404,Manuel Akanji,24,0,0.0
404,Manuel Akanji,25,0,0.0
404,Manuel Akanji,26,0,0.0
404,Manuel Akanji,27,0,0.0
404,Manuel Akanji,28,0,0.0
404,Manuel Akanji,29,0,0.0
405,Nathan Aké,6,20,1.0
405,Nathan Aké,7,0,0.0
405,Nathan Aké,8,90,6.0
405,Nathan Aké,9,0,0.0
405,Nathan Aké,10,0,0.0
405,Nathan Aké,11,0,0.0
405,Nathan Aké,12,0,0.0
405,Nathan Aké,13,0,0.0
405,Nathan Aké,14,1,1.0
405,Nathan Aké,15,20,1.0
405,Nathan Aké,16,0,0.0
405,Nathan Aké,17,0,0.0
405,Nathan Aké,18,1,1.0
405,Nathan Aké,19,90,8.0
405,Nathan Aké,20,9,1.0
405,Nathan Aké,21,72,2.0
405,Nathan Aké,22,90,1.0
405,Nathan Aké,23,0,0.0
405,Nathan Aké,24,0,0.0
405,Nathan Aké,25,1,1.0
405,Nathan Aké,26,0,0.0
405,Nathan Aké,27,0,0.0
405,Nathan Aké,28,2,1.0
405,Nathan Aké,29,0,0.0
406,Abdukodir Khusanov,6,0,0.0
406,Abdukodir Khusanov,7,0,0.0
406,Abdukodir Khusanov,8,0,0.0
406,Abdukodir Khusanov,9,0,0.0
406,Abdukodir Khusanov,10,0,0.0
406,Abdukodir Khusanov,11,0,0.0
406,Abdukodir Khusanov,12,0,0.0
406,Abdukodir Khusanov,13,0,0.0
406,Abdukodir Khusanov,14,0,0.0
406,Abdukodir Khusanov,15,0,0.0
406,Abdukodir Khusanov,16,0,0.0
406,Abdukodir Khusanov,17,23,1.0
406,Abdukodir Khusanov,18,0,0.0
406,Abdukodir Khusanov,19,0,0.0
406,Abdukodir Khusanov,20,39,1.0
406,Abdukodir Khusanov,21,90,2.0
406,Abdukodir Khusanov,22,90,3.0
406,Abdukodir Khusanov,23,90,6.0
406,Abdukodir Khusanov,24,90,0.0
406,Abdukodir Khusanov,25,60,6.0
406,Abdukodir Khusanov,26,30,1.0
406,Abdukodir Khusanov,27,45,1.0
406,Abdukodir Khusanov,28,0,0.0
406,Abdukodir Khusanov,29,13,1.0
407,Matheus Nunes,6,90,12.0
407,Matheus Nunes,7,90,5.0
407,Matheus Nunes,8,90,7.0
407,Matheus Nunes,9,90,2.0
407,Matheus Nunes,10,90,2.0
407,Matheus Nunes,11,90,13.0
407,Matheus Nunes,12,90,1.0
407,Matheus Nunes,13,90,3.0
407,Matheus Nunes,14,90,2.0
407,Matheus Nunes,15,90,6.0
407,Matheus Nunes,16,90,11.0
407,Matheus Nunes,17,90,8.0
407,Matheus Nunes,18,90,4.0
407,Matheus Nunes,19,90,11.0
407,Matheus Nunes,20,90,1.0
407,Matheus Nunes,21,72,2.0
407,Matheus Nunes,22,0,0.0
407,Matheus Nunes,23,90,11.0
407,Matheus Nunes,24,90,1.0
407,Matheus Nunes,25,90,5.0
407,Matheus Nunes,26,59,4.0
407,Matheus Nunes,27,90,2.0
407,Matheus Nunes,28,90,8.0
407,Matheus Nunes,29,90,1.0
408,Rúben dos Santos Gato Alves Dias,6,90,2.0
408,Rúben dos Santos Gato Alves Dias,7,90,9.0
408,Rúben dos Santos Gato Alves Dias,8,90,6.0
408,Rúben dos Santos Gato Alves Dias,9,90,4.0
408,Rúben dos Santos Gato Alves Dias,10,90,2.0
408,Rúben dos Santos Gato Alves Dias,11,90,6.0
408,Rúben dos Santos Gato Alves Dias,12,90,7.0
408,Rúben dos Santos Gato Alves Dias,13,90,1.0
408,Rúben dos Santos Gato Alves Dias,14,90,0.0
408,Rúben dos Santos Gato Alves Dias,15,90,14.0
408,Rúben dos Santos Gato Alves Dias,16,90,8.0
408,Rúben dos Santos Gato Alves Dias,17,90,6.0
408,Rúben dos Santos Gato Alves Dias,18,90,3.0
408,Rúben dos Santos Gato Alves Dias,19,90,6.0
408,Rúben dos Santos Gato Alves Dias,20,80,5.0
408,Rúben dos Santos Gato Alves Dias,21,0,0.0
408,Rúben dos Santos Gato Alves Dias,22,0,0.0
408,Rúben dos Santos Gato Alves Dias,23,0,0.0
408,Rúben dos Santos Gato Alves Dias,24,0,0.0
408,Rúben dos Santos Gato Alves Dias,25,29,1.0
408,Rúben dos Santos Gato Alves Dias,26,90,6.0
408,Rúben dos Santos Gato Alves Dias,27,45,0.0
408,Rúben dos Santos Gato Alves Dias,28,90,9.0
408,Rúben dos Santos Gato Alves Dias,29,90,1.0
409,John Stones,6,0,0.0
409,John Stones,7,0,0.0
409,John Stones,8,0,0.0
409,John Stones,9,60,2.0
409,John Stones,10,0,0.0
409,John Stones,11,0,0.0
409,John Stones,12,0,0.0
409,John Stones,13,1,1.0
409,John Stones,14,26,0.0
409,John Stones,15,0,0.0
409,John Stones,16,0,0.0
409,John Stones,17,0,0.0
409,John Stones,18,0,0.0
409,John Stones,19,0,0.0
409,John Stones,20,0,0.0
409,John Stones,21,0,0.0
409,John Stones,22,0,0.0
409,John Stones,23,0,0.0
409,John Stones,24,0,0.0
409,John Stones,25,0,0.0
409,John Stones,26,0,0.0
409,John Stones,27,0,0.0
409,John Stones,28,0,0.0
409,John Stones,29,0,0.0
410,Rico Lewis,6,7,1.0
410,Rico Lewis,7,0,0.0
410,Rico Lewis,8,5,1.0
410,Rico Lewis,9,0,0.0
410,Rico Lewis,10,0,0.0
410,Rico Lewis,11,0,0.0
410,Rico Lewis,12,0,0.0
410,Rico Lewis,13,0,0.0
410,Rico Lewis,14,0,0.0
410,Rico Lewis,15,8,1.0
410,Rico Lewis,16,1,1.0
410,Rico Lewis,17,23,1.0
410,Rico Lewis,18,0,0.0
410,Rico Lewis,19,0,0.0
410,Rico Lewis,20,0,0.0
410,Rico Lewis,21,17,1.0
410,Rico Lewis,22,90,0.0
410,Rico Lewis,23,0,0.0
410,Rico Lewis,24,0,0.0
410,Rico Lewis,25,0,0.0
410,Rico Lewis,26,0,0.0
410,Rico Lewis,27,0,0.0
410,Rico Lewis,28,0,0.0
410,Rico Lewis,29,0,0.0
411,Nico O'Reilly,6,82,2.0
411,Nico O'Reilly,7,90,5.0
411,Nico O'Reilly,8,84,11.0
411,Nico O'Reilly,9,29,1.0
411,Nico O'Reilly,10,90,8.0
411,Nico O'Reilly,11,90,11.0
411,Nico O'Reilly,12,90,1.0
411,Nico O'Reilly,13,90,4.0
411,Nico O'Reilly,14,90,0.0
411,Nico O'Reilly,15,90,6.0
411,Nico O'Reilly,16,90,6.0
411,Nico O'Reilly,17,90,6.0
411,Nico O'Reilly,18,90,1.0
411,Nico O'Reilly,19,56,1.0
411,Nico O'Reilly,20,90,2.0
411,Nico O'Reilly,21,17,1.0
411,Nico O'Reilly,22,45,-1.0
411,Nico O'Reilly,23,90,6.0
411,Nico O'Reilly,24,90,1.0
411,Nico O'Reilly,25,90,2.0
411,Nico O'Reilly,26,90,13.0
411,Nico O'Reilly,27,90,17.0
411,Nico O'Reilly,28,69,6.0
411,Nico O'Reilly,29,0,0.0
412,Vitor de Oliveira Nunes dos Reis,6,0,0.0
412,Vitor de Oliveira Nunes dos Reis,7,0,0.0
412,Vitor de Oliveira Nunes dos Reis,8,0,0.0
412,Vitor de Oliveira Nunes dos Reis,9,0,0.0
412,Vitor de Oliveira Nunes dos Reis,10,0,0.0
412,Vitor de Oliveira Nunes dos Reis,11,0,0.0
412,Vitor de Oliveira Nunes dos Reis,12,0,0.0
412,Vitor de Oliveira Nunes dos Reis,13,0,0.0
412,Vitor de Oliveira Nunes dos Reis,14,0,0.0
412,Vitor de Oliveira Nunes dos Reis,15,0,0.0
412,Vitor de Oliveira Nunes dos Reis,16,0,0.0
412,Vitor de Oliveira Nunes dos Reis,17,0,0.0
412,Vitor de Oliveira Nunes dos Reis,18,0,0.0
412,Vitor de Oliveira Nunes dos Reis,19,0,0.0
412,Vitor de Oliveira Nunes dos Reis,20,0,0.0
412,Vitor de Oliveira Nunes dos Reis,21,0,0.0
412,Vitor de Oliveira Nunes dos Reis,22,0,0.0
412,Vitor de Oliveira Nunes dos Reis,23,0,0.0
412,Vitor de Oliveira Nunes dos Reis,24,0,0.0
412,Vitor de Oliveira Nunes dos Reis,25,0,0.0
412,Vitor de Oliveira Nunes dos Reis,26,0,0.0
412,Vitor de Oliveira Nunes dos Reis,27,0,0.0
412,Vitor de Oliveira Nunes dos Reis,28,0,0.0
412,Vitor de Oliveira Nunes dos Reis,29,0,0.0
413,Omar Marmoush,6,0,0.0
413,Omar Marmoush,7,0,0.0
413,Omar Marmoush,8,0,0.0
413,Omar Marmoush,9,6,1.0
413,Omar Marmoush,10,8,1.0
413,Omar Marmoush,11,16,1.0
413,Omar Marmoush,12,3,1.0
413,Omar Marmoush,13,1,1.0
413,Omar Marmoush,14,0,0.0
413,Omar Marmoush,15,21,1.0
413,Omar Marmoush,16,1,1.0
413,Omar Marmoush,17,0,0.0
413,Omar Marmoush,18,0,0.0
413,Omar Marmoush,19,0,0.0
413,Omar Marmoush,20,0,0.0
413,Omar Marmoush,21,0,0.0
413,Omar Marmoush,22,0,0.0
413,Omar Marmoush,23,73,10.0
413,Omar Marmoush,24,1,1.0
413,Omar Marmoush,25,60,2.0
413,Omar Marmoush,26,45,1.0
413,Omar Marmoush,27,57,4.0
413,Omar Marmoush,28,67,3.0
413,Omar Marmoush,29,0,0.0
414,Phil Foden,6,90,1.0
414,Phil Foden,7,90,3.0
414,Phil Foden,8,90,3.0
414,Phil Foden,9,90,1.0
414,Phil Foden,10,89,4.0
414,Phil Foden,11,90,3.0
414,Phil Foden,12,86,2.0
414,Phil Foden,13,90,15.0
414,Phil Foden,14,90,17.0
414,Phil Foden,15,68,12.0
414,Phil Foden,16,90,11.0
414,Phil Foden,17,90,3.0
414,Phil Foden,18,90,2.0
414,Phil Foden,19,90,3.0
414,Phil Foden,20,90,2.0
414,Phil Foden,21,72,2.0
414,Phil Foden,22,45,1.0
414,Phil Foden,23,29,1.0
414,Phil Foden,24,2,1.0
414,Phil Foden,25,0,0.0
414,Phil Foden,26,70,5.0
414,Phil Foden,27,3,1.0
414,Phil Foden,28,0,0.0
414,Phil Foden,29,76,2.0
415,Sávio Moreira de Oliveira,6,61,2.0
415,Sávio Moreira de Oliveira,7,90,3.0
415,Sávio Moreira de Oliveira,8,84,6.0
415,Sávio Moreira de Oliveira,9,83,1.0
415,Sávio Moreira de Oliveira,10,17,1.0
415,Sávio Moreira de Oliveira,11,37,1.0
415,Sávio Moreira de Oliveira,12,14,1.0
415,Sávio Moreira de Oliveira,13,0,0.0
415,Sávio Moreira de Oliveira,14,26,1.0
415,Sávio Moreira de Oliveira,15,8,1.0
415,Sávio Moreira de Oliveira,16,5,4.0
415,Sávio Moreira de Oliveira,17,23,1.0
415,Sávio Moreira de Oliveira,18,17,1.0
415,Sávio Moreira de Oliveira,19,50,1.0
415,Sávio Moreira de Oliveira,20,0,0.0
415,Sávio Moreira de Oliveira,21,0,0.0
415,Sávio Moreira de Oliveira,22,0,0.0
415,Sávio Moreira de Oliveira,23,0,0.0
415,Sávio Moreira de Oliveira,24,0,0.0
415,Sávio Moreira de Oliveira,25,0,0.0
415,Sávio Moreira de Oliveira,26,0,0.0
415,Sávio Moreira de Oliveira,27,0,0.0
415,Sávio Moreira de Oliveira,28,22,0.0
415,Sávio Moreira de Oliveira,29,8,1.0
416,Bernardo Mota Veiga de Carvalho e Silva,6,7,1.0
416,Bernardo Mota Veiga de Carvalho e Silva,7,14,1.0
416,Bernardo Mota Veiga de Carvalho e Silva,8,31,1.0
416,Bernardo Mota Veiga de Carvalho e Silva,9,60,2.0
416,Bernardo Mota Veiga de Carvalho e Silva,10,89,2.0
416,Bernardo Mota Veiga de Carvalho e Silva,11,90,5.0
416,Bernardo Mota Veiga de Carvalho e Silva,12,76,1.0
416,Bernardo Mota Veiga de Carvalho e Silva,13,88,1.0
416,Bernardo Mota Veiga de Carvalho e Silva,14,90,2.0
416,Bernardo Mota Veiga de Carvalho e Silva,15,81,3.0
416,Bernardo Mota Veiga de Carvalho e Silva,16,90,3.0
416,Bernardo Mota Veiga de Carvalho e Silva,17,74,3.0
416,Bernardo Mota Veiga de Carvalho e Silva,18,90,2.0
416,Bernardo Mota Veiga de Carvalho e Silva,19,84,3.0
416,Bernardo Mota Veiga de Carvalho e Silva,20,90,1.0
416,Bernardo Mota Veiga de Carvalho e Silva,21,90,2.0
416,Bernardo Mota Veiga de Carvalho e Silva,22,79,2.0
416,Bernardo Mota Veiga de Carvalho e Silva,23,90,6.0
416,Bernardo Mota Veiga de Carvalho e Silva,24,87,5.0
416,Bernardo Mota Veiga de Carvalho e Silva,25,90,7.0
416,Bernardo Mota Veiga de Carvalho e Silva,26,59,0.0
416,Bernardo Mota Veiga de Carvalho e Silva,27,90,1.0
416,Bernardo Mota Veiga de Carvalho e Silva,28,90,3.0
416,Bernardo Mota Veiga de Carvalho e Silva,29,90,2.0
417,Rayan Cherki,6,0,0.0
417,Rayan Cherki,7,0,0.0
417,Rayan Cherki,8,5,1.0
417,Rayan Cherki,9,14,1.0
417,Rayan Cherki,10,72,10.0
417,Rayan Cherki,11,52,1.0
417,Rayan Cherki,12,76,7.0
417,Rayan Cherki,13,15,4.0
417,Rayan Cherki,14,8,0.0
417,Rayan Cherki,15,81,12.0
417,Rayan Cherki,16,90,6.0
417,Rayan Cherki,17,66,4.0
417,Rayan Cherki,18,88,13.0
417,Rayan Cherki,19,90,5.0
417,Rayan Cherki,20,90,4.0
417,Rayan Cherki,21,17,1.0
417,Rayan Cherki,22,45,1.0
417,Rayan Cherki,23,72,3.0
417,Rayan Cherki,24,68,8.0
417,Rayan Cherki,25,29,1.0
417,Rayan Cherki,26,19,1.0
417,Rayan Cherki,27,32,1.0
417,Rayan Cherki,28,87,3.0
417,Rayan Cherki,29,81,5.0
418,Jérémy Doku,6,90,10.0
418,Jérémy Doku,7,14,1.0
418,Jérémy Doku,8,58,1.0
418,Jérémy Doku,9,29,1.0
418,Jérémy Doku,10,72,2.0
418,Jérémy Doku,11,73,11.0
418,Jérémy Doku,12,75,2.0
418,Jérémy Doku,13,90,2.0
418,Jérémy Doku,14,63,8.0
418,Jérémy Doku,15,90,3.0
418,Jérémy Doku,16,0,0.0
418,Jérémy Doku,17,0,0.0
418,Jérémy Doku,18,0,0.0
418,Jérémy Doku,19,39,1.0
418,Jérémy Doku,20,20,1.0
418,Jérémy Doku,21,90,8.0
418,Jérémy Doku,22,79,2.0
418,Jérémy Doku,23,16,1.0
418,Jérémy Doku,24,0,0.0
418,Jérémy Doku,25,0,0.0
418,Jérémy Doku,26,0,0.0
418,Jérémy Doku,27,0,0.0
418,Jérémy Doku,28,0,0.0
418,Jérémy Doku,29,13,1.0
419,Jack Grealish,6,90,2.0
419,Jack Grealish,7,90,10.0
419,Jack Grealish,8,0,0.0
419,Jack Grealish,9,90,1.0
419,Jack Grealish,10,90,2.0
419,Jack Grealish,11,90,3.0
419,Jack Grealish,12,87,3.0
419,Jack Grealish,13,79,2.0
419,Jack Grealish,14,90,11.0
419,Jack Grealish,15,85,3.0
419,Jack Grealish,16,83,2.0
419,Jack Grealish,17,90,2.0
419,Jack Grealish,18,0,0.0
419,Jack Grealish,19,18,1.0
419,Jack Grealish,20,90,10.0
419,Jack Grealish,21,89,-1.0
419,Jack Grealish,22,90,3.0
419,Jack Grealish,23,0,0.0
419,Jack Grealish,24,0,0.0
419,Jack Grealish,25,0,0.0
419,Jack Grealish,26,0,0.0
419,Jack Grealish,27,0,0.0
419,Jack Grealish,28,0,0.0
419,Jack Grealish,29,0,0.0
420,İlkay Gündoğan,6,0,0.0
420,İlkay Gündoğan,7,0,0.0
420,İlkay Gündoğan,8,0,0.0
420,İlkay Gündoğan,9,0,0.0
420,İlkay Gündoğan,10,0,0.0
420,İlkay Gündoğan,11,0,0.0
420,İlkay Gündoğan,12,0,0.0
420,İlkay Gündoğan,13,0,0.0
420,İlkay Gündoğan,14,0,0.0
420,İlkay Gündoğan,15,0,0.0
420,İlkay Gündoğan,16,0,0.0
420,İlkay Gündoğan,17,0,0.0
420,İlkay Gündoğan,18,0,0.0
420,İlkay Gündoğan,19,0,0.0
420,İlkay Gündoğan,20,0,0.0
420,İlkay Gündoğan,21,0,0.0
420,İlkay Gündoğan,22,0,0.0
420,İlkay Gündoğan,23,0,0.0
420,İlkay Gündoğan,24,0,0.0
420,İlkay Gündoğan,25,0,0.0
420,İlkay Gündoğan,26,0,0.0
420,İlkay Gündoğan,27,0,0.0
420,İlkay Gündoğan,28,0,0.0
420,İlkay Gündoğan,29,0,0.0
421,Rodrigo 'Rodri' Hernandez Cascante,6,0,0.0
421,Rodrigo 'Rodri' Hernandez Cascante,7,21,1.0
421,Rodrigo 'Rodri' Hernandez Cascante,8,0,0.0
421,Rodrigo 'Rodri' Hernandez Cascante,9,0,0.0
421,Rodrigo 'Rodri' Hernandez Cascante,10,1,1.0
421,Rodrigo 'Rodri' Hernandez Cascante,11,0,0.0
421,Rodrigo 'Rodri' Hernandez Cascante,12,0,0.0
421,Rodrigo 'Rodri' Hernandez Cascante,13,0,0.0
421,Rodrigo 'Rodri' Hernandez Cascante,14,0,0.0
421,Rodrigo 'Rodri' Hernandez Cascante,15,0,0.0
421,Rodrigo 'Rodri' Hernandez Cascante,16,0,0.0
421,Rodrigo 'Rodri' Hernandez Cascante,17,0,0.0
421,Rodrigo 'Rodri' Hernandez Cascante,18,0,0.0
421,Rodrigo 'Rodri' Hernandez Cascante,19,45,1.0
421,Rodrigo 'Rodri' Hernandez Cascante,20,90,5.0
421,Rodrigo 'Rodri' Hernandez Cascante,21,26,1.0
421,Rodrigo 'Rodri' Hernandez Cascante,22,90,3.0
421,Rodrigo 'Rodri' Hernandez Cascante,23,90,3.0
421,Rodrigo 'Rodri' Hernandez Cascante,24,90,3.0
421,Rodrigo 'Rodri' Hernandez Cascante,25,90,4.0
421,Rodrigo 'Rodri' Hernandez Cascante,26,70,3.0
421,Rodrigo 'Rodri' Hernandez Cascante,27,90,6.0
421,Rodrigo 'Rodri' Hernandez Cascante,28,90,3.0
421,Rodrigo 'Rodri' Hernandez Cascante,29,90,9.0
422,Mateo Kovačić,6,0,0.0
422,Mateo Kovačić,7,0,0.0
422,Mateo Kovačić,8,4,1.0
422,Mateo Kovačić,9,0,0.0
422,Mateo Kovačić,10,0,0.0
422,Mateo Kovačić,11,0,0.0
422,Mateo Kovačić,12,0,0.0
422,Mateo Kovačić,13,0,0.0
422,Mateo Kovačić,14,0,0.0
422,Mateo Kovačić,15,0,0.0
422,Mateo Kovačić,16,0,0.0
422,Mateo Kovačić,17,0,0.0
422,Mateo Kovačić,18,0,0.0
422,Mateo Kovačić,19,0,0.0
422,Mateo Kovačić,20,0,0.0
422,Mateo Kovačić,21,0,0.0
422,Mateo Kovačić,22,0,0.0
422,Mateo Kovačić,23,0,0.0
422,Mateo Kovačić,24,0,0.0
422,Mateo Kovačić,25,0,0.0
422,Mateo Kovačić,26,0,0.0
422,Mateo Kovačić,27,0,0.0
422,Mateo Kovačić,28,0,0.0
422,Mateo Kovačić,29,0,0.0
423,Nico González Iglesias,6,90,2.0
423,Nico González Iglesias,7,68,3.0
423,Nico González Iglesias,8,85,5.0
423,Nico González Iglesias,9,29,0.0
423,Nico González Iglesias,10,90,4.0
423,Nico González Iglesias,11,90,8.0
423,Nico González Iglesias,12,90,2.0
423,Nico González Iglesias,13,90,4.0
423,Nico González Iglesias,14,63,2.0
423,Nico González Iglesias,15,90,3.0
423,Nico González Iglesias,16,90,5.0
423,Nico González Iglesias,17,66,2.0
423,Nico González Iglesias,18,90,4.0
423,Nico González Iglesias,19,45,1.0
423,Nico González Iglesias,20,0,0.0
423,Nico González Iglesias,21,63,4.0
423,Nico González Iglesias,22,0,0.0
423,Nico González Iglesias,23,0,0.0
423,Nico González Iglesias,24,20,0.0
423,Nico González Iglesias,25,0,0.0
423,Nico González Iglesias,26,19,0.0
423,Nico González Iglesias,27,0,0.0
423,Nico González Iglesias,28,0,0.0
423,Nico González Iglesias,29,0,0.0
424,Oscar Bobb,6,28,1.0
424,Oscar Bobb,7,75,3.0
424,Oscar Bobb,8,31,1.0
424,Oscar Bobb,9,60,2.0
424,Oscar Bobb,10,0,0.0
424,Oscar Bobb,11,0,0.0
424,Oscar Bobb,12,13,0.0
424,Oscar Bobb,13,0,0.0
424,Oscar Bobb,14,0,0.0
424,Oscar Bobb,15,0,0.0
424,Oscar Bobb,16,0,0.0
424,Oscar Bobb,17,0,0.0
424,Oscar Bobb,18,0,0.0
424,Oscar Bobb,19,0,0.0
424,Oscar Bobb,20,0,0.0
424,Oscar Bobb,21,0,0.0
424,Oscar Bobb,22,0,0.0
424,Oscar Bobb,23,0,0.0
424,Oscar Bobb,24,0,0.0
424,Oscar Bobb,25,7,1.0
424,Oscar Bobb,26,18,1.0
424,Oscar Bobb,27,45,1.0
424,Oscar Bobb,28,74,5.0
424,Oscar Bobb,29,29,1.0
425,Claudio Echeverri,6,0,0.0
425,Claudio Echeverri,7,0,0.0
425,Claudio Echeverri,8,0,0.0
425,Claudio Echeverri,9,0,0.0
425,Claudio Echeverri,10,0,0.0
425,Claudio Echeverri,11,0,0.0
425,Claudio Echeverri,12,0,0.0
425,Claudio Echeverri,13,0,0.0
425,Claudio Echeverri,14,0,0.0
425,Claudio Echeverri,15,0,0.0
425,Claudio Echeverri,16,0,0.0
425,Claudio Echeverri,17,0,0.0
425,Claudio Echeverri,18,0,0.0
425,Claudio Echeverri,19,0,0.0
425,Claudio Echeverri,20,0,0.0
425,Claudio Echeverri,21,0,0.0
425,Claudio Echeverri,22,0,0.0
425,Claudio Echeverri,23,0,0.0
425,Claudio Echeverri,24,0,0.0
425,Claudio Echeverri,25,0,0.0
425,Claudio Echeverri,26,0,0.0
425,Claudio Echeverri,27,0,0.0
425,Claudio Echeverri,28,0,0.0
425,Claudio Echeverri,29,0,0.0
426,James McAtee,6,59,1.0
426,James McAtee,7,0,0.0
426,James McAtee,8,0,0.0
426,James McAtee,9,0,0.0
426,James McAtee,10,0,0.0
426,James McAtee,11,0,0.0
426,James McAtee,12,0,0.0
426,James McAtee,13,5,1.0
426,James McAtee,14,0,0.0
426,James McAtee,15,0,0.0
426,James McAtee,16,0,0.0
426,James McAtee,17,17,1.0
426,James McAtee,18,0,0.0
426,James McAtee,19,0,0.0
426,James McAtee,20,21,0.0
426,James McAtee,21,0,0.0
426,James McAtee,22,0,0.0
426,James McAtee,23,0,0.0
426,James McAtee,24,0,0.0
426,James McAtee,25,0,0.0
426,James McAtee,26,0,0.0
426,James McAtee,27,1,1.0
426,James McAtee,28,0,0.0
426,James McAtee,29,0,0.0
427,Tijjani Reijnders,6,82,2.0
427,Tijjani Reijnders,7,75,3.0
427,Tijjani Reijnders,8,58,1.0
427,Tijjani Reijnders,9,75,1.0
427,Tijjani Reijnders,10,17,1.0
427,Tijjani Reijnders,11,0,0.0
427,Tijjani Reijnders,12,13,1.0
427,Tijjani Reijnders,13,74,3.0
427,Tijjani Reijnders,14,81,7.0
427,Tijjani Reijnders,15,21,1.0
427,Tijjani Reijnders,16,84,3.0
427,Tijjani Reijnders,17,66,8.0
427,Tijjani Reijnders,18,72,8.0
427,Tijjani Reijnders,19,5,1.0
427,Tijjani Reijnders,20,69,10.0
427,Tijjani Reijnders,21,90,2.0
427,Tijjani Reijnders,22,10,1.0
427,Tijjani Reijnders,23,60,3.0
427,Tijjani Reijnders,24,21,1.0
427,Tijjani Reijnders,25,0,0.0
427,Tijjani Reijnders,26,30,1.0
427,Tijjani Reijnders,27,0,0.0
427,Tijjani Reijnders,28,20,1.0
427,Tijjani Reijnders,29,0,0.0
428,Sverre Nypan,6,0,0.0
428,Sverre Nypan,7,0,0.0
428,Sverre Nypan,8,0,0.0
428,Sverre Nypan,9,0,0.0
428,Sverre Nypan,10,0,0.0
428,Sverre Nypan,11,0,0.0
428,Sverre Nypan,12,0,0.0
428,Sverre Nypan,13,0,0.0
428,Sverre Nypan,14,0,0.0
428,Sverre Nypan,15,0,0.0
428,Sverre Nypan,16,0,0.0
428,Sverre Nypan,17,0,0.0
428,Sverre Nypan,18,0,0.0
428,Sverre Nypan,19,0,0.0
428,Sverre Nypan,20,0,0.0
428,Sverre Nypan,21,0,0.0
428,Sverre Nypan,22,0,0.0
428,Sverre Nypan,23,0,0.0
428,Sverre Nypan,24,0,0.0
428,Sverre Nypan,25,0,0.0
428,Sverre Nypan,26,0,0.0
428,Sverre Nypan,27,0,0.0
428,Sverre Nypan,28,0,0.0
428,Sverre Nypan,29,0,0.0
429,Kalvin Phillips,6,0,0.0
429,Kalvin Phillips,7,0,0.0
429,Kalvin Phillips,8,0,0.0
429,Kalvin Phillips,9,0,0.0
429,Kalvin Phillips,10,0,0.0
429,Kalvin Phillips,11,0,0.0
429,Kalvin Phillips,12,0,0.0
429,Kalvin Phillips,13,0,0.0
429,Kalvin Phillips,14,0,0.0
429,Kalvin Phillips,15,0,0.0
429,Kalvin Phillips,16,0,0.0
429,Kalvin Phillips,17,0,0.0
429,Kalvin Phillips,18,0,0.0
429,Kalvin Phillips,19,0,0.0
429,Kalvin Phillips,20,0,0.0
429,Kalvin Phillips,21,0,0.0
429,Kalvin Phillips,22,0,0.0
429,Kalvin Phillips,23,0,0.0
429,Kalvin Phillips,24,0,0.0
429,Kalvin Phillips,25,0,0.0
429,Kalvin Phillips,26,0,0.0
429,Kalvin Phillips,27,0,0.0
429,Kalvin Phillips,28,0,0.0
429,Kalvin Phillips,29,0,0.0
430,Erling Haaland,6,90,16.0
430,Erling Haaland,7,90,8.0
430,Erling Haaland,8,90,13.0
430,Erling Haaland,9,90,2.0
430,Erling Haaland,10,81,13.0
430,Erling Haaland,11,90,4.0
430,Erling Haaland,12,90,2.0
430,Erling Haaland,13,90,2.0
430,Erling Haaland,14,90,14.0
430,Erling Haaland,15,68,2.0
430,Erling Haaland,16,90,13.0
430,Erling Haaland,17,90,16.0
430,Erling Haaland,18,90,2.0
430,Erling Haaland,19,90,2.0
430,Erling Haaland,20,90,2.0
430,Erling Haaland,21,90,6.0
430,Erling Haaland,22,79,2.0
430,Erling Haaland,23,17,1.0
430,Erling Haaland,24,90,5.0
430,Erling Haaland,25,90,11.0
430,Erling Haaland,26,45,5.0
430,Erling Haaland,27,90,6.0
430,Erling Haaland,28,0,0.0
430,Erling Haaland,29,90,2.0
431,Altay Bayındır,6,90,2.0
431,Altay Bayındır,7,0,0.0
431,Altay Bayındır,8,0,0.0
431,Altay Bayındır,9,0,0.0
431,Altay Bayındır,10,0,0.0
431,Altay Bayındır,11,0,0.0
431,Altay Bayındır,12,0,0.0
431,Altay Bayındır,13,0,0.0
431,Altay Bayındır,14,0,0.0
431,Altay Bayındır,15,0,0.0
431,Altay Bayındır,16,0,0.0
431,Altay Bayındır,17,0,0.0
431,Altay Bayındır,18,0,0.0
431,Altay Bayındır,19,0,0.0
431,Altay Bayındır,20,0,0.0
431,Altay Bayındır,21,0,0.0
431,Altay Bayındır,22,0,0.0
431,Altay Bayındır,23,0,0.0
431,Altay Bayındır,24,0,0.0
431,Altay Bayındır,25,0,0.0
431,Altay Bayındır,26,0,0.0
431,Altay Bayındır,27,0,0.0
431,Altay Bayındır,28,0,0.0
431,Altay Bayındır,29,0,0.0
432,André Onana,6,0,0.0
432,André Onana,7,0,0.0
432,André Onana,8,0,0.0
432,André Onana,9,0,0.0
432,André Onana,10,0,0.0
432,André Onana,11,0,0.0
432,André Onana,12,0,0.0
432,André Onana,13,0,0.0
432,André Onana,14,0,0.0
432,André Onana,15,0,0.0
432,André Onana,16,0,0.0
432,André Onana,17,0,0.0
432,André Onana,18,0,0.0
432,André Onana,19,0,0.0
432,André Onana,20,0,0.0
432,André Onana,21,0,0.0
432,André Onana,22,0,0.0
432,André Onana,23,0,0.0
432,André Onana,24,0,0.0
432,André Onana,25,0,0.0
432,André Onana,26,0,0.0
432,André Onana,27,0,0.0
432,André Onana,28,0,0.0
432,André Onana,29,0,0.0
433,Elyh Harrison,6,0,0.0
433,Elyh Harrison,7,0,0.0
433,Elyh Harrison,8,0,0.0
433,Elyh Harrison,9,0,0.0
433,Elyh Harrison,10,0,0.0
433,Elyh Harrison,11,0,0.0
433,Elyh Harrison,12,0,0.0
433,Elyh Harrison,13,0,0.0
433,Elyh Harrison,14,0,0.0
433,Elyh Harrison,15,0,0.0
433,Elyh Harrison,16,0,0.0
433,Elyh Harrison,17,0,0.0
433,Elyh Harrison,18,0,0.0
433,Elyh Harrison,19,0,0.0
433,Elyh Harrison,20,0,0.0
433,Elyh Harrison,21,0,0.0
433,Elyh Harrison,22,0,0.0
433,Elyh Harrison,23,0,0.0
433,Elyh Harrison,24,0,0.0
433,Elyh Harrison,25,0,0.0
433,Elyh Harrison,26,0,0.0
433,Elyh Harrison,27,0,0.0
433,Elyh Harrison,28,0,0.0
433,Elyh Harrison,29,0,0.0
434,Tom Heaton,6,0,0.0
434,Tom Heaton,7,0,0.0
434,Tom Heaton,8,0,0.0
434,Tom Heaton,9,0,0.0
434,Tom Heaton,10,0,0.0
434,Tom Heaton,11,0,0.0
434,Tom Heaton,12,0,0.0
434,Tom Heaton,13,0,0.0
434,Tom Heaton,14,0,0.0
434,Tom Heaton,15,0,0.0
434,Tom Heaton,16,0,0.0
434,Tom Heaton,17,0,0.0
434,Tom Heaton,18,0,0.0
434,Tom Heaton,19,0,0.0
434,Tom Heaton,20,0,0.0
434,Tom Heaton,21,0,0.0
434,Tom Heaton,22,0,0.0
434,Tom Heaton,23,0,0.0
434,Tom Heaton,24,0,0.0
434,Tom Heaton,25,0,0.0
434,Tom Heaton,26,0,0.0
434,Tom Heaton,27,0,0.0
434,Tom Heaton,28,0,0.0
434,Tom Heaton,29,0,0.0
435,Dermot Mee,6,0,0.0
435,Dermot Mee,7,0,0.0
435,Dermot Mee,8,0,0.0
435,Dermot Mee,9,0,0.0
435,Dermot Mee,10,0,0.0
435,Dermot Mee,11,0,0.0
435,Dermot Mee,12,0,0.0
435,Dermot Mee,13,0,0.0
435,Dermot Mee,14,0,0.0
435,Dermot Mee,15,0,0.0
435,Dermot Mee,16,0,0.0
435,Dermot Mee,17,0,0.0
435,Dermot Mee,18,0,0.0
435,Dermot Mee,19,0,0.0
435,Dermot Mee,20,0,0.0
435,Dermot Mee,21,0,0.0
435,Dermot Mee,22,0,0.0
435,Dermot Mee,23,0,0.0
435,Dermot Mee,24,0,0.0
435,Dermot Mee,25,0,0.0
435,Dermot Mee,26,0,0.0
435,Dermot Mee,27,0,0.0
435,Dermot Mee,28,0,0.0
435,Dermot Mee,29,0,0.0
436,Matthijs de Ligt,6,90,3.0
436,Matthijs de Ligt,7,90,8.0
436,Matthijs de Ligt,8,90,2.0
436,Matthijs de Ligt,9,90,1.0
436,Matthijs de Ligt,10,90,1.0
436,Matthijs de Ligt,11,90,9.0
436,Matthijs de Ligt,12,90,2.0
436,Matthijs de Ligt,13,90,2.0
436,Matthijs de Ligt,14,0,0.0
436,Matthijs de Ligt,15,0,0.0
436,Matthijs de Ligt,16,0,0.0
436,Matthijs de Ligt,17,0,0.0
436,Matthijs de Ligt,18,0,0.0
436,Matthijs de Ligt,19,0,0.0
436,Matthijs de Ligt,20,0,0.0
436,Matthijs de Ligt,21,0,0.0
436,Matthijs de Ligt,22,0,0.0
436,Matthijs de Ligt,23,0,0.0
436,Matthijs de Ligt,24,0,0.0
436,Matthijs de Ligt,25,0,0.0
436,Matthijs de Ligt,26,0,0.0
436,Matthijs de Ligt,27,0,0.0
436,Matthijs de Ligt,28,0,0.0
436,Matthijs de Ligt,29,0,0.0
437,Lisandro Martínez,6,0,0.0
437,Lisandro Martínez,7,0,0.0
437,Lisandro Martínez,8,0,0.0
437,Lisandro Martínez,9,0,0.0
437,Lisandro Martínez,10,0,0.0
437,Lisandro Martínez,11,0,0.0
437,Lisandro Martínez,12,0,0.0
437,Lisandro Martínez,13,8,1.0
437,Lisandro Martínez,14,2,1.0
437,Lisandro Martínez,15,21,1.0
437,Lisandro Martínez,16,21,1.0
437,Lisandro Martínez,17,45,1.0
437,Lisandro Martínez,18,87,10.0
437,Lisandro Martínez,19,90,2.0
437,Lisandro Martínez,20,90,4.0
437,Lisandro Martínez,21,90,1.0
437,Lisandro Martínez,22,90,8.0
437,Lisandro Martínez,23,90,-1.0
437,Lisandro Martínez,24,90,1.0
437,Lisandro Martínez,25,90,7.0
437,Lisandro Martínez,26,90,2.0
437,Lisandro Martínez,27,0,0.0
437,Lisandro Martínez,28,0,0.0
437,Lisandro Martínez,29,0,0.0
438,Noussair Mazraoui,6,0,0.0
438,Noussair Mazraoui,7,0,0.0
438,Noussair Mazraoui,8,0,0.0
438,Noussair Mazraoui,9,0,0.0
438,Noussair Mazraoui,10,13,0.0
438,Noussair Mazraoui,11,57,1.0
438,Noussair Mazraoui,12,45,1.0
438,Noussair Mazraoui,13,36,1.0
438,Noussair Mazraoui,14,90,3.0
438,Noussair Mazraoui,15,68,2.0
438,Noussair Mazraoui,16,0,0.0
438,Noussair Mazraoui,17,0,0.0
438,Noussair Mazraoui,18,0,0.0
438,Noussair Mazraoui,19,0,0.0
438,Noussair Mazraoui,20,0,0.0
438,Noussair Mazraoui,21,0,0.0
438,Noussair Mazraoui,22,0,0.0
438,Noussair Mazraoui,23,2,1.0
438,Noussair Mazraoui,24,4,1.0
438,Noussair Mazraoui,25,3,1.0
438,Noussair Mazraoui,26,0,0.0
438,Noussair Mazraoui,27,12,0.0
438,Noussair Mazraoui,28,66,7.0
438,Noussair Mazraoui,29,84,1.0
439,Diego León Blanco,6,0,0.0
439,Diego León Blanco,7,0,0.0
439,Diego León Blanco,8,0,0.0
439,Diego León Blanco,9,0,0.0
439,Diego León Blanco,10,0,0.0
439,Diego León Blanco,11,0,0.0
439,Diego León Blanco,12,0,0.0
439,Diego León Blanco,13,0,0.0
439,Diego León Blanco,14,0,0.0
439,Diego León Blanco,15,0,0.0
439,Diego León Blanco,16,0,0.0
439,Diego León Blanco,17,0,0.0
439,Diego León Blanco,18,0,0.0
439,Diego León Blanco,19,0,0.0
439,Diego León Blanco,20,0,0.0
439,Diego León Blanco,21,0,0.0
439,Diego León Blanco,22,0,0.0
439,Diego León Blanco,23,0,0.0
439,Diego León Blanco,24,0,0.0
439,Diego León Blanco,25,0,0.0
439,Diego León Blanco,26,0,0.0
439,Diego León Blanco,27,0,0.0
439,Diego León Blanco,28,0,0.0
439,Diego León Blanco,29,0,0.0
440,Diogo Dalot Teixeira,6,90,1.0
440,Diogo Dalot Teixeira,7,63,9.0
440,Diogo Dalot Teixeira,8,90,4.0
440,Diogo Dalot Teixeira,9,90,1.0
440,Diogo Dalot Teixeira,10,67,1.0
440,Diogo Dalot Teixeira,11,10,0.0
440,Diogo Dalot Teixeira,12,32,1.0
440,Diogo Dalot Teixeira,13,90,2.0
440,Diogo Dalot Teixeira,14,67,15.0
440,Diogo Dalot Teixeira,15,83,5.0
440,Diogo Dalot Teixeira,16,90,2.0
440,Diogo Dalot Teixeira,17,90,0.0
440,Diogo Dalot Teixeira,18,90,13.0
440,Diogo Dalot Teixeira,19,90,2.0
440,Diogo Dalot Teixeira,20,90,2.0
440,Diogo Dalot Teixeira,21,90,1.0
440,Diogo Dalot Teixeira,22,90,5.0
440,Diogo Dalot Teixeira,23,90,1.0
440,Diogo Dalot Teixeira,24,85,2.0
440,Diogo Dalot Teixeira,25,90,12.0
440,Diogo Dalot Teixeira,26,81,1.0
440,Diogo Dalot Teixeira,27,90,7.0
440,Diogo Dalot Teixeira,28,90,1.0
440,Diogo Dalot Teixeira,29,29,1.0
441,Patrick Dorgu,6,84,0.0
441,Patrick Dorgu,7,26,1.0
441,Patrick Dorgu,8,31,1.0
441,Patrick Dorgu,9,20,-1.0
441,Patrick Dorgu,10,22,1.0
441,Patrick Dorgu,11,79,5.0
441,Patrick Dorgu,12,57,1.0
441,Patrick Dorgu,13,1,1.0
441,Patrick Dorgu,14,22,1.0
441,Patrick Dorgu,15,6,1.0
441,Patrick Dorgu,16,1,1.0
441,Patrick Dorgu,17,90,5.0
441,Patrick Dorgu,18,90,17.0
441,Patrick Dorgu,19,90,2.0
441,Patrick Dorgu,20,90,1.0
441,Patrick Dorgu,21,90,5.0
441,Patrick Dorgu,22,90,15.0
441,Patrick Dorgu,23,80,8.0
441,Patrick Dorgu,24,0,0.0
441,Patrick Dorgu,25,0,0.0
441,Patrick Dorgu,26,0,0.0
441,Patrick Dorgu,27,0,0.0
441,Patrick Dorgu,28,0,0.0
441,Patrick Dorgu,29,0,0.0
442,Harry Maguire,6,65,1.0
442,Harry Maguire,7,5,1.0
442,Harry Maguire,8,90,11.0
442,Harry Maguire,9,0,0.0
442,Harry Maguire,10,0,0.0
442,Harry Maguire,11,71,6.0
442,Harry Maguire,12,0,0.0
442,Harry Maguire,13,0,0.0
442,Harry Maguire,14,0,0.0
442,Harry Maguire,15,0,0.0
442,Harry Maguire,16,0,0.0
442,Harry Maguire,17,0,0.0
442,Harry Maguire,18,0,0.0
442,Harry Maguire,19,0,0.0
442,Harry Maguire,20,0,0.0
442,Harry Maguire,21,0,0.0
442,Harry Maguire,22,90,6.0
442,Harry Maguire,23,90,3.0
442,Harry Maguire,24,90,2.0
442,Harry Maguire,25,90,6.0
442,Harry Maguire,26,67,2.0
442,Harry Maguire,27,90,7.0
442,Harry Maguire,28,84,2.0
442,Harry Maguire,29,90,1.0
443,Luke Shaw,6,80,1.0
443,Luke Shaw,7,90,6.0
443,Luke Shaw,8,84,2.0
443,Luke Shaw,9,64,9.0
443,Luke Shaw,10,90,1.0
443,Luke Shaw,11,90,1.0
443,Luke Shaw,12,90,2.0
443,Luke Shaw,13,81,1.0
443,Luke Shaw,14,87,1.0
443,Luke Shaw,15,90,2.0
443,Luke Shaw,16,90,0.0
443,Luke Shaw,17,90,3.0
443,Luke Shaw,18,87,5.0
443,Luke Shaw,19,90,2.0
443,Luke Shaw,20,90,2.0
443,Luke Shaw,21,90,1.0
443,Luke Shaw,22,90,5.0
443,Luke Shaw,23,90,1.0
443,Luke Shaw,24,90,1.0
443,Luke Shaw,25,86,6.0
443,Luke Shaw,26,90,2.0
443,Luke Shaw,27,90,6.0
443,Luke Shaw,28,23,1.0
443,Luke Shaw,29,60,1.0
444,Leny Yoro,6,24,1.0
444,Leny Yoro,7,84,6.0
444,Leny Yoro,8,5,1.0
444,Leny Yoro,9,90,1.0
444,Leny Yoro,10,76,1.0
444,Leny Yoro,11,18,0.0
444,Leny Yoro,12,90,2.0
444,Leny Yoro,13,53,1.0
444,Leny Yoro,14,45,1.0
444,Leny Yoro,15,21,1.0
444,Leny Yoro,16,68,1.0
444,Leny Yoro,17,83,1.0
444,Leny Yoro,18,29,1.0
444,Leny Yoro,19,15,1.0
444,Leny Yoro,20,62,2.0
444,Leny Yoro,21,29,1.0
444,Leny Yoro,22,0,0.0
444,Leny Yoro,23,0,0.0
444,Leny Yoro,24,1,1.0
444,Leny Yoro,25,0,0.0
444,Leny Yoro,26,22,1.0
444,Leny Yoro,27,90,6.0
444,Leny Yoro,28,90,2.0
444,Leny Yoro,29,90,1.0
445,Harry Amass,6,0,0.0
445,Harry Amass,7,0,0.0
445,Harry Amass,8,0,0.0
445,Harry Amass,9,0,0.0
445,Harry Amass,10,0,0.0
445,Harry Amass,11,0,0.0
445,Harry Amass,12,0,0.0
445,Harry Amass,13,0,0.0
445,Harry Amass,14,0,0.0
445,Harry Amass,15,0,0.0
445,Harry Amass,16,0,0.0
445,Harry Amass,17,0,0.0
445,Harry Amass,18,0,0.0
445,Harry Amass,19,0,0.0
445,Harry Amass,20,0,0.0
445,Harry Amass,21,0,0.0
445,Harry Amass,22,0,0.0
445,Harry Amass,23,0,0.0
445,Harry Amass,24,0,0.0
445,Harry Amass,25,0,0.0
445,Harry Amass,26,0,0.0
445,Harry Amass,27,0,0.0
445,Harry Amass,28,0,0.0
445,Harry Amass,29,0,0.0
446,Tyler Fredricson,6,0,0.0
446,Tyler Fredricson,7,0,0.0
446,Tyler Fredricson,8,0,0.0
446,Tyler Fredricson,9,0,0.0
446,Tyler Fredricson,10,0,0.0
446,Tyler Fredricson,11,0,0.0
446,Tyler Fredricson,12,0,0.0
446,Tyler Fredricson,13,0,0.0
446,Tyler Fredricson,14,0,0.0
446,Tyler Fredricson,15,0,0.0
446,Tyler Fredricson,16,0,0.0
446,Tyler Fredricson,17,0,0.0
446,Tyler Fredricson,18,2,1.0
446,Tyler Fredricson,19,0,0.0
446,Tyler Fredricson,20,0,0.0
446,Tyler Fredricson,21,0,0.0
446,Tyler Fredricson,22,0,0.0
446,Tyler Fredricson,23,0,0.0
446,Tyler Fredricson,24,0,0.0
446,Tyler Fredricson,25,0,0.0
446,Tyler Fredricson,26,0,0.0
446,Tyler Fredricson,27,0,0.0
446,Tyler Fredricson,28,0,0.0
446,Tyler Fredricson,29,0,0.0
447,Ayden Heaven,6,0,0.0
447,Ayden Heaven,7,0,0.0
447,Ayden Heaven,8,0,0.0
447,Ayden Heaven,9,25,3.0
447,Ayden Heaven,10,0,0.0
447,Ayden Heaven,11,0,0.0
447,Ayden Heaven,12,0,0.0
447,Ayden Heaven,13,0,0.0
447,Ayden Heaven,14,45,0.0
447,Ayden Heaven,15,68,2.0
447,Ayden Heaven,16,90,2.0
447,Ayden Heaven,17,90,3.0
447,Ayden Heaven,18,90,8.0
447,Ayden Heaven,19,74,2.0
447,Ayden Heaven,20,90,4.0
447,Ayden Heaven,21,60,0.0
447,Ayden Heaven,22,1,1.0
447,Ayden Heaven,23,0,0.0
447,Ayden Heaven,24,0,0.0
447,Ayden Heaven,25,0,0.0
447,Ayden Heaven,26,0,0.0
447,Ayden Heaven,27,1,1.0
447,Ayden Heaven,28,5,0.0
447,Ayden Heaven,29,0,0.0
448,Tyrell Malacia,6,0,0.0
448,Tyrell Malacia,7,0,0.0
448,Tyrell Malacia,8,0,0.0
448,Tyrell Malacia,9,0,0.0
448,Tyrell Malacia,10,0,0.0
448,Tyrell Malacia,11,0,0.0
448,Tyrell Malacia,12,0,0.0
448,Tyrell Malacia,13,0,0.0
448,Tyrell Malacia,14,0,0.0
448,Tyrell Malacia,15,0,0.0
448,Tyrell Malacia,16,0,0.0
448,Tyrell Malacia,17,0,0.0
448,Tyrell Malacia,18,2,1.0
448,Tyrell Malacia,19,0,0.0
448,Tyrell Malacia,20,0,0.0
448,Tyrell Malacia,21,0,0.0
448,Tyrell Malacia,22,0,0.0
448,Tyrell Malacia,23,0,0.0
448,Tyrell Malacia,24,0,0.0
448,Tyrell Malacia,25,0,0.0
448,Tyrell Malacia,26,0,0.0
448,Tyrell Malacia,27,0,0.0
448,Tyrell Malacia,28,0,0.0
448,Tyrell Malacia,29,5,1.0
449,Bruno Borges Fernandes,6,90,-1.0
449,Bruno Borges Fernandes,7,90,3.0
449,Bruno Borges Fernandes,8,84,8.0
449,Bruno Borges Fernandes,9,90,4.0
449,Bruno Borges Fernandes,10,90,5.0
449,Bruno Borges Fernandes,11,90,5.0
449,Bruno Borges Fernandes,12,90,2.0
449,Bruno Borges Fernandes,13,90,11.0
449,Bruno Borges Fernandes,14,90,4.0
449,Bruno Borges Fernandes,15,90,18.0
449,Bruno Borges Fernandes,16,90,13.0
449,Bruno Borges Fernandes,17,45,1.0
449,Bruno Borges Fernandes,18,0,0.0
449,Bruno Borges Fernandes,19,0,0.0
449,Bruno Borges Fernandes,20,0,0.0
449,Bruno Borges Fernandes,21,60,7.0
449,Bruno Borges Fernandes,22,90,10.0
449,Bruno Borges Fernandes,23,90,5.0
449,Bruno Borges Fernandes,24,90,10.0
449,Bruno Borges Fernandes,25,90,10.0
449,Bruno Borges Fernandes,26,90,2.0
449,Bruno Borges Fernandes,27,90,2.0
449,Bruno Borges Fernandes,28,90,13.0
449,Bruno Borges Fernandes,29,90,8.0
450,Matheus Santos Carneiro da Cunha,6,90,2.0
450,Matheus Santos Carneiro da Cunha,7,25,1.0
450,Matheus Santos Carneiro da Cunha,8,90,2.0
450,Matheus Santos Carneiro da Cunha,9,81,8.0
450,Matheus Santos Carneiro da Cunha,10,90,4.0
450,Matheus Santos Carneiro da Cunha,11,71,3.0
450,Matheus Santos Carneiro da Cunha,12,0,0.0
450,Matheus Santos Carneiro da Cunha,13,0,0.0
450,Matheus Santos Carneiro da Cunha,14,76,3.0
450,Matheus Santos Carneiro da Cunha,15,90,5.0
450,Matheus Santos Carneiro da Cunha,16,90,8.0
450,Matheus Santos Carneiro da Cunha,17,90,9.0
450,Matheus Santos Carneiro da Cunha,18,90,2.0
450,Matheus Santos Carneiro da Cunha,19,90,2.0
450,Matheus Santos Carneiro da Cunha,20,90,9.0
450,Matheus Santos Carneiro da Cunha,21,73,2.0
450,Matheus Santos Carneiro da Cunha,22,19,4.0
450,Matheus Santos Carneiro da Cunha,23,21,9.0
450,Matheus Santos Carneiro da Cunha,24,73,9.0
450,Matheus Santos Carneiro da Cunha,25,74,3.0
450,Matheus Santos Carneiro da Cunha,26,68,2.0
450,Matheus Santos Carneiro da Cunha,27,90,3.0
450,Matheus Santos Carneiro da Cunha,28,90,5.0
450,Matheus Santos Carneiro da Cunha,29,90,2.0
451,Marcus Rashford,6,0,0.0
451,Marcus Rashford,7,0,0.0
451,Marcus Rashford,8,0,0.0
451,Marcus Rashford,9,0,0.0
451,Marcus Rashford,10,0,0.0
451,Marcus Rashford,11,0,0.0
451,Marcus Rashford,12,0,0.0
451,Marcus Rashford,13,0,0.0
451,Marcus Rashford,14,0,0.0
451,Marcus Rashford,15,0,0.0
451,Marcus Rashford,16,0,0.0
451,Marcus Rashford,17,0,0.0
451,Marcus Rashford,18,0,0.0
451,Marcus Rashford,19,0,0.0
451,Marcus Rashford,20,0,0.0
451,Marcus Rashford,21,0,0.0
451,Marcus Rashford,22,0,0.0
451,Marcus Rashford,23,0,0.0
451,Marcus Rashford,24,0,0.0
451,Marcus Rashford,25,0,0.0
451,Marcus Rashford,26,0,0.0
451,Marcus Rashford,27,0,0.0
451,Marcus Rashford,28,0,0.0
451,Marcus Rashford,29,0,0.0
452,Amad Diallo,6,0,0.0
452,Amad Diallo,7,90,3.0
452,Amad Diallo,8,58,3.0
452,Amad Diallo,9,69,3.0
452,Amad Diallo,10,90,9.0
452,Amad Diallo,11,90,8.0
452,Amad Diallo,12,90,2.0
452,Amad Diallo,13,90,2.0
452,Amad Diallo,14,90,2.0
452,Amad Diallo,15,90,6.0
452,Amad Diallo,16,90,7.0
452,Amad Diallo,17,0,0.0
452,Amad Diallo,18,0,0.0
452,Amad Diallo,19,0,0.0
452,Amad Diallo,20,0,0.0
452,Amad Diallo,21,0,0.0
452,Amad Diallo,22,90,3.0
452,Amad Diallo,23,87,2.0
452,Amad Diallo,24,90,2.0
452,Amad Diallo,25,90,2.0
452,Amad Diallo,26,90,2.0
452,Amad Diallo,27,57,1.0
452,Amad Diallo,28,15,1.0
452,Amad Diallo,29,14,1.0
453,Alejandro Garnacho Ferreyra,6,0,0.0
453,Alejandro Garnacho Ferreyra,7,74,2.0
453,Alejandro Garnacho Ferreyra,8,45,1.0
453,Alejandro Garnacho Ferreyra,9,57,6.0
453,Alejandro Garnacho Ferreyra,10,65,3.0
453,Alejandro Garnacho Ferreyra,11,90,11.0
453,Alejandro Garnacho Ferreyra,12,0,0.0
453,Alejandro Garnacho Ferreyra,13,45,1.0
453,Alejandro Garnacho Ferreyra,14,29,1.0
453,Alejandro Garnacho Ferreyra,15,76,3.0
453,Alejandro Garnacho Ferreyra,16,64,3.0
453,Alejandro Garnacho Ferreyra,17,90,1.0
453,Alejandro Garnacho Ferreyra,18,68,2.0
453,Alejandro Garnacho Ferreyra,19,45,4.0
453,Alejandro Garnacho Ferreyra,20,0,0.0
453,Alejandro Garnacho Ferreyra,21,0,0.0
453,Alejandro Garnacho Ferreyra,22,56,1.0
453,Alejandro Garnacho Ferreyra,23,0,0.0
453,Alejandro Garnacho Ferreyra,24,45,1.0
453,Alejandro Garnacho Ferreyra,25,29,1.0
453,Alejandro Garnacho Ferreyra,26,0,0.0
453,Alejandro Garnacho Ferreyra,27,0,0.0
453,Alejandro Garnacho Ferreyra,28,4,1.0
453,Alejandro Garnacho Ferreyra,29,90,6.0
454,Antony dos Santos,6,0,0.0
454,Antony dos Santos,7,0,0.0
454,Antony dos Santos,8,0,0.0
454,Antony dos Santos,9,0,0.0
454,Antony dos Santos,10,0,0.0
454,Antony dos Santos,11,0,0.0
454,Antony dos Santos,12,0,0.0
454,Antony dos Santos,13,0,0.0
454,Antony dos Santos,14,0,0.0
454,Antony dos Santos,15,0,0.0
454,Antony dos Santos,16,0,0.0
454,Antony dos Santos,17,0,0.0
454,Antony dos Santos,18,0,0.0
454,Antony dos Santos,19,0,0.0
454,Antony dos Santos,20,0,0.0
454,Antony dos Santos,21,0,0.0
454,Antony dos Santos,22,0,0.0
454,Antony dos Santos,23,0,0.0
454,Antony dos Santos,24,0,0.0
454,Antony dos Santos,25,0,0.0
454,Antony dos Santos,26,0,0.0
454,Antony dos Santos,27,0,0.0
454,Antony dos Santos,28,0,0.0
454,Antony dos Santos,29,0,0.0
455,Mason Mount,6,9,1.0
455,Mason Mount,7,64,10.0
455,Mason Mount,8,60,3.0
455,Mason Mount,9,0,0.0
455,Mason Mount,10,0,0.0
455,Mason Mount,11,18,1.0
455,Mason Mount,12,45,1.0
455,Mason Mount,13,90,8.0
455,Mason Mount,14,12,1.0
455,Mason Mount,15,83,7.0
455,Mason Mount,16,68,2.0
455,Mason Mount,17,90,2.0
455,Mason Mount,18,45,1.0
455,Mason Mount,19,0,0.0
455,Mason Mount,20,0,0.0
455,Mason Mount,21,29,1.0
455,Mason Mount,22,1,1.0
455,Mason Mount,23,0,0.0
455,Mason Mount,24,0,0.0
455,Mason Mount,25,0,0.0
455,Mason Mount,26,0,0.0
455,Mason Mount,27,0,0.0
455,Mason Mount,28,0,0.0
455,Mason Mount,29,0,0.0
456,Jadon Sancho,6,0,0.0
456,Jadon Sancho,7,0,0.0
456,Jadon Sancho,8,0,0.0
456,Jadon Sancho,9,44,1.0
456,Jadon Sancho,10,16,1.0
456,Jadon Sancho,11,19,1.0
456,Jadon Sancho,12,22,1.0
456,Jadon Sancho,13,2,1.0
456,Jadon Sancho,14,0,0.0
456,Jadon Sancho,15,15,1.0
456,Jadon Sancho,16,0,0.0
456,Jadon Sancho,17,0,0.0
456,Jadon Sancho,18,31,1.0
456,Jadon Sancho,19,60,2.0
456,Jadon Sancho,20,21,1.0
456,Jadon Sancho,21,64,3.0
456,Jadon Sancho,22,0,0.0
456,Jadon Sancho,23,58,1.0
456,Jadon Sancho,24,76,2.0
456,Jadon Sancho,25,76,5.0
456,Jadon Sancho,26,59,1.0
456,Jadon Sancho,27,29,1.0
456,Jadon Sancho,28,59,1.0
456,Jadon Sancho,29,27,1.0
457,Carlos Henrique Casimiro,6,0,0.0
457,Carlos Henrique Casimiro,7,84,4.0
457,Carlos Henrique Casimiro,8,57,0.0
457,Carlos Henrique Casimiro,9,69,15.0
457,Carlos Henrique Casimiro,10,90,12.0
457,Carlos Henrique Casimiro,11,71,5.0
457,Carlos Henrique Casimiro,12,57,0.0
457,Carlos Henrique Casimiro,13,90,4.0
457,Carlos Henrique Casimiro,14,90,8.0
457,Carlos Henrique Casimiro,15,77,2.0
457,Carlos Henrique Casimiro,16,60,6.0
457,Carlos Henrique Casimiro,17,0,0.0
457,Carlos Henrique Casimiro,18,60,3.0
457,Carlos Henrique Casimiro,19,90,6.0
457,Carlos Henrique Casimiro,20,90,7.0
457,Carlos Henrique Casimiro,21,73,4.0
457,Carlos Henrique Casimiro,22,80,3.0
457,Carlos Henrique Casimiro,23,90,2.0
457,Carlos Henrique Casimiro,24,74,13.0
457,Carlos Henrique Casimiro,25,86,3.0
457,Carlos Henrique Casimiro,26,90,2.0
457,Carlos Henrique Casimiro,27,90,5.0
457,Carlos Henrique Casimiro,28,90,4.0
457,Carlos Henrique Casimiro,29,60,8.0
458,Kobbie Mainoo,6,24,1.0
458,Kobbie Mainoo,7,13,1.0
458,Kobbie Mainoo,8,5,1.0
458,Kobbie Mainoo,9,20,1.0
458,Kobbie Mainoo,10,0,0.0
458,Kobbie Mainoo,11,0,0.0
458,Kobbie Mainoo,12,32,1.0
458,Kobbie Mainoo,13,1,1.0
458,Kobbie Mainoo,14,0,0.0
458,Kobbie Mainoo,15,12,1.0
458,Kobbie Mainoo,16,29,1.0
458,Kobbie Mainoo,17,0,0.0
458,Kobbie Mainoo,18,0,0.0
458,Kobbie Mainoo,19,0,0.0
458,Kobbie Mainoo,20,0,0.0
458,Kobbie Mainoo,21,16,1.0
458,Kobbie Mainoo,22,90,3.0
458,Kobbie Mainoo,23,90,5.0
458,Kobbie Mainoo,24,90,4.0
458,Kobbie Mainoo,25,90,6.0
458,Kobbie Mainoo,26,90,2.0
458,Kobbie Mainoo,27,90,3.0
458,Kobbie Mainoo,28,90,2.0
458,Kobbie Mainoo,29,75,2.0
459,Manuel Ugarte Ribeiro,6,65,2.0
459,Manuel Ugarte Ribeiro,7,5,1.0
459,Manuel Ugarte Ribeiro,8,32,1.0
459,Manuel Ugarte Ribeiro,9,9,1.0
459,Manuel Ugarte Ribeiro,10,0,0.0
459,Manuel Ugarte Ribeiro,11,18,1.0
459,Manuel Ugarte Ribeiro,12,0,0.0
459,Manuel Ugarte Ribeiro,13,0,0.0
459,Manuel Ugarte Ribeiro,14,13,1.0
459,Manuel Ugarte Ribeiro,15,0,0.0
459,Manuel Ugarte Ribeiro,16,0,0.0
459,Manuel Ugarte Ribeiro,17,72,1.0
459,Manuel Ugarte Ribeiro,18,90,5.0
459,Manuel Ugarte Ribeiro,19,74,2.0
459,Manuel Ugarte Ribeiro,20,90,4.0
459,Manuel Ugarte Ribeiro,21,83,2.0
459,Manuel Ugarte Ribeiro,22,9,1.0
459,Manuel Ugarte Ribeiro,23,0,0.0
459,Manuel Ugarte Ribeiro,24,15,1.0
459,Manuel Ugarte Ribeiro,25,3,1.0
459,Manuel Ugarte Ribeiro,26,0,0.0
459,Manuel Ugarte Ribeiro,27,0,0.0
459,Manuel Ugarte Ribeiro,28,0,0.0
459,Manuel Ugarte Ribeiro,29,29,1.0
460,Toby Collyer,6,0,0.0
460,Toby Collyer,7,0,0.0
460,Toby Collyer,8,0,0.0
460,Toby Collyer,9,0,0.0
460,Toby Collyer,10,0,0.0
460,Toby Collyer,11,0,0.0
460,Toby Collyer,12,0,0.0
460,Toby Collyer,13,0,0.0
460,Toby Collyer,14,0,0.0
460,Toby Collyer,15,0,0.0
460,Toby Collyer,16,0,0.0
460,Toby Collyer,17,0,0.0
460,Toby Collyer,18,0,0.0
460,Toby Collyer,19,0,0.0
460,Toby Collyer,20,0,0.0
460,Toby Collyer,21,0,0.0
460,Toby Collyer,22,0,0.0
460,Toby Collyer,23,0,0.0
460,Toby Collyer,24,0,0.0
460,Toby Collyer,25,0,0.0
460,Toby Collyer,26,0,0.0
460,Toby Collyer,27,0,0.0
460,Toby Collyer,28,0,0.0
460,Toby Collyer,29,0,0.0
461,Jayce Fitzgerald,6,0,0.0
461,Jayce Fitzgerald,7,0,0.0
461,Jayce Fitzgerald,8,0,0.0
461,Jayce Fitzgerald,9,0,0.0
461,Jayce Fitzgerald,10,0,0.0
461,Jayce Fitzgerald,11,0,0.0
461,Jayce Fitzgerald,12,0,0.0
461,Jayce Fitzgerald,13,0,0.0
461,Jayce Fitzgerald,14,0,0.0
461,Jayce Fitzgerald,15,0,0.0
461,Jayce Fitzgerald,16,0,0.0
461,Jayce Fitzgerald,17,0,0.0
461,Jayce Fitzgerald,18,0,0.0
461,Jayce Fitzgerald,19,0,0.0
461,Jayce Fitzgerald,20,0,0.0
461,Jayce Fitzgerald,21,0,0.0
461,Jayce Fitzgerald,22,0,0.0
461,Jayce Fitzgerald,23,0,0.0
461,Jayce Fitzgerald,24,0,0.0
461,Jayce Fitzgerald,25,0,0.0
461,Jayce Fitzgerald,26,0,0.0
461,Jayce Fitzgerald,27,0,0.0
461,Jayce Fitzgerald,28,0,0.0
461,Jayce Fitzgerald,29,0,0.0
462,Jack Fletcher,6,0,0.0
462,Jack Fletcher,7,0,0.0
462,Jack Fletcher,8,0,0.0
462,Jack Fletcher,9,0,0.0
462,Jack Fletcher,10,0,0.0
462,Jack Fletcher,11,0,0.0
462,Jack Fletcher,12,0,0.0
462,Jack Fletcher,13,0,0.0
462,Jack Fletcher,14,0,0.0
462,Jack Fletcher,15,0,0.0
462,Jack Fletcher,16,0,0.0
462,Jack Fletcher,17,17,1.0
462,Jack Fletcher,18,45,1.0
462,Jack Fletcher,19,45,1.0
462,Jack Fletcher,20,0,0.0
462,Jack Fletcher,21,0,0.0
462,Jack Fletcher,22,0,0.0
462,Jack Fletcher,23,0,0.0
462,Jack Fletcher,24,0,0.0
462,Jack Fletcher,25,0,0.0
462,Jack Fletcher,26,0,0.0
462,Jack Fletcher,27,0,0.0
462,Jack Fletcher,28,0,0.0
462,Jack Fletcher,29,0,0.0
463,Sékou Koné,6,0,0.0
463,Sékou Koné,7,0,0.0
463,Sékou Koné,8,0,0.0
463,Sékou Koné,9,0,0.0
463,Sékou Koné,10,0,0.0
463,Sékou Koné,11,0,0.0
463,Sékou Koné,12,0,0.0
463,Sékou Koné,13,0,0.0
463,Sékou Koné,14,0,0.0
463,Sékou Koné,15,0,0.0
463,Sékou Koné,16,0,0.0
463,Sékou Koné,17,0,0.0
463,Sékou Koné,18,0,0.0
463,Sékou Koné,19,0,0.0
463,Sékou Koné,20,0,0.0
463,Sékou Koné,21,0,0.0
463,Sékou Koné,22,0,0.0
463,Sékou Koné,23,0,0.0
463,Sékou Koné,24,0,0.0
463,Sékou Koné,25,0,0.0
463,Sékou Koné,26,0,0.0
463,Sékou Koné,27,0,0.0
463,Sékou Koné,28,0,0.0
463,Sékou Koné,29,0,0.0
464,Jack Moorhouse,6,0,0.0
464,Jack Moorhouse,7,0,0.0
464,Jack Moorhouse,8,0,0.0
464,Jack Moorhouse,9,0,0.0
464,Jack Moorhouse,10,0,0.0
464,Jack Moorhouse,11,0,0.0
464,Jack Moorhouse,12,0,0.0
464,Jack Moorhouse,13,0,0.0
464,Jack Moorhouse,14,0,0.0
464,Jack Moorhouse,15,0,0.0
464,Jack Moorhouse,16,0,0.0
464,Jack Moorhouse,17,0,0.0
464,Jack Moorhouse,18,0,0.0
464,Jack Moorhouse,19,0,0.0
464,Jack Moorhouse,20,0,0.0
464,Jack Moorhouse,21,0,0.0
464,Jack Moorhouse,22,0,0.0
464,Jack Moorhouse,23,0,0.0
464,Jack Moorhouse,24,0,0.0
464,Jack Moorhouse,25,0,0.0
464,Jack Moorhouse,26,0,0.0
464,Jack Moorhouse,27,0,0.0
464,Jack Moorhouse,28,0,0.0
464,Jack Moorhouse,29,0,0.0
465,Rasmus Højlund,6,0,0.0
465,Rasmus Højlund,7,0,0.0
465,Rasmus Højlund,8,0,0.0
465,Rasmus Højlund,9,0,0.0
465,Rasmus Højlund,10,0,0.0
465,Rasmus Højlund,11,0,0.0
465,Rasmus Højlund,12,0,0.0
465,Rasmus Højlund,13,0,0.0
465,Rasmus Højlund,14,0,0.0
465,Rasmus Højlund,15,0,0.0
465,Rasmus Højlund,16,0,0.0
465,Rasmus Højlund,17,0,0.0
465,Rasmus Højlund,18,0,0.0
465,Rasmus Højlund,19,0,0.0
465,Rasmus Højlund,20,0,0.0
465,Rasmus Højlund,21,0,0.0
465,Rasmus Højlund,22,0,0.0
465,Rasmus Højlund,23,0,0.0
465,Rasmus Højlund,24,0,0.0
465,Rasmus Højlund,25,0,0.0
465,Rasmus Højlund,26,0,0.0
465,Rasmus Højlund,27,0,0.0
465,Rasmus Højlund,28,0,0.0
465,Rasmus Højlund,29,0,0.0
466,Joshua Zirkzee,6,5,1.0
466,Joshua Zirkzee,7,0,0.0
466,Joshua Zirkzee,8,0,0.0
466,Joshua Zirkzee,9,8,1.0
466,Joshua Zirkzee,10,0,0.0
466,Joshua Zirkzee,11,0,0.0
466,Joshua Zirkzee,12,90,2.0
466,Joshua Zirkzee,13,90,9.0
466,Joshua Zirkzee,14,77,2.0
466,Joshua Zirkzee,15,6,0.0
466,Joshua Zirkzee,16,1,1.0
466,Joshua Zirkzee,17,17,1.0
466,Joshua Zirkzee,18,30,1.0
466,Joshua Zirkzee,19,45,8.0
466,Joshua Zirkzee,20,27,4.0
466,Joshua Zirkzee,21,16,1.0
466,Joshua Zirkzee,22,0,0.0
466,Joshua Zirkzee,23,0,0.0
466,Joshua Zirkzee,24,0,0.0
466,Joshua Zirkzee,25,3,1.0
466,Joshua Zirkzee,26,8,1.0
466,Joshua Zirkzee,27,0,0.0
466,Joshua Zirkzee,28,4,1.0
466,Joshua Zirkzee,29,13,1.0
467,Chido Obi,6,0,0.0
467,Chido Obi,7,0,0.0
467,Chido Obi,8,0,0.0
467,Chido Obi,9,0,0.0
467,Chido Obi,10,0,0.0
467,Chido Obi,11,0,0.0
467,Chido Obi,12,0,0.0
467,Chido Obi,13,0,0.0
467,Chido Obi,14,0,0.0
467,Chido Obi,15,0,0.0
467,Chido Obi,16,0,0.0
467,Chido Obi,17,0,0.0
467,Chido Obi,18,0,0.0
467,Chido Obi,19,0,0.0
467,Chido Obi,20,0,0.0
467,Chido Obi,21,0,0.0
467,Chido Obi,22,0,0.0
467,Chido Obi,23,0,0.0
467,Chido Obi,24,0,0.0
467,Chido Obi,25,0,0.0
467,Chido Obi,26,0,0.0
467,Chido Obi,27,0,0.0
467,Chido Obi,28,0,0.0
467,Chido Obi,29,0,0.0
468,Ethan Wheatley,6,0,0.0
468,Ethan Wheatley,7,0,0.0
468,Ethan Wheatley,8,0,0.0
468,Ethan Wheatley,9,0,0.0
468,Ethan Wheatley,10,0,0.0
468,Ethan Wheatley,11,0,0.0
468,Ethan Wheatley,12,0,0.0
468,Ethan Wheatley,13,0,0.0
468,Ethan Wheatley,14,0,0.0
468,Ethan Wheatley,15,0,0.0
468,Ethan Wheatley,16,0,0.0
468,Ethan Wheatley,17,0,0.0
468,Ethan Wheatley,18,0,0.0
468,Ethan Wheatley,19,0,0.0
468,Ethan Wheatley,20,0,0.0
468,Ethan Wheatley,21,0,0.0
468,Ethan Wheatley,22,0,0.0
468,Ethan Wheatley,23,0,0.0
468,Ethan Wheatley,24,0,0.0
468,Ethan Wheatley,25,0,0.0
468,Ethan Wheatley,26,0,0.0
468,Ethan Wheatley,27,0,0.0
468,Ethan Wheatley,28,0,0.0
468,Ethan Wheatley,29,0,0.0
469,Nick Pope,6,90,2.0
469,Nick Pope,7,90,7.0
469,Nick Pope,8,90,2.0
469,Nick Pope,9,90,3.0
469,Nick Pope,10,90,3.0
469,Nick Pope,11,76,3.0
469,Nick Pope,12,90,3.0
469,Nick Pope,13,0,0.0
469,Nick Pope,14,0,0.0
469,Nick Pope,15,0,0.0
469,Nick Pope,16,0,0.0
469,Nick Pope,17,0,0.0
469,Nick Pope,18,0,0.0
469,Nick Pope,19,90,2.0
469,Nick Pope,20,90,6.0
469,Nick Pope,21,90,2.0
469,Nick Pope,22,90,6.0
469,Nick Pope,23,90,3.0
469,Nick Pope,24,90,1.0
469,Nick Pope,25,90,2.0
469,Nick Pope,26,90,2.0
469,Nick Pope,27,90,2.0
469,Nick Pope,28,90,1.0
469,Nick Pope,29,0,0.0
470,Martin Dúbravka,6,90,1.0
470,Martin Dúbravka,7,90,2.0
470,Martin Dúbravka,8,90,9.0
470,Martin Dúbravka,9,90,2.0
470,Martin Dúbravka,10,90,2.0
470,Martin Dúbravka,11,90,2.0
470,Martin Dúbravka,12,90,2.0
470,Martin Dúbravka,13,90,1.0
470,Martin Dúbravka,14,90,2.0
470,Martin Dúbravka,15,90,3.0
470,Martin Dúbravka,16,90,1.0
470,Martin Dúbravka,17,90,2.0
470,Martin Dúbravka,18,90,11.0
470,Martin Dúbravka,19,90,2.0
470,Martin Dúbravka,20,90,1.0
470,Martin Dúbravka,21,90,3.0
470,Martin Dúbravka,22,90,5.0
470,Martin Dúbravka,23,90,5.0
470,Martin Dúbravka,24,90,1.0
470,Martin Dúbravka,25,90,1.0
470,Martin Dúbravka,26,90,1.0
470,Martin Dúbravka,27,90,2.0
470,Martin Dúbravka,28,90,0.0
470,Martin Dúbravka,29,90,2.0
471,Mark Gillespie,6,0,0.0
471,Mark Gillespie,7,0,0.0
471,Mark Gillespie,8,0,0.0
471,Mark Gillespie,9,0,0.0
471,Mark Gillespie,10,0,0.0
471,Mark Gillespie,11,0,0.0
471,Mark Gillespie,12,0,0.0
471,Mark Gillespie,13,0,0.0
471,Mark Gillespie,14,0,0.0
471,Mark Gillespie,15,0,0.0
471,Mark Gillespie,16,0,0.0
471,Mark Gillespie,17,0,0.0
471,Mark Gillespie,18,0,0.0
471,Mark Gillespie,19,0,0.0
471,Mark Gillespie,20,0,0.0
471,Mark Gillespie,21,0,0.0
471,Mark Gillespie,22,0,0.0
471,Mark Gillespie,23,0,0.0
471,Mark Gillespie,24,0,0.0
471,Mark Gillespie,25,0,0.0
471,Mark Gillespie,26,0,0.0
471,Mark Gillespie,27,0,0.0
471,Mark Gillespie,28,0,0.0
471,Mark Gillespie,29,0,0.0
472,Odysseas Vlachodimos,6,0,0.0
472,Odysseas Vlachodimos,7,0,0.0
472,Odysseas Vlachodimos,8,0,0.0
472,Odysseas Vlachodimos,9,0,0.0
472,Odysseas Vlachodimos,10,0,0.0
472,Odysseas Vlachodimos,11,0,0.0
472,Odysseas Vlachodimos,12,0,0.0
472,Odysseas Vlachodimos,13,0,0.0
472,Odysseas Vlachodimos,14,0,0.0
472,Odysseas Vlachodimos,15,0,0.0
472,Odysseas Vlachodimos,16,0,0.0
472,Odysseas Vlachodimos,17,0,0.0
472,Odysseas Vlachodimos,18,0,0.0
472,Odysseas Vlachodimos,19,0,0.0
472,Odysseas Vlachodimos,20,0,0.0
472,Odysseas Vlachodimos,21,0,0.0
472,Odysseas Vlachodimos,22,0,0.0
472,Odysseas Vlachodimos,23,0,0.0
472,Odysseas Vlachodimos,24,0,0.0
472,Odysseas Vlachodimos,25,0,0.0
472,Odysseas Vlachodimos,26,0,0.0
472,Odysseas Vlachodimos,27,0,0.0
472,Odysseas Vlachodimos,28,0,0.0
472,Odysseas Vlachodimos,29,0,0.0
473,Lewis Hall,6,0,0.0
473,Lewis Hall,7,0,0.0
473,Lewis Hall,8,0,0.0
473,Lewis Hall,9,0,0.0
473,Lewis Hall,10,0,0.0
473,Lewis Hall,11,13,0.0
473,Lewis Hall,12,76,2.0
473,Lewis Hall,13,89,5.0
473,Lewis Hall,14,90,3.0
473,Lewis Hall,15,27,1.0
473,Lewis Hall,16,90,4.0
473,Lewis Hall,17,90,2.0
473,Lewis Hall,18,90,2.0
473,Lewis Hall,19,90,4.0
473,Lewis Hall,20,62,6.0
473,Lewis Hall,21,90,4.0
473,Lewis Hall,22,90,9.0
473,Lewis Hall,23,90,1.0
473,Lewis Hall,24,88,3.0
473,Lewis Hall,25,90,0.0
473,Lewis Hall,26,1,1.0
473,Lewis Hall,27,90,7.0
473,Lewis Hall,28,90,1.0
473,Lewis Hall,29,90,2.0
474,Fabian Schär,6,0,0.0
474,Fabian Schär,7,0,0.0
474,Fabian Schär,8,0,0.0
474,Fabian Schär,9,29,1.0
474,Fabian Schär,10,45,1.0
474,Fabian Schär,11,0,0.0
474,Fabian Schär,12,90,4.0
474,Fabian Schär,13,1,1.0
474,Fabian Schär,14,1,1.0
474,Fabian Schär,15,90,2.0
474,Fabian Schär,16,48,1.0
474,Fabian Schär,17,90,0.0
474,Fabian Schär,18,90,2.0
474,Fabian Schär,19,90,4.0
474,Fabian Schär,20,90,8.0
474,Fabian Schär,21,75,3.0
474,Fabian Schär,22,0,0.0
474,Fabian Schär,23,0,0.0
474,Fabian Schär,24,0,0.0
474,Fabian Schär,25,0,0.0
474,Fabian Schär,26,0,0.0
474,Fabian Schär,27,0,0.0
474,Fabian Schär,28,0,0.0
474,Fabian Schär,29,0,0.0
475,Sven Botman,6,90,3.0
475,Sven Botman,7,90,6.0
475,Sven Botman,8,90,1.0
475,Sven Botman,9,60,2.0
475,Sven Botman,10,64,-1.0
475,Sven Botman,11,90,3.0
475,Sven Botman,12,13,1.0
475,Sven Botman,13,0,0.0
475,Sven Botman,14,0,0.0
475,Sven Botman,15,0,0.0
475,Sven Botman,16,0,0.0
475,Sven Botman,17,0,0.0
475,Sven Botman,18,0,0.0
475,Sven Botman,19,0,0.0
475,Sven Botman,20,0,0.0
475,Sven Botman,21,45,4.0
475,Sven Botman,22,90,5.0
475,Sven Botman,23,90,3.0
475,Sven Botman,24,0,0.0
475,Sven Botman,25,90,7.0
475,Sven Botman,26,90,2.0
475,Sven Botman,27,0,0.0
475,Sven Botman,28,0,0.0
475,Sven Botman,29,1,1.0
476,Dan Burn,6,90,0.0
476,Dan Burn,7,90,11.0
476,Dan Burn,8,90,2.0
476,Dan Burn,9,90,2.0
476,Dan Burn,10,90,1.0
476,Dan Burn,11,72,0.0
476,Dan Burn,12,0,0.0
476,Dan Burn,13,90,5.0
476,Dan Burn,14,90,6.0
476,Dan Burn,15,62,7.0
476,Dan Burn,16,41,1.0
476,Dan Burn,17,0,0.0
476,Dan Burn,18,0,0.0
476,Dan Burn,19,0,0.0
476,Dan Burn,20,0,0.0
476,Dan Burn,21,0,0.0
476,Dan Burn,22,0,0.0
476,Dan Burn,23,0,0.0
476,Dan Burn,24,90,1.0
476,Dan Burn,25,3,1.0
476,Dan Burn,26,90,1.0
476,Dan Burn,27,90,2.0
476,Dan Burn,28,90,0.0
476,Dan Burn,29,90,2.0
477,Tino Livramento,6,76,6.0
477,Tino Livramento,7,0,0.0
477,Tino Livramento,8,0,0.0
477,Tino Livramento,9,0,0.0
477,Tino Livramento,10,0,0.0
477,Tino Livramento,11,0,0.0
477,Tino Livramento,12,90,2.0
477,Tino Livramento,13,90,2.0
477,Tino Livramento,14,90,3.0
477,Tino Livramento,15,90,1.0
477,Tino Livramento,16,90,2.0
477,Tino Livramento,17,0,0.0
477,Tino Livramento,18,0,0.0
477,Tino Livramento,19,0,0.0
477,Tino Livramento,20,27,1.0
477,Tino Livramento,21,45,1.0
477,Tino Livramento,22,0,0.0
477,Tino Livramento,23,0,0.0
477,Tino Livramento,24,0,0.0
477,Tino Livramento,25,0,0.0
477,Tino Livramento,26,0,0.0
477,Tino Livramento,27,0,0.0
477,Tino Livramento,28,0,0.0
477,Tino Livramento,29,0,0.0
478,Kieran Trippier,6,23,0.0
478,Kieran Trippier,7,90,6.0
478,Kieran Trippier,8,90,1.0
478,Kieran Trippier,9,90,2.0
478,Kieran Trippier,10,0,0.0
478,Kieran Trippier,11,90,0.0
478,Kieran Trippier,12,0,0.0
478,Kieran Trippier,13,0,0.0
478,Kieran Trippier,14,0,0.0
478,Kieran Trippier,15,0,0.0
478,Kieran Trippier,16,0,0.0
478,Kieran Trippier,17,0,0.0
478,Kieran Trippier,18,0,0.0
478,Kieran Trippier,19,0,0.0
478,Kieran Trippier,20,0,0.0
478,Kieran Trippier,21,0,0.0
478,Kieran Trippier,22,90,6.0
478,Kieran Trippier,23,90,1.0
478,Kieran Trippier,24,83,1.0
478,Kieran Trippier,25,86,1.0
478,Kieran Trippier,26,90,2.0
478,Kieran Trippier,27,90,0.0
478,Kieran Trippier,28,74,1.0
478,Kieran Trippier,29,90,6.0
479,Emil Krafth,6,0,0.0
479,Emil Krafth,7,0,0.0
479,Emil Krafth,8,0,0.0
479,Emil Krafth,9,0,0.0
479,Emil Krafth,10,45,0.0
479,Emil Krafth,11,0,0.0
479,Emil Krafth,12,0,0.0
479,Emil Krafth,13,0,0.0
479,Emil Krafth,14,0,0.0
479,Emil Krafth,15,0,0.0
479,Emil Krafth,16,0,0.0
479,Emil Krafth,17,0,0.0
479,Emil Krafth,18,0,0.0
479,Emil Krafth,19,0,0.0
479,Emil Krafth,20,0,0.0
479,Emil Krafth,21,0,0.0
479,Emil Krafth,22,0,0.0
479,Emil Krafth,23,0,0.0
479,Emil Krafth,24,0,0.0
479,Emil Krafth,25,0,0.0
479,Emil Krafth,26,0,0.0
479,Emil Krafth,27,0,0.0
479,Emil Krafth,28,0,0.0
479,Emil Krafth,29,0,0.0
480,Jamaal Lascelles,6,13,0.0
480,Jamaal Lascelles,7,0,0.0
480,Jamaal Lascelles,8,0,0.0
480,Jamaal Lascelles,9,0,0.0
480,Jamaal Lascelles,10,0,0.0
480,Jamaal Lascelles,11,0,0.0
480,Jamaal Lascelles,12,0,0.0
480,Jamaal Lascelles,13,0,0.0
480,Jamaal Lascelles,14,0,0.0
480,Jamaal Lascelles,15,0,0.0
480,Jamaal Lascelles,16,0,0.0
480,Jamaal Lascelles,17,0,0.0
480,Jamaal Lascelles,18,0,0.0
480,Jamaal Lascelles,19,0,0.0
480,Jamaal Lascelles,20,0,0.0
480,Jamaal Lascelles,21,0,0.0
480,Jamaal Lascelles,22,0,0.0
480,Jamaal Lascelles,23,0,0.0
480,Jamaal Lascelles,24,0,0.0
480,Jamaal Lascelles,25,0,0.0
480,Jamaal Lascelles,26,0,0.0
480,Jamaal Lascelles,27,0,0.0
480,Jamaal Lascelles,28,0,0.0
480,Jamaal Lascelles,29,0,0.0
481,Alex Murphy,6,0,0.0
481,Alex Murphy,7,0,0.0
481,Alex Murphy,8,0,0.0
481,Alex Murphy,9,0,0.0
481,Alex Murphy,10,0,0.0
481,Alex Murphy,11,0,0.0
481,Alex Murphy,12,0,0.0
481,Alex Murphy,13,0,0.0
481,Alex Murphy,14,0,0.0
481,Alex Murphy,15,0,0.0
481,Alex Murphy,16,0,0.0
481,Alex Murphy,17,0,0.0
481,Alex Murphy,18,0,0.0
481,Alex Murphy,19,0,0.0
481,Alex Murphy,20,0,0.0
481,Alex Murphy,21,0,0.0
481,Alex Murphy,22,0,0.0
481,Alex Murphy,23,0,0.0
481,Alex Murphy,24,1,1.0
481,Alex Murphy,25,0,0.0
481,Alex Murphy,26,0,0.0
481,Alex Murphy,27,0,0.0
481,Alex Murphy,28,0,0.0
481,Alex Murphy,29,0,0.0
482,Harrison Ashby,6,0,0.0
482,Harrison Ashby,7,0,0.0
482,Harrison Ashby,8,0,0.0
482,Harrison Ashby,9,0,0.0
482,Harrison Ashby,10,0,0.0
482,Harrison Ashby,11,0,0.0
482,Harrison Ashby,12,0,0.0
482,Harrison Ashby,13,0,0.0
482,Harrison Ashby,14,0,0.0
482,Harrison Ashby,15,0,0.0
482,Harrison Ashby,16,0,0.0
482,Harrison Ashby,17,0,0.0
482,Harrison Ashby,18,0,0.0
482,Harrison Ashby,19,0,0.0
482,Harrison Ashby,20,0,0.0
482,Harrison Ashby,21,0,0.0
482,Harrison Ashby,22,0,0.0
482,Harrison Ashby,23,0,0.0
482,Harrison Ashby,24,0,0.0
482,Harrison Ashby,25,0,0.0
482,Harrison Ashby,26,0,0.0
482,Harrison Ashby,27,0,0.0
482,Harrison Ashby,28,0,0.0
482,Harrison Ashby,29,0,0.0
483,Miodrag Pivaš,6,0,0.0
483,Miodrag Pivaš,7,0,0.0
483,Miodrag Pivaš,8,0,0.0
483,Miodrag Pivaš,9,0,0.0
483,Miodrag Pivaš,10,0,0.0
483,Miodrag Pivaš,11,0,0.0
483,Miodrag Pivaš,12,0,0.0
483,Miodrag Pivaš,13,0,0.0
483,Miodrag Pivaš,14,0,0.0
483,Miodrag Pivaš,15,0,0.0
483,Miodrag Pivaš,16,0,0.0
483,Miodrag Pivaš,17,0,0.0
483,Miodrag Pivaš,18,0,0.0
483,Miodrag Pivaš,19,0,0.0
483,Miodrag Pivaš,20,0,0.0
483,Miodrag Pivaš,21,0,0.0
483,Miodrag Pivaš,22,0,0.0
483,Miodrag Pivaš,23,0,0.0
483,Miodrag Pivaš,24,0,0.0
483,Miodrag Pivaš,25,0,0.0
483,Miodrag Pivaš,26,0,0.0
483,Miodrag Pivaš,27,0,0.0
483,Miodrag Pivaš,28,0,0.0
483,Miodrag Pivaš,29,0,0.0
484,Matt Targett,6,0,0.0
484,Matt Targett,7,0,0.0
484,Matt Targett,8,0,0.0
484,Matt Targett,9,0,0.0
484,Matt Targett,10,0,0.0
484,Matt Targett,11,0,0.0
484,Matt Targett,12,0,0.0
484,Matt Targett,13,0,0.0
484,Matt Targett,14,0,0.0
484,Matt Targett,15,0,0.0
484,Matt Targett,16,0,0.0
484,Matt Targett,17,0,0.0
484,Matt Targett,18,0,0.0
484,Matt Targett,19,0,0.0
484,Matt Targett,20,0,0.0
484,Matt Targett,21,0,0.0
484,Matt Targett,22,0,0.0
484,Matt Targett,23,0,0.0
484,Matt Targett,24,0,0.0
484,Matt Targett,25,0,0.0
484,Matt Targett,26,0,0.0
484,Matt Targett,27,0,0.0
484,Matt Targett,28,0,0.0
484,Matt Targett,29,0,0.0
485,Anthony Gordon,6,66,3.0
485,Anthony Gordon,7,69,3.0
485,Anthony Gordon,8,69,2.0
485,Anthony Gordon,9,75,2.0
485,Anthony Gordon,10,45,1.0
485,Anthony Gordon,11,0,0.0
485,Anthony Gordon,12,0,0.0
485,Anthony Gordon,13,1,1.0
485,Anthony Gordon,14,24,6.0
485,Anthony Gordon,15,73,10.0
485,Anthony Gordon,16,58,1.0
485,Anthony Gordon,17,71,10.0
485,Anthony Gordon,18,90,2.0
485,Anthony Gordon,19,79,5.0
485,Anthony Gordon,20,62,2.0
485,Anthony Gordon,21,80,1.0
485,Anthony Gordon,22,66,3.0
485,Anthony Gordon,23,62,2.0
485,Anthony Gordon,24,90,6.0
485,Anthony Gordon,25,0,0.0
485,Anthony Gordon,26,87,5.0
485,Anthony Gordon,27,77,2.0
485,Anthony Gordon,28,85,2.0
485,Anthony Gordon,29,84,7.0
486,Anthony Elanga,6,24,1.0
486,Anthony Elanga,7,69,3.0
486,Anthony Elanga,8,45,1.0
486,Anthony Elanga,9,14,1.0
486,Anthony Elanga,10,13,1.0
486,Anthony Elanga,11,13,1.0
486,Anthony Elanga,12,5,1.0
486,Anthony Elanga,13,70,5.0
486,Anthony Elanga,14,24,1.0
486,Anthony Elanga,15,90,2.0
486,Anthony Elanga,16,58,1.0
486,Anthony Elanga,17,17,1.0
486,Anthony Elanga,18,0,0.0
486,Anthony Elanga,19,0,0.0
486,Anthony Elanga,20,0,0.0
486,Anthony Elanga,21,0,0.0
486,Anthony Elanga,22,23,1.0
486,Anthony Elanga,23,27,1.0
486,Anthony Elanga,24,72,2.0
486,Anthony Elanga,25,45,1.0
486,Anthony Elanga,26,74,2.0
486,Anthony Elanga,27,77,2.0
486,Anthony Elanga,28,55,1.0
486,Anthony Elanga,29,83,2.0
487,Harvey Barnes,6,1,1.0
487,Harvey Barnes,7,20,1.0
487,Harvey Barnes,8,20,1.0
487,Harvey Barnes,9,29,1.0
487,Harvey Barnes,10,25,1.0
487,Harvey Barnes,11,76,9.0
487,Harvey Barnes,12,84,15.0
487,Harvey Barnes,13,70,2.0
487,Harvey Barnes,14,65,3.0
487,Harvey Barnes,15,0,0.0
487,Harvey Barnes,16,31,1.0
487,Harvey Barnes,17,18,1.0
487,Harvey Barnes,18,22,1.0
487,Harvey Barnes,19,71,2.0
487,Harvey Barnes,20,27,1.0
487,Harvey Barnes,21,90,15.0
487,Harvey Barnes,22,90,3.0
487,Harvey Barnes,23,90,2.0
487,Harvey Barnes,24,72,2.0
487,Harvey Barnes,25,90,2.0
487,Harvey Barnes,26,90,2.0
487,Harvey Barnes,27,30,0.0
487,Harvey Barnes,28,34,1.0
487,Harvey Barnes,29,45,1.0
488,Bruno Guimarães Rodriguez Moura,6,90,2.0
488,Bruno Guimarães Rodriguez Moura,7,90,14.0
488,Bruno Guimarães Rodriguez Moura,8,85,2.0
488,Bruno Guimarães Rodriguez Moura,9,90,10.0
488,Bruno Guimarães Rodriguez Moura,10,90,4.0
488,Bruno Guimarães Rodriguez Moura,11,90,4.0
488,Bruno Guimarães Rodriguez Moura,12,90,10.0
488,Bruno Guimarães Rodriguez Moura,13,89,4.0
488,Bruno Guimarães Rodriguez Moura,14,45,7.0
488,Bruno Guimarães Rodriguez Moura,15,90,10.0
488,Bruno Guimarães Rodriguez Moura,16,90,1.0
488,Bruno Guimarães Rodriguez Moura,17,90,2.0
488,Bruno Guimarães Rodriguez Moura,18,90,2.0
488,Bruno Guimarães Rodriguez Moura,19,90,10.0
488,Bruno Guimarães Rodriguez Moura,20,90,10.0
488,Bruno Guimarães Rodriguez Moura,21,90,11.0
488,Bruno Guimarães Rodriguez Moura,22,90,3.0
488,Bruno Guimarães Rodriguez Moura,23,0,0.0
488,Bruno Guimarães Rodriguez Moura,24,0,0.0
488,Bruno Guimarães Rodriguez Moura,25,90,11.0
488,Bruno Guimarães Rodriguez Moura,26,90,3.0
488,Bruno Guimarães Rodriguez Moura,27,0,0.0
488,Bruno Guimarães Rodriguez Moura,28,0,0.0
488,Bruno Guimarães Rodriguez Moura,29,0,0.0
489,Jacob Murphy,6,65,3.0
489,Jacob Murphy,7,20,1.0
489,Jacob Murphy,8,45,1.0
489,Jacob Murphy,9,60,8.0
489,Jacob Murphy,10,76,8.0
489,Jacob Murphy,11,76,2.0
489,Jacob Murphy,12,90,2.0
489,Jacob Murphy,13,0,0.0
489,Jacob Murphy,14,65,3.0
489,Jacob Murphy,15,0,0.0
489,Jacob Murphy,16,31,1.0
489,Jacob Murphy,17,72,2.0
489,Jacob Murphy,18,67,2.0
489,Jacob Murphy,19,18,1.0
489,Jacob Murphy,20,87,3.0
489,Jacob Murphy,21,9,1.0
489,Jacob Murphy,22,0,0.0
489,Jacob Murphy,23,0,0.0
489,Jacob Murphy,24,17,1.0
489,Jacob Murphy,25,45,0.0
489,Jacob Murphy,26,15,1.0
489,Jacob Murphy,27,12,1.0
489,Jacob Murphy,28,34,6.0
489,Jacob Murphy,29,6,1.0
490,Joelinton Cássio Apolinário de Lira,6,90,3.0
490,Joelinton Cássio Apolinário de Lira,7,90,3.0
490,Joelinton Cássio Apolinário de Lira,8,45,1.0
490,Joelinton Cássio Apolinário de Lira,9,90,4.0
490,Joelinton Cássio Apolinário de Lira,10,90,2.0
490,Joelinton Cássio Apolinário de Lira,11,23,1.0
490,Joelinton Cássio Apolinário de Lira,12,90,3.0
490,Joelinton Cássio Apolinário de Lira,13,90,2.0
490,Joelinton Cássio Apolinário de Lira,14,90,4.0
490,Joelinton Cássio Apolinário de Lira,15,16,1.0
490,Joelinton Cássio Apolinário de Lira,16,0,0.0
490,Joelinton Cássio Apolinário de Lira,17,0,0.0
490,Joelinton Cássio Apolinário de Lira,18,22,1.0
490,Joelinton Cássio Apolinário de Lira,19,90,8.0
490,Joelinton Cássio Apolinário de Lira,20,90,5.0
490,Joelinton Cássio Apolinário de Lira,21,90,8.0
490,Joelinton Cássio Apolinário de Lira,22,90,3.0
490,Joelinton Cássio Apolinário de Lira,23,47,0.0
490,Joelinton Cássio Apolinário de Lira,24,0,0.0
490,Joelinton Cássio Apolinário de Lira,25,0,0.0
490,Joelinton Cássio Apolinário de Lira,26,0,0.0
490,Joelinton Cássio Apolinário de Lira,27,30,0.0
490,Joelinton Cássio Apolinário de Lira,28,90,5.0
490,Joelinton Cássio Apolinário de Lira,29,90,1.0
491,Sandro Tonali,6,90,6.0
491,Sandro Tonali,7,90,3.0
491,Sandro Tonali,8,69,2.0
491,Sandro Tonali,9,29,1.0
491,Sandro Tonali,10,90,2.0
491,Sandro Tonali,11,76,4.0
491,Sandro Tonali,12,90,4.0
491,Sandro Tonali,13,1,1.0
491,Sandro Tonali,14,45,1.0
491,Sandro Tonali,15,1,1.0
491,Sandro Tonali,16,58,0.0
491,Sandro Tonali,17,90,4.0
491,Sandro Tonali,18,76,1.0
491,Sandro Tonali,19,90,2.0
491,Sandro Tonali,20,62,3.0
491,Sandro Tonali,21,45,1.0
491,Sandro Tonali,22,66,2.0
491,Sandro Tonali,23,83,4.0
491,Sandro Tonali,24,90,2.0
491,Sandro Tonali,25,86,2.0
491,Sandro Tonali,26,15,1.0
491,Sandro Tonali,27,90,2.0
491,Sandro Tonali,28,90,6.0
491,Sandro Tonali,29,90,2.0
492,Antoñito Cordero Campillo,6,0,0.0
492,Antoñito Cordero Campillo,7,0,0.0
492,Antoñito Cordero Campillo,8,0,0.0
492,Antoñito Cordero Campillo,9,0,0.0
492,Antoñito Cordero Campillo,10,0,0.0
492,Antoñito Cordero Campillo,11,0,0.0
492,Antoñito Cordero Campillo,12,0,0.0
492,Antoñito Cordero Campillo,13,0,0.0
492,Antoñito Cordero Campillo,14,0,0.0
492,Antoñito Cordero Campillo,15,0,0.0
492,Antoñito Cordero Campillo,16,0,0.0
492,Antoñito Cordero Campillo,17,0,0.0
492,Antoñito Cordero Campillo,18,0,0.0
492,Antoñito Cordero Campillo,19,0,0.0
492,Antoñito Cordero Campillo,20,0,0.0
492,Antoñito Cordero Campillo,21,0,0.0
492,Antoñito Cordero Campillo,22,0,0.0
492,Antoñito Cordero Campillo,23,0,0.0
492,Antoñito Cordero Campillo,24,0,0.0
492,Antoñito Cordero Campillo,25,0,0.0
492,Antoñito Cordero Campillo,26,0,0.0
492,Antoñito Cordero Campillo,27,0,0.0
492,Antoñito Cordero Campillo,28,0,0.0
492,Antoñito Cordero Campillo,29,0,0.0
493,Sean Longstaff,6,90,15.0
493,Sean Longstaff,7,90,2.0
493,Sean Longstaff,8,90,2.0
493,Sean Longstaff,9,90,6.0
493,Sean Longstaff,10,59,1.0
493,Sean Longstaff,11,73,1.0
493,Sean Longstaff,12,90,2.0
493,Sean Longstaff,13,0,0.0
493,Sean Longstaff,14,0,0.0
493,Sean Longstaff,15,0,0.0
493,Sean Longstaff,16,0,0.0
493,Sean Longstaff,17,0,0.0
493,Sean Longstaff,18,0,0.0
493,Sean Longstaff,19,0,0.0
493,Sean Longstaff,20,0,0.0
493,Sean Longstaff,21,0,0.0
493,Sean Longstaff,22,0,0.0
493,Sean Longstaff,23,5,1.0
493,Sean Longstaff,24,45,1.0
493,Sean Longstaff,25,8,1.0
493,Sean Longstaff,26,1,0.0
493,Sean Longstaff,27,7,1.0
493,Sean Longstaff,28,0,0.0
493,Sean Longstaff,29,0,0.0
494,Joe Willock,6,0,0.0
494,Joe Willock,7,0,0.0
494,Joe Willock,8,0,0.0
494,Joe Willock,9,0,0.0
494,Joe Willock,10,0,0.0
494,Joe Willock,11,13,1.0
494,Joe Willock,12,5,1.0
494,Joe Willock,13,19,1.0
494,Joe Willock,14,0,0.0
494,Joe Willock,15,62,3.0
494,Joe Willock,16,31,0.0
494,Joe Willock,17,1,1.0
494,Joe Willock,18,13,1.0
494,Joe Willock,19,1,1.0
494,Joe Willock,20,2,1.0
494,Joe Willock,21,0,0.0
494,Joe Willock,22,0,0.0
494,Joe Willock,23,6,1.0
494,Joe Willock,24,72,2.0
494,Joe Willock,25,45,1.0
494,Joe Willock,26,87,2.0
494,Joe Willock,27,59,0.0
494,Joe Willock,28,45,0.0
494,Joe Willock,29,45,1.0
495,Isaac Hayden,6,0,0.0
495,Isaac Hayden,7,0,0.0
495,Isaac Hayden,8,0,0.0
495,Isaac Hayden,9,0,0.0
495,Isaac Hayden,10,0,0.0
495,Isaac Hayden,11,0,0.0
495,Isaac Hayden,12,0,0.0
495,Isaac Hayden,13,0,0.0
495,Isaac Hayden,14,0,0.0
495,Isaac Hayden,15,0,0.0
495,Isaac Hayden,16,0,0.0
495,Isaac Hayden,17,0,0.0
495,Isaac Hayden,18,0,0.0
495,Isaac Hayden,19,0,0.0
495,Isaac Hayden,20,0,0.0
495,Isaac Hayden,21,0,0.0
495,Isaac Hayden,22,0,0.0
495,Isaac Hayden,23,0,0.0
495,Isaac Hayden,24,0,0.0
495,Isaac Hayden,25,0,0.0
495,Isaac Hayden,26,0,0.0
495,Isaac Hayden,27,0,0.0
495,Isaac Hayden,28,0,0.0
495,Isaac Hayden,29,0,0.0
496,Garang Kuol,6,0,0.0
496,Garang Kuol,7,0,0.0
496,Garang Kuol,8,0,0.0
496,Garang Kuol,9,0,0.0
496,Garang Kuol,10,0,0.0
496,Garang Kuol,11,0,0.0
496,Garang Kuol,12,0,0.0
496,Garang Kuol,13,0,0.0
496,Garang Kuol,14,0,0.0
496,Garang Kuol,15,0,0.0
496,Garang Kuol,16,0,0.0
496,Garang Kuol,17,0,0.0
496,Garang Kuol,18,0,0.0
496,Garang Kuol,19,0,0.0
496,Garang Kuol,20,0,0.0
496,Garang Kuol,21,0,0.0
496,Garang Kuol,22,0,0.0
496,Garang Kuol,23,0,0.0
496,Garang Kuol,24,0,0.0
496,Garang Kuol,25,0,0.0
496,Garang Kuol,26,0,0.0
496,Garang Kuol,27,0,0.0
496,Garang Kuol,28,0,0.0
496,Garang Kuol,29,0,0.0
497,Lewis Miley,6,0,0.0
497,Lewis Miley,7,1,1.0
497,Lewis Miley,8,45,4.0
497,Lewis Miley,9,60,2.0
497,Lewis Miley,10,0,0.0
497,Lewis Miley,11,1,1.0
497,Lewis Miley,12,0,0.0
497,Lewis Miley,13,90,15.0
497,Lewis Miley,14,90,2.0
497,Lewis Miley,15,27,1.0
497,Lewis Miley,16,90,2.0
497,Lewis Miley,17,90,4.0
497,Lewis Miley,18,90,2.0
497,Lewis Miley,19,90,4.0
497,Lewis Miley,20,90,7.0
497,Lewis Miley,21,90,4.0
497,Lewis Miley,22,23,1.0
497,Lewis Miley,23,90,2.0
497,Lewis Miley,24,0,0.0
497,Lewis Miley,25,0,0.0
497,Lewis Miley,26,0,0.0
497,Lewis Miley,27,0,0.0
497,Lewis Miley,28,0,0.0
497,Lewis Miley,29,0,0.0
498,Joe White,6,0,0.0
498,Joe White,7,0,0.0
498,Joe White,8,0,0.0
498,Joe White,9,0,0.0
498,Joe White,10,0,0.0
498,Joe White,11,0,0.0
498,Joe White,12,0,0.0
498,Joe White,13,0,0.0
498,Joe White,14,0,0.0
498,Joe White,15,0,0.0
498,Joe White,16,0,0.0
498,Joe White,17,0,0.0
498,Joe White,18,0,0.0
498,Joe White,19,0,0.0
498,Joe White,20,0,0.0
498,Joe White,21,0,0.0
498,Joe White,22,0,0.0
498,Joe White,23,0,0.0
498,Joe White,24,0,0.0
498,Joe White,25,0,0.0
498,Joe White,26,0,0.0
498,Joe White,27,0,0.0
498,Joe White,28,0,0.0
498,Joe White,29,0,0.0
499,Alexander Isak,6,83,2.0
499,Alexander Isak,7,73,5.0
499,Alexander Isak,8,71,2.0
499,Alexander Isak,9,0,0.0
499,Alexander Isak,10,0,0.0
499,Alexander Isak,11,0,0.0
499,Alexander Isak,12,67,2.0
499,Alexander Isak,13,67,7.0
499,Alexander Isak,14,85,2.0
499,Alexander Isak,15,6,1.0
499,Alexander Isak,16,12,1.0
499,Alexander Isak,17,14,6.0
499,Alexander Isak,18,0,0.0
499,Alexander Isak,19,0,0.0
499,Alexander Isak,20,0,0.0
499,Alexander Isak,21,0,0.0
499,Alexander Isak,22,0,0.0
499,Alexander Isak,23,0,0.0
499,Alexander Isak,24,0,0.0
499,Alexander Isak,25,0,0.0
499,Alexander Isak,26,0,0.0
499,Alexander Isak,27,0,0.0
499,Alexander Isak,28,0,0.0
499,Alexander Isak,29,0,0.0
500,William Osula,6,23,1.0
500,William Osula,7,1,1.0
500,William Osula,8,4,1.0
500,William Osula,9,4,4.0
500,William Osula,10,45,1.0
500,William Osula,11,0,0.0
500,William Osula,12,0,0.0
500,William Osula,13,0,0.0
500,William Osula,14,0,0.0
500,William Osula,15,0,0.0
500,William Osula,16,0,0.0
500,William Osula,17,0,0.0
500,William Osula,18,0,0.0
500,William Osula,19,0,0.0
500,William Osula,20,0,0.0
500,William Osula,21,0,0.0
500,William Osula,22,0,0.0
500,William Osula,23,0,0.0
500,William Osula,24,6,1.0
500,William Osula,25,25,1.0
500,William Osula,26,2,1.0
500,William Osula,27,12,1.0
500,William Osula,28,4,1.0
500,William Osula,29,5,7.0
501,Sean Neave,6,0,0.0
501,Sean Neave,7,0,0.0
501,Sean Neave,8,0,0.0
501,Sean Neave,9,0,0.0
501,Sean Neave,10,0,0.0
501,Sean Neave,11,0,0.0
501,Sean Neave,12,0,0.0
501,Sean Neave,13,0,0.0
501,Sean Neave,14,0,0.0
501,Sean Neave,15,0,0.0
501,Sean Neave,16,0,0.0
501,Sean Neave,17,0,0.0
501,Sean Neave,18,0,0.0
501,Sean Neave,19,0,0.0
501,Sean Neave,20,0,0.0
501,Sean Neave,21,0,0.0
501,Sean Neave,22,0,0.0
501,Sean Neave,23,0,0.0
501,Sean Neave,24,0,0.0
501,Sean Neave,25,0,0.0
501,Sean Neave,26,0,0.0
501,Sean Neave,27,0,0.0
501,Sean Neave,28,0,0.0
501,Sean Neave,29,0,0.0
502,Matz Sels,6,90,2.0
502,Matz Sels,7,90,3.0
502,Matz Sels,8,90,2.0
502,Matz Sels,9,90,2.0
502,Matz Sels,10,90,2.0
502,Matz Sels,11,90,2.0
502,Matz Sels,12,90,7.0
502,Matz Sels,13,90,2.0
502,Matz Sels,14,90,6.0
502,Matz Sels,15,90,2.0
502,Matz Sels,16,0,0.0
502,Matz Sels,17,0,0.0
502,Matz Sels,18,0,0.0
502,Matz Sels,19,0,0.0
502,Matz Sels,20,12,1.0
502,Matz Sels,21,90,3.0
502,Matz Sels,22,90,10.0
502,Matz Sels,23,90,6.0
502,Matz Sels,24,45,1.0
502,Matz Sels,25,0,0.0
502,Matz Sels,26,0,0.0
502,Matz Sels,27,0,0.0
502,Matz Sels,28,90,2.0
502,Matz Sels,29,90,1.0
503,Carlos Miguel dos Santos Pereira,6,0,0.0
503,Carlos Miguel dos Santos Pereira,7,0,0.0
503,Carlos Miguel dos Santos Pereira,8,0,0.0
503,Carlos Miguel dos Santos Pereira,9,0,0.0
503,Carlos Miguel dos Santos Pereira,10,0,0.0
503,Carlos Miguel dos Santos Pereira,11,0,0.0
503,Carlos Miguel dos Santos Pereira,12,0,0.0
503,Carlos Miguel dos Santos Pereira,13,0,0.0
503,Carlos Miguel dos Santos Pereira,14,0,0.0
503,Carlos Miguel dos Santos Pereira,15,0,0.0
503,Carlos Miguel dos Santos Pereira,16,0,0.0
503,Carlos Miguel dos Santos Pereira,17,0,0.0
503,Carlos Miguel dos Santos Pereira,18,0,0.0
503,Carlos Miguel dos Santos Pereira,19,0,0.0
503,Carlos Miguel dos Santos Pereira,20,0,0.0
503,Carlos Miguel dos Santos Pereira,21,0,0.0
503,Carlos Miguel dos Santos Pereira,22,0,0.0
503,Carlos Miguel dos Santos Pereira,23,0,0.0
503,Carlos Miguel dos Santos Pereira,24,0,0.0
503,Carlos Miguel dos Santos Pereira,25,0,0.0
503,Carlos Miguel dos Santos Pereira,26,0,0.0
503,Carlos Miguel dos Santos Pereira,27,0,0.0
503,Carlos Miguel dos Santos Pereira,28,0,0.0
503,Carlos Miguel dos Santos Pereira,29,0,0.0
504,Matt Turner,6,0,0.0
504,Matt Turner,7,0,0.0
504,Matt Turner,8,0,0.0
504,Matt Turner,9,0,0.0
504,Matt Turner,10,0,0.0
504,Matt Turner,11,0,0.0
504,Matt Turner,12,0,0.0
504,Matt Turner,13,0,0.0
504,Matt Turner,14,0,0.0
504,Matt Turner,15,0,0.0
504,Matt Turner,16,0,0.0
504,Matt Turner,17,0,0.0
504,Matt Turner,18,0,0.0
504,Matt Turner,19,0,0.0
504,Matt Turner,20,0,0.0
504,Matt Turner,21,0,0.0
504,Matt Turner,22,0,0.0
504,Matt Turner,23,0,0.0
504,Matt Turner,24,0,0.0
504,Matt Turner,25,0,0.0
504,Matt Turner,26,0,0.0
504,Matt Turner,27,0,0.0
504,Matt Turner,28,0,0.0
504,Matt Turner,29,0,0.0
505,Nikola Milenković,6,90,1.0
505,Nikola Milenković,7,90,3.0
505,Nikola Milenković,8,90,1.0
505,Nikola Milenković,9,90,1.0
505,Nikola Milenković,10,90,1.0
505,Nikola Milenković,11,90,4.0
505,Nikola Milenković,12,90,8.0
505,Nikola Milenković,13,90,1.0
505,Nikola Milenković,14,90,6.0
505,Nikola Milenković,15,90,0.0
505,Nikola Milenković,16,90,8.0
505,Nikola Milenković,17,90,1.0
505,Nikola Milenković,18,90,3.0
505,Nikola Milenković,19,90,1.0
505,Nikola Milenković,20,90,3.0
505,Nikola Milenković,21,90,2.0
505,Nikola Milenković,22,90,6.0
505,Nikola Milenković,23,90,8.0
505,Nikola Milenković,24,90,3.0
505,Nikola Milenković,25,90,1.0
505,Nikola Milenković,26,90,6.0
505,Nikola Milenković,27,90,4.0
505,Nikola Milenković,28,90,1.0
505,Nikola Milenković,29,90,0.0
506,Murillo Costa dos Santos,6,0,0.0
506,Murillo Costa dos Santos,7,0,0.0
506,Murillo Costa dos Santos,8,73,1.0
506,Murillo Costa dos Santos,9,90,1.0
506,Murillo Costa dos Santos,10,90,3.0
506,Murillo Costa dos Santos,11,90,1.0
506,Murillo Costa dos Santos,12,90,17.0
506,Murillo Costa dos Santos,13,0,0.0
506,Murillo Costa dos Santos,14,0,0.0
506,Murillo Costa dos Santos,15,0,0.0
506,Murillo Costa dos Santos,16,90,6.0
506,Murillo Costa dos Santos,17,90,1.0
506,Murillo Costa dos Santos,18,90,3.0
506,Murillo Costa dos Santos,19,90,1.0
506,Murillo Costa dos Santos,20,90,3.0
506,Murillo Costa dos Santos,21,90,2.0
506,Murillo Costa dos Santos,22,90,8.0
506,Murillo Costa dos Santos,23,90,8.0
506,Murillo Costa dos Santos,24,90,2.0
506,Murillo Costa dos Santos,25,0,0.0
506,Murillo Costa dos Santos,26,0,0.0
506,Murillo Costa dos Santos,27,90,2.0
506,Murillo Costa dos Santos,28,90,1.0
506,Murillo Costa dos Santos,29,90,2.0
507,Ola Aina,6,0,0.0
507,Ola Aina,7,0,0.0
507,Ola Aina,8,0,0.0
507,Ola Aina,9,0,0.0
507,Ola Aina,10,0,0.0
507,Ola Aina,11,0,0.0
507,Ola Aina,12,0,0.0
507,Ola Aina,13,0,0.0
507,Ola Aina,14,0,0.0
507,Ola Aina,15,0,0.0
507,Ola Aina,16,0,0.0
507,Ola Aina,17,0,0.0
507,Ola Aina,18,0,0.0
507,Ola Aina,19,0,0.0
507,Ola Aina,20,68,1.0
507,Ola Aina,21,90,2.0
507,Ola Aina,22,90,5.0
507,Ola Aina,23,90,11.0
507,Ola Aina,24,90,2.0
507,Ola Aina,25,90,1.0
507,Ola Aina,26,90,7.0
507,Ola Aina,27,90,1.0
507,Ola Aina,28,81,1.0
507,Ola Aina,29,90,1.0
508,Neco Williams,6,90,1.0
508,Neco Williams,7,90,0.0
508,Neco Williams,8,90,1.0
508,Neco Williams,9,90,1.0
508,Neco Williams,10,90,1.0
508,Neco Williams,11,90,2.0
508,Neco Williams,12,90,13.0
508,Neco Williams,13,90,1.0
508,Neco Williams,14,90,8.0
508,Neco Williams,15,90,1.0
508,Neco Williams,16,90,7.0
508,Neco Williams,17,90,2.0
508,Neco Williams,18,90,1.0
508,Neco Williams,19,90,1.0
508,Neco Williams,20,90,1.0
508,Neco Williams,21,90,4.0
508,Neco Williams,22,90,6.0
508,Neco Williams,23,90,8.0
508,Neco Williams,24,44,-2.0
508,Neco Williams,25,0,0.0
508,Neco Williams,26,90,8.0
508,Neco Williams,27,90,4.0
508,Neco Williams,28,55,0.0
508,Neco Williams,29,89,1.0
509,David Mota Veiga Teixeira do Carmo,6,0,0.0
509,David Mota Veiga Teixeira do Carmo,7,0,0.0
509,David Mota Veiga Teixeira do Carmo,8,0,0.0
509,David Mota Veiga Teixeira do Carmo,9,0,0.0
509,David Mota Veiga Teixeira do Carmo,10,0,0.0
509,David Mota Veiga Teixeira do Carmo,11,0,0.0
509,David Mota Veiga Teixeira do Carmo,12,0,0.0
509,David Mota Veiga Teixeira do Carmo,13,0,0.0
509,David Mota Veiga Teixeira do Carmo,14,0,0.0
509,David Mota Veiga Teixeira do Carmo,15,0,0.0
509,David Mota Veiga Teixeira do Carmo,16,0,0.0
509,David Mota Veiga Teixeira do Carmo,17,0,0.0
509,David Mota Veiga Teixeira do Carmo,18,0,0.0
509,David Mota Veiga Teixeira do Carmo,19,0,0.0
509,David Mota Veiga Teixeira do Carmo,20,0,0.0
509,David Mota Veiga Teixeira do Carmo,21,0,0.0
509,David Mota Veiga Teixeira do Carmo,22,0,0.0
509,David Mota Veiga Teixeira do Carmo,23,0,0.0
509,David Mota Veiga Teixeira do Carmo,24,0,0.0
509,David Mota Veiga Teixeira do Carmo,25,0,0.0
509,David Mota Veiga Teixeira do Carmo,26,0,0.0
509,David Mota Veiga Teixeira do Carmo,27,0,0.0
509,David Mota Veiga Teixeira do Carmo,28,0,0.0
509,David Mota Veiga Teixeira do Carmo,29,0,0.0
510,Jair Paula da Cunha Filho,6,0,0.0
510,Jair Paula da Cunha Filho,7,90,3.0
510,Jair Paula da Cunha Filho,8,0,0.0
510,Jair Paula da Cunha Filho,9,0,0.0
510,Jair Paula da Cunha Filho,10,0,0.0
510,Jair Paula da Cunha Filho,11,0,0.0
510,Jair Paula da Cunha Filho,12,0,0.0
510,Jair Paula da Cunha Filho,13,0,0.0
510,Jair Paula da Cunha Filho,14,0,0.0
510,Jair Paula da Cunha Filho,15,0,0.0
510,Jair Paula da Cunha Filho,16,0,0.0
510,Jair Paula da Cunha Filho,17,0,0.0
510,Jair Paula da Cunha Filho,18,0,0.0
510,Jair Paula da Cunha Filho,19,0,0.0
510,Jair Paula da Cunha Filho,20,0,0.0
510,Jair Paula da Cunha Filho,21,0,0.0
510,Jair Paula da Cunha Filho,22,0,0.0
510,Jair Paula da Cunha Filho,23,0,0.0
510,Jair Paula da Cunha Filho,24,0,0.0
510,Jair Paula da Cunha Filho,25,0,0.0
510,Jair Paula da Cunha Filho,26,0,0.0
510,Jair Paula da Cunha Filho,27,0,0.0
510,Jair Paula da Cunha Filho,28,34,1.0
510,Jair Paula da Cunha Filho,29,90,1.0
511,Felipe Rodrigues da Silva,6,90,2.0
511,Felipe Rodrigues da Silva,7,76,3.0
511,Felipe Rodrigues da Silva,8,90,0.0
511,Felipe Rodrigues da Silva,9,0,0.0
511,Felipe Rodrigues da Silva,10,0,0.0
511,Felipe Rodrigues da Silva,11,2,1.0
511,Felipe Rodrigues da Silva,12,0,0.0
511,Felipe Rodrigues da Silva,13,90,3.0
511,Felipe Rodrigues da Silva,14,90,7.0
511,Felipe Rodrigues da Silva,15,90,2.0
511,Felipe Rodrigues da Silva,16,0,0.0
511,Felipe Rodrigues da Silva,17,0,0.0
511,Felipe Rodrigues da Silva,18,0,0.0
511,Felipe Rodrigues da Silva,19,0,0.0
511,Felipe Rodrigues da Silva,20,0,0.0
511,Felipe Rodrigues da Silva,21,1,1.0
511,Felipe Rodrigues da Silva,22,0,0.0
511,Felipe Rodrigues da Silva,23,3,1.0
511,Felipe Rodrigues da Silva,24,45,1.0
511,Felipe Rodrigues da Silva,25,90,3.0
511,Felipe Rodrigues da Silva,26,90,8.0
511,Felipe Rodrigues da Silva,27,0,0.0
511,Felipe Rodrigues da Silva,28,0,0.0
511,Felipe Rodrigues da Silva,29,1,1.0
512,Omar Richards,6,0,0.0
512,Omar Richards,7,0,0.0
512,Omar Richards,8,0,0.0
512,Omar Richards,9,0,0.0
512,Omar Richards,10,0,0.0
512,Omar Richards,11,0,0.0
512,Omar Richards,12,0,0.0
512,Omar Richards,13,0,0.0
512,Omar Richards,14,0,0.0
512,Omar Richards,15,0,0.0
512,Omar Richards,16,0,0.0
512,Omar Richards,17,0,0.0
512,Omar Richards,18,0,0.0
512,Omar Richards,19,0,0.0
512,Omar Richards,20,0,0.0
512,Omar Richards,21,0,0.0
512,Omar Richards,22,0,0.0
512,Omar Richards,23,0,0.0
512,Omar Richards,24,0,0.0
512,Omar Richards,25,0,0.0
512,Omar Richards,26,0,0.0
512,Omar Richards,27,0,0.0
512,Omar Richards,28,0,0.0
512,Omar Richards,29,0,0.0
513,Zach Abbott,6,0,0.0
513,Zach Abbott,7,0,0.0
513,Zach Abbott,8,0,0.0
513,Zach Abbott,9,0,0.0
513,Zach Abbott,10,0,0.0
513,Zach Abbott,11,0,0.0
513,Zach Abbott,12,0,0.0
513,Zach Abbott,13,0,0.0
513,Zach Abbott,14,0,0.0
513,Zach Abbott,15,45,1.0
513,Zach Abbott,16,0,0.0
513,Zach Abbott,17,0,0.0
513,Zach Abbott,18,0,0.0
513,Zach Abbott,19,0,0.0
513,Zach Abbott,20,0,0.0
513,Zach Abbott,21,0,0.0
513,Zach Abbott,22,0,0.0
513,Zach Abbott,23,0,0.0
513,Zach Abbott,24,0,0.0
513,Zach Abbott,25,75,1.0
513,Zach Abbott,26,0,0.0
513,Zach Abbott,27,0,0.0
513,Zach Abbott,28,0,0.0
513,Zach Abbott,29,0,0.0
514,Willy Boly,6,0,0.0
514,Willy Boly,7,0,0.0
514,Willy Boly,8,0,0.0
514,Willy Boly,9,0,0.0
514,Willy Boly,10,0,0.0
514,Willy Boly,11,0,0.0
514,Willy Boly,12,0,0.0
514,Willy Boly,13,0,0.0
514,Willy Boly,14,0,0.0
514,Willy Boly,15,0,0.0
514,Willy Boly,16,0,0.0
514,Willy Boly,17,0,0.0
514,Willy Boly,18,0,0.0
514,Willy Boly,19,0,0.0
514,Willy Boly,20,0,0.0
514,Willy Boly,21,0,0.0
514,Willy Boly,22,0,0.0
514,Willy Boly,23,0,0.0
514,Willy Boly,24,0,0.0
514,Willy Boly,25,0,0.0
514,Willy Boly,26,0,0.0
514,Willy Boly,27,0,0.0
514,Willy Boly,28,0,0.0
514,Willy Boly,29,0,0.0
515,Morgan Gibbs-White,6,45,1.0
515,Morgan Gibbs-White,7,90,4.0
515,Morgan Gibbs-White,8,90,2.0
515,Morgan Gibbs-White,9,88,2.0
515,Morgan Gibbs-White,10,90,8.0
515,Morgan Gibbs-White,11,87,10.0
515,Morgan Gibbs-White,12,90,8.0
515,Morgan Gibbs-White,13,84,2.0
515,Morgan Gibbs-White,14,90,3.0
515,Morgan Gibbs-White,15,90,2.0
515,Morgan Gibbs-White,16,90,3.0
515,Morgan Gibbs-White,17,72,2.0
515,Morgan Gibbs-White,18,90,2.0
515,Morgan Gibbs-White,19,90,2.0
515,Morgan Gibbs-White,20,90,8.0
515,Morgan Gibbs-White,21,90,9.0
515,Morgan Gibbs-White,22,90,3.0
515,Morgan Gibbs-White,23,90,6.0
515,Morgan Gibbs-White,24,90,8.0
515,Morgan Gibbs-White,25,66,2.0
515,Morgan Gibbs-White,26,90,3.0
515,Morgan Gibbs-White,27,90,2.0
515,Morgan Gibbs-White,28,90,9.0
515,Morgan Gibbs-White,29,89,8.0
516,Callum Hudson-Odoi,6,30,1.0
516,Callum Hudson-Odoi,7,26,1.0
516,Callum Hudson-Odoi,8,37,1.0
516,Callum Hudson-Odoi,9,45,1.0
516,Callum Hudson-Odoi,10,90,2.0
516,Callum Hudson-Odoi,11,0,0.0
516,Callum Hudson-Odoi,12,4,1.0
516,Callum Hudson-Odoi,13,45,1.0
516,Callum Hudson-Odoi,14,23,1.0
516,Callum Hudson-Odoi,15,45,1.0
516,Callum Hudson-Odoi,16,90,19.0
516,Callum Hudson-Odoi,17,90,2.0
516,Callum Hudson-Odoi,18,90,2.0
516,Callum Hudson-Odoi,19,74,2.0
516,Callum Hudson-Odoi,20,0,0.0
516,Callum Hudson-Odoi,21,90,2.0
516,Callum Hudson-Odoi,22,90,3.0
516,Callum Hudson-Odoi,23,86,3.0
516,Callum Hudson-Odoi,24,45,1.0
516,Callum Hudson-Odoi,25,66,2.0
516,Callum Hudson-Odoi,26,64,3.0
516,Callum Hudson-Odoi,27,65,3.0
516,Callum Hudson-Odoi,28,73,2.0
516,Callum Hudson-Odoi,29,27,4.0
517,Elliot Anderson,6,90,3.0
517,Elliot Anderson,7,90,1.0
517,Elliot Anderson,8,90,4.0
517,Elliot Anderson,9,90,2.0
517,Elliot Anderson,10,90,4.0
517,Elliot Anderson,11,90,9.0
517,Elliot Anderson,12,90,9.0
517,Elliot Anderson,13,90,6.0
517,Elliot Anderson,14,90,2.0
517,Elliot Anderson,15,90,4.0
517,Elliot Anderson,16,90,3.0
517,Elliot Anderson,17,90,4.0
517,Elliot Anderson,18,90,3.0
517,Elliot Anderson,19,90,4.0
517,Elliot Anderson,20,90,4.0
517,Elliot Anderson,21,90,7.0
517,Elliot Anderson,22,90,5.0
517,Elliot Anderson,23,90,5.0
517,Elliot Anderson,24,90,7.0
517,Elliot Anderson,25,90,4.0
517,Elliot Anderson,26,90,5.0
517,Elliot Anderson,27,76,5.0
517,Elliot Anderson,28,90,1.0
517,Elliot Anderson,29,90,12.0
518,João Pedro Ferreira da Silva,6,0,0.0
518,João Pedro Ferreira da Silva,7,0,0.0
518,João Pedro Ferreira da Silva,8,0,0.0
518,João Pedro Ferreira da Silva,9,0,0.0
518,João Pedro Ferreira da Silva,10,0,0.0
518,João Pedro Ferreira da Silva,11,0,0.0
518,João Pedro Ferreira da Silva,12,0,0.0
518,João Pedro Ferreira da Silva,13,0,0.0
518,João Pedro Ferreira da Silva,14,0,0.0
518,João Pedro Ferreira da Silva,15,0,0.0
518,João Pedro Ferreira da Silva,16,0,0.0
518,João Pedro Ferreira da Silva,17,0,0.0
518,João Pedro Ferreira da Silva,18,0,0.0
518,João Pedro Ferreira da Silva,19,0,0.0
518,João Pedro Ferreira da Silva,20,0,0.0
518,João Pedro Ferreira da Silva,21,0,0.0
518,João Pedro Ferreira da Silva,22,0,0.0
518,João Pedro Ferreira da Silva,23,0,0.0
518,João Pedro Ferreira da Silva,24,0,0.0
518,João Pedro Ferreira da Silva,25,0,0.0
518,João Pedro Ferreira da Silva,26,0,0.0
518,João Pedro Ferreira da Silva,27,0,0.0
518,João Pedro Ferreira da Silva,28,0,0.0
518,João Pedro Ferreira da Silva,29,0,0.0
519,Nicolás Domínguez,6,45,0.0
519,Nicolás Domínguez,7,0,0.0
519,Nicolás Domínguez,8,0,0.0
519,Nicolás Domínguez,9,7,1.0
519,Nicolás Domínguez,10,0,0.0
519,Nicolás Domínguez,11,58,1.0
519,Nicolás Domínguez,12,60,3.0
519,Nicolás Domínguez,13,45,1.0
519,Nicolás Domínguez,14,1,1.0
519,Nicolás Domínguez,15,28,1.0
519,Nicolás Domínguez,16,0,0.0
519,Nicolás Domínguez,17,17,0.0
519,Nicolás Domínguez,18,86,2.0
519,Nicolás Domínguez,19,45,1.0
519,Nicolás Domínguez,20,82,4.0
519,Nicolás Domínguez,21,90,10.0
519,Nicolás Domínguez,22,88,3.0
519,Nicolás Domínguez,23,60,3.0
519,Nicolás Domínguez,24,45,1.0
519,Nicolás Domínguez,25,53,1.0
519,Nicolás Domínguez,26,0,0.0
519,Nicolás Domínguez,27,13,1.0
519,Nicolás Domínguez,28,0,0.0
519,Nicolás Domínguez,29,63,2.0
520,Lewis O'Brien,6,0,0.0
520,Lewis O'Brien,7,0,0.0
520,Lewis O'Brien,8,0,0.0
520,Lewis O'Brien,9,0,0.0
520,Lewis O'Brien,10,0,0.0
520,Lewis O'Brien,11,0,0.0
520,Lewis O'Brien,12,0,0.0
520,Lewis O'Brien,13,0,0.0
520,Lewis O'Brien,14,0,0.0
520,Lewis O'Brien,15,0,0.0
520,Lewis O'Brien,16,0,0.0
520,Lewis O'Brien,17,0,0.0
520,Lewis O'Brien,18,0,0.0
520,Lewis O'Brien,19,0,0.0
520,Lewis O'Brien,20,0,0.0
520,Lewis O'Brien,21,0,0.0
520,Lewis O'Brien,22,0,0.0
520,Lewis O'Brien,23,0,0.0
520,Lewis O'Brien,24,0,0.0
520,Lewis O'Brien,25,0,0.0
520,Lewis O'Brien,26,0,0.0
520,Lewis O'Brien,27,0,0.0
520,Lewis O'Brien,28,0,0.0
520,Lewis O'Brien,29,0,0.0
521,Ibrahim Sangaré,6,0,0.0
521,Ibrahim Sangaré,7,0,0.0
521,Ibrahim Sangaré,8,90,1.0
521,Ibrahim Sangaré,9,0,0.0
521,Ibrahim Sangaré,10,1,1.0
521,Ibrahim Sangaré,11,58,5.0
521,Ibrahim Sangaré,12,90,3.0
521,Ibrahim Sangaré,13,73,4.0
521,Ibrahim Sangaré,14,66,3.0
521,Ibrahim Sangaré,15,45,1.0
521,Ibrahim Sangaré,16,90,18.0
521,Ibrahim Sangaré,17,0,0.0
521,Ibrahim Sangaré,18,0,0.0
521,Ibrahim Sangaré,19,0,0.0
521,Ibrahim Sangaré,20,0,0.0
521,Ibrahim Sangaré,21,0,0.0
521,Ibrahim Sangaré,22,90,3.0
521,Ibrahim Sangaré,23,90,5.0
521,Ibrahim Sangaré,24,90,2.0
521,Ibrahim Sangaré,25,90,1.0
521,Ibrahim Sangaré,26,90,3.0
521,Ibrahim Sangaré,27,90,4.0
521,Ibrahim Sangaré,28,90,2.0
521,Ibrahim Sangaré,29,90,1.0
522,Ryan Yates,6,0,0.0
522,Ryan Yates,7,63,1.0
522,Ryan Yates,8,0,0.0
522,Ryan Yates,9,45,1.0
522,Ryan Yates,10,76,5.0
522,Ryan Yates,11,31,1.0
522,Ryan Yates,12,4,1.0
522,Ryan Yates,13,16,1.0
522,Ryan Yates,14,23,1.0
522,Ryan Yates,15,16,1.0
522,Ryan Yates,16,0,0.0
522,Ryan Yates,17,0,0.0
522,Ryan Yates,18,0,0.0
522,Ryan Yates,19,0,0.0
522,Ryan Yates,20,0,0.0
522,Ryan Yates,21,0,0.0
522,Ryan Yates,22,0,0.0
522,Ryan Yates,23,0,0.0
522,Ryan Yates,24,45,1.0
522,Ryan Yates,25,23,1.0
522,Ryan Yates,26,0,0.0
522,Ryan Yates,27,0,0.0
522,Ryan Yates,28,0,0.0
522,Ryan Yates,29,1,1.0
523,Eric da Silva Moreira,6,0,0.0
523,Eric da Silva Moreira,7,0,0.0
523,Eric da Silva Moreira,8,0,0.0
523,Eric da Silva Moreira,9,0,0.0
523,Eric da Silva Moreira,10,0,0.0
523,Eric da Silva Moreira,11,0,0.0
523,Eric da Silva Moreira,12,0,0.0
523,Eric da Silva Moreira,13,0,0.0
523,Eric da Silva Moreira,14,0,0.0
523,Eric da Silva Moreira,15,0,0.0
523,Eric da Silva Moreira,16,0,0.0
523,Eric da Silva Moreira,17,0,0.0
523,Eric da Silva Moreira,18,0,0.0
523,Eric da Silva Moreira,19,0,0.0
523,Eric da Silva Moreira,20,0,0.0
523,Eric da Silva Moreira,21,0,0.0
523,Eric da Silva Moreira,22,0,0.0
523,Eric da Silva Moreira,23,0,0.0
523,Eric da Silva Moreira,24,0,0.0
523,Eric da Silva Moreira,25,0,0.0
523,Eric da Silva Moreira,26,0,0.0
523,Eric da Silva Moreira,27,0,0.0
523,Eric da Silva Moreira,28,0,0.0
523,Eric da Silva Moreira,29,0,0.0
524,Marko Stamenić,6,0,0.0
524,Marko Stamenić,7,0,0.0
524,Marko Stamenić,8,0,0.0
524,Marko Stamenić,9,0,0.0
524,Marko Stamenić,10,0,0.0
524,Marko Stamenić,11,0,0.0
524,Marko Stamenić,12,0,0.0
524,Marko Stamenić,13,0,0.0
524,Marko Stamenić,14,0,0.0
524,Marko Stamenić,15,0,0.0
524,Marko Stamenić,16,0,0.0
524,Marko Stamenić,17,0,0.0
524,Marko Stamenić,18,0,0.0
524,Marko Stamenić,19,0,0.0
524,Marko Stamenić,20,0,0.0
524,Marko Stamenić,21,0,0.0
524,Marko Stamenić,22,0,0.0
524,Marko Stamenić,23,0,0.0
524,Marko Stamenić,24,0,0.0
524,Marko Stamenić,25,0,0.0
524,Marko Stamenić,26,0,0.0
524,Marko Stamenić,27,0,0.0
524,Marko Stamenić,28,0,0.0
524,Marko Stamenić,29,0,0.0
525,Chris Wood,6,89,2.0
525,Chris Wood,7,63,2.0
525,Chris Wood,8,16,1.0
525,Chris Wood,9,0,0.0
525,Chris Wood,10,0,0.0
525,Chris Wood,11,0,0.0
525,Chris Wood,12,0,0.0
525,Chris Wood,13,0,0.0
525,Chris Wood,14,0,0.0
525,Chris Wood,15,0,0.0
525,Chris Wood,16,0,0.0
525,Chris Wood,17,0,0.0
525,Chris Wood,18,0,0.0
525,Chris Wood,19,0,0.0
525,Chris Wood,20,0,0.0
525,Chris Wood,21,0,0.0
525,Chris Wood,22,0,0.0
525,Chris Wood,23,0,0.0
525,Chris Wood,24,0,0.0
525,Chris Wood,25,0,0.0
525,Chris Wood,26,0,0.0
525,Chris Wood,27,0,0.0
525,Chris Wood,28,0,0.0
525,Chris Wood,29,0,0.0
526,Igor Jesus Maciel da Cruz,6,30,1.0
526,Igor Jesus Maciel da Cruz,7,26,1.0
526,Igor Jesus Maciel da Cruz,8,45,1.0
526,Igor Jesus Maciel da Cruz,9,45,1.0
526,Igor Jesus Maciel da Cruz,10,77,5.0
526,Igor Jesus Maciel da Cruz,11,58,1.0
526,Igor Jesus Maciel da Cruz,12,85,2.0
526,Igor Jesus Maciel da Cruz,13,74,2.0
526,Igor Jesus Maciel da Cruz,14,90,9.0
526,Igor Jesus Maciel da Cruz,15,90,2.0
526,Igor Jesus Maciel da Cruz,16,84,2.0
526,Igor Jesus Maciel da Cruz,17,71,2.0
526,Igor Jesus Maciel da Cruz,18,90,5.0
526,Igor Jesus Maciel da Cruz,19,61,2.0
526,Igor Jesus Maciel da Cruz,20,82,2.0
526,Igor Jesus Maciel da Cruz,21,90,2.0
526,Igor Jesus Maciel da Cruz,22,75,2.0
526,Igor Jesus Maciel da Cruz,23,67,9.0
526,Igor Jesus Maciel da Cruz,24,69,2.0
526,Igor Jesus Maciel da Cruz,25,53,1.0
526,Igor Jesus Maciel da Cruz,26,19,1.0
526,Igor Jesus Maciel da Cruz,27,76,2.0
526,Igor Jesus Maciel da Cruz,28,82,5.0
526,Igor Jesus Maciel da Cruz,29,78,5.0
527,Taiwo Awoniyi,6,0,0.0
527,Taiwo Awoniyi,7,0,0.0
527,Taiwo Awoniyi,8,45,1.0
527,Taiwo Awoniyi,9,45,1.0
527,Taiwo Awoniyi,10,12,1.0
527,Taiwo Awoniyi,11,31,1.0
527,Taiwo Awoniyi,12,0,0.0
527,Taiwo Awoniyi,13,0,0.0
527,Taiwo Awoniyi,14,0,0.0
527,Taiwo Awoniyi,15,0,0.0
527,Taiwo Awoniyi,16,0,0.0
527,Taiwo Awoniyi,17,18,1.0
527,Taiwo Awoniyi,18,3,1.0
527,Taiwo Awoniyi,19,28,1.0
527,Taiwo Awoniyi,20,0,0.0
527,Taiwo Awoniyi,21,0,0.0
527,Taiwo Awoniyi,22,0,0.0
527,Taiwo Awoniyi,23,22,6.0
527,Taiwo Awoniyi,24,0,0.0
527,Taiwo Awoniyi,25,0,0.0
527,Taiwo Awoniyi,26,0,0.0
527,Taiwo Awoniyi,27,0,0.0
527,Taiwo Awoniyi,28,7,1.0
527,Taiwo Awoniyi,29,11,1.0
528,Anthony Patterson,6,0,0.0
528,Anthony Patterson,7,0,0.0
528,Anthony Patterson,8,0,0.0
528,Anthony Patterson,9,0,0.0
528,Anthony Patterson,10,0,0.0
528,Anthony Patterson,11,0,0.0
528,Anthony Patterson,12,0,0.0
528,Anthony Patterson,13,0,0.0
528,Anthony Patterson,14,0,0.0
528,Anthony Patterson,15,0,0.0
528,Anthony Patterson,16,0,0.0
528,Anthony Patterson,17,0,0.0
528,Anthony Patterson,18,0,0.0
528,Anthony Patterson,19,0,0.0
528,Anthony Patterson,20,0,0.0
528,Anthony Patterson,21,0,0.0
528,Anthony Patterson,22,0,0.0
528,Anthony Patterson,23,0,0.0
528,Anthony Patterson,24,0,0.0
528,Anthony Patterson,25,0,0.0
528,Anthony Patterson,26,0,0.0
528,Anthony Patterson,27,0,0.0
528,Anthony Patterson,28,0,0.0
528,Anthony Patterson,29,0,0.0
529,Simon Moore,6,0,0.0
529,Simon Moore,7,0,0.0
529,Simon Moore,8,0,0.0
529,Simon Moore,9,0,0.0
529,Simon Moore,10,0,0.0
529,Simon Moore,11,0,0.0
529,Simon Moore,12,0,0.0
529,Simon Moore,13,0,0.0
529,Simon Moore,14,0,0.0
529,Simon Moore,15,0,0.0
529,Simon Moore,16,0,0.0
529,Simon Moore,17,0,0.0
529,Simon Moore,18,0,0.0
529,Simon Moore,19,0,0.0
529,Simon Moore,20,0,0.0
529,Simon Moore,21,0,0.0
529,Simon Moore,22,0,0.0
529,Simon Moore,23,0,0.0
529,Simon Moore,24,0,0.0
529,Simon Moore,25,0,0.0
529,Simon Moore,26,0,0.0
529,Simon Moore,27,0,0.0
529,Simon Moore,28,0,0.0
529,Simon Moore,29,0,0.0
530,Blondy Nna Noukeu,6,0,0.0
530,Blondy Nna Noukeu,7,0,0.0
530,Blondy Nna Noukeu,8,0,0.0
530,Blondy Nna Noukeu,9,0,0.0
530,Blondy Nna Noukeu,10,0,0.0
530,Blondy Nna Noukeu,11,0,0.0
530,Blondy Nna Noukeu,12,0,0.0
530,Blondy Nna Noukeu,13,0,0.0
530,Blondy Nna Noukeu,14,0,0.0
530,Blondy Nna Noukeu,15,0,0.0
530,Blondy Nna Noukeu,16,0,0.0
530,Blondy Nna Noukeu,17,0,0.0
530,Blondy Nna Noukeu,18,0,0.0
530,Blondy Nna Noukeu,19,0,0.0
530,Blondy Nna Noukeu,20,0,0.0
530,Blondy Nna Noukeu,21,0,0.0
530,Blondy Nna Noukeu,22,0,0.0
530,Blondy Nna Noukeu,23,0,0.0
530,Blondy Nna Noukeu,24,0,0.0
530,Blondy Nna Noukeu,25,0,0.0
530,Blondy Nna Noukeu,26,0,0.0
530,Blondy Nna Noukeu,27,0,0.0
530,Blondy Nna Noukeu,28,0,0.0
530,Blondy Nna Noukeu,29,0,0.0
531,Daniel Ballard,6,15,1.0
531,Daniel Ballard,7,53,3.0
531,Daniel Ballard,8,90,10.0
531,Daniel Ballard,9,90,2.0
531,Daniel Ballard,10,90,4.0
531,Daniel Ballard,11,90,10.0
531,Daniel Ballard,12,90,1.0
531,Daniel Ballard,13,90,3.0
531,Daniel Ballard,14,90,4.0
531,Daniel Ballard,15,90,1.0
531,Daniel Ballard,16,90,8.0
531,Daniel Ballard,17,90,9.0
531,Daniel Ballard,18,0,0.0
531,Daniel Ballard,19,0,0.0
531,Daniel Ballard,20,24,1.0
531,Daniel Ballard,21,78,1.0
531,Daniel Ballard,22,90,4.0
531,Daniel Ballard,23,90,2.0
531,Daniel Ballard,24,90,9.0
531,Daniel Ballard,25,90,1.0
531,Daniel Ballard,26,90,4.0
531,Daniel Ballard,27,90,4.0
531,Daniel Ballard,28,90,4.0
531,Daniel Ballard,29,90,9.0
532,Trai Hume,6,90,6.0
532,Trai Hume,7,78,1.0
532,Trai Hume,8,90,11.0
532,Trai Hume,9,90,2.0
532,Trai Hume,10,90,1.0
532,Trai Hume,11,90,1.0
532,Trai Hume,12,89,1.0
532,Trai Hume,13,27,0.0
532,Trai Hume,14,90,2.0
532,Trai Hume,15,87,1.0
532,Trai Hume,16,20,1.0
532,Trai Hume,17,90,10.0
532,Trai Hume,18,90,1.0
532,Trai Hume,19,90,6.0
532,Trai Hume,20,90,2.0
532,Trai Hume,21,90,0.0
532,Trai Hume,22,90,1.0
532,Trai Hume,23,45,0.0
532,Trai Hume,24,90,5.0
532,Trai Hume,25,84,1.0
532,Trai Hume,26,79,2.0
532,Trai Hume,27,90,1.0
532,Trai Hume,28,90,2.0
532,Trai Hume,29,90,8.0
533,Aji Alese,6,0,0.0
533,Aji Alese,7,0,0.0
533,Aji Alese,8,0,0.0
533,Aji Alese,9,0,0.0
533,Aji Alese,10,0,0.0
533,Aji Alese,11,0,0.0
533,Aji Alese,12,0,0.0
533,Aji Alese,13,0,0.0
533,Aji Alese,14,0,0.0
533,Aji Alese,15,0,0.0
533,Aji Alese,16,0,0.0
533,Aji Alese,17,0,0.0
533,Aji Alese,18,0,0.0
533,Aji Alese,19,0,0.0
533,Aji Alese,20,0,0.0
533,Aji Alese,21,0,0.0
533,Aji Alese,22,0,0.0
533,Aji Alese,23,0,0.0
533,Aji Alese,24,0,0.0
533,Aji Alese,25,0,0.0
533,Aji Alese,26,0,0.0
533,Aji Alese,27,0,0.0
533,Aji Alese,28,0,0.0
533,Aji Alese,29,0,0.0
534,Joe Anderson,6,0,0.0
534,Joe Anderson,7,0,0.0
534,Joe Anderson,8,0,0.0
534,Joe Anderson,9,0,0.0
534,Joe Anderson,10,0,0.0
534,Joe Anderson,11,0,0.0
534,Joe Anderson,12,0,0.0
534,Joe Anderson,13,0,0.0
534,Joe Anderson,14,0,0.0
534,Joe Anderson,15,0,0.0
534,Joe Anderson,16,0,0.0
534,Joe Anderson,17,0,0.0
534,Joe Anderson,18,0,0.0
534,Joe Anderson,19,0,0.0
534,Joe Anderson,20,0,0.0
534,Joe Anderson,21,0,0.0
534,Joe Anderson,22,0,0.0
534,Joe Anderson,23,0,0.0
534,Joe Anderson,24,0,0.0
534,Joe Anderson,25,0,0.0
534,Joe Anderson,26,0,0.0
534,Joe Anderson,27,0,0.0
534,Joe Anderson,28,0,0.0
534,Joe Anderson,29,0,0.0
535,Dennis Cirkin,6,0,0.0
535,Dennis Cirkin,7,0,0.0
535,Dennis Cirkin,8,0,0.0
535,Dennis Cirkin,9,0,0.0
535,Dennis Cirkin,10,0,0.0
535,Dennis Cirkin,11,0,0.0
535,Dennis Cirkin,12,0,0.0
535,Dennis Cirkin,13,0,0.0
535,Dennis Cirkin,14,0,0.0
535,Dennis Cirkin,15,0,0.0
535,Dennis Cirkin,16,0,0.0
535,Dennis Cirkin,17,0,0.0
535,Dennis Cirkin,18,90,2.0
535,Dennis Cirkin,19,90,8.0
535,Dennis Cirkin,20,58,0.0
535,Dennis Cirkin,21,11,1.0
535,Dennis Cirkin,22,2,1.0
535,Dennis Cirkin,23,45,1.0
535,Dennis Cirkin,24,0,0.0
535,Dennis Cirkin,25,0,0.0
535,Dennis Cirkin,26,0,0.0
535,Dennis Cirkin,27,0,0.0
535,Dennis Cirkin,28,0,0.0
535,Dennis Cirkin,29,0,0.0
536,Leo Fuhr Hjelde,6,0,0.0
536,Leo Fuhr Hjelde,7,0,0.0
536,Leo Fuhr Hjelde,8,0,0.0
536,Leo Fuhr Hjelde,9,0,0.0
536,Leo Fuhr Hjelde,10,0,0.0
536,Leo Fuhr Hjelde,11,0,0.0
536,Leo Fuhr Hjelde,12,0,0.0
536,Leo Fuhr Hjelde,13,0,0.0
536,Leo Fuhr Hjelde,14,0,0.0
536,Leo Fuhr Hjelde,15,0,0.0
536,Leo Fuhr Hjelde,16,0,0.0
536,Leo Fuhr Hjelde,17,0,0.0
536,Leo Fuhr Hjelde,18,0,0.0
536,Leo Fuhr Hjelde,19,0,0.0
536,Leo Fuhr Hjelde,20,0,0.0
536,Leo Fuhr Hjelde,21,0,0.0
536,Leo Fuhr Hjelde,22,0,0.0
536,Leo Fuhr Hjelde,23,0,0.0
536,Leo Fuhr Hjelde,24,0,0.0
536,Leo Fuhr Hjelde,25,0,0.0
536,Leo Fuhr Hjelde,26,0,0.0
536,Leo Fuhr Hjelde,27,0,0.0
536,Leo Fuhr Hjelde,28,0,0.0
536,Leo Fuhr Hjelde,29,0,0.0
537,Niall Huggins,6,0,0.0
537,Niall Huggins,7,0,0.0
537,Niall Huggins,8,0,0.0
537,Niall Huggins,9,0,0.0
537,Niall Huggins,10,0,0.0
537,Niall Huggins,11,0,0.0
537,Niall Huggins,12,0,0.0
537,Niall Huggins,13,0,0.0
537,Niall Huggins,14,0,0.0
537,Niall Huggins,15,0,0.0
537,Niall Huggins,16,0,0.0
537,Niall Huggins,17,0,0.0
537,Niall Huggins,18,0,0.0
537,Niall Huggins,19,0,0.0
537,Niall Huggins,20,0,0.0
537,Niall Huggins,21,0,0.0
537,Niall Huggins,22,0,0.0
537,Niall Huggins,23,0,0.0
537,Niall Huggins,24,0,0.0
537,Niall Huggins,25,0,0.0
537,Niall Huggins,26,0,0.0
537,Niall Huggins,27,0,0.0
537,Niall Huggins,28,0,0.0
537,Niall Huggins,29,0,0.0
538,Zak Johnson,6,0,0.0
538,Zak Johnson,7,0,0.0
538,Zak Johnson,8,0,0.0
538,Zak Johnson,9,0,0.0
538,Zak Johnson,10,0,0.0
538,Zak Johnson,11,0,0.0
538,Zak Johnson,12,0,0.0
538,Zak Johnson,13,0,0.0
538,Zak Johnson,14,0,0.0
538,Zak Johnson,15,0,0.0
538,Zak Johnson,16,0,0.0
538,Zak Johnson,17,0,0.0
538,Zak Johnson,18,0,0.0
538,Zak Johnson,19,0,0.0
538,Zak Johnson,20,0,0.0
538,Zak Johnson,21,0,0.0
538,Zak Johnson,22,0,0.0
538,Zak Johnson,23,0,0.0
538,Zak Johnson,24,0,0.0
538,Zak Johnson,25,0,0.0
538,Zak Johnson,26,0,0.0
538,Zak Johnson,27,0,0.0
538,Zak Johnson,28,0,0.0
538,Zak Johnson,29,0,0.0
539,Luke O'Nien,6,0,0.0
539,Luke O'Nien,7,0,0.0
539,Luke O'Nien,8,0,0.0
539,Luke O'Nien,9,0,0.0
539,Luke O'Nien,10,0,0.0
539,Luke O'Nien,11,0,0.0
539,Luke O'Nien,12,0,0.0
539,Luke O'Nien,13,0,0.0
539,Luke O'Nien,14,1,1.0
539,Luke O'Nien,15,3,-2.0
539,Luke O'Nien,16,0,0.0
539,Luke O'Nien,17,0,0.0
539,Luke O'Nien,18,0,0.0
539,Luke O'Nien,19,0,0.0
539,Luke O'Nien,20,0,0.0
539,Luke O'Nien,21,7,1.0
539,Luke O'Nien,22,0,0.0
539,Luke O'Nien,23,7,1.0
539,Luke O'Nien,24,4,1.0
539,Luke O'Nien,25,0,0.0
539,Luke O'Nien,26,0,0.0
539,Luke O'Nien,27,0,0.0
539,Luke O'Nien,28,0,0.0
539,Luke O'Nien,29,90,5.0
540,Timothée Pembélé,6,0,0.0
540,Timothée Pembélé,7,0,0.0
540,Timothée Pembélé,8,0,0.0
540,Timothée Pembélé,9,0,0.0
540,Timothée Pembélé,10,0,0.0
540,Timothée Pembélé,11,0,0.0
540,Timothée Pembélé,12,0,0.0
540,Timothée Pembélé,13,0,0.0
540,Timothée Pembélé,14,0,0.0
540,Timothée Pembélé,15,0,0.0
540,Timothée Pembélé,16,0,0.0
540,Timothée Pembélé,17,0,0.0
540,Timothée Pembélé,18,0,0.0
540,Timothée Pembélé,19,0,0.0
540,Timothée Pembélé,20,0,0.0
540,Timothée Pembélé,21,0,0.0
540,Timothée Pembélé,22,0,0.0
540,Timothée Pembélé,23,0,0.0
540,Timothée Pembélé,24,0,0.0
540,Timothée Pembélé,25,0,0.0
540,Timothée Pembélé,26,0,0.0
540,Timothée Pembélé,27,0,0.0
540,Timothée Pembélé,28,0,0.0
540,Timothée Pembélé,29,0,0.0
541,Reinildo Mandava,6,0,0.0
541,Reinildo Mandava,7,0,0.0
541,Reinildo Mandava,8,0,0.0
541,Reinildo Mandava,9,90,2.0
541,Reinildo Mandava,10,90,2.0
541,Reinildo Mandava,11,90,0.0
541,Reinildo Mandava,12,90,1.0
541,Reinildo Mandava,13,90,4.0
541,Reinildo Mandava,14,90,4.0
541,Reinildo Mandava,15,0,0.0
541,Reinildo Mandava,16,90,10.0
541,Reinildo Mandava,17,0,0.0
541,Reinildo Mandava,18,0,0.0
541,Reinildo Mandava,19,0,0.0
541,Reinildo Mandava,20,0,0.0
541,Reinildo Mandava,21,0,0.0
541,Reinildo Mandava,22,90,2.0
541,Reinildo Mandava,23,45,-1.0
541,Reinildo Mandava,24,90,11.0
541,Reinildo Mandava,25,90,1.0
541,Reinildo Mandava,26,90,1.0
541,Reinildo Mandava,27,0,0.0
541,Reinildo Mandava,28,0,0.0
541,Reinildo Mandava,29,0,0.0
542,Jenson Seelt,6,0,0.0
542,Jenson Seelt,7,0,0.0
542,Jenson Seelt,8,0,0.0
542,Jenson Seelt,9,0,0.0
542,Jenson Seelt,10,0,0.0
542,Jenson Seelt,11,0,0.0
542,Jenson Seelt,12,0,0.0
542,Jenson Seelt,13,0,0.0
542,Jenson Seelt,14,0,0.0
542,Jenson Seelt,15,0,0.0
542,Jenson Seelt,16,0,0.0
542,Jenson Seelt,17,0,0.0
542,Jenson Seelt,18,0,0.0
542,Jenson Seelt,19,0,0.0
542,Jenson Seelt,20,0,0.0
542,Jenson Seelt,21,0,0.0
542,Jenson Seelt,22,0,0.0
542,Jenson Seelt,23,0,0.0
542,Jenson Seelt,24,0,0.0
542,Jenson Seelt,25,0,0.0
542,Jenson Seelt,26,0,0.0
542,Jenson Seelt,27,0,0.0
542,Jenson Seelt,28,0,0.0
542,Jenson Seelt,29,0,0.0
543,Simon Adingra,6,5,1.0
543,Simon Adingra,7,36,1.0
543,Simon Adingra,8,0,0.0
543,Simon Adingra,9,0,0.0
543,Simon Adingra,10,0,0.0
543,Simon Adingra,11,26,1.0
543,Simon Adingra,12,1,1.0
543,Simon Adingra,13,0,0.0
543,Simon Adingra,14,0,0.0
543,Simon Adingra,15,18,1.0
543,Simon Adingra,16,0,0.0
543,Simon Adingra,17,62,3.0
543,Simon Adingra,18,84,10.0
543,Simon Adingra,19,71,2.0
543,Simon Adingra,20,65,2.0
543,Simon Adingra,21,51,1.0
543,Simon Adingra,22,0,0.0
543,Simon Adingra,23,0,0.0
543,Simon Adingra,24,0,0.0
543,Simon Adingra,25,0,0.0
543,Simon Adingra,26,0,0.0
543,Simon Adingra,27,0,0.0
543,Simon Adingra,28,0,0.0
543,Simon Adingra,29,0,0.0
544,Habib Diarra,6,0,0.0
544,Habib Diarra,7,0,0.0
544,Habib Diarra,8,0,0.0
544,Habib Diarra,9,0,0.0
544,Habib Diarra,10,0,0.0
544,Habib Diarra,11,0,0.0
544,Habib Diarra,12,0,0.0
544,Habib Diarra,13,0,0.0
544,Habib Diarra,14,0,0.0
544,Habib Diarra,15,0,0.0
544,Habib Diarra,16,0,0.0
544,Habib Diarra,17,26,1.0
544,Habib Diarra,18,0,0.0
544,Habib Diarra,19,0,0.0
544,Habib Diarra,20,0,0.0
544,Habib Diarra,21,0,0.0
544,Habib Diarra,22,0,0.0
544,Habib Diarra,23,45,0.0
544,Habib Diarra,24,79,14.0
544,Habib Diarra,25,90,1.0
544,Habib Diarra,26,90,2.0
544,Habib Diarra,27,70,2.0
544,Habib Diarra,28,90,5.0
544,Habib Diarra,29,90,7.0
545,Patrick Roberts,6,0,0.0
545,Patrick Roberts,7,0,0.0
545,Patrick Roberts,8,0,0.0
545,Patrick Roberts,9,0,0.0
545,Patrick Roberts,10,0,0.0
545,Patrick Roberts,11,0,0.0
545,Patrick Roberts,12,0,0.0
545,Patrick Roberts,13,0,0.0
545,Patrick Roberts,14,0,0.0
545,Patrick Roberts,15,0,0.0
545,Patrick Roberts,16,0,0.0
545,Patrick Roberts,17,0,0.0
545,Patrick Roberts,18,0,0.0
545,Patrick Roberts,19,0,0.0
545,Patrick Roberts,20,0,0.0
545,Patrick Roberts,21,0,0.0
545,Patrick Roberts,22,0,0.0
545,Patrick Roberts,23,0,0.0
545,Patrick Roberts,24,0,0.0
545,Patrick Roberts,25,0,0.0
545,Patrick Roberts,26,0,0.0
545,Patrick Roberts,27,0,0.0
545,Patrick Roberts,28,0,0.0
545,Patrick Roberts,29,0,0.0
546,Milan Aleksić,6,0,0.0
546,Milan Aleksić,7,0,0.0
546,Milan Aleksić,8,0,0.0
546,Milan Aleksić,9,0,0.0
546,Milan Aleksić,10,0,0.0
546,Milan Aleksić,11,0,0.0
546,Milan Aleksić,12,0,0.0
546,Milan Aleksić,13,0,0.0
546,Milan Aleksić,14,0,0.0
546,Milan Aleksić,15,0,0.0
546,Milan Aleksić,16,0,0.0
546,Milan Aleksić,17,0,0.0
546,Milan Aleksić,18,0,0.0
546,Milan Aleksić,19,0,0.0
546,Milan Aleksić,20,0,0.0
546,Milan Aleksić,21,0,0.0
546,Milan Aleksić,22,0,0.0
546,Milan Aleksić,23,0,0.0
546,Milan Aleksić,24,0,0.0
546,Milan Aleksić,25,0,0.0
546,Milan Aleksić,26,0,0.0
546,Milan Aleksić,27,0,0.0
546,Milan Aleksić,28,0,0.0
546,Milan Aleksić,29,0,0.0
547,Enzo Le Fée,6,74,3.0
547,Enzo Le Fée,7,90,2.0
547,Enzo Le Fée,8,90,5.0
547,Enzo Le Fée,9,74,1.0
547,Enzo Le Fée,10,90,6.0
547,Enzo Le Fée,11,63,2.0
547,Enzo Le Fée,12,89,2.0
547,Enzo Le Fée,13,85,13.0
547,Enzo Le Fée,14,79,5.0
547,Enzo Le Fée,15,90,2.0
547,Enzo Le Fée,16,90,2.0
547,Enzo Le Fée,17,90,2.0
547,Enzo Le Fée,18,90,2.0
547,Enzo Le Fée,19,90,5.0
547,Enzo Le Fée,20,90,4.0
547,Enzo Le Fée,21,90,0.0
547,Enzo Le Fée,22,90,8.0
547,Enzo Le Fée,23,90,2.0
547,Enzo Le Fée,24,90,5.0
547,Enzo Le Fée,25,90,2.0
547,Enzo Le Fée,26,90,2.0
547,Enzo Le Fée,27,90,10.0
547,Enzo Le Fée,28,90,2.0
547,Enzo Le Fée,29,90,5.0
548,Romaine Mundle,6,0,0.0
548,Romaine Mundle,7,0,0.0
548,Romaine Mundle,8,0,0.0
548,Romaine Mundle,9,0,0.0
548,Romaine Mundle,10,0,0.0
548,Romaine Mundle,11,0,0.0
548,Romaine Mundle,12,0,0.0
548,Romaine Mundle,13,27,0.0
548,Romaine Mundle,14,0,0.0
548,Romaine Mundle,15,17,1.0
548,Romaine Mundle,16,7,1.0
548,Romaine Mundle,17,27,1.0
548,Romaine Mundle,18,5,1.0
548,Romaine Mundle,19,18,1.0
548,Romaine Mundle,20,31,1.0
548,Romaine Mundle,21,38,1.0
548,Romaine Mundle,22,87,2.0
548,Romaine Mundle,23,45,1.0
548,Romaine Mundle,24,10,1.0
548,Romaine Mundle,25,26,1.0
548,Romaine Mundle,26,10,1.0
548,Romaine Mundle,27,51,1.0
548,Romaine Mundle,28,0,0.0
548,Romaine Mundle,29,0,0.0
549,Dan Neil,6,0,0.0
549,Dan Neil,7,0,0.0
549,Dan Neil,8,1,1.0
549,Dan Neil,9,0,0.0
549,Dan Neil,10,0,0.0
549,Dan Neil,11,0,0.0
549,Dan Neil,12,0,0.0
549,Dan Neil,13,0,0.0
549,Dan Neil,14,0,0.0
549,Dan Neil,15,0,0.0
549,Dan Neil,16,0,0.0
549,Dan Neil,17,0,0.0
549,Dan Neil,18,0,0.0
549,Dan Neil,19,0,0.0
549,Dan Neil,20,0,0.0
549,Dan Neil,21,11,1.0
549,Dan Neil,22,0,0.0
549,Dan Neil,23,0,0.0
549,Dan Neil,24,0,0.0
549,Dan Neil,25,0,0.0
549,Dan Neil,26,0,0.0
549,Dan Neil,27,0,0.0
549,Dan Neil,28,0,0.0
549,Dan Neil,29,0,0.0
550,Ian Poveda-Ocampo,6,0,0.0
550,Ian Poveda-Ocampo,7,0,0.0
550,Ian Poveda-Ocampo,8,0,0.0
550,Ian Poveda-Ocampo,9,0,0.0
550,Ian Poveda-Ocampo,10,0,0.0
550,Ian Poveda-Ocampo,11,0,0.0
550,Ian Poveda-Ocampo,12,0,0.0
550,Ian Poveda-Ocampo,13,0,0.0
550,Ian Poveda-Ocampo,14,0,0.0
550,Ian Poveda-Ocampo,15,0,0.0
550,Ian Poveda-Ocampo,16,0,0.0
550,Ian Poveda-Ocampo,17,0,0.0
550,Ian Poveda-Ocampo,18,0,0.0
550,Ian Poveda-Ocampo,19,0,0.0
550,Ian Poveda-Ocampo,20,0,0.0
550,Ian Poveda-Ocampo,21,0,0.0
550,Ian Poveda-Ocampo,22,0,0.0
550,Ian Poveda-Ocampo,23,0,0.0
550,Ian Poveda-Ocampo,24,0,0.0
550,Ian Poveda-Ocampo,25,0,0.0
550,Ian Poveda-Ocampo,26,0,0.0
550,Ian Poveda-Ocampo,27,0,0.0
550,Ian Poveda-Ocampo,28,0,0.0
550,Ian Poveda-Ocampo,29,0,0.0
551,Chris Rigg,6,58,1.0
551,Chris Rigg,7,0,0.0
551,Chris Rigg,8,75,3.0
551,Chris Rigg,9,15,1.0
551,Chris Rigg,10,0,0.0
551,Chris Rigg,11,0,0.0
551,Chris Rigg,12,0,0.0
551,Chris Rigg,13,0,0.0
551,Chris Rigg,14,0,0.0
551,Chris Rigg,15,0,0.0
551,Chris Rigg,16,0,0.0
551,Chris Rigg,17,63,3.0
551,Chris Rigg,18,67,2.0
551,Chris Rigg,19,0,0.0
551,Chris Rigg,20,8,1.0
551,Chris Rigg,21,51,1.0
551,Chris Rigg,22,0,0.0
551,Chris Rigg,23,0,0.0
551,Chris Rigg,24,0,0.0
551,Chris Rigg,25,0,0.0
551,Chris Rigg,26,0,0.0
551,Chris Rigg,27,0,0.0
551,Chris Rigg,28,0,0.0
551,Chris Rigg,29,1,1.0
552,Noah Sadiki,6,90,2.0
552,Noah Sadiki,7,90,1.0
552,Noah Sadiki,8,90,3.0
552,Noah Sadiki,9,90,2.0
552,Noah Sadiki,10,90,3.0
552,Noah Sadiki,11,90,4.0
552,Noah Sadiki,12,90,2.0
552,Noah Sadiki,13,90,2.0
552,Noah Sadiki,14,90,2.0
552,Noah Sadiki,15,71,2.0
552,Noah Sadiki,16,90,3.0
552,Noah Sadiki,17,0,0.0
552,Noah Sadiki,18,0,0.0
552,Noah Sadiki,19,0,0.0
552,Noah Sadiki,20,0,0.0
552,Noah Sadiki,21,0,0.0
552,Noah Sadiki,22,90,5.0
552,Noah Sadiki,23,90,3.0
552,Noah Sadiki,24,90,3.0
552,Noah Sadiki,25,70,2.0
552,Noah Sadiki,26,90,2.0
552,Noah Sadiki,27,90,2.0
552,Noah Sadiki,28,90,1.0
552,Noah Sadiki,29,90,3.0
553,Chemsdine Talbi,6,84,3.0
553,Chemsdine Talbi,7,32,1.0
553,Chemsdine Talbi,8,27,4.0
553,Chemsdine Talbi,9,25,8.0
553,Chemsdine Talbi,10,8,1.0
553,Chemsdine Talbi,11,26,1.0
553,Chemsdine Talbi,12,26,1.0
553,Chemsdine Talbi,13,62,2.0
553,Chemsdine Talbi,14,90,10.0
553,Chemsdine Talbi,15,34,1.0
553,Chemsdine Talbi,16,82,3.0
553,Chemsdine Talbi,17,0,0.0
553,Chemsdine Talbi,18,0,0.0
553,Chemsdine Talbi,19,0,0.0
553,Chemsdine Talbi,20,0,0.0
553,Chemsdine Talbi,21,0,0.0
553,Chemsdine Talbi,22,0,0.0
553,Chemsdine Talbi,23,45,1.0
553,Chemsdine Talbi,24,79,8.0
553,Chemsdine Talbi,25,63,2.0
553,Chemsdine Talbi,26,10,1.0
553,Chemsdine Talbi,27,0,0.0
553,Chemsdine Talbi,28,68,2.0
553,Chemsdine Talbi,29,0,0.0
554,Abdoullah Ba,6,0,0.0
554,Abdoullah Ba,7,0,0.0
554,Abdoullah Ba,8,0,0.0
554,Abdoullah Ba,9,0,0.0
554,Abdoullah Ba,10,0,0.0
554,Abdoullah Ba,11,0,0.0
554,Abdoullah Ba,12,0,0.0
554,Abdoullah Ba,13,0,0.0
554,Abdoullah Ba,14,0,0.0
554,Abdoullah Ba,15,0,0.0
554,Abdoullah Ba,16,0,0.0
554,Abdoullah Ba,17,0,0.0
554,Abdoullah Ba,18,0,0.0
554,Abdoullah Ba,19,0,0.0
554,Abdoullah Ba,20,0,0.0
554,Abdoullah Ba,21,0,0.0
554,Abdoullah Ba,22,0,0.0
554,Abdoullah Ba,23,0,0.0
554,Abdoullah Ba,24,0,0.0
554,Abdoullah Ba,25,0,0.0
554,Abdoullah Ba,26,0,0.0
554,Abdoullah Ba,27,0,0.0
554,Abdoullah Ba,28,0,0.0
554,Abdoullah Ba,29,0,0.0
555,Alan Browne,6,0,0.0
555,Alan Browne,7,0,0.0
555,Alan Browne,8,0,0.0
555,Alan Browne,9,0,0.0
555,Alan Browne,10,0,0.0
555,Alan Browne,11,0,0.0
555,Alan Browne,12,0,0.0
555,Alan Browne,13,0,0.0
555,Alan Browne,14,0,0.0
555,Alan Browne,15,0,0.0
555,Alan Browne,16,0,0.0
555,Alan Browne,17,0,0.0
555,Alan Browne,18,0,0.0
555,Alan Browne,19,0,0.0
555,Alan Browne,20,0,0.0
555,Alan Browne,21,0,0.0
555,Alan Browne,22,0,0.0
555,Alan Browne,23,0,0.0
555,Alan Browne,24,0,0.0
555,Alan Browne,25,0,0.0
555,Alan Browne,26,0,0.0
555,Alan Browne,27,0,0.0
555,Alan Browne,28,0,0.0
555,Alan Browne,29,0,0.0
556,Pierre Ekwah Elimby,6,0,0.0
556,Pierre Ekwah Elimby,7,0,0.0
556,Pierre Ekwah Elimby,8,0,0.0
556,Pierre Ekwah Elimby,9,0,0.0
556,Pierre Ekwah Elimby,10,0,0.0
556,Pierre Ekwah Elimby,11,0,0.0
556,Pierre Ekwah Elimby,12,0,0.0
556,Pierre Ekwah Elimby,13,0,0.0
556,Pierre Ekwah Elimby,14,0,0.0
556,Pierre Ekwah Elimby,15,0,0.0
556,Pierre Ekwah Elimby,16,0,0.0
556,Pierre Ekwah Elimby,17,0,0.0
556,Pierre Ekwah Elimby,18,0,0.0
556,Pierre Ekwah Elimby,19,0,0.0
556,Pierre Ekwah Elimby,20,0,0.0
556,Pierre Ekwah Elimby,21,0,0.0
556,Pierre Ekwah Elimby,22,0,0.0
556,Pierre Ekwah Elimby,23,0,0.0
556,Pierre Ekwah Elimby,24,0,0.0
556,Pierre Ekwah Elimby,25,0,0.0
556,Pierre Ekwah Elimby,26,0,0.0
556,Pierre Ekwah Elimby,27,0,0.0
556,Pierre Ekwah Elimby,28,0,0.0
556,Pierre Ekwah Elimby,29,0,0.0
557,Harrison Jones,6,0,0.0
557,Harrison Jones,7,0,0.0
557,Harrison Jones,8,0,0.0
557,Harrison Jones,9,0,0.0
557,Harrison Jones,10,0,0.0
557,Harrison Jones,11,0,0.0
557,Harrison Jones,12,0,0.0
557,Harrison Jones,13,0,0.0
557,Harrison Jones,14,0,0.0
557,Harrison Jones,15,0,0.0
557,Harrison Jones,16,0,0.0
557,Harrison Jones,17,0,0.0
557,Harrison Jones,18,0,0.0
557,Harrison Jones,19,0,0.0
557,Harrison Jones,20,0,0.0
557,Harrison Jones,21,0,0.0
557,Harrison Jones,22,0,0.0
557,Harrison Jones,23,0,0.0
557,Harrison Jones,24,0,0.0
557,Harrison Jones,25,0,0.0
557,Harrison Jones,26,0,0.0
557,Harrison Jones,27,0,0.0
557,Harrison Jones,28,0,0.0
557,Harrison Jones,29,0,0.0
558,Jay Matete,6,0,0.0
558,Jay Matete,7,0,0.0
558,Jay Matete,8,0,0.0
558,Jay Matete,9,0,0.0
558,Jay Matete,10,0,0.0
558,Jay Matete,11,0,0.0
558,Jay Matete,12,0,0.0
558,Jay Matete,13,0,0.0
558,Jay Matete,14,0,0.0
558,Jay Matete,15,0,0.0
558,Jay Matete,16,0,0.0
558,Jay Matete,17,0,0.0
558,Jay Matete,18,0,0.0
558,Jay Matete,19,0,0.0
558,Jay Matete,20,0,0.0
558,Jay Matete,21,0,0.0
558,Jay Matete,22,0,0.0
558,Jay Matete,23,0,0.0
558,Jay Matete,24,0,0.0
558,Jay Matete,25,0,0.0
558,Jay Matete,26,0,0.0
558,Jay Matete,27,0,0.0
558,Jay Matete,28,0,0.0
558,Jay Matete,29,0,0.0
559,Nectarios Triantis,6,0,0.0
559,Nectarios Triantis,7,0,0.0
559,Nectarios Triantis,8,0,0.0
559,Nectarios Triantis,9,0,0.0
559,Nectarios Triantis,10,0,0.0
559,Nectarios Triantis,11,0,0.0
559,Nectarios Triantis,12,0,0.0
559,Nectarios Triantis,13,0,0.0
559,Nectarios Triantis,14,0,0.0
559,Nectarios Triantis,15,0,0.0
559,Nectarios Triantis,16,0,0.0
559,Nectarios Triantis,17,0,0.0
559,Nectarios Triantis,18,0,0.0
559,Nectarios Triantis,19,0,0.0
559,Nectarios Triantis,20,0,0.0
559,Nectarios Triantis,21,0,0.0
559,Nectarios Triantis,22,0,0.0
559,Nectarios Triantis,23,0,0.0
559,Nectarios Triantis,24,0,0.0
559,Nectarios Triantis,25,0,0.0
559,Nectarios Triantis,26,0,0.0
559,Nectarios Triantis,27,0,0.0
559,Nectarios Triantis,28,0,0.0
559,Nectarios Triantis,29,0,0.0
560,Wilson Isidor,6,84,2.0
560,Wilson Isidor,7,58,1.0
560,Wilson Isidor,8,75,2.0
560,Wilson Isidor,9,74,7.0
560,Wilson Isidor,10,82,2.0
560,Wilson Isidor,11,62,2.0
560,Wilson Isidor,12,63,2.0
560,Wilson Isidor,13,62,2.0
560,Wilson Isidor,14,28,1.0
560,Wilson Isidor,15,55,1.0
560,Wilson Isidor,16,20,0.0
560,Wilson Isidor,17,18,1.0
560,Wilson Isidor,18,22,1.0
560,Wilson Isidor,19,32,1.0
560,Wilson Isidor,20,0,0.0
560,Wilson Isidor,21,0,0.0
560,Wilson Isidor,22,0,0.0
560,Wilson Isidor,23,15,1.0
560,Wilson Isidor,24,10,1.0
560,Wilson Isidor,25,5,1.0
560,Wilson Isidor,26,1,1.0
560,Wilson Isidor,27,20,1.0
560,Wilson Isidor,28,1,1.0
560,Wilson Isidor,29,34,4.0
561,Eliezer Mayenda Dossou,6,0,0.0
561,Eliezer Mayenda Dossou,7,32,1.0
561,Eliezer Mayenda Dossou,8,14,1.0
561,Eliezer Mayenda Dossou,9,0,0.0
561,Eliezer Mayenda Dossou,10,0,0.0
561,Eliezer Mayenda Dossou,11,3,1.0
561,Eliezer Mayenda Dossou,12,1,1.0
561,Eliezer Mayenda Dossou,13,0,0.0
561,Eliezer Mayenda Dossou,14,0,0.0
561,Eliezer Mayenda Dossou,15,0,0.0
561,Eliezer Mayenda Dossou,16,0,0.0
561,Eliezer Mayenda Dossou,17,0,0.0
561,Eliezer Mayenda Dossou,18,22,1.0
561,Eliezer Mayenda Dossou,19,90,2.0
561,Eliezer Mayenda Dossou,20,81,2.0
561,Eliezer Mayenda Dossou,21,38,1.0
561,Eliezer Mayenda Dossou,22,6,1.0
561,Eliezer Mayenda Dossou,23,74,2.0
561,Eliezer Mayenda Dossou,24,0,0.0
561,Eliezer Mayenda Dossou,25,0,0.0
561,Eliezer Mayenda Dossou,26,0,0.0
561,Eliezer Mayenda Dossou,27,20,1.0
561,Eliezer Mayenda Dossou,28,90,9.0
561,Eliezer Mayenda Dossou,29,55,1.0
562,Ahmed Abdullahi,6,0,0.0
562,Ahmed Abdullahi,7,0,0.0
562,Ahmed Abdullahi,8,0,0.0
562,Ahmed Abdullahi,9,0,0.0
562,Ahmed Abdullahi,10,0,0.0
562,Ahmed Abdullahi,11,0,0.0
562,Ahmed Abdullahi,12,0,0.0
562,Ahmed Abdullahi,13,0,0.0
562,Ahmed Abdullahi,14,0,0.0
562,Ahmed Abdullahi,15,0,0.0
562,Ahmed Abdullahi,16,0,0.0
562,Ahmed Abdullahi,17,0,0.0
562,Ahmed Abdullahi,18,0,0.0
562,Ahmed Abdullahi,19,0,0.0
562,Ahmed Abdullahi,20,0,0.0
562,Ahmed Abdullahi,21,0,0.0
562,Ahmed Abdullahi,22,0,0.0
562,Ahmed Abdullahi,23,0,0.0
562,Ahmed Abdullahi,24,0,0.0
562,Ahmed Abdullahi,25,0,0.0
562,Ahmed Abdullahi,26,0,0.0
562,Ahmed Abdullahi,27,0,0.0
562,Ahmed Abdullahi,28,0,0.0
562,Ahmed Abdullahi,29,0,0.0
563,Luís Hemir Silva Semedo,6,0,0.0
563,Luís Hemir Silva Semedo,7,0,0.0
563,Luís Hemir Silva Semedo,8,0,0.0
563,Luís Hemir Silva Semedo,9,0,0.0
563,Luís Hemir Silva Semedo,10,0,0.0
563,Luís Hemir Silva Semedo,11,0,0.0
563,Luís Hemir Silva Semedo,12,0,0.0
563,Luís Hemir Silva Semedo,13,0,0.0
563,Luís Hemir Silva Semedo,14,0,0.0
563,Luís Hemir Silva Semedo,15,0,0.0
563,Luís Hemir Silva Semedo,16,0,0.0
563,Luís Hemir Silva Semedo,17,0,0.0
563,Luís Hemir Silva Semedo,18,0,0.0
563,Luís Hemir Silva Semedo,19,0,0.0
563,Luís Hemir Silva Semedo,20,0,0.0
563,Luís Hemir Silva Semedo,21,0,0.0
563,Luís Hemir Silva Semedo,22,0,0.0
563,Luís Hemir Silva Semedo,23,0,0.0
563,Luís Hemir Silva Semedo,24,0,0.0
563,Luís Hemir Silva Semedo,25,0,0.0
563,Luís Hemir Silva Semedo,26,0,0.0
563,Luís Hemir Silva Semedo,27,0,0.0
563,Luís Hemir Silva Semedo,28,0,0.0
563,Luís Hemir Silva Semedo,29,0,0.0
564,Nazarii Rusyn,6,0,0.0
564,Nazarii Rusyn,7,0,0.0
564,Nazarii Rusyn,8,0,0.0
564,Nazarii Rusyn,9,0,0.0
564,Nazarii Rusyn,10,0,0.0
564,Nazarii Rusyn,11,0,0.0
564,Nazarii Rusyn,12,0,0.0
564,Nazarii Rusyn,13,0,0.0
564,Nazarii Rusyn,14,0,0.0
564,Nazarii Rusyn,15,0,0.0
564,Nazarii Rusyn,16,0,0.0
564,Nazarii Rusyn,17,0,0.0
564,Nazarii Rusyn,18,0,0.0
564,Nazarii Rusyn,19,0,0.0
564,Nazarii Rusyn,20,0,0.0
564,Nazarii Rusyn,21,0,0.0
564,Nazarii Rusyn,22,0,0.0
564,Nazarii Rusyn,23,0,0.0
564,Nazarii Rusyn,24,0,0.0
564,Nazarii Rusyn,25,0,0.0
564,Nazarii Rusyn,26,0,0.0
564,Nazarii Rusyn,27,0,0.0
564,Nazarii Rusyn,28,0,0.0
564,Nazarii Rusyn,29,0,0.0
565,Guglielmo Vicario,6,90,2.0
565,Guglielmo Vicario,7,90,3.0
565,Guglielmo Vicario,8,90,1.0
565,Guglielmo Vicario,9,90,6.0
565,Guglielmo Vicario,10,90,4.0
565,Guglielmo Vicario,11,90,1.0
565,Guglielmo Vicario,12,90,1.0
565,Guglielmo Vicario,13,90,1.0
565,Guglielmo Vicario,14,90,2.0
565,Guglielmo Vicario,15,90,6.0
565,Guglielmo Vicario,16,90,2.0
565,Guglielmo Vicario,17,90,1.0
565,Guglielmo Vicario,18,90,7.0
565,Guglielmo Vicario,19,90,5.0
565,Guglielmo Vicario,20,90,2.0
565,Guglielmo Vicario,21,90,1.0
565,Guglielmo Vicario,22,90,1.0
565,Guglielmo Vicario,23,90,1.0
565,Guglielmo Vicario,24,90,1.0
565,Guglielmo Vicario,25,90,3.0
565,Guglielmo Vicario,26,90,2.0
565,Guglielmo Vicario,27,90,0.0
565,Guglielmo Vicario,28,90,1.0
565,Guglielmo Vicario,29,90,1.0
566,Brandon Austin,6,0,0.0
566,Brandon Austin,7,0,0.0
566,Brandon Austin,8,0,0.0
566,Brandon Austin,9,0,0.0
566,Brandon Austin,10,0,0.0
566,Brandon Austin,11,0,0.0
566,Brandon Austin,12,0,0.0
566,Brandon Austin,13,0,0.0
566,Brandon Austin,14,0,0.0
566,Brandon Austin,15,0,0.0
566,Brandon Austin,16,0,0.0
566,Brandon Austin,17,0,0.0
566,Brandon Austin,18,0,0.0
566,Brandon Austin,19,0,0.0
566,Brandon Austin,20,0,0.0
566,Brandon Austin,21,0,0.0
566,Brandon Austin,22,0,0.0
566,Brandon Austin,23,0,0.0
566,Brandon Austin,24,0,0.0
566,Brandon Austin,25,0,0.0
566,Brandon Austin,26,0,0.0
566,Brandon Austin,27,0,0.0
566,Brandon Austin,28,0,0.0
566,Brandon Austin,29,0,0.0
567,Antonín Kinský,6,0,0.0
567,Antonín Kinský,7,0,0.0
567,Antonín Kinský,8,0,0.0
567,Antonín Kinský,9,0,0.0
567,Antonín Kinský,10,0,0.0
567,Antonín Kinský,11,0,0.0
567,Antonín Kinský,12,0,0.0
567,Antonín Kinský,13,0,0.0
567,Antonín Kinský,14,0,0.0
567,Antonín Kinský,15,0,0.0
567,Antonín Kinský,16,0,0.0
567,Antonín Kinský,17,0,0.0
567,Antonín Kinský,18,0,0.0
567,Antonín Kinský,19,0,0.0
567,Antonín Kinský,20,0,0.0
567,Antonín Kinský,21,0,0.0
567,Antonín Kinský,22,0,0.0
567,Antonín Kinský,23,0,0.0
567,Antonín Kinský,24,0,0.0
567,Antonín Kinský,25,0,0.0
567,Antonín Kinský,26,0,0.0
567,Antonín Kinský,27,0,0.0
567,Antonín Kinský,28,0,0.0
567,Antonín Kinský,29,0,0.0
568,Pedro Porro Sauceda,6,27,1.0
568,Pedro Porro Sauceda,7,90,7.0
568,Pedro Porro Sauceda,8,90,1.0
568,Pedro Porro Sauceda,9,90,11.0
568,Pedro Porro Sauceda,10,72,2.0
568,Pedro Porro Sauceda,11,66,2.0
568,Pedro Porro Sauceda,12,12,0.0
568,Pedro Porro Sauceda,13,90,1.0
568,Pedro Porro Sauceda,14,90,1.0
568,Pedro Porro Sauceda,15,90,5.0
568,Pedro Porro Sauceda,16,90,0.0
568,Pedro Porro Sauceda,17,90,1.0
568,Pedro Porro Sauceda,18,90,6.0
568,Pedro Porro Sauceda,19,90,10.0
568,Pedro Porro Sauceda,20,90,4.0
568,Pedro Porro Sauceda,21,90,0.0
568,Pedro Porro Sauceda,22,90,4.0
568,Pedro Porro Sauceda,23,45,1.0
568,Pedro Porro Sauceda,24,0,0.0
568,Pedro Porro Sauceda,25,0,0.0
568,Pedro Porro Sauceda,26,0,0.0
568,Pedro Porro Sauceda,27,0,0.0
568,Pedro Porro Sauceda,28,90,0.0
568,Pedro Porro Sauceda,29,73,1.0
569,Cristian Romero,6,90,2.0
569,Cristian Romero,7,90,1.0
569,Cristian Romero,8,0,0.0
569,Cristian Romero,9,0,0.0
569,Cristian Romero,10,30,1.0
569,Cristian Romero,11,87,1.0
569,Cristian Romero,12,90,1.0
569,Cristian Romero,13,0,0.0
569,Cristian Romero,14,90,17.0
569,Cristian Romero,15,80,6.0
569,Cristian Romero,16,90,1.0
569,Cristian Romero,17,90,0.0
569,Cristian Romero,18,0,0.0
569,Cristian Romero,19,90,9.0
569,Cristian Romero,20,90,2.0
569,Cristian Romero,21,90,3.0
569,Cristian Romero,22,90,8.0
569,Cristian Romero,23,90,11.0
569,Cristian Romero,24,45,0.0
569,Cristian Romero,25,28,-3.0
569,Cristian Romero,26,0,0.0
569,Cristian Romero,27,0,0.0
569,Cristian Romero,28,0,0.0
569,Cristian Romero,29,0,0.0
570,Kevin Danso,6,0,0.0
570,Kevin Danso,7,5,1.0
570,Kevin Danso,8,90,0.0
570,Kevin Danso,9,90,9.0
570,Kevin Danso,10,59,0.0
570,Kevin Danso,11,2,0.0
570,Kevin Danso,12,45,0.0
570,Kevin Danso,13,90,3.0
570,Kevin Danso,14,90,3.0
570,Kevin Danso,15,9,1.0
570,Kevin Danso,16,0,0.0
570,Kevin Danso,17,0,0.0
570,Kevin Danso,18,90,7.0
570,Kevin Danso,19,0,0.0
570,Kevin Danso,20,0,0.0
570,Kevin Danso,21,0,0.0
570,Kevin Danso,22,0,0.0
570,Kevin Danso,23,77,1.0
570,Kevin Danso,24,0,0.0
570,Kevin Danso,25,0,0.0
570,Kevin Danso,26,0,0.0
570,Kevin Danso,27,0,0.0
570,Kevin Danso,28,1,1.0
570,Kevin Danso,29,90,3.0
571,Ben Davies,6,0,0.0
571,Ben Davies,7,0,0.0
571,Ben Davies,8,0,0.0
571,Ben Davies,9,0,0.0
571,Ben Davies,10,0,0.0
571,Ben Davies,11,0,0.0
571,Ben Davies,12,0,0.0
571,Ben Davies,13,0,0.0
571,Ben Davies,14,0,0.0
571,Ben Davies,15,0,0.0
571,Ben Davies,16,31,1.0
571,Ben Davies,17,0,0.0
571,Ben Davies,18,0,0.0
571,Ben Davies,19,0,0.0
571,Ben Davies,20,87,9.0
571,Ben Davies,21,0,0.0
571,Ben Davies,22,18,0.0
571,Ben Davies,23,0,0.0
571,Ben Davies,24,0,0.0
571,Ben Davies,25,0,0.0
571,Ben Davies,26,0,0.0
571,Ben Davies,27,0,0.0
571,Ben Davies,28,0,0.0
571,Ben Davies,29,0,0.0
572,Radu Drăgușin,6,0,0.0
572,Radu Drăgușin,7,0,0.0
572,Radu Drăgușin,8,0,0.0
572,Radu Drăgușin,9,0,0.0
572,Radu Drăgușin,10,0,0.0
572,Radu Drăgușin,11,0,0.0
572,Radu Drăgușin,12,0,0.0
572,Radu Drăgușin,13,0,0.0
572,Radu Drăgușin,14,0,0.0
572,Radu Drăgușin,15,0,0.0
572,Radu Drăgușin,16,0,0.0
572,Radu Drăgușin,17,0,0.0
572,Radu Drăgușin,18,5,1.0
572,Radu Drăgușin,19,0,0.0
572,Radu Drăgușin,20,0,0.0
572,Radu Drăgușin,21,0,0.0
572,Radu Drăgușin,22,0,0.0
572,Radu Drăgușin,23,1,1.0
572,Radu Drăgușin,24,90,1.0
572,Radu Drăgușin,25,58,0.0
572,Radu Drăgușin,26,90,3.0
572,Radu Drăgușin,27,90,2.0
572,Radu Drăgușin,28,89,3.0
572,Radu Drăgușin,29,0,0.0
573,Djed Spence,6,62,2.0
573,Djed Spence,7,0,0.0
573,Djed Spence,8,85,1.0
573,Djed Spence,9,90,6.0
573,Djed Spence,10,90,2.0
573,Djed Spence,11,90,1.0
573,Djed Spence,12,77,0.0
573,Djed Spence,13,0,0.0
573,Djed Spence,14,0,0.0
573,Djed Spence,15,90,6.0
573,Djed Spence,16,58,0.0
573,Djed Spence,17,90,1.0
573,Djed Spence,18,90,7.0
573,Djed Spence,19,90,6.0
573,Djed Spence,20,2,1.0
573,Djed Spence,21,90,1.0
573,Djed Spence,22,71,1.0
573,Djed Spence,23,90,1.0
573,Djed Spence,24,0,0.0
573,Djed Spence,25,0,0.0
573,Djed Spence,26,90,0.0
573,Djed Spence,27,90,0.0
573,Djed Spence,28,0,0.0
573,Djed Spence,29,0,0.0
574,Destiny Udogie,6,83,2.0
574,Destiny Udogie,7,90,2.0
574,Destiny Udogie,8,0,0.0
574,Destiny Udogie,9,0,0.0
574,Destiny Udogie,10,17,1.0
574,Destiny Udogie,11,23,4.0
574,Destiny Udogie,12,90,0.0
574,Destiny Udogie,13,84,0.0
574,Destiny Udogie,14,90,1.0
574,Destiny Udogie,15,0,0.0
574,Destiny Udogie,16,0,0.0
574,Destiny Udogie,17,0,0.0
574,Destiny Udogie,18,0,0.0
574,Destiny Udogie,19,0,0.0
574,Destiny Udogie,20,0,0.0
574,Destiny Udogie,21,0,0.0
574,Destiny Udogie,22,0,0.0
574,Destiny Udogie,23,45,1.0
574,Destiny Udogie,24,90,1.0
574,Destiny Udogie,25,54,0.0
574,Destiny Udogie,26,0,0.0
574,Destiny Udogie,27,0,0.0
574,Destiny Udogie,28,0,0.0
574,Destiny Udogie,29,0,0.0
575,Micky van de Ven,6,90,2.0
575,Micky van de Ven,7,90,2.0
575,Micky van de Ven,8,90,0.0
575,Micky van de Ven,9,90,23.0
575,Micky van de Ven,10,90,2.0
575,Micky van de Ven,11,90,1.0
575,Micky van de Ven,12,90,0.0
575,Micky van de Ven,13,90,0.0
575,Micky van de Ven,14,0,0.0
575,Micky van de Ven,15,90,6.0
575,Micky van de Ven,16,90,1.0
575,Micky van de Ven,17,90,0.0
575,Micky van de Ven,18,90,11.0
575,Micky van de Ven,19,90,6.0
575,Micky van de Ven,20,90,7.0
575,Micky van de Ven,21,90,0.0
575,Micky van de Ven,22,90,0.0
575,Micky van de Ven,23,90,7.0
575,Micky van de Ven,24,0,0.0
575,Micky van de Ven,25,90,1.0
575,Micky van de Ven,26,90,3.0
575,Micky van de Ven,27,90,0.0
575,Micky van de Ven,28,90,0.0
575,Micky van de Ven,29,37,-3.0
576,Ashley Phillips,6,0,0.0
576,Ashley Phillips,7,0,0.0
576,Ashley Phillips,8,0,0.0
576,Ashley Phillips,9,0,0.0
576,Ashley Phillips,10,0,0.0
576,Ashley Phillips,11,0,0.0
576,Ashley Phillips,12,0,0.0
576,Ashley Phillips,13,0,0.0
576,Ashley Phillips,14,0,0.0
576,Ashley Phillips,15,0,0.0
576,Ashley Phillips,16,0,0.0
576,Ashley Phillips,17,0,0.0
576,Ashley Phillips,18,0,0.0
576,Ashley Phillips,19,0,0.0
576,Ashley Phillips,20,0,0.0
576,Ashley Phillips,21,0,0.0
576,Ashley Phillips,22,0,0.0
576,Ashley Phillips,23,0,0.0
576,Ashley Phillips,24,0,0.0
576,Ashley Phillips,25,0,0.0
576,Ashley Phillips,26,0,0.0
576,Ashley Phillips,27,0,0.0
576,Ashley Phillips,28,0,0.0
576,Ashley Phillips,29,0,0.0
577,Takai Kōta,6,0,0.0
577,Takai Kōta,7,0,0.0
577,Takai Kōta,8,0,0.0
577,Takai Kōta,9,0,0.0
577,Takai Kōta,10,0,0.0
577,Takai Kōta,11,0,0.0
577,Takai Kōta,12,0,0.0
577,Takai Kōta,13,0,0.0
577,Takai Kōta,14,0,0.0
577,Takai Kōta,15,0,0.0
577,Takai Kōta,16,0,0.0
577,Takai Kōta,17,0,0.0
577,Takai Kōta,18,0,0.0
577,Takai Kōta,19,0,0.0
577,Takai Kōta,20,0,0.0
577,Takai Kōta,21,0,0.0
577,Takai Kōta,22,0,0.0
577,Takai Kōta,23,0,0.0
577,Takai Kōta,24,0,0.0
577,Takai Kōta,25,0,0.0
577,Takai Kōta,26,0,0.0
577,Takai Kōta,27,0,0.0
577,Takai Kōta,28,0,0.0
577,Takai Kōta,29,0,0.0
578,Luka Vušković,6,0,0.0
578,Luka Vušković,7,0,0.0
578,Luka Vušković,8,0,0.0
578,Luka Vušković,9,0,0.0
578,Luka Vušković,10,0,0.0
578,Luka Vušković,11,0,0.0
578,Luka Vušković,12,0,0.0
578,Luka Vušković,13,0,0.0
578,Luka Vušković,14,0,0.0
578,Luka Vušković,15,0,0.0
578,Luka Vušković,16,0,0.0
578,Luka Vušković,17,0,0.0
578,Luka Vušković,18,0,0.0
578,Luka Vušković,19,0,0.0
578,Luka Vušković,20,0,0.0
578,Luka Vušković,21,0,0.0
578,Luka Vušković,22,0,0.0
578,Luka Vušković,23,0,0.0
578,Luka Vušković,24,0,0.0
578,Luka Vušković,25,0,0.0
578,Luka Vušković,26,0,0.0
578,Luka Vušković,27,0,0.0
578,Luka Vušković,28,0,0.0
578,Luka Vušković,29,0,0.0
579,Son Heung-min,6,0,0.0
579,Son Heung-min,7,0,0.0
579,Son Heung-min,8,0,0.0
579,Son Heung-min,9,0,0.0
579,Son Heung-min,10,0,0.0
579,Son Heung-min,11,0,0.0
579,Son Heung-min,12,0,0.0
579,Son Heung-min,13,0,0.0
579,Son Heung-min,14,0,0.0
579,Son Heung-min,15,0,0.0
579,Son Heung-min,16,0,0.0
579,Son Heung-min,17,0,0.0
579,Son Heung-min,18,0,0.0
579,Son Heung-min,19,0,0.0
579,Son Heung-min,20,0,0.0
579,Son Heung-min,21,0,0.0
579,Son Heung-min,22,0,0.0
579,Son Heung-min,23,0,0.0
579,Son Heung-min,24,0,0.0
579,Son Heung-min,25,0,0.0
579,Son Heung-min,26,0,0.0
579,Son Heung-min,27,0,0.0
579,Son Heung-min,28,0,0.0
579,Son Heung-min,29,0,0.0
580,Brennan Johnson,6,28,1.0
580,Brennan Johnson,7,1,1.0
580,Brennan Johnson,8,4,1.0
580,Brennan Johnson,9,90,3.0
580,Brennan Johnson,10,17,1.0
580,Brennan Johnson,11,90,1.0
580,Brennan Johnson,12,12,1.0
580,Brennan Johnson,13,0,0.0
580,Brennan Johnson,14,76,2.0
580,Brennan Johnson,15,0,0.0
580,Brennan Johnson,16,10,1.0
580,Brennan Johnson,17,32,1.0
580,Brennan Johnson,18,5,1.0
580,Brennan Johnson,19,0,0.0
580,Brennan Johnson,20,71,1.0
580,Brennan Johnson,21,90,2.0
580,Brennan Johnson,22,90,2.0
580,Brennan Johnson,23,75,2.0
580,Brennan Johnson,24,90,2.0
580,Brennan Johnson,25,2,1.0
580,Brennan Johnson,26,32,1.0
580,Brennan Johnson,27,13,1.0
580,Brennan Johnson,28,57,4.0
580,Brennan Johnson,29,23,1.0
581,James Maddison,6,0,0.0
581,James Maddison,7,0,0.0
581,James Maddison,8,0,0.0
581,James Maddison,9,0,0.0
581,James Maddison,10,0,0.0
581,James Maddison,11,0,0.0
581,James Maddison,12,0,0.0
581,James Maddison,13,0,0.0
581,James Maddison,14,0,0.0
581,James Maddison,15,0,0.0
581,James Maddison,16,0,0.0
581,James Maddison,17,0,0.0
581,James Maddison,18,0,0.0
581,James Maddison,19,0,0.0
581,James Maddison,20,0,0.0
581,James Maddison,21,0,0.0
581,James Maddison,22,0,0.0
581,James Maddison,23,0,0.0
581,James Maddison,24,0,0.0
581,James Maddison,25,0,0.0
581,James Maddison,26,0,0.0
581,James Maddison,27,0,0.0
581,James Maddison,28,0,0.0
581,James Maddison,29,0,0.0
582,Mohammed Kudus,6,90,2.0
582,Mohammed Kudus,7,89,12.0
582,Mohammed Kudus,8,90,2.0
582,Mohammed Kudus,9,77,3.0
582,Mohammed Kudus,10,90,1.0
582,Mohammed Kudus,11,0,0.0
582,Mohammed Kudus,12,77,2.0
582,Mohammed Kudus,13,90,8.0
582,Mohammed Kudus,14,86,7.0
582,Mohammed Kudus,15,79,3.0
582,Mohammed Kudus,16,79,2.0
582,Mohammed Kudus,17,57,1.0
582,Mohammed Kudus,18,84,3.0
582,Mohammed Kudus,19,90,3.0
582,Mohammed Kudus,20,18,1.0
582,Mohammed Kudus,21,0,0.0
582,Mohammed Kudus,22,0,0.0
582,Mohammed Kudus,23,0,0.0
582,Mohammed Kudus,24,0,0.0
582,Mohammed Kudus,25,0,0.0
582,Mohammed Kudus,26,0,0.0
582,Mohammed Kudus,27,0,0.0
582,Mohammed Kudus,28,0,0.0
582,Mohammed Kudus,29,0,0.0
583,Dejan Kulusevski,6,0,0.0
583,Dejan Kulusevski,7,0,0.0
583,Dejan Kulusevski,8,0,0.0
583,Dejan Kulusevski,9,0,0.0
583,Dejan Kulusevski,10,0,0.0
583,Dejan Kulusevski,11,0,0.0
583,Dejan Kulusevski,12,0,0.0
583,Dejan Kulusevski,13,0,0.0
583,Dejan Kulusevski,14,0,0.0
583,Dejan Kulusevski,15,0,0.0
583,Dejan Kulusevski,16,0,0.0
583,Dejan Kulusevski,17,0,0.0
583,Dejan Kulusevski,18,0,0.0
583,Dejan Kulusevski,19,0,0.0
583,Dejan Kulusevski,20,0,0.0
583,Dejan Kulusevski,21,0,0.0
583,Dejan Kulusevski,22,0,0.0
583,Dejan Kulusevski,23,0,0.0
583,Dejan Kulusevski,24,0,0.0
583,Dejan Kulusevski,25,0,0.0
583,Dejan Kulusevski,26,0,0.0
583,Dejan Kulusevski,27,0,0.0
583,Dejan Kulusevski,28,0,0.0
583,Dejan Kulusevski,29,0,0.0
584,Mathys Tel,6,6,1.0
584,Mathys Tel,7,72,9.0
584,Mathys Tel,8,59,1.0
584,Mathys Tel,9,1,1.0
584,Mathys Tel,10,0,0.0
584,Mathys Tel,11,11,6.0
584,Mathys Tel,12,0,0.0
584,Mathys Tel,13,5,1.0
584,Mathys Tel,14,13,4.0
584,Mathys Tel,15,0,0.0
584,Mathys Tel,16,10,1.0
584,Mathys Tel,17,0,0.0
584,Mathys Tel,18,0,0.0
584,Mathys Tel,19,10,1.0
584,Mathys Tel,20,87,2.0
584,Mathys Tel,21,90,10.0
584,Mathys Tel,22,61,2.0
584,Mathys Tel,23,12,1.0
584,Mathys Tel,24,22,1.0
584,Mathys Tel,25,10,1.0
584,Mathys Tel,26,55,1.0
584,Mathys Tel,27,8,1.0
584,Mathys Tel,28,32,1.0
584,Mathys Tel,29,90,2.0
585,Rodrigo Bentancur,6,61,2.0
585,Rodrigo Bentancur,7,90,4.0
585,Rodrigo Bentancur,8,85,12.0
585,Rodrigo Bentancur,9,90,8.0
585,Rodrigo Bentancur,10,59,0.0
585,Rodrigo Bentancur,11,11,1.0
585,Rodrigo Bentancur,12,65,1.0
585,Rodrigo Bentancur,13,30,1.0
585,Rodrigo Bentancur,14,90,3.0
585,Rodrigo Bentancur,15,64,5.0
585,Rodrigo Bentancur,16,58,1.0
585,Rodrigo Bentancur,17,90,3.0
585,Rodrigo Bentancur,18,90,5.0
585,Rodrigo Bentancur,19,90,5.0
585,Rodrigo Bentancur,20,90,3.0
585,Rodrigo Bentancur,21,85,2.0
585,Rodrigo Bentancur,22,0,0.0
585,Rodrigo Bentancur,23,0,0.0
585,Rodrigo Bentancur,24,0,0.0
585,Rodrigo Bentancur,25,0,0.0
585,Rodrigo Bentancur,26,0,0.0
585,Rodrigo Bentancur,27,0,0.0
585,Rodrigo Bentancur,28,0,0.0
585,Rodrigo Bentancur,29,0,0.0
586,Lucas Bergvall,6,77,1.0
586,Lucas Bergvall,7,0,0.0
586,Lucas Bergvall,8,11,1.0
586,Lucas Bergvall,9,29,1.0
586,Lucas Bergvall,10,6,1.0
586,Lucas Bergvall,11,0,0.0
586,Lucas Bergvall,12,0,0.0
586,Lucas Bergvall,13,76,5.0
586,Lucas Bergvall,14,76,2.0
586,Lucas Bergvall,15,0,0.0
586,Lucas Bergvall,16,31,0.0
586,Lucas Bergvall,17,70,2.0
586,Lucas Bergvall,18,62,3.0
586,Lucas Bergvall,19,0,0.0
586,Lucas Bergvall,20,18,1.0
586,Lucas Bergvall,21,56,1.0
586,Lucas Bergvall,22,1,1.0
586,Lucas Bergvall,23,0,0.0
586,Lucas Bergvall,24,0,0.0
586,Lucas Bergvall,25,0,0.0
586,Lucas Bergvall,26,0,0.0
586,Lucas Bergvall,27,0,0.0
586,Lucas Bergvall,28,0,0.0
586,Lucas Bergvall,29,0,0.0
587,Yves Bissouma,6,0,0.0
587,Yves Bissouma,7,0,0.0
587,Yves Bissouma,8,0,0.0
587,Yves Bissouma,9,0,0.0
587,Yves Bissouma,10,0,0.0
587,Yves Bissouma,11,0,0.0
587,Yves Bissouma,12,0,0.0
587,Yves Bissouma,13,0,0.0
587,Yves Bissouma,14,0,0.0
587,Yves Bissouma,15,0,0.0
587,Yves Bissouma,16,0,0.0
587,Yves Bissouma,17,0,0.0
587,Yves Bissouma,18,0,0.0
587,Yves Bissouma,19,0,0.0
587,Yves Bissouma,20,0,0.0
587,Yves Bissouma,21,0,0.0
587,Yves Bissouma,22,45,1.0
587,Yves Bissouma,23,77,4.0
587,Yves Bissouma,24,67,1.0
587,Yves Bissouma,25,10,1.0
587,Yves Bissouma,26,45,1.0
587,Yves Bissouma,27,90,3.0
587,Yves Bissouma,28,79,2.0
587,Yves Bissouma,29,47,0.0
588,Wilson Odobert,6,12,1.0
588,Wilson Odobert,7,84,2.0
588,Wilson Odobert,8,78,2.0
588,Wilson Odobert,9,0,0.0
588,Wilson Odobert,10,17,1.0
588,Wilson Odobert,11,45,7.0
588,Wilson Odobert,12,65,2.0
588,Wilson Odobert,13,30,1.0
588,Wilson Odobert,14,3,1.0
588,Wilson Odobert,15,16,1.0
588,Wilson Odobert,16,0,0.0
588,Wilson Odobert,17,19,1.0
588,Wilson Odobert,18,27,1.0
588,Wilson Odobert,19,66,3.0
588,Wilson Odobert,20,71,3.0
588,Wilson Odobert,21,33,1.0
588,Wilson Odobert,22,89,2.0
588,Wilson Odobert,23,90,8.0
588,Wilson Odobert,24,22,1.0
588,Wilson Odobert,25,31,1.0
588,Wilson Odobert,26,34,1.0
588,Wilson Odobert,27,0,0.0
588,Wilson Odobert,28,0,0.0
588,Wilson Odobert,29,0,0.0
589,Manor Solomon,6,0,0.0
589,Manor Solomon,7,0,0.0
589,Manor Solomon,8,0,0.0
589,Manor Solomon,9,0,0.0
589,Manor Solomon,10,0,0.0
589,Manor Solomon,11,0,0.0
589,Manor Solomon,12,0,0.0
589,Manor Solomon,13,0,0.0
589,Manor Solomon,14,0,0.0
589,Manor Solomon,15,0,0.0
589,Manor Solomon,16,0,0.0
589,Manor Solomon,17,0,0.0
589,Manor Solomon,18,0,0.0
589,Manor Solomon,19,0,0.0
589,Manor Solomon,20,0,0.0
589,Manor Solomon,21,0,0.0
589,Manor Solomon,22,0,0.0
589,Manor Solomon,23,0,0.0
589,Manor Solomon,24,0,0.0
589,Manor Solomon,25,0,0.0
589,Manor Solomon,26,0,0.0
589,Manor Solomon,27,0,0.0
589,Manor Solomon,28,0,0.0
589,Manor Solomon,29,0,0.0
590,Bryan Gil Salvatierra,6,0,0.0
590,Bryan Gil Salvatierra,7,0,0.0
590,Bryan Gil Salvatierra,8,0,0.0
590,Bryan Gil Salvatierra,9,0,0.0
590,Bryan Gil Salvatierra,10,0,0.0
590,Bryan Gil Salvatierra,11,0,0.0
590,Bryan Gil Salvatierra,12,0,0.0
590,Bryan Gil Salvatierra,13,0,0.0
590,Bryan Gil Salvatierra,14,0,0.0
590,Bryan Gil Salvatierra,15,0,0.0
590,Bryan Gil Salvatierra,16,0,0.0
590,Bryan Gil Salvatierra,17,0,0.0
590,Bryan Gil Salvatierra,18,0,0.0
590,Bryan Gil Salvatierra,19,0,0.0
590,Bryan Gil Salvatierra,20,0,0.0
590,Bryan Gil Salvatierra,21,0,0.0
590,Bryan Gil Salvatierra,22,0,0.0
590,Bryan Gil Salvatierra,23,0,0.0
590,Bryan Gil Salvatierra,24,0,0.0
590,Bryan Gil Salvatierra,25,0,0.0
590,Bryan Gil Salvatierra,26,0,0.0
590,Bryan Gil Salvatierra,27,0,0.0
590,Bryan Gil Salvatierra,28,0,0.0
590,Bryan Gil Salvatierra,29,0,0.0
591,Archie Gray,6,0,0.0
591,Archie Gray,7,0,0.0
591,Archie Gray,8,0,0.0
591,Archie Gray,9,0,0.0
591,Archie Gray,10,0,0.0
591,Archie Gray,11,0,0.0
591,Archie Gray,12,0,0.0
591,Archie Gray,13,59,1.0
591,Archie Gray,14,3,1.0
591,Archie Gray,15,90,2.0
591,Archie Gray,16,58,0.0
591,Archie Gray,17,70,2.0
591,Archie Gray,18,84,10.0
591,Archie Gray,19,90,3.0
591,Archie Gray,20,71,3.0
591,Archie Gray,21,4,1.0
591,Archie Gray,22,45,0.0
591,Archie Gray,23,12,1.0
591,Archie Gray,24,90,2.0
591,Archie Gray,25,90,2.0
591,Archie Gray,26,90,10.0
591,Archie Gray,27,90,1.0
591,Archie Gray,28,90,5.0
591,Archie Gray,29,90,5.0
592,Mikey Moore,6,0,0.0
592,Mikey Moore,7,0,0.0
592,Mikey Moore,8,0,0.0
592,Mikey Moore,9,0,0.0
592,Mikey Moore,10,0,0.0
592,Mikey Moore,11,0,0.0
592,Mikey Moore,12,0,0.0
592,Mikey Moore,13,0,0.0
592,Mikey Moore,14,0,0.0
592,Mikey Moore,15,0,0.0
592,Mikey Moore,16,0,0.0
592,Mikey Moore,17,0,0.0
592,Mikey Moore,18,0,0.0
592,Mikey Moore,19,0,0.0
592,Mikey Moore,20,0,0.0
592,Mikey Moore,21,0,0.0
592,Mikey Moore,22,0,0.0
592,Mikey Moore,23,0,0.0
592,Mikey Moore,24,0,0.0
592,Mikey Moore,25,0,0.0
592,Mikey Moore,26,0,0.0
592,Mikey Moore,27,0,0.0
592,Mikey Moore,28,0,0.0
592,Mikey Moore,29,0,0.0
593,Pape Matar Sarr,6,12,4.0
593,Pape Matar Sarr,7,17,1.0
593,Pape Matar Sarr,8,4,1.0
593,Pape Matar Sarr,9,12,6.0
593,Pape Matar Sarr,10,90,4.0
593,Pape Matar Sarr,11,90,2.0
593,Pape Matar Sarr,12,24,1.0
593,Pape Matar Sarr,13,13,1.0
593,Pape Matar Sarr,14,86,2.0
593,Pape Matar Sarr,15,10,1.0
593,Pape Matar Sarr,16,0,0.0
593,Pape Matar Sarr,17,0,0.0
593,Pape Matar Sarr,18,0,0.0
593,Pape Matar Sarr,19,0,0.0
593,Pape Matar Sarr,20,0,0.0
593,Pape Matar Sarr,21,0,0.0
593,Pape Matar Sarr,22,0,0.0
593,Pape Matar Sarr,23,0,0.0
593,Pape Matar Sarr,24,45,1.0
593,Pape Matar Sarr,25,90,2.0
593,Pape Matar Sarr,26,90,8.0
593,Pape Matar Sarr,27,90,4.0
593,Pape Matar Sarr,28,32,1.0
593,Pape Matar Sarr,29,90,1.0
594,Yang Min-hyeok,6,0,0.0
594,Yang Min-hyeok,7,0,0.0
594,Yang Min-hyeok,8,0,0.0
594,Yang Min-hyeok,9,0,0.0
594,Yang Min-hyeok,10,0,0.0
594,Yang Min-hyeok,11,0,0.0
594,Yang Min-hyeok,12,0,0.0
594,Yang Min-hyeok,13,0,0.0
594,Yang Min-hyeok,14,0,0.0
594,Yang Min-hyeok,15,0,0.0
594,Yang Min-hyeok,16,0,0.0
594,Yang Min-hyeok,17,0,0.0
594,Yang Min-hyeok,18,0,0.0
594,Yang Min-hyeok,19,0,0.0
594,Yang Min-hyeok,20,0,0.0
594,Yang Min-hyeok,21,0,0.0
594,Yang Min-hyeok,22,0,0.0
594,Yang Min-hyeok,23,0,0.0
594,Yang Min-hyeok,24,0,0.0
594,Yang Min-hyeok,25,0,0.0
594,Yang Min-hyeok,26,0,0.0
594,Yang Min-hyeok,27,0,0.0
594,Yang Min-hyeok,28,0,0.0
594,Yang Min-hyeok,29,0,0.0
595,Callum Olusesi,6,0,0.0
595,Callum Olusesi,7,0,0.0
595,Callum Olusesi,8,0,0.0
595,Callum Olusesi,9,0,0.0
595,Callum Olusesi,10,0,0.0
595,Callum Olusesi,11,0,0.0
595,Callum Olusesi,12,0,0.0
595,Callum Olusesi,13,0,0.0
595,Callum Olusesi,14,0,0.0
595,Callum Olusesi,15,0,0.0
595,Callum Olusesi,16,0,0.0
595,Callum Olusesi,17,0,0.0
595,Callum Olusesi,18,0,0.0
595,Callum Olusesi,19,0,0.0
595,Callum Olusesi,20,0,0.0
595,Callum Olusesi,21,0,0.0
595,Callum Olusesi,22,0,0.0
595,Callum Olusesi,23,0,0.0
595,Callum Olusesi,24,0,0.0
595,Callum Olusesi,25,0,0.0
595,Callum Olusesi,26,0,0.0
595,Callum Olusesi,27,0,0.0
595,Callum Olusesi,28,0,0.0
595,Callum Olusesi,29,0,0.0
596,Dominic Solanke-Mitchell,6,0,0.0
596,Dominic Solanke-Mitchell,7,0,0.0
596,Dominic Solanke-Mitchell,8,0,0.0
596,Dominic Solanke-Mitchell,9,0,0.0
596,Dominic Solanke-Mitchell,10,0,0.0
596,Dominic Solanke-Mitchell,11,0,0.0
596,Dominic Solanke-Mitchell,12,0,0.0
596,Dominic Solanke-Mitchell,13,0,0.0
596,Dominic Solanke-Mitchell,14,0,0.0
596,Dominic Solanke-Mitchell,15,0,0.0
596,Dominic Solanke-Mitchell,16,0,0.0
596,Dominic Solanke-Mitchell,17,0,0.0
596,Dominic Solanke-Mitchell,18,0,0.0
596,Dominic Solanke-Mitchell,19,0,0.0
596,Dominic Solanke-Mitchell,20,0,0.0
596,Dominic Solanke-Mitchell,21,0,0.0
596,Dominic Solanke-Mitchell,22,28,1.0
596,Dominic Solanke-Mitchell,23,90,2.0
596,Dominic Solanke-Mitchell,24,89,12.0
596,Dominic Solanke-Mitchell,25,79,2.0
596,Dominic Solanke-Mitchell,26,90,2.0
596,Dominic Solanke-Mitchell,27,28,1.0
596,Dominic Solanke-Mitchell,28,90,2.0
596,Dominic Solanke-Mitchell,29,73,7.0
597,Richarlison de Andrade,6,90,2.0
597,Richarlison de Andrade,7,16,1.0
597,Richarlison de Andrade,8,30,1.0
597,Richarlison de Andrade,9,28,4.0
597,Richarlison de Andrade,10,30,1.0
597,Richarlison de Andrade,11,90,6.0
597,Richarlison de Andrade,12,90,6.0
597,Richarlison de Andrade,13,59,1.0
597,Richarlison de Andrade,14,13,0.0
597,Richarlison de Andrade,15,90,8.0
597,Richarlison de Andrade,16,90,2.0
597,Richarlison de Andrade,17,10,4.0
597,Richarlison de Andrade,18,90,5.0
597,Richarlison de Andrade,19,90,2.0
597,Richarlison de Andrade,20,90,2.0
597,Richarlison de Andrade,21,23,1.0
597,Richarlison de Andrade,22,0,0.0
597,Richarlison de Andrade,23,0,0.0
597,Richarlison de Andrade,24,0,0.0
597,Richarlison de Andrade,25,0,0.0
597,Richarlison de Andrade,26,0,0.0
597,Richarlison de Andrade,27,22,1.0
597,Richarlison de Andrade,28,32,5.0
597,Richarlison de Andrade,29,16,1.0
598,Will Lankshear,6,0,0.0
598,Will Lankshear,7,0,0.0
598,Will Lankshear,8,0,0.0
598,Will Lankshear,9,0,0.0
598,Will Lankshear,10,0,0.0
598,Will Lankshear,11,0,0.0
598,Will Lankshear,12,0,0.0
598,Will Lankshear,13,0,0.0
598,Will Lankshear,14,0,0.0
598,Will Lankshear,15,0,0.0
598,Will Lankshear,16,0,0.0
598,Will Lankshear,17,0,0.0
598,Will Lankshear,18,0,0.0
598,Will Lankshear,19,0,0.0
598,Will Lankshear,20,0,0.0
598,Will Lankshear,21,0,0.0
598,Will Lankshear,22,0,0.0
598,Will Lankshear,23,0,0.0
598,Will Lankshear,24,0,0.0
598,Will Lankshear,25,0,0.0
598,Will Lankshear,26,0,0.0
598,Will Lankshear,27,0,0.0
598,Will Lankshear,28,0,0.0
598,Will Lankshear,29,0,0.0
599,Dane Scarlett,6,0,0.0
599,Dane Scarlett,7,0,0.0
599,Dane Scarlett,8,0,0.0
599,Dane Scarlett,9,0,0.0
599,Dane Scarlett,10,0,0.0
599,Dane Scarlett,11,0,0.0
599,Dane Scarlett,12,0,0.0
599,Dane Scarlett,13,0,0.0
599,Dane Scarlett,14,0,0.0
599,Dane Scarlett,15,0,0.0
599,Dane Scarlett,16,0,0.0
599,Dane Scarlett,17,0,0.0
599,Dane Scarlett,18,0,0.0
599,Dane Scarlett,19,0,0.0
599,Dane Scarlett,20,2,1.0
599,Dane Scarlett,21,0,0.0
599,Dane Scarlett,22,0,0.0
599,Dane Scarlett,23,5,1.0
599,Dane Scarlett,24,0,0.0
599,Dane Scarlett,25,0,0.0
599,Dane Scarlett,26,0,0.0
599,Dane Scarlett,27,0,0.0
599,Dane Scarlett,28,0,0.0
599,Dane Scarlett,29,0,0.0
600,Alphonse Areola,6,90,3.0
600,Alphonse Areola,7,90,2.0
600,Alphonse Areola,8,90,2.0
600,Alphonse Areola,9,90,2.0
600,Alphonse Areola,10,90,3.0
600,Alphonse Areola,11,90,2.0
600,Alphonse Areola,12,90,9.0
600,Alphonse Areola,13,90,2.0
600,Alphonse Areola,14,90,3.0
600,Alphonse Areola,15,90,3.0
600,Alphonse Areola,16,90,1.0
600,Alphonse Areola,17,90,2.0
600,Alphonse Areola,18,90,3.0
600,Alphonse Areola,19,90,2.0
600,Alphonse Areola,20,90,2.0
600,Alphonse Areola,21,90,2.0
600,Alphonse Areola,22,90,3.0
600,Alphonse Areola,23,90,2.0
600,Alphonse Areola,24,90,2.0
600,Alphonse Areola,25,0,0.0
600,Alphonse Areola,26,0,0.0
600,Alphonse Areola,27,0,0.0
600,Alphonse Areola,28,0,0.0
600,Alphonse Areola,29,0,0.0
601,Wes Foderingham,6,0,0.0
601,Wes Foderingham,7,0,0.0
601,Wes Foderingham,8,0,0.0
601,Wes Foderingham,9,0,0.0
601,Wes Foderingham,10,0,0.0
601,Wes Foderingham,11,0,0.0
601,Wes Foderingham,12,0,0.0
601,Wes Foderingham,13,0,0.0
601,Wes Foderingham,14,0,0.0
601,Wes Foderingham,15,0,0.0
601,Wes Foderingham,16,0,0.0
601,Wes Foderingham,17,0,0.0
601,Wes Foderingham,18,0,0.0
601,Wes Foderingham,19,0,0.0
601,Wes Foderingham,20,0,0.0
601,Wes Foderingham,21,0,0.0
601,Wes Foderingham,22,0,0.0
601,Wes Foderingham,23,0,0.0
601,Wes Foderingham,24,0,0.0
601,Wes Foderingham,25,0,0.0
601,Wes Foderingham,26,0,0.0
601,Wes Foderingham,27,0,0.0
601,Wes Foderingham,28,0,0.0
601,Wes Foderingham,29,0,0.0
602,Krisztián Hegyi,6,0,0.0
602,Krisztián Hegyi,7,0,0.0
602,Krisztián Hegyi,8,0,0.0
602,Krisztián Hegyi,9,0,0.0
602,Krisztián Hegyi,10,0,0.0
602,Krisztián Hegyi,11,0,0.0
602,Krisztián Hegyi,12,0,0.0
602,Krisztián Hegyi,13,0,0.0
602,Krisztián Hegyi,14,0,0.0
602,Krisztián Hegyi,15,0,0.0
602,Krisztián Hegyi,16,0,0.0
602,Krisztián Hegyi,17,0,0.0
602,Krisztián Hegyi,18,0,0.0
602,Krisztián Hegyi,19,0,0.0
602,Krisztián Hegyi,20,0,0.0
602,Krisztián Hegyi,21,0,0.0
602,Krisztián Hegyi,22,0,0.0
602,Krisztián Hegyi,23,0,0.0
602,Krisztián Hegyi,24,0,0.0
602,Krisztián Hegyi,25,0,0.0
602,Krisztián Hegyi,26,0,0.0
602,Krisztián Hegyi,27,0,0.0
602,Krisztián Hegyi,28,0,0.0
602,Krisztián Hegyi,29,0,0.0
603,El Hadji Malick Diouf,6,90,5.0
603,El Hadji Malick Diouf,7,90,3.0
603,El Hadji Malick Diouf,8,45,1.0
603,El Hadji Malick Diouf,9,90,1.0
603,El Hadji Malick Diouf,10,90,2.0
603,El Hadji Malick Diouf,11,90,1.0
603,El Hadji Malick Diouf,12,90,3.0
603,El Hadji Malick Diouf,13,90,1.0
603,El Hadji Malick Diouf,14,90,3.0
603,El Hadji Malick Diouf,15,82,6.0
603,El Hadji Malick Diouf,16,90,0.0
603,El Hadji Malick Diouf,17,0,0.0
603,El Hadji Malick Diouf,18,0,0.0
603,El Hadji Malick Diouf,19,0,0.0
603,El Hadji Malick Diouf,20,0,0.0
603,El Hadji Malick Diouf,21,0,0.0
603,El Hadji Malick Diouf,22,0,0.0
603,El Hadji Malick Diouf,23,20,1.0
603,El Hadji Malick Diouf,24,80,1.0
603,El Hadji Malick Diouf,25,78,9.0
603,El Hadji Malick Diouf,26,79,6.0
603,El Hadji Malick Diouf,27,90,9.0
603,El Hadji Malick Diouf,28,89,3.0
603,El Hadji Malick Diouf,29,90,6.0
604,Emerson Palmieri dos Santos,6,0,0.0
604,Emerson Palmieri dos Santos,7,0,0.0
604,Emerson Palmieri dos Santos,8,0,0.0
604,Emerson Palmieri dos Santos,9,0,0.0
604,Emerson Palmieri dos Santos,10,0,0.0
604,Emerson Palmieri dos Santos,11,0,0.0
604,Emerson Palmieri dos Santos,12,0,0.0
604,Emerson Palmieri dos Santos,13,0,0.0
604,Emerson Palmieri dos Santos,14,0,0.0
604,Emerson Palmieri dos Santos,15,0,0.0
604,Emerson Palmieri dos Santos,16,0,0.0
604,Emerson Palmieri dos Santos,17,0,0.0
604,Emerson Palmieri dos Santos,18,0,0.0
604,Emerson Palmieri dos Santos,19,0,0.0
604,Emerson Palmieri dos Santos,20,0,0.0
604,Emerson Palmieri dos Santos,21,0,0.0
604,Emerson Palmieri dos Santos,22,0,0.0
604,Emerson Palmieri dos Santos,23,0,0.0
604,Emerson Palmieri dos Santos,24,0,0.0
604,Emerson Palmieri dos Santos,25,0,0.0
604,Emerson Palmieri dos Santos,26,0,0.0
604,Emerson Palmieri dos Santos,27,0,0.0
604,Emerson Palmieri dos Santos,28,0,0.0
604,Emerson Palmieri dos Santos,29,0,0.0
605,Maximilian Kilman,6,90,3.0
605,Maximilian Kilman,7,90,1.0
605,Maximilian Kilman,8,90,3.0
605,Maximilian Kilman,9,90,1.0
605,Maximilian Kilman,10,90,2.0
605,Maximilian Kilman,11,90,1.0
605,Maximilian Kilman,12,90,3.0
605,Maximilian Kilman,13,0,0.0
605,Maximilian Kilman,14,3,1.0
605,Maximilian Kilman,15,90,4.0
605,Maximilian Kilman,16,0,0.0
605,Maximilian Kilman,17,90,1.0
605,Maximilian Kilman,18,90,4.0
605,Maximilian Kilman,19,90,0.0
605,Maximilian Kilman,20,90,1.0
605,Maximilian Kilman,21,0,0.0
605,Maximilian Kilman,22,1,1.0
605,Maximilian Kilman,23,1,1.0
605,Maximilian Kilman,24,24,0.0
605,Maximilian Kilman,25,0,0.0
605,Maximilian Kilman,26,0,0.0
605,Maximilian Kilman,27,0,0.0
605,Maximilian Kilman,28,0,0.0
605,Maximilian Kilman,29,0,0.0
606,Konstantinos Mavropanos,6,90,1.0
606,Konstantinos Mavropanos,7,90,3.0
606,Konstantinos Mavropanos,8,45,1.0
606,Konstantinos Mavropanos,9,0,0.0
606,Konstantinos Mavropanos,10,0,0.0
606,Konstantinos Mavropanos,11,0,0.0
606,Konstantinos Mavropanos,12,0,0.0
606,Konstantinos Mavropanos,13,90,3.0
606,Konstantinos Mavropanos,14,90,4.0
606,Konstantinos Mavropanos,15,90,4.0
606,Konstantinos Mavropanos,16,90,1.0
606,Konstantinos Mavropanos,17,11,1.0
606,Konstantinos Mavropanos,18,0,0.0
606,Konstantinos Mavropanos,19,45,1.0
606,Konstantinos Mavropanos,20,90,1.0
606,Konstantinos Mavropanos,21,90,2.0
606,Konstantinos Mavropanos,22,90,4.0
606,Konstantinos Mavropanos,23,90,2.0
606,Konstantinos Mavropanos,24,90,3.0
606,Konstantinos Mavropanos,25,90,8.0
606,Konstantinos Mavropanos,26,90,2.0
606,Konstantinos Mavropanos,27,90,6.0
606,Konstantinos Mavropanos,28,90,2.0
606,Konstantinos Mavropanos,29,1,1.0
607,Nayef Aguerd,6,0,0.0
607,Nayef Aguerd,7,0,0.0
607,Nayef Aguerd,8,0,0.0
607,Nayef Aguerd,9,0,0.0
607,Nayef Aguerd,10,0,0.0
607,Nayef Aguerd,11,0,0.0
607,Nayef Aguerd,12,0,0.0
607,Nayef Aguerd,13,0,0.0
607,Nayef Aguerd,14,0,0.0
607,Nayef Aguerd,15,0,0.0
607,Nayef Aguerd,16,0,0.0
607,Nayef Aguerd,17,0,0.0
607,Nayef Aguerd,18,0,0.0
607,Nayef Aguerd,19,0,0.0
607,Nayef Aguerd,20,0,0.0
607,Nayef Aguerd,21,0,0.0
607,Nayef Aguerd,22,0,0.0
607,Nayef Aguerd,23,0,0.0
607,Nayef Aguerd,24,0,0.0
607,Nayef Aguerd,25,0,0.0
607,Nayef Aguerd,26,0,0.0
607,Nayef Aguerd,27,0,0.0
607,Nayef Aguerd,28,0,0.0
607,Nayef Aguerd,29,0,0.0
608,Ollie Scarles,6,0,0.0
608,Ollie Scarles,7,0,0.0
608,Ollie Scarles,8,45,1.0
608,Ollie Scarles,9,24,0.0
608,Ollie Scarles,10,0,0.0
608,Ollie Scarles,11,0,0.0
608,Ollie Scarles,12,0,0.0
608,Ollie Scarles,13,0,0.0
608,Ollie Scarles,14,0,0.0
608,Ollie Scarles,15,0,0.0
608,Ollie Scarles,16,0,0.0
608,Ollie Scarles,17,63,1.0
608,Ollie Scarles,18,90,2.0
608,Ollie Scarles,19,90,3.0
608,Ollie Scarles,20,90,1.0
608,Ollie Scarles,21,62,4.0
608,Ollie Scarles,22,90,2.0
608,Ollie Scarles,23,70,5.0
608,Ollie Scarles,24,9,0.0
608,Ollie Scarles,25,11,1.0
608,Ollie Scarles,26,10,1.0
608,Ollie Scarles,27,0,0.0
608,Ollie Scarles,28,0,0.0
608,Ollie Scarles,29,0,0.0
609,Jean-Clair Todibo,6,0,0.0
609,Jean-Clair Todibo,7,0,0.0
609,Jean-Clair Todibo,8,90,1.0
609,Jean-Clair Todibo,9,90,0.0
609,Jean-Clair Todibo,10,90,4.0
609,Jean-Clair Todibo,11,90,1.0
609,Jean-Clair Todibo,12,90,5.0
609,Jean-Clair Todibo,13,90,1.0
609,Jean-Clair Todibo,14,90,4.0
609,Jean-Clair Todibo,15,90,2.0
609,Jean-Clair Todibo,16,90,1.0
609,Jean-Clair Todibo,17,90,1.0
609,Jean-Clair Todibo,18,90,1.0
609,Jean-Clair Todibo,19,45,1.0
609,Jean-Clair Todibo,20,0,0.0
609,Jean-Clair Todibo,21,90,2.0
609,Jean-Clair Todibo,22,90,4.0
609,Jean-Clair Todibo,23,90,2.0
609,Jean-Clair Todibo,24,90,0.0
609,Jean-Clair Todibo,25,0,0.0
609,Jean-Clair Todibo,26,0,0.0
609,Jean-Clair Todibo,27,0,0.0
609,Jean-Clair Todibo,28,0,0.0
609,Jean-Clair Todibo,29,90,9.0
610,Aaron Wan-Bissaka,6,0,0.0
610,Aaron Wan-Bissaka,7,78,1.0
610,Aaron Wan-Bissaka,8,45,1.0
610,Aaron Wan-Bissaka,9,78,1.0
610,Aaron Wan-Bissaka,10,90,7.0
610,Aaron Wan-Bissaka,11,90,3.0
610,Aaron Wan-Bissaka,12,90,2.0
610,Aaron Wan-Bissaka,13,90,1.0
610,Aaron Wan-Bissaka,14,90,3.0
610,Aaron Wan-Bissaka,15,90,4.0
610,Aaron Wan-Bissaka,16,90,1.0
610,Aaron Wan-Bissaka,17,0,0.0
610,Aaron Wan-Bissaka,18,0,0.0
610,Aaron Wan-Bissaka,19,0,0.0
610,Aaron Wan-Bissaka,20,0,0.0
610,Aaron Wan-Bissaka,21,0,0.0
610,Aaron Wan-Bissaka,22,90,4.0
610,Aaron Wan-Bissaka,23,90,2.0
610,Aaron Wan-Bissaka,24,90,7.0
610,Aaron Wan-Bissaka,25,90,8.0
610,Aaron Wan-Bissaka,26,90,2.0
610,Aaron Wan-Bissaka,27,90,6.0
610,Aaron Wan-Bissaka,28,90,0.0
610,Aaron Wan-Bissaka,29,90,7.0
611,Kaelan Casey,6,0,0.0
611,Kaelan Casey,7,0,0.0
611,Kaelan Casey,8,0,0.0
611,Kaelan Casey,9,0,0.0
611,Kaelan Casey,10,0,0.0
611,Kaelan Casey,11,0,0.0
611,Kaelan Casey,12,0,0.0
611,Kaelan Casey,13,0,0.0
611,Kaelan Casey,14,0,0.0
611,Kaelan Casey,15,0,0.0
611,Kaelan Casey,16,0,0.0
611,Kaelan Casey,17,0,0.0
611,Kaelan Casey,18,0,0.0
611,Kaelan Casey,19,0,0.0
611,Kaelan Casey,20,0,0.0
611,Kaelan Casey,21,0,0.0
611,Kaelan Casey,22,0,0.0
611,Kaelan Casey,23,0,0.0
611,Kaelan Casey,24,0,0.0
611,Kaelan Casey,25,0,0.0
611,Kaelan Casey,26,0,0.0
611,Kaelan Casey,27,0,0.0
611,Kaelan Casey,28,0,0.0
611,Kaelan Casey,29,0,0.0
612,Lucas Tolentino Coelho de Lima,6,90,4.0
612,Lucas Tolentino Coelho de Lima,7,90,1.0
612,Lucas Tolentino Coelho de Lima,8,90,2.0
612,Lucas Tolentino Coelho de Lima,9,90,1.0
612,Lucas Tolentino Coelho de Lima,10,90,9.0
612,Lucas Tolentino Coelho de Lima,11,82,4.0
612,Lucas Tolentino Coelho de Lima,12,0,0.0
612,Lucas Tolentino Coelho de Lima,13,83,-1.0
612,Lucas Tolentino Coelho de Lima,14,0,0.0
612,Lucas Tolentino Coelho de Lima,15,81,3.0
612,Lucas Tolentino Coelho de Lima,16,88,2.0
612,Lucas Tolentino Coelho de Lima,17,77,2.0
612,Lucas Tolentino Coelho de Lima,18,81,3.0
612,Lucas Tolentino Coelho de Lima,19,82,13.0
612,Lucas Tolentino Coelho de Lima,20,0,0.0
612,Lucas Tolentino Coelho de Lima,21,62,2.0
612,Lucas Tolentino Coelho de Lima,22,0,0.0
612,Lucas Tolentino Coelho de Lima,23,0,0.0
612,Lucas Tolentino Coelho de Lima,24,0,0.0
612,Lucas Tolentino Coelho de Lima,25,0,0.0
612,Lucas Tolentino Coelho de Lima,26,0,0.0
612,Lucas Tolentino Coelho de Lima,27,0,0.0
612,Lucas Tolentino Coelho de Lima,28,0,0.0
612,Lucas Tolentino Coelho de Lima,29,0,0.0
613,Tomáš Souček,6,0,0.0
613,Tomáš Souček,7,0,0.0
613,Tomáš Souček,8,70,2.0
613,Tomáš Souček,9,64,2.0
613,Tomáš Souček,10,29,6.0
613,Tomáš Souček,11,28,12.0
613,Tomáš Souček,12,38,1.0
613,Tomáš Souček,13,2,1.0
613,Tomáš Souček,14,82,2.0
613,Tomáš Souček,15,8,1.0
613,Tomáš Souček,16,2,1.0
613,Tomáš Souček,17,12,1.0
613,Tomáš Souček,18,7,1.0
613,Tomáš Souček,19,8,1.0
613,Tomáš Souček,20,45,1.0
613,Tomáš Souček,21,90,6.0
613,Tomáš Souček,22,90,3.0
613,Tomáš Souček,23,90,2.0
613,Tomáš Souček,24,90,2.0
613,Tomáš Souček,25,90,3.0
613,Tomáš Souček,26,90,9.0
613,Tomáš Souček,27,71,2.0
613,Tomáš Souček,28,89,7.0
613,Tomáš Souček,29,90,3.0
614,James Ward-Prowse,6,0,0.0
614,James Ward-Prowse,7,0,0.0
614,James Ward-Prowse,8,0,0.0
614,James Ward-Prowse,9,0,0.0
614,James Ward-Prowse,10,0,0.0
614,James Ward-Prowse,11,0,0.0
614,James Ward-Prowse,12,0,0.0
614,James Ward-Prowse,13,0,0.0
614,James Ward-Prowse,14,0,0.0
614,James Ward-Prowse,15,0,0.0
614,James Ward-Prowse,16,0,0.0
614,James Ward-Prowse,17,0,0.0
614,James Ward-Prowse,18,0,0.0
614,James Ward-Prowse,19,0,0.0
614,James Ward-Prowse,20,0,0.0
614,James Ward-Prowse,21,0,0.0
614,James Ward-Prowse,22,0,0.0
614,James Ward-Prowse,23,0,0.0
614,James Ward-Prowse,24,0,0.0
614,James Ward-Prowse,25,0,0.0
614,James Ward-Prowse,26,7,1.0
614,James Ward-Prowse,27,33,4.0
614,James Ward-Prowse,28,74,2.0
614,James Ward-Prowse,29,33,1.0
615,Crysencio Summerville,6,76,2.0
615,Crysencio Summerville,7,90,1.0
615,Crysencio Summerville,8,90,1.0
615,Crysencio Summerville,9,78,1.0
615,Crysencio Summerville,10,78,2.0
615,Crysencio Summerville,11,82,5.0
615,Crysencio Summerville,12,0,0.0
615,Crysencio Summerville,13,0,0.0
615,Crysencio Summerville,14,0,0.0
615,Crysencio Summerville,15,71,3.0
615,Crysencio Summerville,16,87,2.0
615,Crysencio Summerville,17,78,2.0
615,Crysencio Summerville,18,55,1.0
615,Crysencio Summerville,19,27,1.0
615,Crysencio Summerville,20,90,2.0
615,Crysencio Summerville,21,90,4.0
615,Crysencio Summerville,22,90,10.0
615,Crysencio Summerville,23,90,8.0
615,Crysencio Summerville,24,90,7.0
615,Crysencio Summerville,25,90,11.0
615,Crysencio Summerville,26,89,3.0
615,Crysencio Summerville,27,90,3.0
615,Crysencio Summerville,28,90,1.0
615,Crysencio Summerville,29,90,11.0
616,Edson Álvarez Velázquez,6,0,0.0
616,Edson Álvarez Velázquez,7,0,0.0
616,Edson Álvarez Velázquez,8,0,0.0
616,Edson Álvarez Velázquez,9,0,0.0
616,Edson Álvarez Velázquez,10,0,0.0
616,Edson Álvarez Velázquez,11,0,0.0
616,Edson Álvarez Velázquez,12,0,0.0
616,Edson Álvarez Velázquez,13,0,0.0
616,Edson Álvarez Velázquez,14,0,0.0
616,Edson Álvarez Velázquez,15,0,0.0
616,Edson Álvarez Velázquez,16,0,0.0
616,Edson Álvarez Velázquez,17,0,0.0
616,Edson Álvarez Velázquez,18,0,0.0
616,Edson Álvarez Velázquez,19,0,0.0
616,Edson Álvarez Velázquez,20,0,0.0
616,Edson Álvarez Velázquez,21,0,0.0
616,Edson Álvarez Velázquez,22,0,0.0
616,Edson Álvarez Velázquez,23,0,0.0
616,Edson Álvarez Velázquez,24,0,0.0
616,Edson Álvarez Velázquez,25,0,0.0
616,Edson Álvarez Velázquez,26,0,0.0
616,Edson Álvarez Velázquez,27,0,0.0
616,Edson Álvarez Velázquez,28,0,0.0
616,Edson Álvarez Velázquez,29,0,0.0
617,Maxwel Cornet,6,0,0.0
617,Maxwel Cornet,7,0,0.0
617,Maxwel Cornet,8,0,0.0
617,Maxwel Cornet,9,0,0.0
617,Maxwel Cornet,10,0,0.0
617,Maxwel Cornet,11,0,0.0
617,Maxwel Cornet,12,0,0.0
617,Maxwel Cornet,13,0,0.0
617,Maxwel Cornet,14,0,0.0
617,Maxwel Cornet,15,0,0.0
617,Maxwel Cornet,16,0,0.0
617,Maxwel Cornet,17,0,0.0
617,Maxwel Cornet,18,0,0.0
617,Maxwel Cornet,19,0,0.0
617,Maxwel Cornet,20,0,0.0
617,Maxwel Cornet,21,0,0.0
617,Maxwel Cornet,22,0,0.0
617,Maxwel Cornet,23,0,0.0
617,Maxwel Cornet,24,0,0.0
617,Maxwel Cornet,25,0,0.0
617,Maxwel Cornet,26,0,0.0
617,Maxwel Cornet,27,0,0.0
617,Maxwel Cornet,28,0,0.0
617,Maxwel Cornet,29,0,0.0
618,Guido Rodríguez,6,0,0.0
618,Guido Rodríguez,7,0,0.0
618,Guido Rodríguez,8,19,1.0
618,Guido Rodríguez,9,0,0.0
618,Guido Rodríguez,10,0,0.0
618,Guido Rodríguez,11,0,0.0
618,Guido Rodríguez,12,0,0.0
618,Guido Rodríguez,13,0,0.0
618,Guido Rodríguez,14,0,0.0
618,Guido Rodríguez,15,63,2.0
618,Guido Rodríguez,16,1,1.0
618,Guido Rodríguez,17,11,1.0
618,Guido Rodríguez,18,0,0.0
618,Guido Rodríguez,19,0,0.0
618,Guido Rodríguez,20,0,0.0
618,Guido Rodríguez,21,0,0.0
618,Guido Rodríguez,22,11,1.0
618,Guido Rodríguez,23,0,0.0
618,Guido Rodríguez,24,0,0.0
618,Guido Rodríguez,25,0,0.0
618,Guido Rodríguez,26,0,0.0
618,Guido Rodríguez,27,0,0.0
618,Guido Rodríguez,28,0,0.0
618,Guido Rodríguez,29,0,0.0
619,Luis Guilherme Lira dos Santos,6,13,1.0
619,Luis Guilherme Lira dos Santos,7,0,0.0
619,Luis Guilherme Lira dos Santos,8,0,0.0
619,Luis Guilherme Lira dos Santos,9,0,0.0
619,Luis Guilherme Lira dos Santos,10,0,0.0
619,Luis Guilherme Lira dos Santos,11,0,0.0
619,Luis Guilherme Lira dos Santos,12,45,1.0
619,Luis Guilherme Lira dos Santos,13,22,1.0
619,Luis Guilherme Lira dos Santos,14,0,0.0
619,Luis Guilherme Lira dos Santos,15,0,0.0
619,Luis Guilherme Lira dos Santos,16,0,0.0
619,Luis Guilherme Lira dos Santos,17,0,0.0
619,Luis Guilherme Lira dos Santos,18,0,0.0
619,Luis Guilherme Lira dos Santos,19,0,0.0
619,Luis Guilherme Lira dos Santos,20,0,0.0
619,Luis Guilherme Lira dos Santos,21,0,0.0
619,Luis Guilherme Lira dos Santos,22,0,0.0
619,Luis Guilherme Lira dos Santos,23,0,0.0
619,Luis Guilherme Lira dos Santos,24,0,0.0
619,Luis Guilherme Lira dos Santos,25,0,0.0
619,Luis Guilherme Lira dos Santos,26,0,0.0
619,Luis Guilherme Lira dos Santos,27,0,0.0
619,Luis Guilherme Lira dos Santos,28,0,0.0
619,Luis Guilherme Lira dos Santos,29,0,0.0
620,George Earthy,6,0,0.0
620,George Earthy,7,0,0.0
620,George Earthy,8,0,0.0
620,George Earthy,9,0,0.0
620,George Earthy,10,0,0.0
620,George Earthy,11,0,0.0
620,George Earthy,12,0,0.0
620,George Earthy,13,0,0.0
620,George Earthy,14,0,0.0
620,George Earthy,15,0,0.0
620,George Earthy,16,0,0.0
620,George Earthy,17,0,0.0
620,George Earthy,18,8,1.0
620,George Earthy,19,0,0.0
620,George Earthy,20,0,0.0
620,George Earthy,21,0,0.0
620,George Earthy,22,0,0.0
620,George Earthy,23,0,0.0
620,George Earthy,24,0,0.0
620,George Earthy,25,0,0.0
620,George Earthy,26,0,0.0
620,George Earthy,27,0,0.0
620,George Earthy,28,0,0.0
620,George Earthy,29,0,0.0
621,Andy Irving,6,1,1.0
621,Andy Irving,7,0,0.0
621,Andy Irving,8,60,2.0
621,Andy Irving,9,64,2.0
621,Andy Irving,10,0,0.0
621,Andy Irving,11,0,0.0
621,Andy Irving,12,0,0.0
621,Andy Irving,13,0,0.0
621,Andy Irving,14,7,1.0
621,Andy Irving,15,0,0.0
621,Andy Irving,16,0,0.0
621,Andy Irving,17,0,0.0
621,Andy Irving,18,0,0.0
621,Andy Irving,19,0,0.0
621,Andy Irving,20,0,0.0
621,Andy Irving,21,0,0.0
621,Andy Irving,22,0,0.0
621,Andy Irving,23,0,0.0
621,Andy Irving,24,0,0.0
621,Andy Irving,25,0,0.0
621,Andy Irving,26,0,0.0
621,Andy Irving,27,0,0.0
621,Andy Irving,28,0,0.0
621,Andy Irving,29,0,0.0
622,Lewis Orford,6,0,0.0
622,Lewis Orford,7,0,0.0
622,Lewis Orford,8,0,0.0
622,Lewis Orford,9,0,0.0
622,Lewis Orford,10,0,0.0
622,Lewis Orford,11,0,0.0
622,Lewis Orford,12,0,0.0
622,Lewis Orford,13,0,0.0
622,Lewis Orford,14,0,0.0
622,Lewis Orford,15,0,0.0
622,Lewis Orford,16,0,0.0
622,Lewis Orford,17,0,0.0
622,Lewis Orford,18,0,0.0
622,Lewis Orford,19,0,0.0
622,Lewis Orford,20,0,0.0
622,Lewis Orford,21,0,0.0
622,Lewis Orford,22,0,0.0
622,Lewis Orford,23,0,0.0
622,Lewis Orford,24,0,0.0
622,Lewis Orford,25,0,0.0
622,Lewis Orford,26,0,0.0
622,Lewis Orford,27,0,0.0
622,Lewis Orford,28,0,0.0
622,Lewis Orford,29,0,0.0
623,Freddie Potts,6,31,1.0
623,Freddie Potts,7,29,1.0
623,Freddie Potts,8,0,0.0
623,Freddie Potts,9,26,1.0
623,Freddie Potts,10,90,2.0
623,Freddie Potts,11,61,4.0
623,Freddie Potts,12,90,2.0
623,Freddie Potts,13,87,2.0
623,Freddie Potts,14,82,2.0
623,Freddie Potts,15,26,0.0
623,Freddie Potts,16,87,5.0
623,Freddie Potts,17,78,2.0
623,Freddie Potts,18,90,2.0
623,Freddie Potts,19,90,2.0
623,Freddie Potts,20,45,1.0
623,Freddie Potts,21,10,1.0
623,Freddie Potts,22,0,0.0
623,Freddie Potts,23,15,1.0
623,Freddie Potts,24,0,0.0
623,Freddie Potts,25,33,1.0
623,Freddie Potts,26,79,3.0
623,Freddie Potts,27,0,0.0
623,Freddie Potts,28,0,0.0
623,Freddie Potts,29,0,0.0
624,Jarrod Bowen,6,90,9.0
624,Jarrod Bowen,7,90,2.0
624,Jarrod Bowen,8,90,2.0
624,Jarrod Bowen,9,90,5.0
624,Jarrod Bowen,10,90,2.0
624,Jarrod Bowen,11,90,2.0
624,Jarrod Bowen,12,90,4.0
624,Jarrod Bowen,13,90,2.0
624,Jarrod Bowen,14,90,5.0
624,Jarrod Bowen,15,90,9.0
624,Jarrod Bowen,16,90,8.0
624,Jarrod Bowen,17,90,1.0
624,Jarrod Bowen,18,90,2.0
624,Jarrod Bowen,19,90,7.0
624,Jarrod Bowen,20,90,4.0
624,Jarrod Bowen,21,90,2.0
624,Jarrod Bowen,22,90,3.0
624,Jarrod Bowen,23,90,12.0
624,Jarrod Bowen,24,80,8.0
624,Jarrod Bowen,25,90,2.0
624,Jarrod Bowen,26,89,5.0
624,Jarrod Bowen,27,90,4.0
624,Jarrod Bowen,28,90,7.0
624,Jarrod Bowen,29,90,4.0
625,Niclas Füllkrug,6,90,2.0
625,Niclas Füllkrug,7,60,2.0
625,Niclas Füllkrug,8,0,0.0
625,Niclas Füllkrug,9,0,0.0
625,Niclas Füllkrug,10,0,0.0
625,Niclas Füllkrug,11,0,0.0
625,Niclas Füllkrug,12,16,1.0
625,Niclas Füllkrug,13,12,1.0
625,Niclas Füllkrug,14,0,0.0
625,Niclas Füllkrug,15,0,0.0
625,Niclas Füllkrug,16,0,0.0
625,Niclas Füllkrug,17,0,0.0
625,Niclas Füllkrug,18,0,0.0
625,Niclas Füllkrug,19,0,0.0
625,Niclas Füllkrug,20,0,0.0
625,Niclas Füllkrug,21,0,0.0
625,Niclas Füllkrug,22,0,0.0
625,Niclas Füllkrug,23,0,0.0
625,Niclas Füllkrug,24,0,0.0
625,Niclas Füllkrug,25,0,0.0
625,Niclas Füllkrug,26,0,0.0
625,Niclas Füllkrug,27,0,0.0
625,Niclas Füllkrug,28,0,0.0
625,Niclas Füllkrug,29,0,0.0
626,Callum Marshall,6,0,0.0
626,Callum Marshall,7,29,1.0
626,Callum Marshall,8,29,1.0
626,Callum Marshall,9,0,0.0
626,Callum Marshall,10,0,0.0
626,Callum Marshall,11,0,0.0
626,Callum Marshall,12,0,0.0
626,Callum Marshall,13,0,0.0
626,Callum Marshall,14,0,0.0
626,Callum Marshall,15,0,0.0
626,Callum Marshall,16,0,0.0
626,Callum Marshall,17,0,0.0
626,Callum Marshall,18,0,0.0
626,Callum Marshall,19,0,0.0
626,Callum Marshall,20,0,0.0
626,Callum Marshall,21,0,0.0
626,Callum Marshall,22,0,0.0
626,Callum Marshall,23,0,0.0
626,Callum Marshall,24,0,0.0
626,Callum Marshall,25,0,0.0
626,Callum Marshall,26,0,0.0
626,Callum Marshall,27,0,0.0
626,Callum Marshall,28,0,0.0
626,Callum Marshall,29,0,0.0
627,Sam Johnstone,6,90,2.0
627,Sam Johnstone,7,90,3.0
627,Sam Johnstone,8,90,1.0
627,Sam Johnstone,9,90,2.0
627,Sam Johnstone,10,90,2.0
627,Sam Johnstone,11,90,2.0
627,Sam Johnstone,12,90,1.0
627,Sam Johnstone,13,90,3.0
627,Sam Johnstone,14,90,2.0
627,Sam Johnstone,15,90,1.0
627,Sam Johnstone,16,90,-1.0
627,Sam Johnstone,17,0,0.0
627,Sam Johnstone,18,0,0.0
627,Sam Johnstone,19,0,0.0
627,Sam Johnstone,20,0,0.0
627,Sam Johnstone,21,0,0.0
627,Sam Johnstone,22,0,0.0
627,Sam Johnstone,23,0,0.0
627,Sam Johnstone,24,0,0.0
627,Sam Johnstone,25,0,0.0
627,Sam Johnstone,26,0,0.0
627,Sam Johnstone,27,0,0.0
627,Sam Johnstone,28,0,0.0
627,Sam Johnstone,29,0,0.0
628,José Malheiro de Sá,6,0,0.0
628,José Malheiro de Sá,7,0,0.0
628,José Malheiro de Sá,8,0,0.0
628,José Malheiro de Sá,9,0,0.0
628,José Malheiro de Sá,10,0,0.0
628,José Malheiro de Sá,11,0,0.0
628,José Malheiro de Sá,12,0,0.0
628,José Malheiro de Sá,13,0,0.0
628,José Malheiro de Sá,14,0,0.0
628,José Malheiro de Sá,15,0,0.0
628,José Malheiro de Sá,16,0,0.0
628,José Malheiro de Sá,17,90,2.0
628,José Malheiro de Sá,18,90,1.0
628,José Malheiro de Sá,19,90,4.0
628,José Malheiro de Sá,20,90,6.0
628,José Malheiro de Sá,21,90,1.0
628,José Malheiro de Sá,22,90,7.0
628,José Malheiro de Sá,23,90,1.0
628,José Malheiro de Sá,24,90,1.0
628,José Malheiro de Sá,25,90,2.0
628,José Malheiro de Sá,26,180,13.0
628,José Malheiro de Sá,27,90,2.0
628,José Malheiro de Sá,28,90,8.0
628,José Malheiro de Sá,29,90,3.0
629,Daniel Bentley,6,0,0.0
629,Daniel Bentley,7,0,0.0
629,Daniel Bentley,8,0,0.0
629,Daniel Bentley,9,0,0.0
629,Daniel Bentley,10,0,0.0
629,Daniel Bentley,11,0,0.0
629,Daniel Bentley,12,0,0.0
629,Daniel Bentley,13,0,0.0
629,Daniel Bentley,14,0,0.0
629,Daniel Bentley,15,0,0.0
629,Daniel Bentley,16,0,0.0
629,Daniel Bentley,17,0,0.0
629,Daniel Bentley,18,0,0.0
629,Daniel Bentley,19,0,0.0
629,Daniel Bentley,20,0,0.0
629,Daniel Bentley,21,0,0.0
629,Daniel Bentley,22,0,0.0
629,Daniel Bentley,23,0,0.0
629,Daniel Bentley,24,0,0.0
629,Daniel Bentley,25,0,0.0
629,Daniel Bentley,26,0,0.0
629,Daniel Bentley,27,0,0.0
629,Daniel Bentley,28,0,0.0
629,Daniel Bentley,29,0,0.0
630,Tom King,6,0,0.0
630,Tom King,7,0,0.0
630,Tom King,8,0,0.0
630,Tom King,9,0,0.0
630,Tom King,10,0,0.0
630,Tom King,11,0,0.0
630,Tom King,12,0,0.0
630,Tom King,13,0,0.0
630,Tom King,14,0,0.0
630,Tom King,15,0,0.0
630,Tom King,16,0,0.0
630,Tom King,17,0,0.0
630,Tom King,18,0,0.0
630,Tom King,19,0,0.0
630,Tom King,20,0,0.0
630,Tom King,21,0,0.0
630,Tom King,22,0,0.0
630,Tom King,23,0,0.0
630,Tom King,24,0,0.0
630,Tom King,25,0,0.0
630,Tom King,26,0,0.0
630,Tom King,27,0,0.0
630,Tom King,28,0,0.0
630,Tom King,29,0,0.0
631,Emmanuel Agbadou,6,45,1.0
631,Emmanuel Agbadou,7,30,1.0
631,Emmanuel Agbadou,8,0,0.0
631,Emmanuel Agbadou,9,0,0.0
631,Emmanuel Agbadou,10,35,-3.0
631,Emmanuel Agbadou,11,0,0.0
631,Emmanuel Agbadou,12,90,3.0
631,Emmanuel Agbadou,13,90,2.0
631,Emmanuel Agbadou,14,90,2.0
631,Emmanuel Agbadou,15,90,2.0
631,Emmanuel Agbadou,16,90,0.0
631,Emmanuel Agbadou,17,0,0.0
631,Emmanuel Agbadou,18,0,0.0
631,Emmanuel Agbadou,19,0,0.0
631,Emmanuel Agbadou,20,0,0.0
631,Emmanuel Agbadou,21,0,0.0
631,Emmanuel Agbadou,22,0,0.0
631,Emmanuel Agbadou,23,0,0.0
631,Emmanuel Agbadou,24,90,3.0
631,Emmanuel Agbadou,25,0,0.0
631,Emmanuel Agbadou,26,0,0.0
631,Emmanuel Agbadou,27,0,0.0
631,Emmanuel Agbadou,28,0,0.0
631,Emmanuel Agbadou,29,0,0.0
632,Matt Doherty,6,45,0.0
632,Matt Doherty,7,0,0.0
632,Matt Doherty,8,66,2.0
632,Matt Doherty,9,0,0.0
632,Matt Doherty,10,0,0.0
632,Matt Doherty,11,0,0.0
632,Matt Doherty,12,0,0.0
632,Matt Doherty,13,0,0.0
632,Matt Doherty,14,0,0.0
632,Matt Doherty,15,0,0.0
632,Matt Doherty,16,68,5.0
632,Matt Doherty,17,89,1.0
632,Matt Doherty,18,61,1.0
632,Matt Doherty,19,90,2.0
632,Matt Doherty,20,0,0.0
632,Matt Doherty,21,0,0.0
632,Matt Doherty,22,0,0.0
632,Matt Doherty,23,0,0.0
632,Matt Doherty,24,0,0.0
632,Matt Doherty,25,45,0.0
632,Matt Doherty,26,0,0.0
632,Matt Doherty,27,0,0.0
632,Matt Doherty,28,0,0.0
632,Matt Doherty,29,58,1.0
633,Hugo Bueno López,6,90,2.0
633,Hugo Bueno López,7,76,8.0
633,Hugo Bueno López,8,90,1.0
633,Hugo Bueno López,9,84,1.0
633,Hugo Bueno López,10,90,1.0
633,Hugo Bueno López,11,90,1.0
633,Hugo Bueno López,12,2,1.0
633,Hugo Bueno López,13,13,1.0
633,Hugo Bueno López,14,0,0.0
633,Hugo Bueno López,15,20,1.0
633,Hugo Bueno López,16,0,0.0
633,Hugo Bueno López,17,0,0.0
633,Hugo Bueno López,18,61,1.0
633,Hugo Bueno López,19,90,5.0
633,Hugo Bueno López,20,90,11.0
633,Hugo Bueno López,21,90,2.0
633,Hugo Bueno López,22,90,6.0
633,Hugo Bueno López,23,90,1.0
633,Hugo Bueno López,24,88,2.0
633,Hugo Bueno López,25,90,1.0
633,Hugo Bueno López,26,149,8.0
633,Hugo Bueno López,27,90,4.0
633,Hugo Bueno López,28,90,6.0
633,Hugo Bueno López,29,11,1.0
634,Yerson Mosquera Valdelamar,6,0,0.0
634,Yerson Mosquera Valdelamar,7,1,1.0
634,Yerson Mosquera Valdelamar,8,0,0.0
634,Yerson Mosquera Valdelamar,9,0,0.0
634,Yerson Mosquera Valdelamar,10,45,-3.0
634,Yerson Mosquera Valdelamar,11,0,0.0
634,Yerson Mosquera Valdelamar,12,0,0.0
634,Yerson Mosquera Valdelamar,13,76,1.0
634,Yerson Mosquera Valdelamar,14,80,1.0
634,Yerson Mosquera Valdelamar,15,90,-1.0
634,Yerson Mosquera Valdelamar,16,90,0.0
634,Yerson Mosquera Valdelamar,17,0,0.0
634,Yerson Mosquera Valdelamar,18,78,3.0
634,Yerson Mosquera Valdelamar,19,90,4.0
634,Yerson Mosquera Valdelamar,20,90,6.0
634,Yerson Mosquera Valdelamar,21,90,3.0
634,Yerson Mosquera Valdelamar,22,90,8.0
634,Yerson Mosquera Valdelamar,23,90,0.0
634,Yerson Mosquera Valdelamar,24,90,0.0
634,Yerson Mosquera Valdelamar,25,90,1.0
634,Yerson Mosquera Valdelamar,26,180,9.0
634,Yerson Mosquera Valdelamar,27,90,4.0
634,Yerson Mosquera Valdelamar,28,90,9.0
634,Yerson Mosquera Valdelamar,29,31,1.0
635,Rodrigo Martins Gomes,6,0,0.0
635,Rodrigo Martins Gomes,7,0,0.0
635,Rodrigo Martins Gomes,8,76,2.0
635,Rodrigo Martins Gomes,9,90,1.0
635,Rodrigo Martins Gomes,10,0,0.0
635,Rodrigo Martins Gomes,11,0,0.0
635,Rodrigo Martins Gomes,12,0,0.0
635,Rodrigo Martins Gomes,13,0,0.0
635,Rodrigo Martins Gomes,14,0,0.0
635,Rodrigo Martins Gomes,15,0,0.0
635,Rodrigo Martins Gomes,16,0,0.0
635,Rodrigo Martins Gomes,17,0,0.0
635,Rodrigo Martins Gomes,18,0,0.0
635,Rodrigo Martins Gomes,19,0,0.0
635,Rodrigo Martins Gomes,20,0,0.0
635,Rodrigo Martins Gomes,21,0,0.0
635,Rodrigo Martins Gomes,22,5,1.0
635,Rodrigo Martins Gomes,23,45,1.0
635,Rodrigo Martins Gomes,24,70,2.0
635,Rodrigo Martins Gomes,25,45,1.0
635,Rodrigo Martins Gomes,26,79,2.0
635,Rodrigo Martins Gomes,27,0,0.0
635,Rodrigo Martins Gomes,28,1,7.0
635,Rodrigo Martins Gomes,29,20,7.0
636,Santiago Ignacio Bueno,6,90,12.0
636,Santiago Ignacio Bueno,7,90,1.0
636,Santiago Ignacio Bueno,8,90,1.0
636,Santiago Ignacio Bueno,9,90,4.0
636,Santiago Ignacio Bueno,10,90,2.0
636,Santiago Ignacio Bueno,11,90,1.0
636,Santiago Ignacio Bueno,12,0,0.0
636,Santiago Ignacio Bueno,13,0,0.0
636,Santiago Ignacio Bueno,14,0,0.0
636,Santiago Ignacio Bueno,15,0,0.0
636,Santiago Ignacio Bueno,16,0,0.0
636,Santiago Ignacio Bueno,17,90,3.0
636,Santiago Ignacio Bueno,18,90,7.0
636,Santiago Ignacio Bueno,19,0,0.0
636,Santiago Ignacio Bueno,20,90,6.0
636,Santiago Ignacio Bueno,21,90,2.0
636,Santiago Ignacio Bueno,22,90,6.0
636,Santiago Ignacio Bueno,23,90,1.0
636,Santiago Ignacio Bueno,24,88,2.0
636,Santiago Ignacio Bueno,25,90,1.0
636,Santiago Ignacio Bueno,26,180,9.0
636,Santiago Ignacio Bueno,27,90,2.0
636,Santiago Ignacio Bueno,28,90,6.0
636,Santiago Ignacio Bueno,29,90,1.0
637,Toti Gomes,6,1,1.0
637,Toti Gomes,7,0,0.0
637,Toti Gomes,8,0,0.0
637,Toti Gomes,9,0,0.0
637,Toti Gomes,10,45,0.0
637,Toti Gomes,11,90,1.0
637,Toti Gomes,12,90,3.0
637,Toti Gomes,13,90,4.0
637,Toti Gomes,14,90,2.0
637,Toti Gomes,15,69,1.0
637,Toti Gomes,16,85,4.0
637,Toti Gomes,17,0,0.0
637,Toti Gomes,18,0,0.0
637,Toti Gomes,19,0,0.0
637,Toti Gomes,20,0,0.0
637,Toti Gomes,21,0,0.0
637,Toti Gomes,22,0,0.0
637,Toti Gomes,23,0,0.0
637,Toti Gomes,24,0,0.0
637,Toti Gomes,25,0,0.0
637,Toti Gomes,26,0,0.0
637,Toti Gomes,27,0,0.0
637,Toti Gomes,28,90,8.0
637,Toti Gomes,29,0,0.0
638,Ki-Jana Hoever,6,0,0.0
638,Ki-Jana Hoever,7,0,0.0
638,Ki-Jana Hoever,8,23,1.0
638,Ki-Jana Hoever,9,75,1.0
638,Ki-Jana Hoever,10,45,1.0
638,Ki-Jana Hoever,11,0,0.0
638,Ki-Jana Hoever,12,0,0.0
638,Ki-Jana Hoever,13,0,0.0
638,Ki-Jana Hoever,14,9,1.0
638,Ki-Jana Hoever,15,85,0.0
638,Ki-Jana Hoever,16,0,0.0
638,Ki-Jana Hoever,17,80,4.0
638,Ki-Jana Hoever,18,0,0.0
638,Ki-Jana Hoever,19,0,0.0
638,Ki-Jana Hoever,20,0,0.0
638,Ki-Jana Hoever,21,0,0.0
638,Ki-Jana Hoever,22,0,0.0
638,Ki-Jana Hoever,23,0,0.0
638,Ki-Jana Hoever,24,0,0.0
638,Ki-Jana Hoever,25,0,0.0
638,Ki-Jana Hoever,26,0,0.0
638,Ki-Jana Hoever,27,0,0.0
638,Ki-Jana Hoever,28,0,0.0
638,Ki-Jana Hoever,29,0,0.0
639,Bastien Meupiyou Menadjou,6,0,0.0
639,Bastien Meupiyou Menadjou,7,0,0.0
639,Bastien Meupiyou Menadjou,8,0,0.0
639,Bastien Meupiyou Menadjou,9,0,0.0
639,Bastien Meupiyou Menadjou,10,0,0.0
639,Bastien Meupiyou Menadjou,11,0,0.0
639,Bastien Meupiyou Menadjou,12,0,0.0
639,Bastien Meupiyou Menadjou,13,0,0.0
639,Bastien Meupiyou Menadjou,14,0,0.0
639,Bastien Meupiyou Menadjou,15,0,0.0
639,Bastien Meupiyou Menadjou,16,0,0.0
639,Bastien Meupiyou Menadjou,17,0,0.0
639,Bastien Meupiyou Menadjou,18,0,0.0
639,Bastien Meupiyou Menadjou,19,0,0.0
639,Bastien Meupiyou Menadjou,20,0,0.0
639,Bastien Meupiyou Menadjou,21,0,0.0
639,Bastien Meupiyou Menadjou,22,0,0.0
639,Bastien Meupiyou Menadjou,23,0,0.0
639,Bastien Meupiyou Menadjou,24,0,0.0
639,Bastien Meupiyou Menadjou,25,0,0.0
639,Bastien Meupiyou Menadjou,26,0,0.0
639,Bastien Meupiyou Menadjou,27,0,0.0
639,Bastien Meupiyou Menadjou,28,0,0.0
639,Bastien Meupiyou Menadjou,29,0,0.0
640,Pedro Cardoso de Lima,6,0,0.0
640,Pedro Cardoso de Lima,7,0,0.0
640,Pedro Cardoso de Lima,8,0,0.0
640,Pedro Cardoso de Lima,9,0,0.0
640,Pedro Cardoso de Lima,10,0,0.0
640,Pedro Cardoso de Lima,11,0,0.0
640,Pedro Cardoso de Lima,12,0,0.0
640,Pedro Cardoso de Lima,13,0,0.0
640,Pedro Cardoso de Lima,14,0,0.0
640,Pedro Cardoso de Lima,15,0,0.0
640,Pedro Cardoso de Lima,16,0,0.0
640,Pedro Cardoso de Lima,17,0,0.0
640,Pedro Cardoso de Lima,18,0,0.0
640,Pedro Cardoso de Lima,19,0,0.0
640,Pedro Cardoso de Lima,20,0,0.0
640,Pedro Cardoso de Lima,21,1,1.0
640,Pedro Cardoso de Lima,22,0,0.0
640,Pedro Cardoso de Lima,23,0,0.0
640,Pedro Cardoso de Lima,24,1,1.0
640,Pedro Cardoso de Lima,25,1,1.0
640,Pedro Cardoso de Lima,26,0,0.0
640,Pedro Cardoso de Lima,27,0,0.0
640,Pedro Cardoso de Lima,28,0,0.0
640,Pedro Cardoso de Lima,29,0,0.0
641,Alfie Pond,6,0,0.0
641,Alfie Pond,7,0,0.0
641,Alfie Pond,8,0,0.0
641,Alfie Pond,9,0,0.0
641,Alfie Pond,10,0,0.0
641,Alfie Pond,11,0,0.0
641,Alfie Pond,12,0,0.0
641,Alfie Pond,13,0,0.0
641,Alfie Pond,14,0,0.0
641,Alfie Pond,15,0,0.0
641,Alfie Pond,16,0,0.0
641,Alfie Pond,17,0,0.0
641,Alfie Pond,18,0,0.0
641,Alfie Pond,19,0,0.0
641,Alfie Pond,20,0,0.0
641,Alfie Pond,21,0,0.0
641,Alfie Pond,22,0,0.0
641,Alfie Pond,23,0,0.0
641,Alfie Pond,24,0,0.0
641,Alfie Pond,25,0,0.0
641,Alfie Pond,26,0,0.0
641,Alfie Pond,27,0,0.0
641,Alfie Pond,28,0,0.0
641,Alfie Pond,29,0,0.0
642,Hwang Hee-chan,6,45,1.0
642,Hwang Hee-chan,7,59,1.0
642,Hwang Hee-chan,8,0,0.0
642,Hwang Hee-chan,9,22,1.0
642,Hwang Hee-chan,10,0,0.0
642,Hwang Hee-chan,11,69,2.0
642,Hwang Hee-chan,12,24,1.0
642,Hwang Hee-chan,13,0,0.0
642,Hwang Hee-chan,14,23,1.0
642,Hwang Hee-chan,15,0,0.0
642,Hwang Hee-chan,16,79,1.0
642,Hwang Hee-chan,17,89,1.0
642,Hwang Hee-chan,18,61,2.0
642,Hwang Hee-chan,19,87,2.0
642,Hwang Hee-chan,20,60,11.0
642,Hwang Hee-chan,21,90,1.0
642,Hwang Hee-chan,22,84,3.0
642,Hwang Hee-chan,23,70,2.0
642,Hwang Hee-chan,24,69,2.0
642,Hwang Hee-chan,25,42,1.0
642,Hwang Hee-chan,26,0,0.0
642,Hwang Hee-chan,27,0,0.0
642,Hwang Hee-chan,28,0,0.0
642,Hwang Hee-chan,29,0,0.0
643,André Trindade da Costa Neto,6,90,5.0
643,André Trindade da Costa Neto,7,90,3.0
643,André Trindade da Costa Neto,8,90,4.0
643,André Trindade da Costa Neto,9,67,2.0
643,André Trindade da Costa Neto,10,14,1.0
643,André Trindade da Costa Neto,11,90,1.0
643,André Trindade da Costa Neto,12,90,4.0
643,André Trindade da Costa Neto,13,90,3.0
643,André Trindade da Costa Neto,14,90,2.0
643,André Trindade da Costa Neto,15,90,2.0
643,André Trindade da Costa Neto,16,90,4.0
643,André Trindade da Costa Neto,17,90,2.0
643,André Trindade da Costa Neto,18,90,3.0
643,André Trindade da Costa Neto,19,0,0.0
643,André Trindade da Costa Neto,20,45,1.0
643,André Trindade da Costa Neto,21,45,1.0
643,André Trindade da Costa Neto,22,90,2.0
643,André Trindade da Costa Neto,23,90,1.0
643,André Trindade da Costa Neto,24,79,3.0
643,André Trindade da Costa Neto,25,0,0.0
643,André Trindade da Costa Neto,26,90,2.0
643,André Trindade da Costa Neto,27,90,3.0
643,André Trindade da Costa Neto,28,88,5.0
643,André Trindade da Costa Neto,29,90,12.0
644,Jean-Ricner Bellegarde,6,26,1.0
644,Jean-Ricner Bellegarde,7,14,1.0
644,Jean-Ricner Bellegarde,8,0,0.0
644,Jean-Ricner Bellegarde,9,90,1.0
644,Jean-Ricner Bellegarde,10,63,2.0
644,Jean-Ricner Bellegarde,11,69,2.0
644,Jean-Ricner Bellegarde,12,24,1.0
644,Jean-Ricner Bellegarde,13,68,2.0
644,Jean-Ricner Bellegarde,14,66,3.0
644,Jean-Ricner Bellegarde,15,53,6.0
644,Jean-Ricner Bellegarde,16,0,0.0
644,Jean-Ricner Bellegarde,17,0,0.0
644,Jean-Ricner Bellegarde,18,0,0.0
644,Jean-Ricner Bellegarde,19,0,0.0
644,Jean-Ricner Bellegarde,20,0,0.0
644,Jean-Ricner Bellegarde,21,0,0.0
644,Jean-Ricner Bellegarde,22,0,0.0
644,Jean-Ricner Bellegarde,23,0,0.0
644,Jean-Ricner Bellegarde,24,19,1.0
644,Jean-Ricner Bellegarde,25,11,1.0
644,Jean-Ricner Bellegarde,26,95,1.0
644,Jean-Ricner Bellegarde,27,86,3.0
644,Jean-Ricner Bellegarde,28,80,2.0
644,Jean-Ricner Bellegarde,29,30,1.0
645,Fer López González,6,0,0.0
645,Fer López González,7,0,0.0
645,Fer López González,8,14,1.0
645,Fer López González,9,0,0.0
645,Fer López González,10,0,0.0
645,Fer López González,11,0,0.0
645,Fer López González,12,0,0.0
645,Fer López González,13,0,0.0
645,Fer López González,14,0,0.0
645,Fer López González,15,36,1.0
645,Fer López González,16,10,1.0
645,Fer López González,17,64,2.0
645,Fer López González,18,0,0.0
645,Fer López González,19,2,1.0
645,Fer López González,20,0,0.0
645,Fer López González,21,0,0.0
645,Fer López González,22,0,0.0
645,Fer López González,23,0,0.0
645,Fer López González,24,0,0.0
645,Fer López González,25,0,0.0
645,Fer López González,26,0,0.0
645,Fer López González,27,0,0.0
645,Fer López González,28,0,0.0
645,Fer López González,29,0,0.0
646,João Victor Gomes da Silva,6,63,2.0
646,João Victor Gomes da Silva,7,90,4.0
646,João Victor Gomes da Silva,8,75,2.0
646,João Victor Gomes da Silva,9,22,1.0
646,João Victor Gomes da Silva,10,45,1.0
646,João Victor Gomes da Silva,11,90,2.0
646,João Victor Gomes da Silva,12,90,3.0
646,João Victor Gomes da Silva,13,90,4.0
646,João Victor Gomes da Silva,14,84,1.0
646,João Victor Gomes da Silva,15,0,0.0
646,João Victor Gomes da Silva,16,90,5.0
646,João Victor Gomes da Silva,17,90,1.0
646,João Victor Gomes da Silva,18,90,4.0
646,João Victor Gomes da Silva,19,90,4.0
646,João Victor Gomes da Silva,20,45,1.0
646,João Victor Gomes da Silva,21,90,4.0
646,João Victor Gomes da Silva,22,70,3.0
646,João Victor Gomes da Silva,23,90,3.0
646,João Victor Gomes da Silva,24,90,3.0
646,João Victor Gomes da Silva,25,90,2.0
646,João Victor Gomes da Silva,26,90,5.0
646,João Victor Gomes da Silva,27,3,1.0
646,João Victor Gomes da Silva,28,90,14.0
646,João Victor Gomes da Silva,29,90,3.0
647,Gonçalo Manuel Ganchinho Guedes,6,0,0.0
647,Gonçalo Manuel Ganchinho Guedes,7,0,0.0
647,Gonçalo Manuel Ganchinho Guedes,8,0,0.0
647,Gonçalo Manuel Ganchinho Guedes,9,0,0.0
647,Gonçalo Manuel Ganchinho Guedes,10,0,0.0
647,Gonçalo Manuel Ganchinho Guedes,11,0,0.0
647,Gonçalo Manuel Ganchinho Guedes,12,0,0.0
647,Gonçalo Manuel Ganchinho Guedes,13,0,0.0
647,Gonçalo Manuel Ganchinho Guedes,14,0,0.0
647,Gonçalo Manuel Ganchinho Guedes,15,0,0.0
647,Gonçalo Manuel Ganchinho Guedes,16,0,0.0
647,Gonçalo Manuel Ganchinho Guedes,17,0,0.0
647,Gonçalo Manuel Ganchinho Guedes,18,0,0.0
647,Gonçalo Manuel Ganchinho Guedes,19,0,0.0
647,Gonçalo Manuel Ganchinho Guedes,20,0,0.0
647,Gonçalo Manuel Ganchinho Guedes,21,0,0.0
647,Gonçalo Manuel Ganchinho Guedes,22,0,0.0
647,Gonçalo Manuel Ganchinho Guedes,23,0,0.0
647,Gonçalo Manuel Ganchinho Guedes,24,0,0.0
647,Gonçalo Manuel Ganchinho Guedes,25,0,0.0
647,Gonçalo Manuel Ganchinho Guedes,26,0,0.0
647,Gonçalo Manuel Ganchinho Guedes,27,0,0.0
647,Gonçalo Manuel Ganchinho Guedes,28,0,0.0
647,Gonçalo Manuel Ganchinho Guedes,29,0,0.0
648,Marshall Munetsi,6,90,4.0
648,Marshall Munetsi,7,90,5.0
648,Marshall Munetsi,8,90,4.0
648,Marshall Munetsi,9,83,8.0
648,Marshall Munetsi,10,90,4.0
648,Marshall Munetsi,11,20,0.0
648,Marshall Munetsi,12,65,2.0
648,Marshall Munetsi,13,0,0.0
648,Marshall Munetsi,14,5,1.0
648,Marshall Munetsi,15,0,0.0
648,Marshall Munetsi,16,0,0.0
648,Marshall Munetsi,17,0,0.0
648,Marshall Munetsi,18,0,0.0
648,Marshall Munetsi,19,0,0.0
648,Marshall Munetsi,20,0,0.0
648,Marshall Munetsi,21,0,0.0
648,Marshall Munetsi,22,0,0.0
648,Marshall Munetsi,23,0,0.0
648,Marshall Munetsi,24,0,0.0
648,Marshall Munetsi,25,0,0.0
648,Marshall Munetsi,26,0,0.0
648,Marshall Munetsi,27,0,0.0
648,Marshall Munetsi,28,0,0.0
648,Marshall Munetsi,29,0,0.0
649,Boubacar Traoré,6,0,0.0
649,Boubacar Traoré,7,0,0.0
649,Boubacar Traoré,8,0,0.0
649,Boubacar Traoré,9,0,0.0
649,Boubacar Traoré,10,0,0.0
649,Boubacar Traoré,11,0,0.0
649,Boubacar Traoré,12,0,0.0
649,Boubacar Traoré,13,0,0.0
649,Boubacar Traoré,14,0,0.0
649,Boubacar Traoré,15,0,0.0
649,Boubacar Traoré,16,0,0.0
649,Boubacar Traoré,17,0,0.0
649,Boubacar Traoré,18,0,0.0
649,Boubacar Traoré,19,0,0.0
649,Boubacar Traoré,20,0,0.0
649,Boubacar Traoré,21,0,0.0
649,Boubacar Traoré,22,0,0.0
649,Boubacar Traoré,23,0,0.0
649,Boubacar Traoré,24,0,0.0
649,Boubacar Traoré,25,0,0.0
649,Boubacar Traoré,26,0,0.0
649,Boubacar Traoré,27,0,0.0
649,Boubacar Traoré,28,0,0.0
649,Boubacar Traoré,29,0,0.0
650,Tawanda Chirewa,6,0,0.0
650,Tawanda Chirewa,7,0,0.0
650,Tawanda Chirewa,8,0,0.0
650,Tawanda Chirewa,9,0,0.0
650,Tawanda Chirewa,10,0,0.0
650,Tawanda Chirewa,11,0,0.0
650,Tawanda Chirewa,12,0,0.0
650,Tawanda Chirewa,13,21,1.0
650,Tawanda Chirewa,14,0,0.0
650,Tawanda Chirewa,15,0,0.0
650,Tawanda Chirewa,16,0,0.0
650,Tawanda Chirewa,17,0,0.0
650,Tawanda Chirewa,18,0,0.0
650,Tawanda Chirewa,19,0,0.0
650,Tawanda Chirewa,20,4,1.0
650,Tawanda Chirewa,21,0,0.0
650,Tawanda Chirewa,22,0,0.0
650,Tawanda Chirewa,23,0,0.0
650,Tawanda Chirewa,24,0,0.0
650,Tawanda Chirewa,25,0,0.0
650,Tawanda Chirewa,26,0,0.0
650,Tawanda Chirewa,27,0,0.0
650,Tawanda Chirewa,28,0,0.0
650,Tawanda Chirewa,29,0,0.0
651,Tom Edozie,6,0,0.0
651,Tom Edozie,7,0,0.0
651,Tom Edozie,8,0,0.0
651,Tom Edozie,9,0,0.0
651,Tom Edozie,10,0,0.0
651,Tom Edozie,11,0,0.0
651,Tom Edozie,12,0,0.0
651,Tom Edozie,13,0,0.0
651,Tom Edozie,14,0,0.0
651,Tom Edozie,15,0,0.0
651,Tom Edozie,16,0,0.0
651,Tom Edozie,17,0,0.0
651,Tom Edozie,18,0,0.0
651,Tom Edozie,19,0,0.0
651,Tom Edozie,20,0,0.0
651,Tom Edozie,21,0,0.0
651,Tom Edozie,22,0,0.0
651,Tom Edozie,23,0,0.0
651,Tom Edozie,24,0,0.0
651,Tom Edozie,25,0,0.0
651,Tom Edozie,26,6,6.0
651,Tom Edozie,27,0,0.0
651,Tom Edozie,28,0,0.0
651,Tom Edozie,29,0,0.0
652,Enso González Medina,6,0,0.0
652,Enso González Medina,7,0,0.0
652,Enso González Medina,8,0,0.0
652,Enso González Medina,9,0,0.0
652,Enso González Medina,10,0,0.0
652,Enso González Medina,11,0,0.0
652,Enso González Medina,12,0,0.0
652,Enso González Medina,13,0,0.0
652,Enso González Medina,14,0,0.0
652,Enso González Medina,15,0,0.0
652,Enso González Medina,16,0,0.0
652,Enso González Medina,17,0,0.0
652,Enso González Medina,18,0,0.0
652,Enso González Medina,19,0,0.0
652,Enso González Medina,20,0,0.0
652,Enso González Medina,21,0,0.0
652,Enso González Medina,22,0,0.0
652,Enso González Medina,23,0,0.0
652,Enso González Medina,24,0,0.0
652,Enso González Medina,25,0,0.0
652,Enso González Medina,26,0,0.0
652,Enso González Medina,27,0,0.0
652,Enso González Medina,28,0,0.0
652,Enso González Medina,29,0,0.0
653,Joe Hodge,6,0,0.0
653,Joe Hodge,7,0,0.0
653,Joe Hodge,8,0,0.0
653,Joe Hodge,9,0,0.0
653,Joe Hodge,10,0,0.0
653,Joe Hodge,11,0,0.0
653,Joe Hodge,12,0,0.0
653,Joe Hodge,13,0,0.0
653,Joe Hodge,14,0,0.0
653,Joe Hodge,15,0,0.0
653,Joe Hodge,16,0,0.0
653,Joe Hodge,17,0,0.0
653,Joe Hodge,18,0,0.0
653,Joe Hodge,19,0,0.0
653,Joe Hodge,20,0,0.0
653,Joe Hodge,21,0,0.0
653,Joe Hodge,22,0,0.0
653,Joe Hodge,23,0,0.0
653,Joe Hodge,24,0,0.0
653,Joe Hodge,25,0,0.0
653,Joe Hodge,26,0,0.0
653,Joe Hodge,27,0,0.0
653,Joe Hodge,28,0,0.0
653,Joe Hodge,29,0,0.0
654,Jørgen Strand Larsen,6,83,2.0
654,Jørgen Strand Larsen,7,76,2.0
654,Jørgen Strand Larsen,8,90,2.0
654,Jørgen Strand Larsen,9,90,6.0
654,Jørgen Strand Larsen,10,75,2.0
654,Jørgen Strand Larsen,11,90,2.0
654,Jørgen Strand Larsen,12,90,2.0
654,Jørgen Strand Larsen,13,90,2.0
654,Jørgen Strand Larsen,14,90,2.0
654,Jørgen Strand Larsen,15,68,1.0
654,Jørgen Strand Larsen,16,68,2.0
654,Jørgen Strand Larsen,17,90,0.0
654,Jørgen Strand Larsen,18,28,1.0
654,Jørgen Strand Larsen,19,26,0.0
654,Jørgen Strand Larsen,20,29,1.0
654,Jørgen Strand Larsen,21,23,4.0
654,Jørgen Strand Larsen,22,25,1.0
654,Jørgen Strand Larsen,23,45,1.0
654,Jørgen Strand Larsen,24,20,1.0
654,Jørgen Strand Larsen,25,90,1.0
654,Jørgen Strand Larsen,26,90,13.0
654,Jørgen Strand Larsen,27,90,2.0
654,Jørgen Strand Larsen,28,57,1.0
654,Jørgen Strand Larsen,29,80,5.0
655,Fábio Soares Silva,6,0,0.0
655,Fábio Soares Silva,7,0,0.0
655,Fábio Soares Silva,8,0,0.0
655,Fábio Soares Silva,9,0,0.0
655,Fábio Soares Silva,10,0,0.0
655,Fábio Soares Silva,11,0,0.0
655,Fábio Soares Silva,12,0,0.0
655,Fábio Soares Silva,13,0,0.0
655,Fábio Soares Silva,14,0,0.0
655,Fábio Soares Silva,15,0,0.0
655,Fábio Soares Silva,16,0,0.0
655,Fábio Soares Silva,17,0,0.0
655,Fábio Soares Silva,18,0,0.0
655,Fábio Soares Silva,19,0,0.0
655,Fábio Soares Silva,20,0,0.0
655,Fábio Soares Silva,21,0,0.0
655,Fábio Soares Silva,22,0,0.0
655,Fábio Soares Silva,23,0,0.0
655,Fábio Soares Silva,24,0,0.0
655,Fábio Soares Silva,25,0,0.0
655,Fábio Soares Silva,26,0,0.0
655,Fábio Soares Silva,27,0,0.0
655,Fábio Soares Silva,28,0,0.0
655,Fábio Soares Silva,29,0,0.0
656,Saša Kalajdžić,6,0,0.0
656,Saša Kalajdžić,7,0,0.0
656,Saša Kalajdžić,8,0,0.0
656,Saša Kalajdžić,9,0,0.0
656,Saša Kalajdžić,10,0,0.0
656,Saša Kalajdžić,11,0,0.0
656,Saša Kalajdžić,12,0,0.0
656,Saša Kalajdžić,13,0,0.0
656,Saša Kalajdžić,14,0,0.0
656,Saša Kalajdžić,15,0,0.0
656,Saša Kalajdžić,16,0,0.0
656,Saša Kalajdžić,17,0,0.0
656,Saša Kalajdžić,18,0,0.0
656,Saša Kalajdžić,19,0,0.0
656,Saša Kalajdžić,20,0,0.0
656,Saša Kalajdžić,21,0,0.0
656,Saša Kalajdžić,22,0,0.0
656,Saša Kalajdžić,23,0,0.0
656,Saša Kalajdžić,24,0,0.0
656,Saša Kalajdžić,25,0,0.0
656,Saša Kalajdžić,26,0,0.0
656,Saša Kalajdžić,27,0,0.0
656,Saša Kalajdžić,28,0,0.0
656,Saša Kalajdžić,29,0,0.0
657,Leon Chiwome,6,0,0.0
657,Leon Chiwome,7,0,0.0
657,Leon Chiwome,8,0,0.0
657,Leon Chiwome,9,0,0.0
657,Leon Chiwome,10,0,0.0
657,Leon Chiwome,11,0,0.0
657,Leon Chiwome,12,0,0.0
657,Leon Chiwome,13,0,0.0
657,Leon Chiwome,14,0,0.0
657,Leon Chiwome,15,0,0.0
657,Leon Chiwome,16,0,0.0
657,Leon Chiwome,17,0,0.0
657,Leon Chiwome,18,0,0.0
657,Leon Chiwome,19,0,0.0
657,Leon Chiwome,20,0,0.0
657,Leon Chiwome,21,0,0.0
657,Leon Chiwome,22,0,0.0
657,Leon Chiwome,23,0,0.0
657,Leon Chiwome,24,0,0.0
657,Leon Chiwome,25,0,0.0
657,Leon Chiwome,26,0,0.0
657,Leon Chiwome,27,0,0.0
657,Leon Chiwome,28,0,0.0
657,Leon Chiwome,29,0,0.0
658,Nathan Fraser,6,0,0.0
658,Nathan Fraser,7,0,0.0
658,Nathan Fraser,8,0,0.0
658,Nathan Fraser,9,0,0.0
658,Nathan Fraser,10,0,0.0
658,Nathan Fraser,11,0,0.0
658,Nathan Fraser,12,0,0.0
658,Nathan Fraser,13,0,0.0
658,Nathan Fraser,14,0,0.0
658,Nathan Fraser,15,0,0.0
658,Nathan Fraser,16,0,0.0
658,Nathan Fraser,17,0,0.0
658,Nathan Fraser,18,0,0.0
658,Nathan Fraser,19,0,0.0
658,Nathan Fraser,20,0,0.0
658,Nathan Fraser,21,0,0.0
658,Nathan Fraser,22,0,0.0
658,Nathan Fraser,23,0,0.0
658,Nathan Fraser,24,0,0.0
658,Nathan Fraser,25,0,0.0
658,Nathan Fraser,26,0,0.0
658,Nathan Fraser,27,0,0.0
658,Nathan Fraser,28,0,0.0
658,Nathan Fraser,29,0,0.0
659,Kyle Walker-Peters,6,90,1.0
659,Kyle Walker-Peters,7,11,1.0
659,Kyle Walker-Peters,8,45,1.0
659,Kyle Walker-Peters,9,11,1.0
659,Kyle Walker-Peters,10,11,1.0
659,Kyle Walker-Peters,11,7,7.0
659,Kyle Walker-Peters,12,45,0.0
659,Kyle Walker-Peters,13,0,0.0
659,Kyle Walker-Peters,14,0,0.0
659,Kyle Walker-Peters,15,0,0.0
659,Kyle Walker-Peters,16,0,0.0
659,Kyle Walker-Peters,17,90,3.0
659,Kyle Walker-Peters,18,90,2.0
659,Kyle Walker-Peters,19,82,1.0
659,Kyle Walker-Peters,20,90,3.0
659,Kyle Walker-Peters,21,90,0.0
659,Kyle Walker-Peters,22,0,0.0
659,Kyle Walker-Peters,23,0,0.0
659,Kyle Walker-Peters,24,0,0.0
659,Kyle Walker-Peters,25,1,1.0
659,Kyle Walker-Peters,26,1,1.0
659,Kyle Walker-Peters,27,0,0.0
659,Kyle Walker-Peters,28,0,0.0
659,Kyle Walker-Peters,29,0,0.0
660,Anton Stach,6,90,2.0
660,Anton Stach,7,66,2.0
660,Anton Stach,8,72,2.0
660,Anton Stach,9,0,0.0
660,Anton Stach,10,30,1.0
660,Anton Stach,11,90,4.0
660,Anton Stach,12,22,4.0
660,Anton Stach,13,0,0.0
660,Anton Stach,14,90,6.0
660,Anton Stach,15,90,12.0
660,Anton Stach,16,90,2.0
660,Anton Stach,17,90,8.0
660,Anton Stach,18,90,4.0
660,Anton Stach,19,90,5.0
660,Anton Stach,20,90,4.0
660,Anton Stach,21,79,2.0
660,Anton Stach,22,0,0.0
660,Anton Stach,23,84,8.0
660,Anton Stach,24,80,2.0
660,Anton Stach,25,0,0.0
660,Anton Stach,26,0,0.0
660,Anton Stach,27,82,11.0
660,Anton Stach,28,90,2.0
660,Anton Stach,29,90,4.0
661,Hugo Ekitiké,6,0,0.0
661,Hugo Ekitiké,7,16,1.0
661,Hugo Ekitiké,8,28,1.0
661,Hugo Ekitiké,9,90,2.0
661,Hugo Ekitiké,10,76,2.0
661,Hugo Ekitiké,11,55,1.0
661,Hugo Ekitiké,12,35,1.0
661,Hugo Ekitiké,13,22,1.0
661,Hugo Ekitiké,14,16,1.0
661,Hugo Ekitiké,15,83,13.0
661,Hugo Ekitiké,16,77,13.0
661,Hugo Ekitiké,17,90,9.0
661,Hugo Ekitiké,18,85,5.0
661,Hugo Ekitiké,19,90,2.0
661,Hugo Ekitiké,20,0,0.0
661,Hugo Ekitiké,21,0,0.0
661,Hugo Ekitiké,22,90,2.0
661,Hugo Ekitiké,23,31,1.0
661,Hugo Ekitiké,24,83,13.0
661,Hugo Ekitiké,25,90,2.0
661,Hugo Ekitiké,26,87,2.0
661,Hugo Ekitiké,27,90,2.0
661,Hugo Ekitiké,28,75,15.0
661,Hugo Ekitiké,29,90,2.0
662,Cristhian Mosquera,6,45,1.0
662,Cristhian Mosquera,7,0,0.0
662,Cristhian Mosquera,8,0,0.0
662,Cristhian Mosquera,9,45,1.0
662,Cristhian Mosquera,10,0,0.0
662,Cristhian Mosquera,11,2,1.0
662,Cristhian Mosquera,12,2,1.0
662,Cristhian Mosquera,13,90,1.0
662,Cristhian Mosquera,14,43,1.0
662,Cristhian Mosquera,15,0,0.0
662,Cristhian Mosquera,16,0,0.0
662,Cristhian Mosquera,17,0,0.0
662,Cristhian Mosquera,18,0,0.0
662,Cristhian Mosquera,19,0,0.0
662,Cristhian Mosquera,20,0,0.0
662,Cristhian Mosquera,21,0,0.0
662,Cristhian Mosquera,22,0,0.0
662,Cristhian Mosquera,23,0,0.0
662,Cristhian Mosquera,24,0,0.0
662,Cristhian Mosquera,25,0,0.0
662,Cristhian Mosquera,26,90,4.0
662,Cristhian Mosquera,27,33,1.0
662,Cristhian Mosquera,28,0,0.0
662,Cristhian Mosquera,29,63,5.0
663,Jhon Arias,6,90,5.0
663,Jhon Arias,7,90,3.0
663,Jhon Arias,8,76,2.0
663,Jhon Arias,9,67,2.0
663,Jhon Arias,10,45,1.0
663,Jhon Arias,11,0,0.0
663,Jhon Arias,12,15,1.0
663,Jhon Arias,13,87,1.0
663,Jhon Arias,14,80,2.0
663,Jhon Arias,15,69,2.0
663,Jhon Arias,16,10,1.0
663,Jhon Arias,17,1,1.0
663,Jhon Arias,18,11,1.0
663,Jhon Arias,19,90,4.0
663,Jhon Arias,20,90,9.0
663,Jhon Arias,21,45,1.0
663,Jhon Arias,22,19,1.0
663,Jhon Arias,23,45,1.0
663,Jhon Arias,24,10,1.0
663,Jhon Arias,25,0,0.0
663,Jhon Arias,26,0,0.0
663,Jhon Arias,27,0,0.0
663,Jhon Arias,28,0,0.0
663,Jhon Arias,29,0,0.0
664,Benjamin Lecomte,6,0,0.0
664,Benjamin Lecomte,7,0,0.0
664,Benjamin Lecomte,8,0,0.0
664,Benjamin Lecomte,9,0,0.0
664,Benjamin Lecomte,10,0,0.0
664,Benjamin Lecomte,11,0,0.0
664,Benjamin Lecomte,12,0,0.0
664,Benjamin Lecomte,13,0,0.0
664,Benjamin Lecomte,14,0,0.0
664,Benjamin Lecomte,15,0,0.0
664,Benjamin Lecomte,16,0,0.0
664,Benjamin Lecomte,17,0,0.0
664,Benjamin Lecomte,18,0,0.0
664,Benjamin Lecomte,19,0,0.0
664,Benjamin Lecomte,20,0,0.0
664,Benjamin Lecomte,21,0,0.0
664,Benjamin Lecomte,22,0,0.0
664,Benjamin Lecomte,23,0,0.0
664,Benjamin Lecomte,24,0,0.0
664,Benjamin Lecomte,25,0,0.0
664,Benjamin Lecomte,26,0,0.0
664,Benjamin Lecomte,27,0,0.0
664,Benjamin Lecomte,28,0,0.0
664,Benjamin Lecomte,29,0,0.0
665,Lucas Estella Perri,6,0,0.0
665,Lucas Estella Perri,7,0,0.0
665,Lucas Estella Perri,8,0,0.0
665,Lucas Estella Perri,9,90,1.0
665,Lucas Estella Perri,10,90,2.0
665,Lucas Estella Perri,11,90,2.0
665,Lucas Estella Perri,12,90,1.0
665,Lucas Estella Perri,13,90,3.0
665,Lucas Estella Perri,14,90,2.0
665,Lucas Estella Perri,15,90,2.0
665,Lucas Estella Perri,16,90,2.0
665,Lucas Estella Perri,17,90,1.0
665,Lucas Estella Perri,18,90,2.0
665,Lucas Estella Perri,19,90,10.0
665,Lucas Estella Perri,20,90,2.0
665,Lucas Estella Perri,21,90,1.0
665,Lucas Estella Perri,22,0,0.0
665,Lucas Estella Perri,23,0,0.0
665,Lucas Estella Perri,24,0,0.0
665,Lucas Estella Perri,25,0,0.0
665,Lucas Estella Perri,26,0,0.0
665,Lucas Estella Perri,27,0,0.0
665,Lucas Estella Perri,28,0,0.0
665,Lucas Estella Perri,29,0,0.0
666,Viktor Gyökeres,6,90,2.0
666,Viktor Gyökeres,7,90,2.0
666,Viktor Gyökeres,8,90,2.0
666,Viktor Gyökeres,9,90,2.0
666,Viktor Gyökeres,10,45,7.0
666,Viktor Gyökeres,11,0,0.0
666,Viktor Gyökeres,12,0,0.0
666,Viktor Gyökeres,13,18,0.0
666,Viktor Gyökeres,14,7,1.0
666,Viktor Gyökeres,15,45,1.0
666,Viktor Gyökeres,16,80,2.0
666,Viktor Gyökeres,17,64,5.0
666,Viktor Gyökeres,18,70,2.0
666,Viktor Gyökeres,19,76,2.0
666,Viktor Gyökeres,20,65,2.0
666,Viktor Gyökeres,21,63,2.0
666,Viktor Gyökeres,22,56,1.0
666,Viktor Gyökeres,23,32,1.0
666,Viktor Gyökeres,24,75,7.0
666,Viktor Gyökeres,25,30,12.0
666,Viktor Gyökeres,26,154,3.0
666,Viktor Gyökeres,27,90,13.0
666,Viktor Gyökeres,28,75,2.0
666,Viktor Gyökeres,29,58,1.0
667,Adam Aznou,6,0,0.0
667,Adam Aznou,7,0,0.0
667,Adam Aznou,8,0,0.0
667,Adam Aznou,9,0,0.0
667,Adam Aznou,10,0,0.0
667,Adam Aznou,11,0,0.0
667,Adam Aznou,12,0,0.0
667,Adam Aznou,13,0,0.0
667,Adam Aznou,14,0,0.0
667,Adam Aznou,15,0,0.0
667,Adam Aznou,16,0,0.0
667,Adam Aznou,17,0,0.0
667,Adam Aznou,18,0,0.0
667,Adam Aznou,19,0,0.0
667,Adam Aznou,20,0,0.0
667,Adam Aznou,21,0,0.0
667,Adam Aznou,22,0,0.0
667,Adam Aznou,23,0,0.0
667,Adam Aznou,24,0,0.0
667,Adam Aznou,25,0,0.0
667,Adam Aznou,26,0,0.0
667,Adam Aznou,27,0,0.0
667,Adam Aznou,28,0,0.0
667,Adam Aznou,29,0,0.0
668,Granit Xhaka,6,90,9.0
668,Granit Xhaka,7,90,3.0
668,Granit Xhaka,8,90,5.0
668,Granit Xhaka,9,90,2.0
668,Granit Xhaka,10,90,10.0
668,Granit Xhaka,11,90,3.0
668,Granit Xhaka,12,90,2.0
668,Granit Xhaka,13,90,5.0
668,Granit Xhaka,14,90,4.0
668,Granit Xhaka,15,72,2.0
668,Granit Xhaka,16,90,3.0
668,Granit Xhaka,17,90,3.0
668,Granit Xhaka,18,90,6.0
668,Granit Xhaka,19,90,5.0
668,Granit Xhaka,20,90,4.0
668,Granit Xhaka,21,90,2.0
668,Granit Xhaka,22,90,2.0
668,Granit Xhaka,23,0,0.0
668,Granit Xhaka,24,0,0.0
668,Granit Xhaka,25,0,0.0
668,Granit Xhaka,26,0,0.0
668,Granit Xhaka,27,19,1.0
668,Granit Xhaka,28,75,2.0
668,Granit Xhaka,29,35,1.0
669,Dan Ndoye,6,59,1.0
669,Dan Ndoye,7,64,2.0
669,Dan Ndoye,8,0,0.0
669,Dan Ndoye,9,82,2.0
669,Dan Ndoye,10,90,1.0
669,Dan Ndoye,11,90,5.0
669,Dan Ndoye,12,85,3.0
669,Dan Ndoye,13,45,1.0
669,Dan Ndoye,14,66,3.0
669,Dan Ndoye,15,45,1.0
669,Dan Ndoye,16,1,1.0
669,Dan Ndoye,17,0,0.0
669,Dan Ndoye,18,0,0.0
669,Dan Ndoye,19,0,0.0
669,Dan Ndoye,20,0,0.0
669,Dan Ndoye,21,0,0.0
669,Dan Ndoye,22,14,1.0
669,Dan Ndoye,23,0,0.0
669,Dan Ndoye,24,20,1.0
669,Dan Ndoye,25,23,1.0
669,Dan Ndoye,26,25,1.0
669,Dan Ndoye,27,24,1.0
669,Dan Ndoye,28,8,1.0
669,Dan Ndoye,29,0,0.0
670,Robin Roefs,6,90,10.0
670,Robin Roefs,7,90,2.0
670,Robin Roefs,8,90,7.0
670,Robin Roefs,9,90,4.0
670,Robin Roefs,10,90,2.0
670,Robin Roefs,11,90,2.0
670,Robin Roefs,12,90,3.0
670,Robin Roefs,13,90,1.0
670,Robin Roefs,14,90,3.0
670,Robin Roefs,15,90,1.0
670,Robin Roefs,16,90,9.0
670,Robin Roefs,17,90,7.0
670,Robin Roefs,18,90,3.0
670,Robin Roefs,19,90,7.0
670,Robin Roefs,20,90,3.0
670,Robin Roefs,21,90,2.0
670,Robin Roefs,22,90,2.0
670,Robin Roefs,23,90,1.0
670,Robin Roefs,24,90,6.0
670,Robin Roefs,25,90,1.0
670,Robin Roefs,26,90,2.0
670,Robin Roefs,27,90,1.0
670,Robin Roefs,28,90,2.0
670,Robin Roefs,29,0,0.0
671,Callum Wilson,6,0,0.0
671,Callum Wilson,7,0,0.0
671,Callum Wilson,8,0,0.0
671,Callum Wilson,9,65,2.0
671,Callum Wilson,10,60,2.0
671,Callum Wilson,11,70,7.0
671,Callum Wilson,12,51,12.0
671,Callum Wilson,13,77,2.0
671,Callum Wilson,14,86,2.0
671,Callum Wilson,15,18,4.0
671,Callum Wilson,16,9,1.0
671,Callum Wilson,17,11,1.0
671,Callum Wilson,18,34,1.0
671,Callum Wilson,19,62,5.0
671,Callum Wilson,20,90,2.0
671,Callum Wilson,21,0,0.0
671,Callum Wilson,22,1,6.0
671,Callum Wilson,23,20,1.0
671,Callum Wilson,24,14,1.0
671,Callum Wilson,25,56,1.0
671,Callum Wilson,26,21,1.0
671,Callum Wilson,27,18,1.0
671,Callum Wilson,28,0,0.0
671,Callum Wilson,29,59,1.0
672,Jorrel Hato,6,78,2.0
672,Jorrel Hato,7,22,1.0
672,Jorrel Hato,8,0,0.0
672,Jorrel Hato,9,0,0.0
672,Jorrel Hato,10,0,0.0
672,Jorrel Hato,11,0,0.0
672,Jorrel Hato,12,0,0.0
672,Jorrel Hato,13,0,0.0
672,Jorrel Hato,14,0,0.0
672,Jorrel Hato,15,0,0.0
672,Jorrel Hato,16,0,0.0
672,Jorrel Hato,17,0,0.0
672,Jorrel Hato,18,0,0.0
672,Jorrel Hato,19,0,0.0
672,Jorrel Hato,20,28,1.0
672,Jorrel Hato,21,62,1.0
672,Jorrel Hato,22,5,1.0
672,Jorrel Hato,23,9,1.0
672,Jorrel Hato,24,45,0.0
672,Jorrel Hato,25,6,1.0
672,Jorrel Hato,26,45,0.0
672,Jorrel Hato,27,10,0.0
672,Jorrel Hato,28,74,0.0
672,Jorrel Hato,29,90,2.0
673,João Maria Lobo Alves Palhares Costa Palhinha Gonçalves,6,90,9.0
673,João Maria Lobo Alves Palhares Costa Palhinha Gonçalves,7,90,1.0
673,João Maria Lobo Alves Palhares Costa Palhinha Gonçalves,8,90,9.0
673,João Maria Lobo Alves Palhares Costa Palhinha Gonçalves,9,90,5.0
673,João Maria Lobo Alves Palhares Costa Palhinha Gonçalves,10,90,4.0
673,João Maria Lobo Alves Palhares Costa Palhinha Gonçalves,11,78,3.0
673,João Maria Lobo Alves Palhares Costa Palhinha Gonçalves,12,90,8.0
673,João Maria Lobo Alves Palhares Costa Palhinha Gonçalves,13,59,1.0
673,João Maria Lobo Alves Palhares Costa Palhinha Gonçalves,14,0,0.0
673,João Maria Lobo Alves Palhares Costa Palhinha Gonçalves,15,25,1.0
673,João Maria Lobo Alves Palhares Costa Palhinha Gonçalves,16,31,1.0
673,João Maria Lobo Alves Palhares Costa Palhinha Gonçalves,17,19,4.0
673,João Maria Lobo Alves Palhares Costa Palhinha Gonçalves,18,27,1.0
673,João Maria Lobo Alves Palhares Costa Palhinha Gonçalves,19,79,2.0
673,João Maria Lobo Alves Palhares Costa Palhinha Gonçalves,20,18,0.0
673,João Maria Lobo Alves Palhares Costa Palhinha Gonçalves,21,90,9.0
673,João Maria Lobo Alves Palhares Costa Palhinha Gonçalves,22,0,0.0
673,João Maria Lobo Alves Palhares Costa Palhinha Gonçalves,23,0,0.0
673,João Maria Lobo Alves Palhares Costa Palhinha Gonçalves,24,90,4.0
673,João Maria Lobo Alves Palhares Costa Palhinha Gonçalves,25,79,1.0
673,João Maria Lobo Alves Palhares Costa Palhinha Gonçalves,26,45,1.0
673,João Maria Lobo Alves Palhares Costa Palhinha Gonçalves,27,81,4.0
673,João Maria Lobo Alves Palhares Costa Palhinha Gonçalves,28,90,2.0
673,João Maria Lobo Alves Palhares Costa Palhinha Gonçalves,29,90,4.0
674,Aaron Ramsdale,6,0,0.0
674,Aaron Ramsdale,7,0,0.0
674,Aaron Ramsdale,8,0,0.0
674,Aaron Ramsdale,9,0,0.0
674,Aaron Ramsdale,10,0,0.0
674,Aaron Ramsdale,11,13,0.0
674,Aaron Ramsdale,12,0,0.0
674,Aaron Ramsdale,13,90,2.0
674,Aaron Ramsdale,14,90,1.0
674,Aaron Ramsdale,15,90,2.0
674,Aaron Ramsdale,16,90,2.0
674,Aaron Ramsdale,17,90,1.0
674,Aaron Ramsdale,18,90,3.0
674,Aaron Ramsdale,19,0,0.0
674,Aaron Ramsdale,20,0,0.0
674,Aaron Ramsdale,21,0,0.0
674,Aaron Ramsdale,22,0,0.0
674,Aaron Ramsdale,23,0,0.0
674,Aaron Ramsdale,24,0,0.0
674,Aaron Ramsdale,25,0,0.0
674,Aaron Ramsdale,26,0,0.0
674,Aaron Ramsdale,27,0,0.0
674,Aaron Ramsdale,28,0,0.0
674,Aaron Ramsdale,29,90,3.0
675,Angus Gunn,6,0,0.0
675,Angus Gunn,7,0,0.0
675,Angus Gunn,8,0,0.0
675,Angus Gunn,9,0,0.0
675,Angus Gunn,10,0,0.0
675,Angus Gunn,11,0,0.0
675,Angus Gunn,12,0,0.0
675,Angus Gunn,13,0,0.0
675,Angus Gunn,14,0,0.0
675,Angus Gunn,15,0,0.0
675,Angus Gunn,16,0,0.0
675,Angus Gunn,17,0,0.0
675,Angus Gunn,18,0,0.0
675,Angus Gunn,19,0,0.0
675,Angus Gunn,20,0,0.0
675,Angus Gunn,21,0,0.0
675,Angus Gunn,22,0,0.0
675,Angus Gunn,23,0,0.0
675,Angus Gunn,24,45,1.0
675,Angus Gunn,25,0,0.0
675,Angus Gunn,26,0,0.0
675,Angus Gunn,27,0,0.0
675,Angus Gunn,28,0,0.0
675,Angus Gunn,29,0,0.0
676,Lesley Ugochukwu,6,11,1.0
676,Lesley Ugochukwu,7,21,7.0
676,Lesley Ugochukwu,8,82,10.0
676,Lesley Ugochukwu,9,90,2.0
676,Lesley Ugochukwu,10,61,2.0
676,Lesley Ugochukwu,11,70,5.0
676,Lesley Ugochukwu,12,71,2.0
676,Lesley Ugochukwu,13,30,1.0
676,Lesley Ugochukwu,14,19,1.0
676,Lesley Ugochukwu,15,90,2.0
676,Lesley Ugochukwu,16,82,9.0
676,Lesley Ugochukwu,17,81,2.0
676,Lesley Ugochukwu,18,90,3.0
676,Lesley Ugochukwu,19,87,4.0
676,Lesley Ugochukwu,20,54,1.0
676,Lesley Ugochukwu,21,90,4.0
676,Lesley Ugochukwu,22,84,4.0
676,Lesley Ugochukwu,23,90,2.0
676,Lesley Ugochukwu,24,90,1.0
676,Lesley Ugochukwu,25,78,2.0
676,Lesley Ugochukwu,26,86,7.0
676,Lesley Ugochukwu,27,56,1.0
676,Lesley Ugochukwu,28,45,1.0
676,Lesley Ugochukwu,29,82,2.0
677,Evann Guessand,6,82,2.0
677,Evann Guessand,7,23,1.0
677,Evann Guessand,8,60,2.0
677,Evann Guessand,9,16,1.0
677,Evann Guessand,10,58,1.0
677,Evann Guessand,11,4,1.0
677,Evann Guessand,12,0,0.0
677,Evann Guessand,13,0,0.0
677,Evann Guessand,14,85,8.0
677,Evann Guessand,15,0,0.0
677,Evann Guessand,16,0,0.0
677,Evann Guessand,17,6,1.0
677,Evann Guessand,18,0,0.0
677,Evann Guessand,19,0,0.0
677,Evann Guessand,20,0,0.0
677,Evann Guessand,21,0,0.0
677,Evann Guessand,22,72,2.0
677,Evann Guessand,23,0,0.0
677,Evann Guessand,24,0,0.0
677,Evann Guessand,25,34,4.0
677,Evann Guessand,26,57,1.0
677,Evann Guessand,27,18,6.0
677,Evann Guessand,28,32,1.0
677,Evann Guessand,29,66,2.0
678,Arthur Masuaku,6,58,0.0
678,Arthur Masuaku,7,57,0.0
678,Arthur Masuaku,8,0,0.0
678,Arthur Masuaku,9,0,0.0
678,Arthur Masuaku,10,0,0.0
678,Arthur Masuaku,11,0,0.0
678,Arthur Masuaku,12,0,0.0
678,Arthur Masuaku,13,0,0.0
678,Arthur Masuaku,14,0,0.0
678,Arthur Masuaku,15,0,0.0
678,Arthur Masuaku,16,0,0.0
678,Arthur Masuaku,17,0,0.0
678,Arthur Masuaku,18,0,0.0
678,Arthur Masuaku,19,0,0.0
678,Arthur Masuaku,20,0,0.0
678,Arthur Masuaku,21,0,0.0
678,Arthur Masuaku,22,0,0.0
678,Arthur Masuaku,23,0,0.0
678,Arthur Masuaku,24,0,0.0
678,Arthur Masuaku,25,0,0.0
678,Arthur Masuaku,26,0,0.0
678,Arthur Masuaku,27,0,0.0
678,Arthur Masuaku,28,0,0.0
678,Arthur Masuaku,29,0,0.0
679,Mads Hermansen,6,0,0.0
679,Mads Hermansen,7,0,0.0
679,Mads Hermansen,8,0,0.0
679,Mads Hermansen,9,0,0.0
679,Mads Hermansen,10,0,0.0
679,Mads Hermansen,11,0,0.0
679,Mads Hermansen,12,0,0.0
679,Mads Hermansen,13,0,0.0
679,Mads Hermansen,14,0,0.0
679,Mads Hermansen,15,0,0.0
679,Mads Hermansen,16,0,0.0
679,Mads Hermansen,17,0,0.0
679,Mads Hermansen,18,0,0.0
679,Mads Hermansen,19,0,0.0
679,Mads Hermansen,20,0,0.0
679,Mads Hermansen,21,0,0.0
679,Mads Hermansen,22,0,0.0
679,Mads Hermansen,23,0,0.0
679,Mads Hermansen,24,0,0.0
679,Mads Hermansen,25,90,10.0
679,Mads Hermansen,26,90,2.0
679,Mads Hermansen,27,90,10.0
679,Mads Hermansen,28,90,0.0
679,Mads Hermansen,29,90,9.0
680,Armando Broja,6,10,1.0
680,Armando Broja,7,31,1.0
680,Armando Broja,8,0,0.0
680,Armando Broja,9,0,0.0
680,Armando Broja,10,14,1.0
680,Armando Broja,11,19,1.0
680,Armando Broja,12,18,1.0
680,Armando Broja,13,9,1.0
680,Armando Broja,14,9,1.0
680,Armando Broja,15,85,2.0
680,Armando Broja,16,90,2.0
680,Armando Broja,17,25,7.0
680,Armando Broja,18,87,2.0
680,Armando Broja,19,90,7.0
680,Armando Broja,20,63,2.0
680,Armando Broja,21,75,2.0
680,Armando Broja,22,73,2.0
680,Armando Broja,23,68,2.0
680,Armando Broja,24,27,1.0
680,Armando Broja,25,11,1.0
680,Armando Broja,26,0,0.0
680,Armando Broja,27,0,0.0
680,Armando Broja,28,0,0.0
680,Armando Broja,29,0,0.0
681,Benjamin Sesko,6,90,8.0
681,Benjamin Sesko,7,90,9.0
681,Benjamin Sesko,8,29,1.0
681,Benjamin Sesko,9,81,4.0
681,Benjamin Sesko,10,90,2.0
681,Benjamin Sesko,11,32,1.0
681,Benjamin Sesko,12,0,0.0
681,Benjamin Sesko,13,0,0.0
681,Benjamin Sesko,14,0,0.0
681,Benjamin Sesko,15,0,0.0
681,Benjamin Sesko,16,21,4.0
681,Benjamin Sesko,17,72,2.0
681,Benjamin Sesko,18,59,1.0
681,Benjamin Sesko,19,90,2.0
681,Benjamin Sesko,20,90,2.0
681,Benjamin Sesko,21,90,13.0
681,Benjamin Sesko,22,0,0.0
681,Benjamin Sesko,23,9,1.0
681,Benjamin Sesko,24,16,6.0
681,Benjamin Sesko,25,15,1.0
681,Benjamin Sesko,26,21,8.0
681,Benjamin Sesko,27,32,8.0
681,Benjamin Sesko,28,74,8.0
681,Benjamin Sesko,29,90,2.0
682,David Møller Wolfe,6,0,0.0
682,David Møller Wolfe,7,13,1.0
682,David Møller Wolfe,8,0,0.0
682,David Møller Wolfe,9,5,1.0
682,David Møller Wolfe,10,0,0.0
682,David Møller Wolfe,11,0,0.0
682,David Møller Wolfe,12,87,1.0
682,David Møller Wolfe,13,76,1.0
682,David Møller Wolfe,14,90,2.0
682,David Møller Wolfe,15,90,3.0
682,David Møller Wolfe,16,90,1.0
682,David Møller Wolfe,17,90,1.0
682,David Møller Wolfe,18,28,1.0
682,David Møller Wolfe,19,1,1.0
682,David Møller Wolfe,20,2,1.0
682,David Møller Wolfe,21,0,0.0
682,David Møller Wolfe,22,0,0.0
682,David Møller Wolfe,23,0,0.0
682,David Møller Wolfe,24,1,1.0
682,David Møller Wolfe,25,0,0.0
682,David Møller Wolfe,26,30,1.0
682,David Møller Wolfe,27,27,1.0
682,David Møller Wolfe,28,0,0.0
682,David Møller Wolfe,29,78,6.0
683,Omar Alderete,6,90,17.0
683,Omar Alderete,7,90,0.0
683,Omar Alderete,8,90,6.0
683,Omar Alderete,9,0,0.0
683,Omar Alderete,10,0,0.0
683,Omar Alderete,11,0,0.0
683,Omar Alderete,12,0,0.0
683,Omar Alderete,13,90,0.0
683,Omar Alderete,14,90,4.0
683,Omar Alderete,15,90,1.0
683,Omar Alderete,16,90,7.0
683,Omar Alderete,17,90,6.0
683,Omar Alderete,18,90,4.0
683,Omar Alderete,19,90,8.0
683,Omar Alderete,20,90,1.0
683,Omar Alderete,21,82,1.0
683,Omar Alderete,22,90,1.0
683,Omar Alderete,23,90,1.0
683,Omar Alderete,24,85,6.0
683,Omar Alderete,25,90,1.0
683,Omar Alderete,26,79,2.0
683,Omar Alderete,27,90,1.0
683,Omar Alderete,28,90,4.0
683,Omar Alderete,29,90,7.0
684,Malick Thiaw,6,90,3.0
684,Malick Thiaw,7,90,8.0
684,Malick Thiaw,8,90,1.0
684,Malick Thiaw,9,90,2.0
684,Malick Thiaw,10,90,1.0
684,Malick Thiaw,11,90,3.0
684,Malick Thiaw,12,90,4.0
684,Malick Thiaw,13,90,16.0
684,Malick Thiaw,14,90,1.0
684,Malick Thiaw,15,90,2.0
684,Malick Thiaw,16,90,3.0
684,Malick Thiaw,17,90,1.0
684,Malick Thiaw,18,90,2.0
684,Malick Thiaw,19,90,4.0
684,Malick Thiaw,20,90,17.0
684,Malick Thiaw,21,45,-1.0
684,Malick Thiaw,22,90,9.0
684,Malick Thiaw,23,90,1.0
684,Malick Thiaw,24,90,0.0
684,Malick Thiaw,25,90,1.0
684,Malick Thiaw,26,90,11.0
684,Malick Thiaw,27,90,3.0
684,Malick Thiaw,28,90,1.0
684,Malick Thiaw,29,90,4.0
685,Bafodé Diakité,6,90,3.0
685,Bafodé Diakité,7,90,2.0
685,Bafodé Diakité,8,90,3.0
685,Bafodé Diakité,9,0,0.0
685,Bafodé Diakité,10,90,1.0
685,Bafodé Diakité,11,0,0.0
685,Bafodé Diakité,12,45,0.0
685,Bafodé Diakité,13,90,1.0
685,Bafodé Diakité,14,90,4.0
685,Bafodé Diakité,15,90,6.0
685,Bafodé Diakité,16,90,0.0
685,Bafodé Diakité,17,90,2.0
685,Bafodé Diakité,18,45,0.0
685,Bafodé Diakité,19,0,0.0
685,Bafodé Diakité,20,0,0.0
685,Bafodé Diakité,21,3,1.0
685,Bafodé Diakité,22,11,1.0
685,Bafodé Diakité,23,0,0.0
685,Bafodé Diakité,24,1,1.0
685,Bafodé Diakité,25,0,0.0
685,Bafodé Diakité,26,0,0.0
685,Bafodé Diakité,27,0,0.0
685,Bafodé Diakité,28,0,0.0
685,Bafodé Diakité,29,0,0.0
686,Rio Ngumoha,6,6,1.0
686,Rio Ngumoha,7,0,0.0
686,Rio Ngumoha,8,0,0.0
686,Rio Ngumoha,9,20,1.0
686,Rio Ngumoha,10,0,0.0
686,Rio Ngumoha,11,0,0.0
686,Rio Ngumoha,12,12,1.0
686,Rio Ngumoha,13,0,0.0
686,Rio Ngumoha,14,0,0.0
686,Rio Ngumoha,15,0,0.0
686,Rio Ngumoha,16,0,0.0
686,Rio Ngumoha,17,0,0.0
686,Rio Ngumoha,18,0,0.0
686,Rio Ngumoha,19,6,1.0
686,Rio Ngumoha,20,0,0.0
686,Rio Ngumoha,21,0,0.0
686,Rio Ngumoha,22,12,1.0
686,Rio Ngumoha,23,16,1.0
686,Rio Ngumoha,24,0,0.0
686,Rio Ngumoha,25,0,0.0
686,Rio Ngumoha,26,0,0.0
686,Rio Ngumoha,27,13,1.0
686,Rio Ngumoha,28,14,1.0
686,Rio Ngumoha,29,25,1.0
687,Remy Rees-Dottin,6,0,0.0
687,Remy Rees-Dottin,7,0,0.0
687,Remy Rees-Dottin,8,0,0.0
687,Remy Rees-Dottin,9,0,0.0
687,Remy Rees-Dottin,10,0,0.0
687,Remy Rees-Dottin,11,0,0.0
687,Remy Rees-Dottin,12,0,0.0
687,Remy Rees-Dottin,13,0,0.0
687,Remy Rees-Dottin,14,0,0.0
687,Remy Rees-Dottin,15,0,0.0
687,Remy Rees-Dottin,16,0,0.0
687,Remy Rees-Dottin,17,0,0.0
687,Remy Rees-Dottin,18,0,0.0
687,Remy Rees-Dottin,19,0,0.0
687,Remy Rees-Dottin,20,0,0.0
687,Remy Rees-Dottin,21,0,0.0
687,Remy Rees-Dottin,22,0,0.0
687,Remy Rees-Dottin,23,0,0.0
687,Remy Rees-Dottin,24,0,0.0
687,Remy Rees-Dottin,25,0,0.0
687,Remy Rees-Dottin,26,0,0.0
687,Remy Rees-Dottin,27,0,0.0
687,Remy Rees-Dottin,28,0,0.0
687,Remy Rees-Dottin,29,0,0.0
688,James Wright,6,0,0.0
688,James Wright,7,0,0.0
688,James Wright,8,0,0.0
688,James Wright,9,0,0.0
688,James Wright,10,0,0.0
688,James Wright,11,0,0.0
688,James Wright,12,0,0.0
688,James Wright,13,0,0.0
688,James Wright,14,0,0.0
688,James Wright,15,0,0.0
688,James Wright,16,0,0.0
688,James Wright,17,0,0.0
688,James Wright,18,0,0.0
688,James Wright,19,0,0.0
688,James Wright,20,0,0.0
688,James Wright,21,0,0.0
688,James Wright,22,0,0.0
688,James Wright,23,0,0.0
688,James Wright,24,0,0.0
688,James Wright,25,0,0.0
688,James Wright,26,0,0.0
688,James Wright,27,0,0.0
688,James Wright,28,0,0.0
688,James Wright,29,0,0.0
689,Seung-Soo Park,6,0,0.0
689,Seung-Soo Park,7,0,0.0
689,Seung-Soo Park,8,0,0.0
689,Seung-Soo Park,9,0,0.0
689,Seung-Soo Park,10,0,0.0
689,Seung-Soo Park,11,0,0.0
689,Seung-Soo Park,12,0,0.0
689,Seung-Soo Park,13,0,0.0
689,Seung-Soo Park,14,0,0.0
689,Seung-Soo Park,15,0,0.0
689,Seung-Soo Park,16,0,0.0
689,Seung-Soo Park,17,0,0.0
689,Seung-Soo Park,18,0,0.0
689,Seung-Soo Park,19,0,0.0
689,Seung-Soo Park,20,0,0.0
689,Seung-Soo Park,21,0,0.0
689,Seung-Soo Park,22,0,0.0
689,Seung-Soo Park,23,0,0.0
689,Seung-Soo Park,24,0,0.0
689,Seung-Soo Park,25,0,0.0
689,Seung-Soo Park,26,0,0.0
689,Seung-Soo Park,27,0,0.0
689,Seung-Soo Park,28,0,0.0
689,Seung-Soo Park,29,0,0.0
690,Rio Cardines,6,0,0.0
690,Rio Cardines,7,0,0.0
690,Rio Cardines,8,0,0.0
690,Rio Cardines,9,0,0.0
690,Rio Cardines,10,0,0.0
690,Rio Cardines,11,0,0.0
690,Rio Cardines,12,0,0.0
690,Rio Cardines,13,0,0.0
690,Rio Cardines,14,0,0.0
690,Rio Cardines,15,0,0.0
690,Rio Cardines,16,0,0.0
690,Rio Cardines,17,0,0.0
690,Rio Cardines,18,0,0.0
690,Rio Cardines,19,0,0.0
690,Rio Cardines,20,0,0.0
690,Rio Cardines,21,0,0.0
690,Rio Cardines,22,0,0.0
690,Rio Cardines,23,0,0.0
690,Rio Cardines,24,0,0.0
690,Rio Cardines,25,0,0.0
690,Rio Cardines,26,0,0.0
690,Rio Cardines,27,0,0.0
690,Rio Cardines,28,0,0.0
690,Rio Cardines,29,0,0.0
691,Dominic Calvert-Lewin,7,90,2.0
691,Dominic Calvert-Lewin,8,90,2.0
691,Dominic Calvert-Lewin,9,86,2.0
691,Dominic Calvert-Lewin,10,64,2.0
691,Dominic Calvert-Lewin,11,16,1.0
691,Dominic Calvert-Lewin,12,19,1.0
691,Dominic Calvert-Lewin,13,45,7.0
691,Dominic Calvert-Lewin,14,85,9.0
691,Dominic Calvert-Lewin,15,90,6.0
691,Dominic Calvert-Lewin,16,90,9.0
691,Dominic Calvert-Lewin,17,86,13.0
691,Dominic Calvert-Lewin,18,84,8.0
691,Dominic Calvert-Lewin,19,20,1.0
691,Dominic Calvert-Lewin,20,90,2.0
691,Dominic Calvert-Lewin,21,86,8.0
691,Dominic Calvert-Lewin,22,90,2.0
691,Dominic Calvert-Lewin,23,90,2.0
691,Dominic Calvert-Lewin,24,84,2.0
691,Dominic Calvert-Lewin,25,90,7.0
691,Dominic Calvert-Lewin,26,0,0.0
691,Dominic Calvert-Lewin,27,90,2.0
691,Dominic Calvert-Lewin,28,90,2.0
691,Dominic Calvert-Lewin,29,90,2.0
692,Giovanni Leoni,7,0,0.0
692,Giovanni Leoni,8,0,0.0
692,Giovanni Leoni,9,0,0.0
692,Giovanni Leoni,10,0,0.0
692,Giovanni Leoni,11,0,0.0
692,Giovanni Leoni,12,0,0.0
692,Giovanni Leoni,13,0,0.0
692,Giovanni Leoni,14,0,0.0
692,Giovanni Leoni,15,0,0.0
692,Giovanni Leoni,16,0,0.0
692,Giovanni Leoni,17,0,0.0
692,Giovanni Leoni,18,0,0.0
692,Giovanni Leoni,19,0,0.0
692,Giovanni Leoni,20,0,0.0
692,Giovanni Leoni,21,0,0.0
692,Giovanni Leoni,22,0,0.0
692,Giovanni Leoni,23,0,0.0
692,Giovanni Leoni,24,0,0.0
692,Giovanni Leoni,25,0,0.0
692,Giovanni Leoni,26,0,0.0
692,Giovanni Leoni,27,0,0.0
692,Giovanni Leoni,28,0,0.0
692,Giovanni Leoni,29,0,0.0
693,Omari Hutchinson,7,25,1.0
693,Omari Hutchinson,8,0,0.0
693,Omari Hutchinson,9,45,1.0
693,Omari Hutchinson,10,0,0.0
693,Omari Hutchinson,11,31,8.0
693,Omari Hutchinson,12,29,4.0
693,Omari Hutchinson,13,45,1.0
693,Omari Hutchinson,14,90,6.0
693,Omari Hutchinson,15,90,2.0
693,Omari Hutchinson,16,90,5.0
693,Omari Hutchinson,17,90,2.0
693,Omari Hutchinson,18,90,9.0
693,Omari Hutchinson,19,90,2.0
693,Omari Hutchinson,20,90,2.0
693,Omari Hutchinson,21,45,1.0
693,Omari Hutchinson,22,1,1.0
693,Omari Hutchinson,23,29,1.0
693,Omari Hutchinson,24,0,0.0
693,Omari Hutchinson,25,36,4.0
693,Omari Hutchinson,26,90,3.0
693,Omari Hutchinson,27,65,3.0
693,Omari Hutchinson,28,55,1.0
693,Omari Hutchinson,29,0,0.0
694,Nordi Mukiele,7,90,3.0
694,Nordi Mukiele,8,90,17.0
694,Nordi Mukiele,9,90,2.0
694,Nordi Mukiele,10,90,1.0
694,Nordi Mukiele,11,90,4.0
694,Nordi Mukiele,12,90,4.0
694,Nordi Mukiele,13,90,0.0
694,Nordi Mukiele,14,90,0.0
694,Nordi Mukiele,15,90,1.0
694,Nordi Mukiele,16,90,8.0
694,Nordi Mukiele,17,90,6.0
694,Nordi Mukiele,18,90,4.0
694,Nordi Mukiele,19,90,11.0
694,Nordi Mukiele,20,90,4.0
694,Nordi Mukiele,21,90,3.0
694,Nordi Mukiele,22,90,6.0
694,Nordi Mukiele,23,82,4.0
694,Nordi Mukiele,24,90,9.0
694,Nordi Mukiele,25,90,1.0
694,Nordi Mukiele,26,90,2.0
694,Nordi Mukiele,27,11,1.0
694,Nordi Mukiele,28,0,0.0
694,Nordi Mukiele,29,0,0.0
695,Jackson Tchatchoua,7,90,4.0
695,Jackson Tchatchoua,8,13,1.0
695,Jackson Tchatchoua,9,14,1.0
695,Jackson Tchatchoua,10,45,0.0
695,Jackson Tchatchoua,11,90,3.0
695,Jackson Tchatchoua,12,90,1.0
695,Jackson Tchatchoua,13,90,2.0
695,Jackson Tchatchoua,14,80,2.0
695,Jackson Tchatchoua,15,4,1.0
695,Jackson Tchatchoua,16,21,0.0
695,Jackson Tchatchoua,17,1,1.0
695,Jackson Tchatchoua,18,28,1.0
695,Jackson Tchatchoua,19,90,1.0
695,Jackson Tchatchoua,20,90,5.0
695,Jackson Tchatchoua,21,90,2.0
695,Jackson Tchatchoua,22,90,6.0
695,Jackson Tchatchoua,23,45,0.0
695,Jackson Tchatchoua,24,0,0.0
695,Jackson Tchatchoua,25,0,0.0
695,Jackson Tchatchoua,26,99,1.0
695,Jackson Tchatchoua,27,90,2.0
695,Jackson Tchatchoua,28,90,6.0
695,Jackson Tchatchoua,29,90,5.0
696,Arnaud Kalimuendo,7,0,0.0
696,Arnaud Kalimuendo,8,0,0.0
696,Arnaud Kalimuendo,9,1,1.0
696,Arnaud Kalimuendo,10,0,0.0
696,Arnaud Kalimuendo,11,0,0.0
696,Arnaud Kalimuendo,12,0,0.0
696,Arnaud Kalimuendo,13,15,1.0
696,Arnaud Kalimuendo,14,0,0.0
696,Arnaud Kalimuendo,15,0,0.0
696,Arnaud Kalimuendo,16,0,0.0
696,Arnaud Kalimuendo,17,1,1.0
696,Arnaud Kalimuendo,18,0,0.0
696,Arnaud Kalimuendo,19,0,0.0
696,Arnaud Kalimuendo,20,7,1.0
696,Arnaud Kalimuendo,21,0,0.0
696,Arnaud Kalimuendo,22,0,0.0
696,Arnaud Kalimuendo,23,0,0.0
696,Arnaud Kalimuendo,24,0,0.0
696,Arnaud Kalimuendo,25,0,0.0
696,Arnaud Kalimuendo,26,0,0.0
696,Arnaud Kalimuendo,27,0,0.0
696,Arnaud Kalimuendo,28,0,0.0
696,Arnaud Kalimuendo,29,0,0.0
697,Amine Adli,7,0,0.0
697,Amine Adli,8,15,1.0
697,Amine Adli,9,21,1.0
697,Amine Adli,10,0,0.0
697,Amine Adli,11,27,1.0
697,Amine Adli,12,29,1.0
697,Amine Adli,13,70,7.0
697,Amine Adli,14,59,1.0
697,Amine Adli,15,16,1.0
697,Amine Adli,16,0,0.0
697,Amine Adli,17,1,1.0
697,Amine Adli,18,6,1.0
697,Amine Adli,19,12,1.0
697,Amine Adli,20,23,0.0
697,Amine Adli,21,3,1.0
697,Amine Adli,22,78,6.0
697,Amine Adli,23,90,10.0
697,Amine Adli,24,67,5.0
697,Amine Adli,25,90,2.0
697,Amine Adli,26,79,10.0
697,Amine Adli,27,65,3.0
697,Amine Adli,28,9,1.0
697,Amine Adli,29,16,1.0
698,Noah Okafor,7,78,8.0
698,Noah Okafor,8,0,0.0
698,Noah Okafor,9,45,4.0
698,Noah Okafor,10,76,2.0
698,Noah Okafor,11,90,2.0
698,Noah Okafor,12,79,2.0
698,Noah Okafor,13,8,1.0
698,Noah Okafor,14,23,4.0
698,Noah Okafor,15,64,2.0
698,Noah Okafor,16,90,2.0
698,Noah Okafor,17,76,3.0
698,Noah Okafor,18,72,2.0
698,Noah Okafor,19,20,1.0
698,Noah Okafor,20,74,2.0
698,Noah Okafor,21,10,1.0
698,Noah Okafor,22,69,3.0
698,Noah Okafor,23,5,1.0
698,Noah Okafor,24,45,1.0
698,Noah Okafor,25,81,7.0
698,Noah Okafor,26,35,6.0
698,Noah Okafor,27,0,0.0
698,Noah Okafor,28,0,0.0
698,Noah Okafor,29,0,0.0
699,Douglas Luiz Soares de Paulo,7,0,0.0
699,Douglas Luiz Soares de Paulo,8,52,1.0
699,Douglas Luiz Soares de Paulo,9,45,0.0
699,Douglas Luiz Soares de Paulo,10,13,1.0
699,Douglas Luiz Soares de Paulo,11,0,0.0
699,Douglas Luiz Soares de Paulo,12,0,0.0
699,Douglas Luiz Soares de Paulo,13,0,0.0
699,Douglas Luiz Soares de Paulo,14,0,0.0
699,Douglas Luiz Soares de Paulo,15,0,0.0
699,Douglas Luiz Soares de Paulo,16,5,1.0
699,Douglas Luiz Soares de Paulo,17,72,2.0
699,Douglas Luiz Soares de Paulo,18,0,0.0
699,Douglas Luiz Soares de Paulo,19,45,0.0
699,Douglas Luiz Soares de Paulo,20,7,1.0
699,Douglas Luiz Soares de Paulo,21,0,0.0
699,Douglas Luiz Soares de Paulo,22,0,0.0
699,Douglas Luiz Soares de Paulo,23,0,0.0
699,Douglas Luiz Soares de Paulo,24,90,2.0
699,Douglas Luiz Soares de Paulo,25,76,2.0
699,Douglas Luiz Soares de Paulo,26,83,3.0
699,Douglas Luiz Soares de Paulo,27,86,2.0
699,Douglas Luiz Soares de Paulo,28,59,1.0
699,Douglas Luiz Soares de Paulo,29,62,7.0
700,Max Dowman,7,0,0.0
700,Max Dowman,8,0,0.0
700,Max Dowman,9,0,0.0
700,Max Dowman,10,0,0.0
700,Max Dowman,11,0,0.0
700,Max Dowman,12,0,0.0
700,Max Dowman,13,0,0.0
700,Max Dowman,14,0,0.0
700,Max Dowman,15,0,0.0
700,Max Dowman,16,0,0.0
700,Max Dowman,17,0,0.0
700,Max Dowman,18,0,0.0
700,Max Dowman,19,0,0.0
700,Max Dowman,20,0,0.0
700,Max Dowman,21,0,0.0
700,Max Dowman,22,0,0.0
700,Max Dowman,23,0,0.0
700,Max Dowman,24,0,0.0
700,Max Dowman,25,0,0.0
700,Max Dowman,26,0,0.0
700,Max Dowman,27,0,0.0
700,Max Dowman,28,0,0.0
700,Max Dowman,29,0,0.0
701,Triston Rowe,7,0,0.0
701,Triston Rowe,8,0,0.0
701,Triston Rowe,9,0,0.0
701,Triston Rowe,10,0,0.0
701,Triston Rowe,11,0,0.0
701,Triston Rowe,12,0,0.0
701,Triston Rowe,13,0,0.0
701,Triston Rowe,14,0,0.0
701,Triston Rowe,15,0,0.0
701,Triston Rowe,16,0,0.0
701,Triston Rowe,17,0,0.0
701,Triston Rowe,18,0,0.0
701,Triston Rowe,19,0,0.0
701,Triston Rowe,20,0,0.0
701,Triston Rowe,21,0,0.0
701,Triston Rowe,22,0,0.0
701,Triston Rowe,23,0,0.0
701,Triston Rowe,24,0,0.0
701,Triston Rowe,25,0,0.0
701,Triston Rowe,26,0,0.0
701,Triston Rowe,27,0,0.0
701,Triston Rowe,28,0,0.0
701,Triston Rowe,29,0,0.0
702,Bradley Burrowes,7,0,0.0
702,Bradley Burrowes,8,0,0.0
702,Bradley Burrowes,9,0,0.0
702,Bradley Burrowes,10,0,0.0
702,Bradley Burrowes,11,0,0.0
702,Bradley Burrowes,12,0,0.0
702,Bradley Burrowes,13,0,0.0
702,Bradley Burrowes,14,0,0.0
702,Bradley Burrowes,15,0,0.0
702,Bradley Burrowes,16,0,0.0
702,Bradley Burrowes,17,0,0.0
702,Bradley Burrowes,18,0,0.0
702,Bradley Burrowes,19,0,0.0
702,Bradley Burrowes,20,0,0.0
702,Bradley Burrowes,21,0,0.0
702,Bradley Burrowes,22,0,0.0
702,Bradley Burrowes,23,0,0.0
702,Bradley Burrowes,24,0,0.0
702,Bradley Burrowes,25,0,0.0
702,Bradley Burrowes,26,0,0.0
702,Bradley Burrowes,27,0,0.0
702,Bradley Burrowes,28,0,0.0
702,Bradley Burrowes,29,0,0.0
703,Sam Proctor,7,0,0.0
703,Sam Proctor,8,0,0.0
703,Sam Proctor,9,0,0.0
703,Sam Proctor,10,0,0.0
703,Sam Proctor,11,0,0.0
703,Sam Proctor,12,0,0.0
703,Sam Proctor,13,0,0.0
703,Sam Proctor,14,0,0.0
703,Sam Proctor,15,0,0.0
703,Sam Proctor,16,0,0.0
703,Sam Proctor,17,0,0.0
703,Sam Proctor,18,0,0.0
703,Sam Proctor,19,0,0.0
703,Sam Proctor,20,0,0.0
703,Sam Proctor,21,0,0.0
703,Sam Proctor,22,0,0.0
703,Sam Proctor,23,0,0.0
703,Sam Proctor,24,0,0.0
703,Sam Proctor,25,0,0.0
703,Sam Proctor,26,0,0.0
703,Sam Proctor,27,0,0.0
703,Sam Proctor,28,0,0.0
703,Sam Proctor,29,0,0.0
704,Tyler Onyango,7,0,0.0
704,Tyler Onyango,8,0,0.0
704,Tyler Onyango,9,0,0.0
704,Tyler Onyango,10,0,0.0
704,Tyler Onyango,11,0,0.0
704,Tyler Onyango,12,0,0.0
704,Tyler Onyango,13,0,0.0
704,Tyler Onyango,14,0,0.0
704,Tyler Onyango,15,0,0.0
704,Tyler Onyango,16,0,0.0
704,Tyler Onyango,17,0,0.0
704,Tyler Onyango,18,0,0.0
704,Tyler Onyango,19,0,0.0
704,Tyler Onyango,20,0,0.0
704,Tyler Onyango,21,0,0.0
704,Tyler Onyango,22,0,0.0
704,Tyler Onyango,23,0,0.0
704,Tyler Onyango,24,0,0.0
704,Tyler Onyango,25,0,0.0
704,Tyler Onyango,26,0,0.0
704,Tyler Onyango,27,0,0.0
704,Tyler Onyango,28,0,0.0
704,Tyler Onyango,29,0,0.0
705,Elijah Campbell,7,0,0.0
705,Elijah Campbell,8,0,0.0
705,Elijah Campbell,9,0,0.0
705,Elijah Campbell,10,0,0.0
705,Elijah Campbell,11,0,0.0
705,Elijah Campbell,12,0,0.0
705,Elijah Campbell,13,0,0.0
705,Elijah Campbell,14,0,0.0
705,Elijah Campbell,15,0,0.0
705,Elijah Campbell,16,0,0.0
705,Elijah Campbell,17,0,0.0
705,Elijah Campbell,18,0,0.0
705,Elijah Campbell,19,0,0.0
705,Elijah Campbell,20,0,0.0
705,Elijah Campbell,21,0,0.0
705,Elijah Campbell,22,0,0.0
705,Elijah Campbell,23,0,0.0
705,Elijah Campbell,24,0,0.0
705,Elijah Campbell,25,0,0.0
705,Elijah Campbell,26,0,0.0
705,Elijah Campbell,27,0,0.0
705,Elijah Campbell,28,0,0.0
705,Elijah Campbell,29,0,0.0
706,James Justin,8,0,0.0
706,James Justin,9,46,0.0
706,James Justin,10,13,1.0
706,James Justin,11,0,0.0
706,James Justin,12,0,0.0
706,James Justin,13,68,1.0
706,James Justin,14,3,1.0
706,James Justin,15,0,0.0
706,James Justin,16,1,1.0
706,James Justin,17,10,1.0
706,James Justin,18,0,0.0
706,James Justin,19,90,6.0
706,James Justin,20,90,4.0
706,James Justin,21,90,0.0
706,James Justin,22,90,9.0
706,James Justin,23,90,9.0
706,James Justin,24,45,0.0
706,James Justin,25,90,7.0
706,James Justin,26,90,0.0
706,James Justin,27,90,2.0
706,James Justin,28,86,2.0
706,James Justin,29,73,2.0
707,Tyler Dibling,8,4,0.0
707,Tyler Dibling,9,0,0.0
707,Tyler Dibling,10,0,0.0
707,Tyler Dibling,11,0,0.0
707,Tyler Dibling,12,0,0.0
707,Tyler Dibling,13,10,1.0
707,Tyler Dibling,14,0,0.0
707,Tyler Dibling,15,4,1.0
707,Tyler Dibling,16,6,1.0
707,Tyler Dibling,17,15,1.0
707,Tyler Dibling,18,87,2.0
707,Tyler Dibling,19,90,5.0
707,Tyler Dibling,20,45,1.0
707,Tyler Dibling,21,0,0.0
707,Tyler Dibling,22,0,0.0
707,Tyler Dibling,23,19,1.0
707,Tyler Dibling,24,10,1.0
707,Tyler Dibling,25,0,0.0
707,Tyler Dibling,26,0,0.0
707,Tyler Dibling,27,0,0.0
707,Tyler Dibling,28,0,0.0
707,Tyler Dibling,29,1,1.0
708,Mateus Gonçalo Espanha Fernandes,8,45,1.0
708,Mateus Gonçalo Espanha Fernandes,9,25,6.0
708,Mateus Gonçalo Espanha Fernandes,10,84,7.0
708,Mateus Gonçalo Espanha Fernandes,11,90,1.0
708,Mateus Gonçalo Espanha Fernandes,12,73,4.0
708,Mateus Gonçalo Espanha Fernandes,13,90,2.0
708,Mateus Gonçalo Espanha Fernandes,14,90,4.0
708,Mateus Gonçalo Espanha Fernandes,15,81,5.0
708,Mateus Gonçalo Espanha Fernandes,16,90,9.0
708,Mateus Gonçalo Espanha Fernandes,17,78,2.0
708,Mateus Gonçalo Espanha Fernandes,18,90,2.0
708,Mateus Gonçalo Espanha Fernandes,19,90,3.0
708,Mateus Gonçalo Espanha Fernandes,20,90,2.0
708,Mateus Gonçalo Espanha Fernandes,21,79,2.0
708,Mateus Gonçalo Espanha Fernandes,22,90,9.0
708,Mateus Gonçalo Espanha Fernandes,23,90,8.0
708,Mateus Gonçalo Espanha Fernandes,24,90,4.0
708,Mateus Gonçalo Espanha Fernandes,25,90,8.0
708,Mateus Gonçalo Espanha Fernandes,26,90,3.0
708,Mateus Gonçalo Espanha Fernandes,27,90,5.0
708,Mateus Gonçalo Espanha Fernandes,28,90,2.0
708,Mateus Gonçalo Espanha Fernandes,29,90,2.0
709,Ladislav Krejcí,8,90,-1.0
709,Ladislav Krejcí,9,90,4.0
709,Ladislav Krejcí,10,90,1.0
709,Ladislav Krejcí,11,90,1.0
709,Ladislav Krejcí,12,74,1.0
709,Ladislav Krejcí,13,0,0.0
709,Ladislav Krejcí,14,0,0.0
709,Ladislav Krejcí,15,90,1.0
709,Ladislav Krejcí,16,79,2.0
709,Ladislav Krejcí,17,90,1.0
709,Ladislav Krejcí,18,90,1.0
709,Ladislav Krejcí,19,90,8.0
709,Ladislav Krejcí,20,90,6.0
709,Ladislav Krejcí,21,67,2.0
709,Ladislav Krejcí,22,90,6.0
709,Ladislav Krejcí,23,90,1.0
709,Ladislav Krejcí,24,0,0.0
709,Ladislav Krejcí,25,47,1.0
709,Ladislav Krejcí,26,180,9.0
709,Ladislav Krejcí,27,60,-1.0
709,Ladislav Krejcí,28,0,0.0
709,Ladislav Krejcí,29,90,4.0
710,Travis Patterson,8,0,0.0
710,Travis Patterson,9,0,0.0
710,Travis Patterson,10,0,0.0
710,Travis Patterson,11,0,0.0
710,Travis Patterson,12,0,0.0
710,Travis Patterson,13,0,0.0
710,Travis Patterson,14,0,0.0
710,Travis Patterson,15,0,0.0
710,Travis Patterson,16,0,0.0
710,Travis Patterson,17,0,0.0
710,Travis Patterson,18,0,0.0
710,Travis Patterson,19,0,0.0
710,Travis Patterson,20,0,0.0
710,Travis Patterson,21,0,0.0
710,Travis Patterson,22,0,0.0
710,Travis Patterson,23,0,0.0
710,Travis Patterson,24,0,0.0
710,Travis Patterson,25,0,0.0
710,Travis Patterson,26,0,0.0
710,Travis Patterson,27,0,0.0
710,Travis Patterson,28,0,0.0
710,Travis Patterson,29,0,0.0
711,Andre Harriman-Annous,8,0,0.0
711,Andre Harriman-Annous,9,0,0.0
711,Andre Harriman-Annous,10,0,0.0
711,Andre Harriman-Annous,11,0,0.0
711,Andre Harriman-Annous,12,0,0.0
711,Andre Harriman-Annous,13,0,0.0
711,Andre Harriman-Annous,14,0,0.0
711,Andre Harriman-Annous,15,0,0.0
711,Andre Harriman-Annous,16,0,0.0
711,Andre Harriman-Annous,17,0,0.0
711,Andre Harriman-Annous,18,0,0.0
711,Andre Harriman-Annous,19,0,0.0
711,Andre Harriman-Annous,20,0,0.0
711,Andre Harriman-Annous,21,0,0.0
711,Andre Harriman-Annous,22,0,0.0
711,Andre Harriman-Annous,23,0,0.0
711,Andre Harriman-Annous,24,0,0.0
711,Andre Harriman-Annous,25,0,0.0
711,Andre Harriman-Annous,26,0,0.0
711,Andre Harriman-Annous,27,0,0.0
711,Andre Harriman-Annous,28,0,0.0
711,Andre Harriman-Annous,29,0,0.0
712,Yéremy Pino Santos,8,63,1.0
712,Yéremy Pino Santos,9,58,1.0
712,Yéremy Pino Santos,10,77,3.0
712,Yéremy Pino Santos,11,24,1.0
712,Yéremy Pino Santos,12,80,8.0
712,Yéremy Pino Santos,13,77,2.0
712,Yéremy Pino Santos,14,63,3.0
712,Yéremy Pino Santos,15,90,5.0
712,Yéremy Pino Santos,16,90,2.0
712,Yéremy Pino Santos,17,85,2.0
712,Yéremy Pino Santos,18,76,4.0
712,Yéremy Pino Santos,19,81,2.0
712,Yéremy Pino Santos,20,86,2.0
712,Yéremy Pino Santos,21,90,3.0
712,Yéremy Pino Santos,22,90,9.0
712,Yéremy Pino Santos,23,25,1.0
712,Yéremy Pino Santos,24,90,1.0
712,Yéremy Pino Santos,25,55,1.0
712,Yéremy Pino Santos,26,18,1.0
712,Yéremy Pino Santos,27,76,3.0
712,Yéremy Pino Santos,28,5,1.0
712,Yéremy Pino Santos,29,0,0.0
713,Álex Jiménez Sánchez,9,90,6.0
713,Álex Jiménez Sánchez,10,61,1.0
713,Álex Jiménez Sánchez,11,35,-1.0
713,Álex Jiménez Sánchez,12,45,1.0
713,Álex Jiménez Sánchez,13,0,0.0
713,Álex Jiménez Sánchez,14,90,4.0
713,Álex Jiménez Sánchez,15,73,6.0
713,Álex Jiménez Sánchez,16,90,3.0
713,Álex Jiménez Sánchez,17,90,2.0
713,Álex Jiménez Sánchez,18,90,3.0
713,Álex Jiménez Sánchez,19,90,3.0
713,Álex Jiménez Sánchez,20,90,1.0
713,Álex Jiménez Sánchez,21,86,0.0
713,Álex Jiménez Sánchez,22,90,2.0
713,Álex Jiménez Sánchez,23,84,7.0
713,Álex Jiménez Sánchez,24,85,5.0
713,Álex Jiménez Sánchez,25,85,1.0
713,Álex Jiménez Sánchez,26,90,1.0
713,Álex Jiménez Sánchez,27,88,6.0
713,Álex Jiménez Sánchez,28,90,2.0
713,Álex Jiménez Sánchez,29,90,8.0
714,Nick Woltemade,9,85,2.0
714,Nick Woltemade,10,45,1.0
714,Nick Woltemade,11,90,5.0
714,Nick Woltemade,12,84,2.0
714,Nick Woltemade,13,89,7.0
714,Nick Woltemade,14,90,5.0
714,Nick Woltemade,15,73,2.0
714,Nick Woltemade,16,74,0.0
714,Nick Woltemade,17,72,13.0
714,Nick Woltemade,18,67,2.0
714,Nick Woltemade,19,10,1.0
714,Nick Woltemade,20,12,1.0
714,Nick Woltemade,21,74,5.0
714,Nick Woltemade,22,66,2.0
714,Nick Woltemade,23,28,1.0
714,Nick Woltemade,24,17,1.0
714,Nick Woltemade,25,45,1.0
714,Nick Woltemade,26,2,1.0
714,Nick Woltemade,27,59,1.0
714,Nick Woltemade,28,55,1.0
714,Nick Woltemade,29,0,0.0
715,John Victor Maciel Furtado,9,0,0.0
715,John Victor Maciel Furtado,10,0,0.0
715,John Victor Maciel Furtado,11,0,0.0
715,John Victor Maciel Furtado,12,0,0.0
715,John Victor Maciel Furtado,13,0,0.0
715,John Victor Maciel Furtado,14,0,0.0
715,John Victor Maciel Furtado,15,0,0.0
715,John Victor Maciel Furtado,16,90,6.0
715,John Victor Maciel Furtado,17,90,1.0
715,John Victor Maciel Furtado,18,90,2.0
715,John Victor Maciel Furtado,19,90,1.0
715,John Victor Maciel Furtado,20,77,1.0
715,John Victor Maciel Furtado,21,0,0.0
715,John Victor Maciel Furtado,22,0,0.0
715,John Victor Maciel Furtado,23,0,0.0
715,John Victor Maciel Furtado,24,0,0.0
715,John Victor Maciel Furtado,25,0,0.0
715,John Victor Maciel Furtado,26,0,0.0
715,John Victor Maciel Furtado,27,0,0.0
715,John Victor Maciel Furtado,28,0,0.0
715,John Victor Maciel Furtado,29,0,0.0
716,Nicolò Savona,9,90,1.0
716,Nicolò Savona,10,90,7.0
716,Nicolò Savona,11,90,2.0
716,Nicolò Savona,12,90,12.0
716,Nicolò Savona,13,90,1.0
716,Nicolò Savona,14,90,6.0
716,Nicolò Savona,15,45,-1.0
716,Nicolò Savona,16,90,5.0
716,Nicolò Savona,17,80,2.0
716,Nicolò Savona,18,90,1.0
716,Nicolò Savona,19,0,0.0
716,Nicolò Savona,20,21,1.0
716,Nicolò Savona,21,0,0.0
716,Nicolò Savona,22,0,0.0
716,Nicolò Savona,23,0,0.0
716,Nicolò Savona,24,0,0.0
716,Nicolò Savona,25,0,0.0
716,Nicolò Savona,26,0,0.0
716,Nicolò Savona,27,0,0.0
716,Nicolò Savona,28,0,0.0
716,Nicolò Savona,29,0,0.0
717,Xavi Simons,9,60,3.0
717,Xavi Simons,10,65,3.0
717,Xavi Simons,11,78,2.0
717,Xavi Simons,12,45,1.0
717,Xavi Simons,13,30,1.0
717,Xavi Simons,14,13,1.0
717,Xavi Simons,15,90,14.0
717,Xavi Simons,16,90,4.0
717,Xavi Simons,17,32,-2.0
717,Xavi Simons,18,0,0.0
717,Xavi Simons,19,0,0.0
717,Xavi Simons,20,0,0.0
717,Xavi Simons,21,90,5.0
717,Xavi Simons,22,90,2.0
717,Xavi Simons,23,90,4.0
717,Xavi Simons,24,90,6.0
717,Xavi Simons,25,90,2.0
717,Xavi Simons,26,90,1.0
717,Xavi Simons,27,90,2.0
717,Xavi Simons,28,57,1.0
717,Xavi Simons,29,16,1.0
718,Soungoutou Magassa,9,11,1.0
718,Soungoutou Magassa,10,0,0.0
718,Soungoutou Magassa,11,19,1.0
718,Soungoutou Magassa,12,0,0.0
718,Soungoutou Magassa,13,67,1.0
718,Soungoutou Magassa,14,90,11.0
718,Soungoutou Magassa,15,8,1.0
718,Soungoutou Magassa,16,80,4.0
718,Soungoutou Magassa,17,90,2.0
718,Soungoutou Magassa,18,82,5.0
718,Soungoutou Magassa,19,81,2.0
718,Soungoutou Magassa,20,45,1.0
718,Soungoutou Magassa,21,0,0.0
718,Soungoutou Magassa,22,0,0.0
718,Soungoutou Magassa,23,0,0.0
718,Soungoutou Magassa,24,0,0.0
718,Soungoutou Magassa,25,0,0.0
718,Soungoutou Magassa,26,11,1.0
718,Soungoutou Magassa,27,83,3.0
718,Soungoutou Magassa,28,75,1.0
718,Soungoutou Magassa,29,30,1.0
719,Victor Lindelöf,9,0,0.0
719,Victor Lindelöf,10,0,0.0
719,Victor Lindelöf,11,0,0.0
719,Victor Lindelöf,12,0,0.0
719,Victor Lindelöf,13,0,0.0
719,Victor Lindelöf,14,0,0.0
719,Victor Lindelöf,15,4,1.0
719,Victor Lindelöf,16,90,4.0
719,Victor Lindelöf,17,90,2.0
719,Victor Lindelöf,18,90,2.0
719,Victor Lindelöf,19,90,0.0
719,Victor Lindelöf,20,90,2.0
719,Victor Lindelöf,21,90,6.0
719,Victor Lindelöf,22,0,0.0
719,Victor Lindelöf,23,1,1.0
719,Victor Lindelöf,24,0,0.0
719,Victor Lindelöf,25,0,0.0
719,Victor Lindelöf,26,6,1.0
719,Victor Lindelöf,27,0,0.0
719,Victor Lindelöf,28,0,0.0
719,Victor Lindelöf,29,0,0.0
720,Tolu Arokodare,9,6,1.0
720,Tolu Arokodare,10,26,1.0
720,Tolu Arokodare,11,0,0.0
720,Tolu Arokodare,12,65,1.0
720,Tolu Arokodare,13,2,1.0
720,Tolu Arokodare,14,9,1.0
720,Tolu Arokodare,15,21,1.0
720,Tolu Arokodare,16,21,7.0
720,Tolu Arokodare,17,9,1.0
720,Tolu Arokodare,18,90,5.0
720,Tolu Arokodare,19,63,2.0
720,Tolu Arokodare,20,87,2.0
720,Tolu Arokodare,21,90,2.0
720,Tolu Arokodare,22,64,2.0
720,Tolu Arokodare,23,19,1.0
720,Tolu Arokodare,24,90,2.0
720,Tolu Arokodare,25,90,8.0
720,Tolu Arokodare,26,158,4.0
720,Tolu Arokodare,27,90,0.0
720,Tolu Arokodare,28,9,1.0
720,Tolu Arokodare,29,30,4.0
721,Veljko Milosavljevic,9,90,6.0
721,Veljko Milosavljevic,10,0,0.0
721,Veljko Milosavljevic,11,90,2.0
721,Veljko Milosavljevic,12,0,0.0
721,Veljko Milosavljevic,13,0,0.0
721,Veljko Milosavljevic,14,90,4.0
721,Veljko Milosavljevic,15,0,0.0
721,Veljko Milosavljevic,16,0,0.0
721,Veljko Milosavljevic,17,0,0.0
721,Veljko Milosavljevic,18,0,0.0
721,Veljko Milosavljevic,19,0,0.0
721,Veljko Milosavljevic,20,0,0.0
721,Veljko Milosavljevic,21,1,1.0
721,Veljko Milosavljevic,22,1,1.0
721,Veljko Milosavljevic,23,0,0.0
721,Veljko Milosavljevic,24,0,0.0
721,Veljko Milosavljevic,25,0,0.0
721,Veljko Milosavljevic,26,0,0.0
721,Veljko Milosavljevic,27,0,0.0
721,Veljko Milosavljevic,28,0,0.0
721,Veljko Milosavljevic,29,0,0.0
722,Florentino Ibrain Morris Luís,9,90,2.0
722,Florentino Ibrain Morris Luís,10,90,2.0
722,Florentino Ibrain Morris Luís,11,90,4.0
722,Florentino Ibrain Morris Luís,12,83,2.0
722,Florentino Ibrain Morris Luís,13,74,5.0
722,Florentino Ibrain Morris Luís,14,70,2.0
722,Florentino Ibrain Morris Luís,15,64,2.0
722,Florentino Ibrain Morris Luís,16,61,2.0
722,Florentino Ibrain Morris Luís,17,0,0.0
722,Florentino Ibrain Morris Luís,18,37,1.0
722,Florentino Ibrain Morris Luís,19,87,3.0
722,Florentino Ibrain Morris Luís,20,90,3.0
722,Florentino Ibrain Morris Luís,21,90,2.0
722,Florentino Ibrain Morris Luís,22,89,7.0
722,Florentino Ibrain Morris Luís,23,68,4.0
722,Florentino Ibrain Morris Luís,24,62,2.0
722,Florentino Ibrain Morris Luís,25,45,0.0
722,Florentino Ibrain Morris Luís,26,3,1.0
722,Florentino Ibrain Morris Luís,27,0,0.0
722,Florentino Ibrain Morris Luís,28,15,1.0
722,Florentino Ibrain Morris Luís,29,56,1.0
723,Jaydee Canvot,9,0,0.0
723,Jaydee Canvot,10,1,1.0
723,Jaydee Canvot,11,90,10.0
723,Jaydee Canvot,12,7,1.0
723,Jaydee Canvot,13,0,0.0
723,Jaydee Canvot,14,2,1.0
723,Jaydee Canvot,15,13,1.0
723,Jaydee Canvot,16,0,0.0
723,Jaydee Canvot,17,0,0.0
723,Jaydee Canvot,18,0,0.0
723,Jaydee Canvot,19,33,1.0
723,Jaydee Canvot,20,52,2.0
723,Jaydee Canvot,21,90,10.0
723,Jaydee Canvot,22,0,0.0
723,Jaydee Canvot,23,64,0.0
723,Jaydee Canvot,24,0,0.0
723,Jaydee Canvot,25,0,0.0
723,Jaydee Canvot,26,0,0.0
723,Jaydee Canvot,27,90,5.0
723,Jaydee Canvot,28,90,3.0
723,Jaydee Canvot,29,90,2.0
724,Lutsharel Geertruida,9,90,2.0
724,Lutsharel Geertruida,10,90,2.0
724,Lutsharel Geertruida,11,86,1.0
724,Lutsharel Geertruida,12,90,2.0
724,Lutsharel Geertruida,13,4,1.0
724,Lutsharel Geertruida,14,11,1.0
724,Lutsharel Geertruida,15,90,1.0
724,Lutsharel Geertruida,16,0,0.0
724,Lutsharel Geertruida,17,90,6.0
724,Lutsharel Geertruida,18,90,2.0
724,Lutsharel Geertruida,19,90,6.0
724,Lutsharel Geertruida,20,90,2.0
724,Lutsharel Geertruida,21,78,1.0
724,Lutsharel Geertruida,22,0,0.0
724,Lutsharel Geertruida,23,0,0.0
724,Lutsharel Geertruida,24,10,1.0
724,Lutsharel Geertruida,25,19,1.0
724,Lutsharel Geertruida,26,10,1.0
724,Lutsharel Geertruida,27,78,1.0
724,Lutsharel Geertruida,28,90,4.0
724,Lutsharel Geertruida,29,54,1.0
725,Piero Hincapié,9,8,1.0
725,Piero Hincapié,10,18,1.0
725,Piero Hincapié,11,0,0.0
725,Piero Hincapié,12,87,2.0
725,Piero Hincapié,13,90,1.0
725,Piero Hincapié,14,90,8.0
725,Piero Hincapié,15,90,3.0
725,Piero Hincapié,16,90,4.0
725,Piero Hincapié,17,90,10.0
725,Piero Hincapié,18,90,1.0
725,Piero Hincapié,19,90,2.0
725,Piero Hincapié,20,90,1.0
725,Piero Hincapié,21,56,1.0
725,Piero Hincapié,22,0,0.0
725,Piero Hincapié,23,57,0.0
725,Piero Hincapié,24,74,6.0
725,Piero Hincapié,25,23,1.0
725,Piero Hincapié,26,170,15.0
725,Piero Hincapié,27,90,4.0
725,Piero Hincapié,28,90,0.0
725,Piero Hincapié,29,90,9.0
726,Randal Kolo Muani,9,61,2.0
726,Randal Kolo Muani,10,72,2.0
726,Randal Kolo Muani,11,45,1.0
726,Randal Kolo Muani,12,24,1.0
726,Randal Kolo Muani,13,90,1.0
726,Randal Kolo Muani,14,76,2.0
726,Randal Kolo Muani,15,73,2.0
726,Randal Kolo Muani,16,79,2.0
726,Randal Kolo Muani,17,79,2.0
726,Randal Kolo Muani,18,62,2.0
726,Randal Kolo Muani,19,23,1.0
726,Randal Kolo Muani,20,71,2.0
726,Randal Kolo Muani,21,66,1.0
726,Randal Kolo Muani,22,90,2.0
726,Randal Kolo Muani,23,0,0.0
726,Randal Kolo Muani,24,67,2.0
726,Randal Kolo Muani,25,10,1.0
726,Randal Kolo Muani,26,20,1.0
726,Randal Kolo Muani,27,67,7.0
726,Randal Kolo Muani,28,57,1.0
726,Randal Kolo Muani,29,42,1.0
727,Samuel Chukwueze,9,0,0.0
727,Samuel Chukwueze,10,13,1.0
727,Samuel Chukwueze,11,31,1.0
727,Samuel Chukwueze,12,26,4.0
727,Samuel Chukwueze,13,80,5.0
727,Samuel Chukwueze,14,45,12.0
727,Samuel Chukwueze,15,75,2.0
727,Samuel Chukwueze,16,90,5.0
727,Samuel Chukwueze,17,0,0.0
727,Samuel Chukwueze,18,0,0.0
727,Samuel Chukwueze,19,0,0.0
727,Samuel Chukwueze,20,0,0.0
727,Samuel Chukwueze,21,0,0.0
727,Samuel Chukwueze,22,0,0.0
727,Samuel Chukwueze,23,31,6.0
727,Samuel Chukwueze,24,78,2.0
727,Samuel Chukwueze,25,74,3.0
727,Samuel Chukwueze,26,59,1.0
727,Samuel Chukwueze,27,0,0.0
727,Samuel Chukwueze,28,18,1.0
727,Samuel Chukwueze,29,90,2.0
728,Merlin Röhl,9,24,1.0
728,Merlin Röhl,10,0,0.0
728,Merlin Röhl,11,23,1.0
728,Merlin Röhl,12,0,0.0
728,Merlin Röhl,13,0,0.0
728,Merlin Röhl,14,0,0.0
728,Merlin Röhl,15,0,0.0
728,Merlin Röhl,16,0,0.0
728,Merlin Röhl,17,15,1.0
728,Merlin Röhl,18,21,1.0
728,Merlin Röhl,19,90,5.0
728,Merlin Röhl,20,45,1.0
728,Merlin Röhl,21,1,1.0
728,Merlin Röhl,22,90,3.0
728,Merlin Röhl,23,0,0.0
728,Merlin Röhl,24,0,0.0
728,Merlin Röhl,25,0,0.0
728,Merlin Röhl,26,0,0.0
728,Merlin Röhl,27,0,0.0
728,Merlin Röhl,28,0,0.0
728,Merlin Röhl,29,0,0.0
729,Luis Eduardo Soares da Silva,9,0,0.0
729,Luis Eduardo Soares da Silva,10,0,0.0
729,Luis Eduardo Soares da Silva,11,0,0.0
729,Luis Eduardo Soares da Silva,12,0,0.0
729,Luis Eduardo Soares da Silva,13,0,0.0
729,Luis Eduardo Soares da Silva,14,0,0.0
729,Luis Eduardo Soares da Silva,15,0,0.0
729,Luis Eduardo Soares da Silva,16,0,0.0
729,Luis Eduardo Soares da Silva,17,0,0.0
729,Luis Eduardo Soares da Silva,18,0,0.0
729,Luis Eduardo Soares da Silva,19,0,0.0
729,Luis Eduardo Soares da Silva,20,0,0.0
729,Luis Eduardo Soares da Silva,21,0,0.0
729,Luis Eduardo Soares da Silva,22,0,0.0
729,Luis Eduardo Soares da Silva,23,0,0.0
729,Luis Eduardo Soares da Silva,24,0,0.0
729,Luis Eduardo Soares da Silva,25,0,0.0
729,Luis Eduardo Soares da Silva,26,0,0.0
729,Luis Eduardo Soares da Silva,27,0,0.0
729,Luis Eduardo Soares da Silva,28,0,0.0
729,Luis Eduardo Soares da Silva,29,0,0.0
730,Brian Brobbey,9,15,4.0
730,Brian Brobbey,10,7,1.0
730,Brian Brobbey,11,27,5.0
730,Brian Brobbey,12,26,1.0
730,Brian Brobbey,13,27,6.0
730,Brian Brobbey,14,61,2.0
730,Brian Brobbey,15,34,1.0
730,Brian Brobbey,16,69,1.0
730,Brian Brobbey,17,71,2.0
730,Brian Brobbey,18,67,2.0
730,Brian Brobbey,19,57,1.0
730,Brian Brobbey,20,90,9.0
730,Brian Brobbey,21,90,2.0
730,Brian Brobbey,22,83,9.0
730,Brian Brobbey,23,90,7.0
730,Brian Brobbey,24,79,2.0
730,Brian Brobbey,25,84,1.0
730,Brian Brobbey,26,90,2.0
730,Brian Brobbey,27,69,1.0
730,Brian Brobbey,28,0,0.0
730,Brian Brobbey,29,0,0.0
731,Kevin Santos Lopes de Macedo,9,45,1.0
731,Kevin Santos Lopes de Macedo,10,71,3.0
731,Kevin Santos Lopes de Macedo,11,86,2.0
731,Kevin Santos Lopes de Macedo,12,63,3.0
731,Kevin Santos Lopes de Macedo,13,9,1.0
731,Kevin Santos Lopes de Macedo,14,8,1.0
731,Kevin Santos Lopes de Macedo,15,22,1.0
731,Kevin Santos Lopes de Macedo,16,0,0.0
731,Kevin Santos Lopes de Macedo,17,77,6.0
731,Kevin Santos Lopes de Macedo,18,68,3.0
731,Kevin Santos Lopes de Macedo,19,84,2.0
731,Kevin Santos Lopes de Macedo,20,16,4.0
731,Kevin Santos Lopes de Macedo,21,45,1.0
731,Kevin Santos Lopes de Macedo,22,25,1.0
731,Kevin Santos Lopes de Macedo,23,58,1.0
731,Kevin Santos Lopes de Macedo,24,19,6.0
731,Kevin Santos Lopes de Macedo,25,15,1.0
731,Kevin Santos Lopes de Macedo,26,30,1.0
731,Kevin Santos Lopes de Macedo,27,45,1.0
731,Kevin Santos Lopes de Macedo,28,0,0.0
731,Kevin Santos Lopes de Macedo,29,0,0.0
732,Christantus Uche,9,1,1.0
732,Christantus Uche,10,0,0.0
732,Christantus Uche,11,0,0.0
732,Christantus Uche,12,0,0.0
732,Christantus Uche,13,12,1.0
732,Christantus Uche,14,0,0.0
732,Christantus Uche,15,24,1.0
732,Christantus Uche,16,13,1.0
732,Christantus Uche,17,13,4.0
732,Christantus Uche,18,13,1.0
732,Christantus Uche,19,8,1.0
732,Christantus Uche,20,18,1.0
732,Christantus Uche,21,0,0.0
732,Christantus Uche,22,0,0.0
732,Christantus Uche,23,5,1.0
732,Christantus Uche,24,29,1.0
732,Christantus Uche,25,0,0.0
732,Christantus Uche,26,7,1.0
732,Christantus Uche,27,0,0.0
732,Christantus Uche,28,0,0.0
732,Christantus Uche,29,9,1.0
733,Senne Lammens,9,90,2.0
733,Senne Lammens,10,90,1.0
733,Senne Lammens,11,90,1.0
733,Senne Lammens,12,90,2.0
733,Senne Lammens,13,90,2.0
733,Senne Lammens,14,90,2.0
733,Senne Lammens,15,90,2.0
733,Senne Lammens,16,90,1.0
733,Senne Lammens,17,90,1.0
733,Senne Lammens,18,90,9.0
733,Senne Lammens,19,90,3.0
733,Senne Lammens,20,90,2.0
733,Senne Lammens,21,90,1.0
733,Senne Lammens,22,90,6.0
733,Senne Lammens,23,90,2.0
733,Senne Lammens,24,90,2.0
733,Senne Lammens,25,90,6.0
733,Senne Lammens,26,90,2.0
733,Senne Lammens,27,90,9.0
733,Senne Lammens,28,90,2.0
733,Senne Lammens,29,90,2.0
734,Dilane Bakwa,9,0,0.0
734,Dilane Bakwa,10,0,0.0
734,Dilane Bakwa,11,0,0.0
734,Dilane Bakwa,12,0,0.0
734,Dilane Bakwa,13,0,0.0
734,Dilane Bakwa,14,0,0.0
734,Dilane Bakwa,15,0,0.0
734,Dilane Bakwa,16,0,0.0
734,Dilane Bakwa,17,0,0.0
734,Dilane Bakwa,18,1,1.0
734,Dilane Bakwa,19,15,1.0
734,Dilane Bakwa,20,68,4.0
734,Dilane Bakwa,21,46,1.0
734,Dilane Bakwa,22,0,0.0
734,Dilane Bakwa,23,0,0.0
734,Dilane Bakwa,24,0,0.0
734,Dilane Bakwa,25,0,0.0
734,Dilane Bakwa,26,0,0.0
734,Dilane Bakwa,27,24,1.0
734,Dilane Bakwa,28,16,1.0
734,Dilane Bakwa,29,0,0.0
735,Bertrand Traoré,9,64,5.0
735,Bertrand Traoré,10,81,2.0
735,Bertrand Traoré,11,63,2.0
735,Bertrand Traoré,12,63,3.0
735,Bertrand Traoré,13,62,8.0
735,Bertrand Traoré,14,0,0.0
735,Bertrand Traoré,15,55,1.0
735,Bertrand Traoré,16,69,3.0
735,Bertrand Traoré,17,0,0.0
735,Bertrand Traoré,18,0,0.0
735,Bertrand Traoré,19,0,0.0
735,Bertrand Traoré,20,0,0.0
735,Bertrand Traoré,21,0,0.0
735,Bertrand Traoré,22,0,0.0
735,Bertrand Traoré,23,0,0.0
735,Bertrand Traoré,24,0,0.0
735,Bertrand Traoré,25,0,0.0
735,Bertrand Traoré,26,0,0.0
735,Bertrand Traoré,27,0,0.0
735,Bertrand Traoré,28,21,1.0
735,Bertrand Traoré,29,6,1.0
736,Gianluigi Donnarumma,9,90,2.0
736,Gianluigi Donnarumma,10,90,2.0
736,Gianluigi Donnarumma,11,90,6.0
736,Gianluigi Donnarumma,12,90,1.0
736,Gianluigi Donnarumma,13,90,5.0
736,Gianluigi Donnarumma,14,90,0.0
736,Gianluigi Donnarumma,15,90,6.0
736,Gianluigi Donnarumma,16,90,7.0
736,Gianluigi Donnarumma,17,90,7.0
736,Gianluigi Donnarumma,18,90,2.0
736,Gianluigi Donnarumma,19,90,7.0
736,Gianluigi Donnarumma,20,90,2.0
736,Gianluigi Donnarumma,21,90,1.0
736,Gianluigi Donnarumma,22,90,2.0
736,Gianluigi Donnarumma,23,90,8.0
736,Gianluigi Donnarumma,24,90,2.0
736,Gianluigi Donnarumma,25,90,3.0
736,Gianluigi Donnarumma,26,90,7.0
736,Gianluigi Donnarumma,27,90,5.0
736,Gianluigi Donnarumma,28,90,5.0
736,Gianluigi Donnarumma,29,90,1.0
737,Jonah Kusi-Asare,9,1,1.0
737,Jonah Kusi-Asare,10,0,0.0
737,Jonah Kusi-Asare,11,0,0.0
737,Jonah Kusi-Asare,12,0,0.0
737,Jonah Kusi-Asare,13,0,0.0
737,Jonah Kusi-Asare,14,17,1.0
737,Jonah Kusi-Asare,15,0,0.0
737,Jonah Kusi-Asare,16,0,0.0
737,Jonah Kusi-Asare,17,5,1.0
737,Jonah Kusi-Asare,18,0,0.0
737,Jonah Kusi-Asare,19,0,0.0
737,Jonah Kusi-Asare,20,5,1.0
737,Jonah Kusi-Asare,21,0,0.0
737,Jonah Kusi-Asare,22,2,0.0
737,Jonah Kusi-Asare,23,0,0.0
737,Jonah Kusi-Asare,24,0,0.0
737,Jonah Kusi-Asare,25,0,0.0
737,Jonah Kusi-Asare,26,0,0.0
737,Jonah Kusi-Asare,27,0,0.0
737,Jonah Kusi-Asare,28,0,0.0
737,Jonah Kusi-Asare,29,0,0.0
738,Lukasz Fabianski,9,0,0.0
738,Lukasz Fabianski,10,0,0.0
738,Lukasz Fabianski,11,0,0.0
738,Lukasz Fabianski,12,0,0.0
738,Lukasz Fabianski,13,0,0.0
738,Lukasz Fabianski,14,0,0.0
738,Lukasz Fabianski,15,0,0.0
738,Lukasz Fabianski,16,0,0.0
738,Lukasz Fabianski,17,0,0.0
738,Lukasz Fabianski,18,0,0.0
738,Lukasz Fabianski,19,0,0.0
738,Lukasz Fabianski,20,0,0.0
738,Lukasz Fabianski,21,0,0.0
738,Lukasz Fabianski,22,0,0.0
738,Lukasz Fabianski,23,0,0.0
738,Lukasz Fabianski,24,0,0.0
738,Lukasz Fabianski,25,0,0.0
738,Lukasz Fabianski,26,0,0.0
738,Lukasz Fabianski,27,0,0.0
738,Lukasz Fabianski,28,0,0.0
738,Lukasz Fabianski,29,0,0.0
739,Divine Mukasa,9,0,0.0
739,Divine Mukasa,10,0,0.0
739,Divine Mukasa,11,0,0.0
739,Divine Mukasa,12,0,0.0
739,Divine Mukasa,13,0,0.0
739,Divine Mukasa,14,0,0.0
739,Divine Mukasa,15,0,0.0
739,Divine Mukasa,16,0,0.0
739,Divine Mukasa,17,15,1.0
739,Divine Mukasa,18,0,0.0
739,Divine Mukasa,19,0,0.0
739,Divine Mukasa,20,0,0.0
739,Divine Mukasa,21,0,0.0
739,Divine Mukasa,22,10,1.0
739,Divine Mukasa,23,0,0.0
739,Divine Mukasa,24,0,0.0
739,Divine Mukasa,25,0,0.0
739,Divine Mukasa,26,0,0.0
739,Divine Mukasa,27,0,0.0
739,Divine Mukasa,28,0,0.0
739,Divine Mukasa,29,0,0.0
740,Stephen Mfuni,9,0,0.0
740,Stephen Mfuni,10,0,0.0
740,Stephen Mfuni,11,0,0.0
740,Stephen Mfuni,12,0,0.0
740,Stephen Mfuni,13,0,0.0
740,Stephen Mfuni,14,0,0.0
740,Stephen Mfuni,15,0,0.0
740,Stephen Mfuni,16,0,0.0
740,Stephen Mfuni,17,0,0.0
740,Stephen Mfuni,18,0,0.0
740,Stephen Mfuni,19,0,0.0
740,Stephen Mfuni,20,0,0.0
740,Stephen Mfuni,21,0,0.0
740,Stephen Mfuni,22,0,0.0
740,Stephen Mfuni,23,0,0.0
740,Stephen Mfuni,24,0,0.0
740,Stephen Mfuni,25,0,0.0
740,Stephen Mfuni,26,0,0.0
740,Stephen Mfuni,27,0,0.0
740,Stephen Mfuni,28,0,0.0
740,Stephen Mfuni,29,0,0.0
741,Harry Gray,10,0,0.0
741,Harry Gray,11,0,0.0
741,Harry Gray,12,0,0.0
741,Harry Gray,13,0,0.0
741,Harry Gray,14,0,0.0
741,Harry Gray,15,0,0.0
741,Harry Gray,16,0,0.0
741,Harry Gray,17,0,0.0
741,Harry Gray,18,0,0.0
741,Harry Gray,19,0,0.0
741,Harry Gray,20,0,0.0
741,Harry Gray,21,0,0.0
741,Harry Gray,22,0,0.0
741,Harry Gray,23,0,0.0
741,Harry Gray,24,0,0.0
741,Harry Gray,25,0,0.0
741,Harry Gray,26,0,0.0
741,Harry Gray,27,0,0.0
741,Harry Gray,28,0,0.0
741,Harry Gray,29,0,0.0
742,Ryan McAidoo,11,0,0.0
742,Ryan McAidoo,12,0,0.0
742,Ryan McAidoo,13,0,0.0
742,Ryan McAidoo,14,0,0.0
742,Ryan McAidoo,15,0,0.0
742,Ryan McAidoo,16,0,0.0
742,Ryan McAidoo,17,0,0.0
742,Ryan McAidoo,18,0,0.0
742,Ryan McAidoo,19,0,0.0
742,Ryan McAidoo,20,0,0.0
742,Ryan McAidoo,21,0,0.0
742,Ryan McAidoo,22,0,0.0
742,Ryan McAidoo,23,0,0.0
742,Ryan McAidoo,24,0,0.0
742,Ryan McAidoo,25,0,0.0
742,Ryan McAidoo,26,0,0.0
742,Ryan McAidoo,27,0,0.0
742,Ryan McAidoo,28,0,0.0
742,Ryan McAidoo,29,0,0.0
743,Landon Emenalo,12,0,0.0
743,Landon Emenalo,13,0,0.0
743,Landon Emenalo,14,0,0.0
743,Landon Emenalo,15,0,0.0
743,Landon Emenalo,16,0,0.0
743,Landon Emenalo,17,0,0.0
743,Landon Emenalo,18,0,0.0
743,Landon Emenalo,19,0,0.0
743,Landon Emenalo,20,0,0.0
743,Landon Emenalo,21,0,0.0
743,Landon Emenalo,22,0,0.0
743,Landon Emenalo,23,0,0.0
743,Landon Emenalo,24,0,0.0
743,Landon Emenalo,25,0,0.0
743,Landon Emenalo,26,0,0.0
743,Landon Emenalo,27,0,0.0
743,Landon Emenalo,28,0,0.0
743,Landon Emenalo,29,0,0.0
744,Nehemiah Oriola,13,0,0.0
744,Nehemiah Oriola,14,0,0.0
744,Nehemiah Oriola,15,0,0.0
744,Nehemiah Oriola,16,0,0.0
744,Nehemiah Oriola,17,0,0.0
744,Nehemiah Oriola,18,0,0.0
744,Nehemiah Oriola,19,0,0.0
744,Nehemiah Oriola,20,0,0.0
744,Nehemiah Oriola,21,0,0.0
744,Nehemiah Oriola,22,0,0.0
744,Nehemiah Oriola,23,0,0.0
744,Nehemiah Oriola,24,0,0.0
744,Nehemiah Oriola,25,0,0.0
744,Nehemiah Oriola,26,0,0.0
744,Nehemiah Oriola,27,0,0.0
744,Nehemiah Oriola,28,0,0.0
744,Nehemiah Oriola,29,0,0.0
745,Jun'ai Byfield,13,0,0.0
745,Jun'ai Byfield,14,0,0.0
745,Jun'ai Byfield,15,0,0.0
745,Jun'ai Byfield,16,0,0.0
745,Jun'ai Byfield,17,0,0.0
745,Jun'ai Byfield,18,0,0.0
745,Jun'ai Byfield,19,0,0.0
745,Jun'ai Byfield,20,0,0.0
745,Jun'ai Byfield,21,0,0.0
745,Jun'ai Byfield,22,0,0.0
745,Jun'ai Byfield,23,0,0.0
745,Jun'ai Byfield,24,1,1.0
745,Jun'ai Byfield,25,0,0.0
745,Jun'ai Byfield,26,0,0.0
745,Jun'ai Byfield,27,0,0.0
745,Jun'ai Byfield,28,0,0.0
745,Jun'ai Byfield,29,0,0.0
746,Kieran Morrison,14,0,0.0
746,Kieran Morrison,15,0,0.0
746,Kieran Morrison,16,0,0.0
746,Kieran Morrison,17,0,0.0
746,Kieran Morrison,18,0,0.0
746,Kieran Morrison,19,0,0.0
746,Kieran Morrison,20,0,0.0
746,Kieran Morrison,21,0,0.0
746,Kieran Morrison,22,0,0.0
746,Kieran Morrison,23,0,0.0
746,Kieran Morrison,24,0,0.0
746,Kieran Morrison,25,0,0.0
746,Kieran Morrison,26,0,0.0
746,Kieran Morrison,27,0,0.0
746,Kieran Morrison,28,0,0.0
746,Kieran Morrison,29,0,0.0
747,Ezra Mayers,15,7,1.0
747,Ezra Mayers,16,0,0.0
747,Ezra Mayers,17,26,1.0
747,Ezra Mayers,18,0,0.0
747,Ezra Mayers,19,7,1.0
747,Ezra Mayers,20,45,1.0
747,Ezra Mayers,21,27,1.0
747,Ezra Mayers,22,0,0.0
747,Ezra Mayers,23,0,0.0
747,Ezra Mayers,24,0,0.0
747,Ezra Mayers,25,0,0.0
747,Ezra Mayers,26,0,0.0
747,Ezra Mayers,27,0,0.0
747,Ezra Mayers,28,1,1.0
747,Ezra Mayers,29,0,0.0
748,Josh Dasilva,16,0,0.0
748,Josh Dasilva,17,0,0.0
748,Josh Dasilva,18,0,0.0
748,Josh Dasilva,19,0,0.0
748,Josh Dasilva,20,0,0.0
748,Josh Dasilva,21,0,0.0
748,Josh Dasilva,22,0,0.0
748,Josh Dasilva,23,0,0.0
748,Josh Dasilva,24,0,0.0
748,Josh Dasilva,25,0,0.0
748,Josh Dasilva,26,0,0.0
748,Josh Dasilva,27,0,0.0
748,Josh Dasilva,28,0,0.0
748,Josh Dasilva,29,0,0.0
749,Mateus Mané,16,4,4.0
749,Mateus Mané,17,25,1.0
749,Mateus Mané,18,90,2.0
749,Mateus Mané,19,90,2.0
749,Mateus Mané,20,85,12.0
749,Mateus Mané,21,90,9.0
749,Mateus Mané,22,90,2.0
749,Mateus Mané,23,90,2.0
749,Mateus Mané,24,90,2.0
749,Mateus Mané,25,90,2.0
749,Mateus Mané,26,180,4.0
749,Mateus Mané,27,90,2.0
749,Mateus Mané,28,90,2.0
749,Mateus Mané,29,69,2.0
750,James Rowswell,16,0,0.0
750,James Rowswell,17,0,0.0
750,James Rowswell,18,0,0.0
750,James Rowswell,19,0,0.0
750,James Rowswell,20,0,0.0
750,James Rowswell,21,0,0.0
750,James Rowswell,22,0,0.0
750,James Rowswell,23,0,0.0
750,James Rowswell,24,0,0.0
750,James Rowswell,25,0,0.0
750,James Rowswell,26,0,0.0
750,James Rowswell,27,0,0.0
750,James Rowswell,28,0,0.0
750,James Rowswell,29,0,0.0
751,Yusuf Akhamrich,16,0,0.0
751,Yusuf Akhamrich,17,0,0.0
751,Yusuf Akhamrich,18,0,0.0
751,Yusuf Akhamrich,19,0,0.0
751,Yusuf Akhamrich,20,0,0.0
751,Yusuf Akhamrich,21,0,0.0
751,Yusuf Akhamrich,22,0,0.0
751,Yusuf Akhamrich,23,0,0.0
751,Yusuf Akhamrich,24,0,0.0
751,Yusuf Akhamrich,25,0,0.0
751,Yusuf Akhamrich,26,0,0.0
751,Yusuf Akhamrich,27,0,0.0
751,Yusuf Akhamrich,28,0,0.0
751,Yusuf Akhamrich,29,0,0.0
752,Airidas Golambeckis,16,0,0.0
752,Airidas Golambeckis,17,0,0.0
752,Airidas Golambeckis,18,0,0.0
752,Airidas Golambeckis,19,0,0.0
752,Airidas Golambeckis,20,0,0.0
752,Airidas Golambeckis,21,0,0.0
752,Airidas Golambeckis,22,0,0.0
752,Airidas Golambeckis,23,0,0.0
752,Airidas Golambeckis,24,0,0.0
752,Airidas Golambeckis,25,0,0.0
752,Airidas Golambeckis,26,0,0.0
752,Airidas Golambeckis,27,0,0.0
752,Airidas Golambeckis,28,0,0.0
752,Airidas Golambeckis,29,0,0.0
753,John Ruddy,17,0,0.0
753,John Ruddy,18,0,0.0
753,John Ruddy,19,0,0.0
753,John Ruddy,20,0,0.0
753,John Ruddy,21,0,0.0
753,John Ruddy,22,0,0.0
753,John Ruddy,23,0,0.0
753,John Ruddy,24,0,0.0
753,John Ruddy,25,0,0.0
753,John Ruddy,26,0,0.0
753,John Ruddy,27,0,0.0
753,John Ruddy,28,0,0.0
753,John Ruddy,29,0,0.0
754,George Hemmings,17,0,0.0
754,George Hemmings,18,0,0.0
754,George Hemmings,19,8,1.0
754,George Hemmings,20,0,0.0
754,George Hemmings,21,0,0.0
754,George Hemmings,22,17,1.0
754,George Hemmings,23,0,0.0
754,George Hemmings,24,0,0.0
754,George Hemmings,25,0,0.0
754,George Hemmings,26,0,0.0
754,George Hemmings,27,0,0.0
754,George Hemmings,28,0,0.0
754,George Hemmings,29,0,0.0
755,Shea Lacey,17,6,1.0
755,Shea Lacey,18,0,0.0
755,Shea Lacey,19,0,0.0
755,Shea Lacey,20,0,0.0
755,Shea Lacey,21,6,1.0
755,Shea Lacey,22,0,0.0
755,Shea Lacey,23,0,0.0
755,Shea Lacey,24,0,0.0
755,Shea Lacey,25,0,0.0
755,Shea Lacey,26,0,0.0
755,Shea Lacey,27,0,0.0
755,Shea Lacey,28,0,0.0
755,Shea Lacey,29,0,0.0
756,Malcom DaCosta,19,0,0.0
756,Malcom DaCosta,20,0,0.0
756,Malcom DaCosta,21,0,0.0
756,Malcom DaCosta,22,0,0.0
756,Malcom DaCosta,23,0,0.0
756,Malcom DaCosta,24,0,0.0
756,Malcom DaCosta,25,0,0.0
756,Malcom DaCosta,26,0,0.0
756,Malcom DaCosta,27,0,0.0
756,Malcom DaCosta,28,0,0.0
756,Malcom DaCosta,29,0,0.0
757,Ronnie Hollingshead,19,0,0.0
757,Ronnie Hollingshead,20,0,0.0
757,Ronnie Hollingshead,21,0,0.0
757,Ronnie Hollingshead,22,0,0.0
757,Ronnie Hollingshead,23,0,0.0
757,Ronnie Hollingshead,24,0,0.0
757,Ronnie Hollingshead,25,0,0.0
757,Ronnie Hollingshead,26,0,0.0
757,Ronnie Hollingshead,27,0,0.0
757,Ronnie Hollingshead,28,0,0.0
757,Ronnie Hollingshead,29,0,0.0
758,Mohamadou Kanté,19,7,1.0
758,Mohamadou Kanté,20,0,0.0
758,Mohamadou Kanté,21,0,0.0
758,Mohamadou Kanté,22,0,0.0
758,Mohamadou Kanté,23,0,0.0
758,Mohamadou Kanté,24,0,0.0
758,Mohamadou Kanté,25,0,0.0
758,Mohamadou Kanté,26,0,0.0
758,Mohamadou Kanté,27,6,1.0
758,Mohamadou Kanté,28,1,1.0
758,Mohamadou Kanté,29,1,0.0
759,Marli Salmon,20,0,0.0
759,Marli Salmon,21,0,0.0
759,Marli Salmon,22,0,0.0
759,Marli Salmon,23,0,0.0
759,Marli Salmon,24,0,0.0
759,Marli Salmon,25,0,0.0
759,Marli Salmon,26,0,0.0
759,Marli Salmon,27,0,0.0
759,Marli Salmon,28,0,0.0
759,Marli Salmon,29,0,0.0
760,Wellity Lucky,21,0,0.0
760,Wellity Lucky,22,0,0.0
760,Wellity Lucky,23,0,0.0
760,Wellity Lucky,24,0,0.0
760,Wellity Lucky,25,0,0.0
760,Wellity Lucky,26,0,0.0
760,Wellity Lucky,27,0,0.0
760,Wellity Lucky,28,0,0.0
760,Wellity Lucky,29,0,0.0
761,Freddie Simmonds,22,0,0.0
761,Freddie Simmonds,23,0,0.0
761,Freddie Simmonds,24,0,0.0
761,Freddie Simmonds,25,0,0.0
761,Freddie Simmonds,26,0,0.0
761,Freddie Simmonds,27,0,0.0
761,Freddie Simmonds,28,0,0.0
761,Freddie Simmonds,29,0,0.0
762,Joél Drakes-Thomas,22,0,0.0
762,Joél Drakes-Thomas,23,0,0.0
762,Joél Drakes-Thomas,24,0,0.0
762,Joél Drakes-Thomas,25,0,0.0
762,Joél Drakes-Thomas,26,0,0.0
762,Joél Drakes-Thomas,27,0,0.0
762,Joél Drakes-Thomas,28,0,0.0
762,Joél Drakes-Thomas,29,0,0.0
763,Charlie Gray,22,0,0.0
763,Charlie Gray,23,0,0.0
763,Charlie Gray,24,0,0.0
763,Charlie Gray,25,0,0.0
763,Charlie Gray,26,0,0.0
763,Charlie Gray,27,0,0.0
763,Charlie Gray,28,0,0.0
763,Charlie Gray,29,0,0.0
764,Reigan Heskey,22,0,0.0
764,Reigan Heskey,23,0,0.0
764,Reigan Heskey,24,0,0.0
764,Reigan Heskey,25,0,0.0
764,Reigan Heskey,26,0,0.0
764,Reigan Heskey,27,0,0.0
764,Reigan Heskey,28,0,0.0
764,Reigan Heskey,29,0,0.0
765,Leo Shahar,22,0,0.0
765,Leo Shahar,23,0,0.0
765,Leo Shahar,24,0,0.0
765,Leo Shahar,25,0,0.0
765,Leo Shahar,26,0,0.0
765,Leo Shahar,27,0,0.0
765,Leo Shahar,28,0,0.0
765,Leo Shahar,29,0,0.0
766,Saheed Olagunju,22,0,0.0
766,Saheed Olagunju,23,0,0.0
766,Saheed Olagunju,24,0,0.0
766,Saheed Olagunju,25,0,0.0
766,Saheed Olagunju,26,0,0.0
766,Saheed Olagunju,27,0,0.0
766,Saheed Olagunju,28,0,0.0
766,Saheed Olagunju,29,0,0.0
767,Luke Rawlings,22,0,0.0
767,Luke Rawlings,23,0,0.0
767,Luke Rawlings,24,0,0.0
767,Luke Rawlings,25,0,0.0
767,Luke Rawlings,26,0,0.0
767,Luke Rawlings,27,0,0.0
767,Luke Rawlings,28,0,0.0
767,Luke Rawlings,29,0,0.0
768,Leon Routh,22,0,0.0
768,Leon Routh,23,0,0.0
768,Leon Routh,24,0,0.0
768,Leon Routh,25,0,0.0
768,Leon Routh,26,0,0.0
768,Leon Routh,27,0,0.0
768,Leon Routh,28,0,0.0
768,Leon Routh,29,0,0.0
769,Bendito Mantato,22,0,0.0
769,Bendito Mantato,23,0,0.0
769,Bendito Mantato,24,0,0.0
769,Bendito Mantato,25,0,0.0
769,Bendito Mantato,26,0,0.0
769,Bendito Mantato,27,0,0.0
769,Bendito Mantato,28,0,0.0
769,Bendito Mantato,29,0,0.0
770,Seth Ridgeon,22,0,0.0
770,Seth Ridgeon,23,0,0.0
770,Seth Ridgeon,24,0,0.0
770,Seth Ridgeon,25,0,0.0
770,Seth Ridgeon,26,0,0.0
770,Seth Ridgeon,27,0,0.0
770,Seth Ridgeon,28,0,0.0
770,Seth Ridgeon,29,0,0.0
771,Tyler Fletcher,23,0,0.0
771,Tyler Fletcher,24,0,0.0
771,Tyler Fletcher,25,1,1.0
771,Tyler Fletcher,26,0,0.0
771,Tyler Fletcher,27,0,0.0
771,Tyler Fletcher,28,0,0.0
771,Tyler Fletcher,29,0,0.0
772,Sam Alabi,23,0,0.0
772,Sam Alabi,24,0,0.0
772,Sam Alabi,25,0,0.0
772,Sam Alabi,26,0,0.0
772,Sam Alabi,27,0,0.0
772,Sam Alabi,28,0,0.0
772,Sam Alabi,29,0,0.0
773,Dean Benamar,23,0,0.0
773,Dean Benamar,24,0,0.0
773,Dean Benamar,25,0,0.0
773,Dean Benamar,26,0,0.0
773,Dean Benamar,27,0,0.0
773,Dean Benamar,28,0,0.0
773,Dean Benamar,29,0,0.0
774,Jenson Jones,23,0,0.0
774,Jenson Jones,24,0,0.0
774,Jenson Jones,25,0,0.0
774,Jenson Jones,26,0,0.0
774,Jenson Jones,27,0,0.0
774,Jenson Jones,28,0,0.0
774,Jenson Jones,29,0,0.0
775,Tymur Tutierov,23,0,0.0
775,Tymur Tutierov,24,0,0.0
775,Tymur Tutierov,25,0,0.0
775,Tymur Tutierov,26,0,0.0
775,Tymur Tutierov,27,0,0.0
775,Tymur Tutierov,28,0,0.0
775,Tymur Tutierov,29,0,0.0
776,Oliver Pimlott,24,0,0.0
776,Oliver Pimlott,25,0,0.0
776,Oliver Pimlott,26,0,0.0
776,Oliver Pimlott,27,0,0.0
776,Oliver Pimlott,28,0,0.0
776,Oliver Pimlott,29,0,0.0
777,Temple Ojinnaka,24,0,0.0
777,Temple Ojinnaka,25,0,0.0
777,Temple Ojinnaka,26,0,0.0
777,Temple Ojinnaka,27,0,0.0
777,Temple Ojinnaka,28,0,0.0
777,Temple Ojinnaka,29,0,0.0
778,Ethan Sutherland,24,0,0.0
778,Ethan Sutherland,25,0,0.0
778,Ethan Sutherland,26,0,0.0
778,Ethan Sutherland,27,0,0.0
778,Ethan Sutherland,28,0,0.0
778,Ethan Sutherland,29,0,0.0
779,Braiden Graham,24,0,0.0
779,Braiden Graham,25,0,0.0
779,Braiden Graham,26,0,0.0
779,Braiden Graham,27,0,0.0
779,Braiden Graham,28,0,0.0
779,Braiden Graham,29,0,0.0
780,Ben Casey,24,0,0.0
780,Ben Casey,25,0,0.0
780,Ben Casey,26,0,0.0
780,Ben Casey,27,0,0.0
780,Ben Casey,28,0,0.0
780,Ben Casey,29,0,0.0
781,TJ Carroll,25,0,0.0
781,TJ Carroll,26,0,0.0
781,TJ Carroll,27,0,0.0
781,TJ Carroll,28,0,0.0
781,TJ Carroll,29,0,0.0
782,Fraser Forster,25,0,0.0
782,Fraser Forster,26,0,0.0
782,Fraser Forster,27,0,0.0
782,Fraser Forster,28,0,0.0
782,Fraser Forster,29,0,0.0
783,Pascal Groß,25,90,2.0
783,Pascal Groß,26,90,2.0
783,Pascal Groß,27,90,3.0
783,Pascal Groß,28,90,5.0
783,Pascal Groß,29,90,2.0
784,George Brierley,25,0,0.0
784,George Brierley,26,0,0.0
784,George Brierley,27,0,0.0
784,George Brierley,28,0,0.0
784,George Brierley,29,0,0.0
785,Pablo Felipe Pereira de Jesus,25,11,1.0
785,Pablo Felipe Pereira de Jesus,26,0,0.0
785,Pablo Felipe Pereira de Jesus,27,0,0.0
785,Pablo Felipe Pereira de Jesus,28,0,0.0
785,Pablo Felipe Pereira de Jesus,29,0,0.0
786,Alfie McNally,25,0,0.0
786,Alfie McNally,26,0,0.0
786,Alfie McNally,27,0,0.0
786,Alfie McNally,28,0,0.0
786,Alfie McNally,29,0,0.0
787,Sam Chambers,25,0,0.0
787,Sam Chambers,26,0,0.0
787,Sam Chambers,27,0,0.0
787,Sam Chambers,28,0,0.0
787,Sam Chambers,29,0,0.0
788,Godwill Kukonki,25,0,0.0
788,Godwill Kukonki,26,0,0.0
788,Godwill Kukonki,27,0,0.0
788,Godwill Kukonki,28,0,0.0
788,Godwill Kukonki,29,0,0.0
789,Max Merrick,25,0,0.0
789,Max Merrick,26,0,0.0
789,Max Merrick,27,0,0.0
789,Max Merrick,28,0,0.0
789,Max Merrick,29,0,0.0
790,Lucá Williams-Barnett,25,0,0.0
790,Lucá Williams-Barnett,26,0,0.0
790,Lucá Williams-Barnett,27,0,0.0
790,Lucá Williams-Barnett,28,0,0.0
790,Lucá Williams-Barnett,29,0,0.0
791,Valentín Castellanos,26,68,2.0
791,Valentín Castellanos,27,90,2.0
791,Valentín Castellanos,28,90,7.0
791,Valentín Castellanos,29,87,2.0
792,Alysson Edward Franco da Rocha dos Santos,26,16,1.0
792,Alysson Edward Franco da Rocha dos Santos,27,0,0.0
792,Alysson Edward Franco da Rocha dos Santos,28,4,1.0
792,Alysson Edward Franco da Rocha dos Santos,29,27,1.0
793,George King,26,0,0.0
793,George King,27,0,0.0
793,George King,28,0,0.0
793,George King,29,0,0.0
794,Max Alleyne,26,0,0.0
794,Max Alleyne,27,0,0.0
794,Max Alleyne,28,0,0.0
794,Max Alleyne,29,0,0.0
795,Harry Howell,26,9,1.0
795,Harry Howell,27,0,0.0
795,Harry Howell,28,0,0.0
795,Harry Howell,29,13,1.0
796,Conor Gallagher,27,61,2.0
796,Conor Gallagher,28,57,1.0
796,Conor Gallagher,29,47,1.0
797,Kaye Furo,27,0,0.0
797,Kaye Furo,28,0,0.0
797,Kaye Furo,29,0,0.0
798,Danny Imray,27,0,0.0
798,Danny Imray,28,0,0.0
798,Danny Imray,29,0,0.0
799,Charlie Stevens,27,0,0.0
799,Charlie Stevens,28,0,0.0
799,Charlie Stevens,29,0,0.0
800,Djiamgone Jocelin Ta Bi,28,0,0.0
800,Djiamgone Jocelin Ta Bi,29,0,0.0
801,Alex Tóth,28,5,0.0
801,Alex Tóth,29,0,0.0
802,Keiber Lamadrid,28,0,0.0
802,Keiber Lamadrid,29,0,0.0
803,Teddy Sharman-Lowe,28,0,0.0
803,Teddy Sharman-Lowe,29,0,0.0
804,João Victor de Souza Menezes,29,42,0.0
805,Lorenzo Lucca,29,0,0.0
806,Christos Mandas,29,0,0.0
807,Rayan Vitor Simplício Rocha,29,73,3.0
808,Tammy Abraham,29,19,1.0
809,Jerome Abbey,29,0,0.0
810,Luka Bentt,29,0,0.0
811,Rio Kyerematen,29,0,0.0
