element,name,target_gw,target_minutes,target_points,actual_points,predicted_points,absolute_error
1,David Raya Martín,37,90,6.0,6.0,3.2442358,2.7557642
1,David Raya Martín,38,0,0.0,0.0,3.5116832,3.5116832
2,Kepa Arrizabalaga Revuelta,37,0,0.0,0.0,0.037361994,0.037361994
2,Kepa Arrizabalaga Revuelta,38,90,2.0,2.0,0.037361994,1.962638
3,Karl Hein,37,0,0.0,0.0,0.037361994,0.037361994
3,Karl Hein,38,0,0.0,0.0,0.037361994,0.037361994
4,Tommy Setford,37,0,0.0,0.0,0.037361994,0.037361994
4,Tommy Setford,38,0,0.0,0.0,0.037361994,0.037361994
5,Gabriel dos Santos Magalhães,37,90,6.0,6.0,4.1362543,1.8637457
5,Gabriel dos Santos Magalhães,38,45,1.0,1.0,4.1353574,3.1353574
6,William Saliba,37,90,8.0,8.0,3.1087904,4.8912096
6,William Saliba,38,0,0.0,0.0,3.8496397,3.8496397
7,Riccardo Calafiori,37,71,8.0,8.0,2.1759648,5.824035
7,Riccardo Calafiori,38,45,1.0,1.0,2.3421538,1.3421538
8,Jurriën Timber,37,0,0.0,0.0,0.13562235,0.13562235
8,Jurriën Timber,38,0,0.0,0.0,0.13562235,0.13562235
9,Jakub Kiwior,37,0,0.0,0.0,0.13562235,0.13562235
9,Jakub Kiwior,38,0,0.0,0.0,0.13562235,0.13562235
10,Myles Lewis-Skelly,37,17,1.0,1.0,2.7352512,1.7352512
10,Myles Lewis-Skelly,38,90,2.0,2.0,1.6455196,0.3544804
11,Benjamin White,37,0,0.0,0.0,1.5126417,1.5126417
11,Benjamin White,38,0,0.0,0.0,0.77891314,0.77891314
12,Oleksandr Zinchenko,34,0,0.0,0.0,0.13562235,0.13562235
12,Oleksandr Zinchenko,35,0,0.0,0.0,0.13562235,0.13562235
12,Oleksandr Zinchenko,36,0,0.0,0.0,0.13562235,0.13562235
12,Oleksandr Zinchenko,37,0,0.0,0.0,0.13562235,0.13562235
12,Oleksandr Zinchenko,38,0,0.0,0.0,0.13562235,0.13562235
13,Brayden Clarke,37,0,0.0,0.0,0.13562235,0.13562235
13,Brayden Clarke,38,0,0.0,0.0,0.13562235,0.13562235
14,Maldini Kacurri,37,0,0.0,0.0,0.13562235,0.13562235
14,Maldini Kacurri,38,0,0.0,0.0,0.13562235,0.13562235
15,Josh Nichols,37,0,0.0,0.0,0.13562235,0.13562235
15,Josh Nichols,38,0,0.0,0.0,0.13562235,0.13562235
16,Bukayo Saka,37,90,10.0,10.0,2.9188974,7.0811024
16,Bukayo Saka,38,0,0.0,0.0,3.9556885,3.9556885
17,Martin Ødegaard,37,90,3.0,3.0,1.6308614,1.3691386
17,Martin Ødegaard,38,0,0.0,0.0,2.8942332,2.8942332
18,Noni Madueke,37,0,0.0,0.0,1.1735334,1.1735334
18,Noni Madueke,38,83,11.0,11.0,0.7698586,10.230142
19,Gabriel Martinelli Silva,37,1,1.0,1.0,0.9219445,0.0780555
19,Gabriel Martinelli Silva,38,90,7.0,7.0,0.9333981,6.0666018
20,Leandro Trossard,37,90,3.0,3.0,3.7126555,0.71265554
20,Leandro Trossard,38,0,0.0,0.0,4.0163045,4.0163045
21,Declan Rice,37,90,5.0,5.0,3.4165962,1.5834038
21,Declan Rice,38,0,0.0,0.0,3.7723582,3.7723582
22,Mikel Merino Zazón,37,0,0.0,0.0,0.013705522,0.013705522
22,Mikel Merino Zazón,38,28,1.0,1.0,0.013705522,0.9862945
23,Fábio Ferreira Vieira,37,0,0.0,0.0,0.013705522,0.013705522
23,Fábio Ferreira Vieira,38,0,0.0,0.0,0.013705522,0.013705522
24,Christian Nørgaard,37,0,0.0,0.0,0.013705522,0.013705522
24,Christian Nørgaard,38,45,1.0,1.0,0.013705522,0.9862945
25,Ethan Nwaneri,37,0,0.0,0.0,0.013705522,0.013705522
25,Ethan Nwaneri,38,0,0.0,0.0,0.013705522,0.013705522
26,Martín Zubimendi Ibáñez,37,1,1.0,1.0,1.7776538,0.7776538
26,Martín Zubimendi Ibáñez,38,90,2.0,2.0,1.0907881,0.9092119
27,Reiss Nelson,34,17,4.0,4.0,0.6617117,3.3382883
27,Reiss Nelson,35,0,0.0,0.0,1.4149953,1.4149953
27,Reiss Nelson,36,0,0.0,0.0,0.6591612,0.6591612
27,Reiss Nelson,37,0,0.0,0.0,0.3350443,0.3350443
27,Reiss Nelson,38,1,1.0,1.0,-0.019997552,1.0199976
28,Ismeal Kabia,37,0,0.0,0.0,0.013705522,0.013705522
28,Ismeal Kabia,38,0,0.0,0.0,0.013705522,0.013705522
29,Albert Sambi Lokonga,37,0,0.0,0.0,0.013705522,0.013705522
29,Albert Sambi Lokonga,38,0,0.0,0.0,0.013705522,0.013705522
30,Kai Havertz,37,72,8.0,8.0,1.8199395,6.1800604
30,Kai Havertz,38,45,4.0,4.0,2.6607516,1.3392484
31,Gabriel Fernando de Jesus,37,0,0.0,0.0,0.42610943,0.42610943
31,Gabriel Fernando de Jesus,38,74,5.0,5.0,0.1828202,4.8171797
32,Emiliano Martínez Romero,34,90,3.0,3.0,2.4172194,0.5827806
32,Emiliano Martínez Romero,35,90,2.0,2.0,2.6386328,0.6386328
32,Emiliano Martínez Romero,36,90,6.0,6.0,3.107868,2.892132
32,Emiliano Martínez Romero,37,90,2.0,2.0,2.8005548,0.80055475
32,Emiliano Martínez Romero,38,0,0.0,0.0,3.1399667,3.1399667
33,Marco Bizot,34,0,0.0,0.0,0.6753168,0.6753168
33,Marco Bizot,35,0,0.0,0.0,0.20090044,0.20090044
33,Marco Bizot,36,0,0.0,0.0,0.027397692,0.027397692
33,Marco Bizot,37,0,0.0,0.0,0.030430809,0.030430809
33,Marco Bizot,38,90,2.0,2.0,0.037361994,1.962638
34,Joe Gauci,34,0,0.0,0.0,0.037361994,0.037361994
34,Joe Gauci,35,0,0.0,0.0,0.037361994,0.037361994
34,Joe Gauci,36,0,0.0,0.0,0.037361994,0.037361994
34,Joe Gauci,37,0,0.0,0.0,0.037361994,0.037361994
34,Joe Gauci,38,0,0.0,0.0,0.037361994,0.037361994
35,Filip Marschall,34,0,0.0,0.0,0.037361994,0.037361994
35,Filip Marschall,35,0,0.0,0.0,0.037361994,0.037361994
35,Filip Marschall,36,0,0.0,0.0,0.037361994,0.037361994
35,Filip Marschall,37,0,0.0,0.0,0.037361994,0.037361994
35,Filip Marschall,38,0,0.0,0.0,0.037361994,0.037361994
36,Matty Cash,34,90,2.0,2.0,2.5546007,0.5546007
36,Matty Cash,35,90,5.0,5.0,3.1703835,1.8296165
36,Matty Cash,36,79,1.0,1.0,3.3643599,2.3643599
36,Matty Cash,37,90,0.0,0.0,2.7511137,2.7511137
36,Matty Cash,38,45,1.0,1.0,2.247513,1.247513
37,Lucas Digne,34,90,2.0,2.0,2.5669756,0.5669756
37,Lucas Digne,35,0,0.0,0.0,2.7960873,2.7960873
37,Lucas Digne,36,16,1.0,1.0,1.1098933,0.10989332
37,Lucas Digne,37,90,4.0,4.0,1.3339179,2.6660821
37,Lucas Digne,38,0,0.0,0.0,2.8206265,2.8206265
38,Ezri Konsa Ngoyo,34,90,2.0,2.0,2.011909,0.011909008
38,Ezri Konsa Ngoyo,35,0,0.0,0.0,2.5741274,2.5741274
38,Ezri Konsa Ngoyo,36,90,1.0,1.0,1.0598247,0.059824705
38,Ezri Konsa Ngoyo,37,90,1.0,1.0,2.039064,1.0390639
38,Ezri Konsa Ngoyo,38,0,0.0,0.0,2.5708919,2.5708919
39,Ian Maatsen,34,0,0.0,0.0,2.5128815,2.5128815
39,Ian Maatsen,35,90,1.0,1.0,1.2616802,0.26168025
39,Ian Maatsen,36,73,1.0,1.0,1.997172,0.997172
39,Ian Maatsen,37,5,1.0,1.0,2.4952881,1.4952881
39,Ian Maatsen,38,90,5.0,5.0,1.1790895,3.8209105
40,Tyrone Mings,34,0,0.0,0.0,2.4931135,2.4931135
40,Tyrone Mings,35,90,1.0,1.0,1.1075476,0.10754764
40,Tyrone Mings,36,90,0.0,0.0,2.6165655,2.6165655
40,Tyrone Mings,37,0,0.0,0.0,2.782554,2.782554
40,Tyrone Mings,38,90,4.0,4.0,1.3169683,2.6830316
41,Pau Torres,34,90,1.0,1.0,1.0552106,0.05521059
41,Pau Torres,35,0,0.0,0.0,1.8271127,1.8271127
41,Pau Torres,36,0,0.0,0.0,1.104974,1.104974
41,Pau Torres,37,90,4.0,4.0,0.6948874,3.3051126
41,Pau Torres,38,17,1.0,1.0,2.6338012,1.6338012
42,Andrés García,34,0,0.0,0.0,0.34838492,0.34838492
42,Andrés García,35,0,0.0,0.0,0.28206146,0.28206146
42,Andrés García,36,0,0.0,0.0,0.17418519,0.17418519
42,Andrés García,37,0,0.0,0.0,0.16235656,0.16235656
42,Andrés García,38,45,1.0,1.0,0.13562235,0.8643776
43,Álex Moreno Lopera,34,0,0.0,0.0,0.13562235,0.13562235
43,Álex Moreno Lopera,35,0,0.0,0.0,0.13562235,0.13562235
43,Álex Moreno Lopera,36,0,0.0,0.0,0.13562235,0.13562235
43,Álex Moreno Lopera,37,0,0.0,0.0,0.13562235,0.13562235
43,Álex Moreno Lopera,38,0,0.0,0.0,0.13562235,0.13562235
44,Lamare Bogarde,34,73,2.0,2.0,0.5023906,1.4976094
44,Lamare Bogarde,35,90,1.0,1.0,2.0250072,1.0250072
44,Lamare Bogarde,36,10,1.0,1.0,2.5511572,1.5511572
44,Lamare Bogarde,37,0,0.0,0.0,1.5064198,1.5064198
44,Lamare Bogarde,38,72,2.0,2.0,0.8917706,1.1082294
45,Lino da Cruz Sousa,34,0,0.0,0.0,0.13562235,0.13562235
45,Lino da Cruz Sousa,35,0,0.0,0.0,0.13562235,0.13562235
45,Lino da Cruz Sousa,36,0,0.0,0.0,0.13562235,0.13562235
45,Lino da Cruz Sousa,37,0,0.0,0.0,0.13562235,0.13562235
45,Lino da Cruz Sousa,38,0,0.0,0.0,0.13562235,0.13562235
46,Yasin Özcan,34,0,0.0,0.0,0.13562235,0.13562235
46,Yasin Özcan,35,0,0.0,0.0,0.13562235,0.13562235
46,Yasin Özcan,36,0,0.0,0.0,0.13562235,0.13562235
46,Yasin Özcan,37,0,0.0,0.0,0.13562235,0.13562235
46,Yasin Özcan,38,0,0.0,0.0,0.13562235,0.13562235
47,Morgan Rogers,34,90,2.0,2.0,4.9650903,2.9650903
47,Morgan Rogers,35,90,1.0,1.0,3.35593,2.35593
47,Morgan Rogers,36,90,2.0,2.0,3.5498464,1.5498464
47,Morgan Rogers,37,90,12.0,12.0,3.226004,8.773996
47,Morgan Rogers,38,0,0.0,0.0,3.8242793,3.8242793
48,Youri Tielemans,34,73,2.0,2.0,3.1695535,1.1695535
48,Youri Tielemans,35,90,2.0,2.0,2.9381533,0.93815327
48,Youri Tielemans,36,90,4.0,4.0,3.2004688,0.7995312
48,Youri Tielemans,37,89,2.0,2.0,3.3710015,1.3710015
48,Youri Tielemans,38,17,1.0,1.0,2.8229156,1.8229156
49,Leon Bailey,34,16,1.0,1.0,0.69727933,0.30272067
49,Leon Bailey,35,5,1.0,1.0,1.1136283,0.11362827
49,Leon Bailey,36,5,1.0,1.0,1.1214094,0.121409416
49,Leon Bailey,37,0,0.0,0.0,1.3614709,1.3614709
49,Leon Bailey,38,90,5.0,5.0,0.66313696,4.336863
50,Emiliano Buendía Stati,34,73,2.0,2.0,1.9640725,0.035927534
50,Emiliano Buendía Stati,35,5,6.0,6.0,2.6161454,3.3838546
50,Emiliano Buendía Stati,36,16,1.0,1.0,2.2049067,1.2049067
50,Emiliano Buendía Stati,37,84,2.0,2.0,1.6424842,0.3575158
50,Emiliano Buendía Stati,38,90,6.0,6.0,2.9034026,3.0965974
51,Samuel Iling-Junior,34,0,0.0,0.0,0.013705522,0.013705522
51,Samuel Iling-Junior,35,0,0.0,0.0,0.013705522,0.013705522
51,Samuel Iling-Junior,36,0,0.0,0.0,0.013705522,0.013705522
51,Samuel Iling-Junior,37,0,0.0,0.0,0.013705522,0.013705522
51,Samuel Iling-Junior,38,0,0.0,0.0,0.013705522,0.013705522
52,Jacob Ramsey,34,90,2.0,2.0,2.279394,0.2793939
52,Jacob Ramsey,35,1,1.0,1.0,2.8296034,1.8296034
52,Jacob Ramsey,36,29,4.0,4.0,1.0449889,2.9550111
52,Jacob Ramsey,37,90,9.0,9.0,2.0806332,6.919367
52,Jacob Ramsey,38,90,4.0,4.0,3.3263483,0.6736517
53,Donyell Malen,34,0,0.0,0.0,0.013705522,0.013705522
53,Donyell Malen,35,0,0.0,0.0,0.013705522,0.013705522
53,Donyell Malen,36,0,0.0,0.0,0.013705522,0.013705522
53,Donyell Malen,37,0,0.0,0.0,0.013705522,0.013705522
53,Donyell Malen,38,0,0.0,0.0,0.013705522,0.013705522
54,John McGinn,34,73,2.0,2.0,3.3492534,1.3492534
54,John McGinn,35,0,0.0,0.0,3.7714376,3.7714376
54,John McGinn,36,84,5.0,5.0,1.7399747,3.2600253
54,John McGinn,37,89,6.0,6.0,3.198529,2.801471
54,John McGinn,38,4,1.0,1.0,3.5280364,2.5280364
55,Ross Barkley,34,16,1.0,1.0,2.471862,1.4718621
55,Ross Barkley,35,84,1.0,1.0,1.2578984,0.25789845
55,Ross Barkley,36,79,9.0,9.0,2.203981,6.796019
55,Ross Barkley,37,45,1.0,1.0,3.4667532,2.4667532
55,Ross Barkley,38,85,5.0,5.0,2.8587654,2.1412346
56,Enzo Barrenechea,34,0,0.0,0.0,0.013705522,0.013705522
56,Enzo Barrenechea,35,0,0.0,0.0,0.013705522,0.013705522
56,Enzo Barrenechea,36,0,0.0,0.0,0.013705522,0.013705522
56,Enzo Barrenechea,37,0,0.0,0.0,0.013705522,0.013705522
56,Enzo Barrenechea,38,0,0.0,0.0,0.013705522,0.013705522
57,Lewis Dobbin,34,0,0.0,0.0,0.013705522,0.013705522
57,Lewis Dobbin,35,0,0.0,0.0,0.013705522,0.013705522
57,Lewis Dobbin,36,0,0.0,0.0,0.013705522,0.013705522
57,Lewis Dobbin,37,0,0.0,0.0,0.013705522,0.013705522
57,Lewis Dobbin,38,0,0.0,0.0,0.013705522,0.013705522
58,Boubacar Kamara,34,0,0.0,0.0,0.013705522,0.013705522
58,Boubacar Kamara,35,0,0.0,0.0,0.013705522,0.013705522
58,Boubacar Kamara,36,0,0.0,0.0,0.013705522,0.013705522
58,Boubacar Kamara,37,0,0.0,0.0,0.013705522,0.013705522
58,Boubacar Kamara,38,0,0.0,0.0,0.013705522,0.013705522
59,Amadou Onana,34,0,0.0,0.0,3.178532,3.178532
59,Amadou Onana,35,0,0.0,0.0,1.7724495,1.7724495
59,Amadou Onana,36,0,0.0,0.0,1.1869278,1.1869278
59,Amadou Onana,37,0,0.0,0.0,0.8265588,0.8265588
59,Amadou Onana,38,17,1.0,1.0,0.5663718,0.4336282
60,Ben Broggio,34,0,0.0,0.0,0.013705522,0.013705522
60,Ben Broggio,35,0,0.0,0.0,0.013705522,0.013705522
60,Ben Broggio,36,0,0.0,0.0,0.013705522,0.013705522
60,Ben Broggio,37,0,0.0,0.0,0.013705522,0.013705522
60,Ben Broggio,38,0,0.0,0.0,0.013705522,0.013705522
61,Leander Dendoncker,34,0,0.0,0.0,0.013705522,0.013705522
61,Leander Dendoncker,35,0,0.0,0.0,0.013705522,0.013705522
61,Leander Dendoncker,36,0,0.0,0.0,0.013705522,0.013705522
61,Leander Dendoncker,37,0,0.0,0.0,0.013705522,0.013705522
61,Leander Dendoncker,38,0,0.0,0.0,0.013705522,0.013705522
62,Jamaldeen Jimoh-Aloba,34,0,0.0,0.0,0.013705522,0.013705522
62,Jamaldeen Jimoh-Aloba,35,0,0.0,0.0,0.013705522,0.013705522
62,Jamaldeen Jimoh-Aloba,36,0,0.0,0.0,0.013705522,0.013705522
62,Jamaldeen Jimoh-Aloba,37,0,0.0,0.0,0.013705522,0.013705522
62,Jamaldeen Jimoh-Aloba,38,0,0.0,0.0,0.013705522,0.013705522
63,Kadan Young,34,0,0.0,0.0,0.013705522,0.013705522
63,Kadan Young,35,0,0.0,0.0,0.013705522,0.013705522
63,Kadan Young,36,0,0.0,0.0,0.013705522,0.013705522
63,Kadan Young,37,0,0.0,0.0,0.013705522,0.013705522
63,Kadan Young,38,0,0.0,0.0,0.013705522,0.013705522
64,Ollie Watkins,34,79,2.0,2.0,4.20057,2.20057
64,Ollie Watkins,35,30,1.0,1.0,4.6174073,3.6174073
64,Ollie Watkins,36,90,9.0,9.0,2.6516578,6.348342
64,Ollie Watkins,37,90,15.0,15.0,3.334936,11.665064
64,Ollie Watkins,38,90,13.0,13.0,3.6347482,9.365252
65,Zépiqueno Redmond,34,0,0.0,0.0,0.05515977,0.05515977
65,Zépiqueno Redmond,35,0,0.0,0.0,0.05515977,0.05515977
65,Zépiqueno Redmond,36,0,0.0,0.0,0.05515977,0.05515977
65,Zépiqueno Redmond,37,0,0.0,0.0,0.05515977,0.05515977
65,Zépiqueno Redmond,38,0,0.0,0.0,0.05515977,0.05515977
83,Dango Ouattara,34,90,1.0,1.0,3.5687015,2.5687015
83,Dango Ouattara,35,89,6.0,6.0,3.9492435,2.0507565
83,Dango Ouattara,36,22,1.0,1.0,4.138307,3.138307
83,Dango Ouattara,37,90,15.0,15.0,3.8023071,11.197693
83,Dango Ouattara,38,90,2.0,2.0,4.42646,2.4264598
101,Caoimhín Kelleher,34,90,2.0,2.0,3.4227784,1.4227784
101,Caoimhín Kelleher,35,90,8.0,8.0,3.5403879,4.459612
101,Caoimhín Kelleher,36,90,3.0,3.0,3.0501559,0.050155878
101,Caoimhín Kelleher,37,90,2.0,2.0,2.898566,0.898566
101,Caoimhín Kelleher,38,90,6.0,6.0,3.2258472,2.7741528
102,Ellery Balcombe,34,0,0.0,0.0,0.037361994,0.037361994
102,Ellery Balcombe,35,0,0.0,0.0,0.037361994,0.037361994
102,Ellery Balcombe,36,0,0.0,0.0,0.037361994,0.037361994
102,Ellery Balcombe,37,0,0.0,0.0,0.037361994,0.037361994
102,Ellery Balcombe,38,0,0.0,0.0,0.037361994,0.037361994
103,Matthew Cox,34,0,0.0,0.0,0.037361994,0.037361994
103,Matthew Cox,35,0,0.0,0.0,0.037361994,0.037361994
103,Matthew Cox,36,0,0.0,0.0,0.037361994,0.037361994
103,Matthew Cox,37,0,0.0,0.0,0.037361994,0.037361994
103,Matthew Cox,38,0,0.0,0.0,0.037361994,0.037361994
104,Julian Eyestone,34,0,0.0,0.0,0.037361994,0.037361994
104,Julian Eyestone,35,0,0.0,0.0,0.037361994,0.037361994
104,Julian Eyestone,36,0,0.0,0.0,0.037361994,0.037361994
104,Julian Eyestone,37,0,0.0,0.0,0.037361994,0.037361994
104,Julian Eyestone,38,0,0.0,0.0,0.037361994,0.037361994
105,Hákon Rafn Valdimarsson,34,0,0.0,0.0,0.037361994,0.037361994
105,Hákon Rafn Valdimarsson,35,0,0.0,0.0,0.037361994,0.037361994
105,Hákon Rafn Valdimarsson,36,0,0.0,0.0,0.037361994,0.037361994
105,Hákon Rafn Valdimarsson,37,0,0.0,0.0,0.037361994,0.037361994
105,Hákon Rafn Valdimarsson,38,0,0.0,0.0,0.037361994,0.037361994
106,Nathan Collins,34,90,2.0,2.0,3.8501513,1.8501513
106,Nathan Collins,35,90,6.0,6.0,3.7975767,2.2024233
106,Nathan Collins,36,90,1.0,1.0,3.550986,2.550986
106,Nathan Collins,37,90,3.0,3.0,3.1932328,0.19323277
106,Nathan Collins,38,90,3.0,3.0,3.7803621,0.7803621
107,Keane Lewis-Potter,34,90,1.0,1.0,3.6214,2.6214
107,Keane Lewis-Potter,35,90,11.0,11.0,4.2191434,6.7808566
107,Keane Lewis-Potter,36,90,1.0,1.0,3.4985592,2.4985592
107,Keane Lewis-Potter,37,90,1.0,1.0,3.6644995,2.6644995
107,Keane Lewis-Potter,38,88,5.0,5.0,2.783901,2.216099
108,Kristoffer Ajer,34,0,0.0,0.0,0.2828022,0.2828022
108,Kristoffer Ajer,35,10,1.0,1.0,0.24382083,0.75617915
108,Kristoffer Ajer,36,90,2.0,2.0,0.46641508,1.533585
108,Kristoffer Ajer,37,81,3.0,3.0,2.2824295,0.71757054
108,Kristoffer Ajer,38,0,0.0,0.0,2.6799297,2.6799297
109,Rico Henry,34,0,0.0,0.0,0.17116213,0.17116213
109,Rico Henry,35,0,0.0,0.0,0.13562235,0.13562235
109,Rico Henry,36,0,0.0,0.0,0.13562235,0.13562235
109,Rico Henry,37,0,0.0,0.0,0.13562235,0.13562235
109,Rico Henry,38,0,0.0,0.0,0.13562235,0.13562235
110,Michael Kayode,34,90,1.0,1.0,3.6704125,2.6704125
110,Michael Kayode,35,90,5.0,5.0,4.1774726,0.8225274
110,Michael Kayode,36,90,1.0,1.0,3.1631734,2.1631734
110,Michael Kayode,37,90,0.0,0.0,3.3184457,3.3184457
110,Michael Kayode,38,90,2.0,2.0,2.699734,0.699734
111,Ethan Pinnock,34,0,0.0,0.0,0.5310173,0.5310173
111,Ethan Pinnock,35,0,0.0,0.0,0.25752154,0.25752154
111,Ethan Pinnock,36,0,0.0,0.0,0.20808457,0.20808457
111,Ethan Pinnock,37,0,0.0,0.0,0.13562235,0.13562235
111,Ethan Pinnock,38,0,0.0,0.0,0.13562235,0.13562235
112,Mads Roerslev Rasmussen,34,0,0.0,0.0,0.13562235,0.13562235
112,Mads Roerslev Rasmussen,35,0,0.0,0.0,0.13562235,0.13562235
112,Mads Roerslev Rasmussen,36,0,0.0,0.0,0.13562235,0.13562235
112,Mads Roerslev Rasmussen,37,0,0.0,0.0,0.13562235,0.13562235
112,Mads Roerslev Rasmussen,38,0,0.0,0.0,0.13562235,0.13562235
113,Sepp van den Berg,34,90,0.0,0.0,3.5278552,3.5278552
113,Sepp van den Berg,35,90,6.0,6.0,3.5452902,2.4547098
113,Sepp van den Berg,36,0,0.0,0.0,3.4825037,3.4825037
113,Sepp van den Berg,37,8,4.0,4.0,2.0353234,1.9646766
113,Sepp van den Berg,38,90,4.0,4.0,2.207718,1.7922821
114,Benjamin Arthur,34,0,0.0,0.0,0.13562235,0.13562235
114,Benjamin Arthur,35,0,0.0,0.0,0.13562235,0.13562235
114,Benjamin Arthur,36,0,0.0,0.0,0.13562235,0.13562235
114,Benjamin Arthur,37,0,0.0,0.0,0.13562235,0.13562235
114,Benjamin Arthur,38,0,0.0,0.0,0.13562235,0.13562235
115,Benjamin Fredrick,34,0,0.0,0.0,0.13562235,0.13562235
115,Benjamin Fredrick,35,0,0.0,0.0,0.13562235,0.13562235
115,Benjamin Fredrick,36,0,0.0,0.0,0.13562235,0.13562235
115,Benjamin Fredrick,37,0,0.0,0.0,0.13562235,0.13562235
115,Benjamin Fredrick,38,0,0.0,0.0,0.13562235,0.13562235
116,Aaron Hickey,34,0,0.0,0.0,0.13562235,0.13562235
116,Aaron Hickey,35,1,1.0,1.0,0.13562235,0.8643776
116,Aaron Hickey,36,60,2.0,2.0,0.54996514,1.4500349
116,Aaron Hickey,37,0,0.0,0.0,2.2512329,2.2512329
116,Aaron Hickey,38,30,1.0,1.0,0.8965043,0.10349572
117,Kim Ji-soo,34,0,0.0,0.0,0.13562235,0.13562235
117,Kim Ji-soo,35,0,0.0,0.0,0.13562235,0.13562235
117,Kim Ji-soo,36,0,0.0,0.0,0.13562235,0.13562235
117,Kim Ji-soo,37,0,0.0,0.0,0.13562235,0.13562235
117,Kim Ji-soo,38,0,0.0,0.0,0.13562235,0.13562235
118,Jayden Meghoma,34,0,0.0,0.0,0.13562235,0.13562235
118,Jayden Meghoma,35,0,0.0,0.0,0.13562235,0.13562235
118,Jayden Meghoma,36,0,0.0,0.0,0.13562235,0.13562235
118,Jayden Meghoma,37,0,0.0,0.0,0.13562235,0.13562235
118,Jayden Meghoma,38,0,0.0,0.0,0.13562235,0.13562235
119,Bryan Mbeumo,34,73,3.0,3.0,2.4974964,0.50250363
119,Bryan Mbeumo,35,74,2.0,2.0,2.5759122,0.57591224
119,Bryan Mbeumo,36,15,1.0,1.0,3.3991308,2.3991308
119,Bryan Mbeumo,37,79,7.0,7.0,1.7515191,5.248481
119,Bryan Mbeumo,38,73,9.0,9.0,3.121415,5.878585
120,Kevin Schade,34,72,2.0,2.0,4.088663,2.088663
120,Kevin Schade,35,79,3.0,3.0,2.879828,0.120172024
120,Kevin Schade,36,90,2.0,2.0,2.6329072,0.63290715
120,Kevin Schade,37,27,1.0,1.0,2.66907,1.66907
120,Kevin Schade,38,90,7.0,7.0,1.4252306,5.5747695
121,Mikkel Damsgaard,34,90,2.0,2.0,2.8751128,0.8751128
121,Mikkel Damsgaard,35,90,11.0,11.0,3.5879476,7.412052
121,Mikkel Damsgaard,36,68,4.0,4.0,3.8491914,0.15080857
121,Mikkel Damsgaard,37,90,2.0,2.0,3.7310464,1.7310464
121,Mikkel Damsgaard,38,7,1.0,1.0,4.2398663,3.2398663
122,Antoni Milambo,34,0,0.0,0.0,0.013705522,0.013705522
122,Antoni Milambo,35,0,0.0,0.0,0.013705522,0.013705522
122,Antoni Milambo,36,0,0.0,0.0,0.013705522,0.013705522
122,Antoni Milambo,37,0,0.0,0.0,0.013705522,0.013705522
122,Antoni Milambo,38,0,0.0,0.0,0.013705522,0.013705522
123,Fábio Freitas Gouveia Carvalho,34,0,0.0,0.0,0.013705522,0.013705522
123,Fábio Freitas Gouveia Carvalho,35,0,0.0,0.0,0.013705522,0.013705522
123,Fábio Freitas Gouveia Carvalho,36,0,0.0,0.0,0.013705522,0.013705522
123,Fábio Freitas Gouveia Carvalho,37,0,0.0,0.0,0.013705522,0.013705522
123,Fábio Freitas Gouveia Carvalho,38,0,0.0,0.0,0.013705522,0.013705522
124,Jordan Henderson,34,0,0.0,0.0,0.88003063,0.88003063
124,Jordan Henderson,35,0,0.0,0.0,0.5750662,0.5750662
124,Jordan Henderson,36,11,0.0,0.0,0.20314485,0.20314485
124,Jordan Henderson,37,27,1.0,1.0,0.6401411,0.35985887
124,Jordan Henderson,38,59,0.0,0.0,1.0858705,1.0858705
125,Vitaly Janelt,34,0,0.0,0.0,0.013705522,0.013705522
125,Vitaly Janelt,35,0,0.0,0.0,0.013705522,0.013705522
125,Vitaly Janelt,36,29,1.0,1.0,0.013705522,0.9862945
125,Vitaly Janelt,37,62,2.0,2.0,1.0973095,0.90269053
125,Vitaly Janelt,38,90,1.0,1.0,2.130748,1.130748
126,Mathias Jensen,34,90,10.0,10.0,3.6271474,6.3728523
126,Mathias Jensen,35,90,3.0,3.0,4.0530057,1.0530057
126,Mathias Jensen,36,90,4.0,4.0,3.601348,0.39865208
126,Mathias Jensen,37,62,2.0,2.0,3.8203804,1.8203804
126,Mathias Jensen,38,82,2.0,2.0,2.7012174,0.7012174
127,Gustavo Nunes Fernandes Gomes,34,0,0.0,0.0,0.013705522,0.013705522
127,Gustavo Nunes Fernandes Gomes,35,0,0.0,0.0,0.013705522,0.013705522
127,Gustavo Nunes Fernandes Gomes,36,0,0.0,0.0,0.013705522,0.013705522
127,Gustavo Nunes Fernandes Gomes,37,0,0.0,0.0,0.013705522,0.013705522
127,Gustavo Nunes Fernandes Gomes,38,0,0.0,0.0,0.013705522,0.013705522
128,Frank Onyeka,34,0,0.0,0.0,0.013705522,0.013705522
128,Frank Onyeka,35,0,0.0,0.0,0.013705522,0.013705522
128,Frank Onyeka,36,0,0.0,0.0,0.013705522,0.013705522
128,Frank Onyeka,37,0,0.0,0.0,0.013705522,0.013705522
128,Frank Onyeka,38,0,0.0,0.0,0.013705522,0.013705522
129,Yehor Yarmoliuk,34,90,4.0,4.0,2.766597,1.233403
129,Yehor Yarmoliuk,35,90,3.0,3.0,3.414667,0.4146669
129,Yehor Yarmoliuk,36,78,2.0,2.0,3.1959805,1.1959805
129,Yehor Yarmoliuk,37,88,8.0,8.0,3.0489988,4.951001
129,Yehor Yarmoliuk,38,0,0.0,0.0,3.4068515,3.4068515
130,Romelle Donovan,34,0,0.0,0.0,0.013705522,0.013705522
130,Romelle Donovan,35,0,0.0,0.0,0.013705522,0.013705522
130,Romelle Donovan,36,0,0.0,0.0,0.013705522,0.013705522
130,Romelle Donovan,37,0,0.0,0.0,0.013705522,0.013705522
130,Romelle Donovan,38,0,0.0,0.0,0.013705522,0.013705522
131,Yunus Emre Konak,34,0,0.0,0.0,0.013705522,0.013705522
131,Yunus Emre Konak,35,0,0.0,0.0,0.013705522,0.013705522
131,Yunus Emre Konak,36,0,0.0,0.0,0.013705522,0.013705522
131,Yunus Emre Konak,37,0,0.0,0.0,0.013705522,0.013705522
131,Yunus Emre Konak,38,0,0.0,0.0,0.013705522,0.013705522
132,Paris Maghoma,34,0,0.0,0.0,0.013705522,0.013705522
132,Paris Maghoma,35,0,0.0,0.0,0.013705522,0.013705522
132,Paris Maghoma,36,0,0.0,0.0,0.013705522,0.013705522
132,Paris Maghoma,37,0,0.0,0.0,0.013705522,0.013705522
132,Paris Maghoma,38,0,0.0,0.0,0.013705522,0.013705522
133,Myles Peart-Harris,34,0,0.0,0.0,0.013705522,0.013705522
133,Myles Peart-Harris,35,0,0.0,0.0,0.013705522,0.013705522
133,Myles Peart-Harris,36,0,0.0,0.0,0.013705522,0.013705522
133,Myles Peart-Harris,37,0,0.0,0.0,0.013705522,0.013705522
133,Myles Peart-Harris,38,0,0.0,0.0,0.013705522,0.013705522
134,Ryan Trevitt,34,0,0.0,0.0,0.013705522,0.013705522
134,Ryan Trevitt,35,0,0.0,0.0,0.013705522,0.013705522
134,Ryan Trevitt,36,0,0.0,0.0,0.013705522,0.013705522
134,Ryan Trevitt,37,0,0.0,0.0,0.013705522,0.013705522
134,Ryan Trevitt,38,0,0.0,0.0,0.013705522,0.013705522
135,Yoane Wissa,34,24,1.0,1.0,0.4133155,0.58668447
135,Yoane Wissa,35,22,3.0,3.0,1.6818827,1.3181173
135,Yoane Wissa,36,19,1.0,1.0,1.7544304,0.7544304
135,Yoane Wissa,37,5,1.0,1.0,1.6053135,0.60531354
135,Yoane Wissa,38,24,0.0,0.0,0.9582895,0.9582895
136,Igor Thiago Nascimento Rodrigues,34,90,1.0,1.0,4.3507724,3.3507724
136,Igor Thiago Nascimento Rodrigues,35,90,6.0,6.0,4.301635,1.6983652
136,Igor Thiago Nascimento Rodrigues,36,90,2.0,2.0,4.023401,2.0234008
136,Igor Thiago Nascimento Rodrigues,37,90,2.0,2.0,4.2491307,2.2491307
136,Igor Thiago Nascimento Rodrigues,38,90,2.0,2.0,3.6150124,1.6150124
137,Iwan Morgan,34,0,0.0,0.0,0.05515977,0.05515977
137,Iwan Morgan,35,0,0.0,0.0,0.05515977,0.05515977
137,Iwan Morgan,36,0,0.0,0.0,0.05515977,0.05515977
137,Iwan Morgan,37,0,0.0,0.0,0.05515977,0.05515977
137,Iwan Morgan,38,0,0.0,0.0,0.05515977,0.05515977
242,Kiernan Dewsbury-Hall,34,90,8.0,8.0,3.7154093,4.2845907
242,Kiernan Dewsbury-Hall,35,90,2.0,2.0,3.9852204,1.9852204
242,Kiernan Dewsbury-Hall,36,90,5.0,5.0,3.3933847,1.6066153
242,Kiernan Dewsbury-Hall,37,90,2.0,2.0,3.532988,1.5329881
242,Kiernan Dewsbury-Hall,38,83,2.0,2.0,4.3374743,2.3374743
243,Tyrique George,34,25,1.0,1.0,1.5347905,0.5347905
243,Tyrique George,35,0,0.0,0.0,1.991618,1.991618
243,Tyrique George,36,10,1.0,1.0,1.0443503,0.044350266
243,Tyrique George,37,17,1.0,1.0,1.4491622,0.44916224
243,Tyrique George,38,28,1.0,1.0,1.7072155,0.70721555
253,Dean Henderson,37,90,0.0,0.0,3.0197055,3.0197055
253,Dean Henderson,38,90,2.0,2.0,2.9688356,0.9688356
254,Walter Benítez,37,0,0.0,0.0,0.037361994,0.037361994
254,Walter Benítez,38,0,0.0,0.0,0.037361994,0.037361994
255,Remi Matthews,37,0,0.0,0.0,0.037361994,0.037361994
255,Remi Matthews,38,0,0.0,0.0,0.037361994,0.037361994
256,Daniel Muñoz Mejía,37,90,6.0,6.0,3.5414748,2.4585252
256,Daniel Muñoz Mejía,38,45,1.0,1.0,4.076352,3.0763521
257,Maxence Lacroix,37,60,2.0,2.0,3.8281143,1.8281143
257,Maxence Lacroix,38,0,0.0,0.0,3.3818874,3.3818874
258,Tyrick Mitchell,37,90,1.0,1.0,3.2414558,2.2414558
258,Tyrick Mitchell,38,45,1.0,1.0,3.734457,2.734457
259,Borna Sosa,37,0,0.0,0.0,0.44578248,0.44578248
259,Borna Sosa,38,0,0.0,0.0,0.34562397,0.34562397
261,Chris Richards,37,29,0.0,0.0,3.606316,3.606316
261,Chris Richards,38,0,0.0,0.0,2.7104678,2.7104678
262,Chadi Riad Dnanou,37,73,2.0,2.0,0.850708,1.149292
262,Chadi Riad Dnanou,38,90,3.0,3.0,2.2571318,0.7428682
263,Nathaniel Clyne,37,0,0.0,0.0,0.97226834,0.97226834
263,Nathaniel Clyne,38,90,1.0,1.0,0.5604478,0.4395522
264,Rob Holding,37,0,0.0,0.0,0.13562235,0.13562235
264,Rob Holding,38,0,0.0,0.0,0.13562235,0.13562235
265,Caleb Kporha,37,0,0.0,0.0,0.13562235,0.13562235
265,Caleb Kporha,38,0,0.0,0.0,0.13562235,0.13562235
266,Eberechi Eze,37,72,3.0,3.0,2.7342048,0.26579523
266,Eberechi Eze,38,15,1.0,1.0,3.433163,2.433163
267,Ismaïla Sarr,37,90,7.0,7.0,4.489143,2.510857
267,Ismaïla Sarr,38,45,1.0,1.0,4.8541255,3.8541255
268,Cheick Doucouré,37,0,0.0,0.0,0.013705522,0.013705522
268,Cheick Doucouré,38,0,0.0,0.0,0.013705522,0.013705522
269,Romain Esse,37,0,0.0,0.0,0.013705522,0.013705522
269,Romain Esse,38,0,0.0,0.0,0.013705522,0.013705522
270,Will Hughes,37,0,0.0,0.0,2.227855,2.227855
270,Will Hughes,38,90,2.0,2.0,0.7277502,1.2722498
271,Daichi Kamada,37,90,4.0,4.0,2.6244783,1.3755217
271,Daichi Kamada,38,45,1.0,1.0,3.6658413,2.6658413
272,Jefferson Lerma Solís,37,16,0.0,0.0,2.9581301,2.9581301
272,Jefferson Lerma Solís,38,90,4.0,4.0,1.6210773,2.3789227
273,Adam Wharton,37,90,11.0,11.0,3.6103945,7.3896055
273,Adam Wharton,38,16,1.0,1.0,4.1463656,3.1463656
274,Asher Agbinone,37,0,0.0,0.0,0.013705522,0.013705522
274,Asher Agbinone,38,0,0.0,0.0,0.013705522,0.013705522
275,Naouirou Ahamada,37,0,0.0,0.0,0.013705522,0.013705522
275,Naouirou Ahamada,38,0,0.0,0.0,0.013705522,0.013705522
276,Justin Devenny,37,0,0.0,0.0,0.72628486,0.72628486
276,Justin Devenny,38,90,2.0,2.0,0.54860663,1.4513934
277,Malcolm Ebiowei,37,0,0.0,0.0,0.013705522,0.013705522
277,Malcolm Ebiowei,38,0,0.0,0.0,0.013705522,0.013705522
278,Jesurun Rak-Sakyi,37,0,0.0,0.0,0.013705522,0.013705522
278,Jesurun Rak-Sakyi,38,0,0.0,0.0,0.013705522,0.013705522
279,Matheus França de Oliveira,37,0,0.0,0.0,0.013705522,0.013705522
279,Matheus França de Oliveira,38,0,0.0,0.0,0.013705522,0.013705522
280,David Ozoh,37,0,0.0,0.0,0.013705522,0.013705522
280,David Ozoh,38,0,0.0,0.0,0.013705522,0.013705522
281,Kaden Rodney,37,0,0.0,0.0,0.013705522,0.013705522
281,Kaden Rodney,38,0,0.0,0.0,0.013705522,0.013705522
282,Franco Umeh-Chibueze,37,0,0.0,0.0,0.013705522,0.013705522
282,Franco Umeh-Chibueze,38,0,0.0,0.0,0.013705522,0.013705522
283,Jean-Philippe Mateta,37,29,1.0,1.0,3.4403818,2.4403818
283,Jean-Philippe Mateta,38,13,6.0,6.0,2.1769376,3.8230624
284,Eddie Nketiah,37,0,0.0,0.0,0.05515977,0.05515977
284,Eddie Nketiah,38,0,0.0,0.0,0.05515977,0.05515977
285,Odsonne Édouard,37,0,0.0,0.0,0.05515977,0.05515977
285,Odsonne Édouard,38,0,0.0,0.0,0.05515977,0.05515977
286,Zach Marsh,37,0,0.0,0.0,0.05515977,0.05515977
286,Zach Marsh,38,0,0.0,0.0,0.05515977,0.05515977
287,Jordan Pickford,34,90,1.0,1.0,2.723522,1.723522
287,Jordan Pickford,35,90,1.0,1.0,3.0430744,2.0430744
287,Jordan Pickford,36,90,3.0,3.0,3.5210302,0.5210302
287,Jordan Pickford,37,90,1.0,1.0,3.062298,2.062298
287,Jordan Pickford,38,90,2.0,2.0,3.6530914,1.6530914
288,Mark Travers,34,0,0.0,0.0,0.037361994,0.037361994
288,Mark Travers,35,0,0.0,0.0,0.037361994,0.037361994
288,Mark Travers,36,0,0.0,0.0,0.037361994,0.037361994
288,Mark Travers,37,0,0.0,0.0,0.037361994,0.037361994
288,Mark Travers,38,0,0.0,0.0,0.037361994,0.037361994
289,Harry Tyrer,34,0,0.0,0.0,0.037361994,0.037361994
289,Harry Tyrer,35,0,0.0,0.0,0.037361994,0.037361994
289,Harry Tyrer,36,0,0.0,0.0,0.037361994,0.037361994
289,Harry Tyrer,37,0,0.0,0.0,0.037361994,0.037361994
289,Harry Tyrer,38,0,0.0,0.0,0.037361994,0.037361994
290,Jarrad Branthwaite,34,0,0.0,0.0,2.9444199,2.9444199
290,Jarrad Branthwaite,35,0,0.0,0.0,1.2827007,1.2827007
290,Jarrad Branthwaite,36,0,0.0,0.0,0.7881372,0.7881372
290,Jarrad Branthwaite,37,0,0.0,0.0,0.49328908,0.49328908
290,Jarrad Branthwaite,38,0,0.0,0.0,0.3525332,0.3525332
291,James Tarkowski,34,90,3.0,3.0,3.2306168,0.23061681
291,James Tarkowski,35,90,0.0,0.0,3.226266,3.226266
291,James Tarkowski,36,90,15.0,15.0,3.5730433,11.426956
291,James Tarkowski,37,90,3.0,3.0,3.4167712,0.41677117
291,James Tarkowski,38,90,3.0,3.0,4.181304,1.181304
292,Vitalii Mykolenko,34,90,1.0,1.0,3.5035102,2.5035102
292,Vitalii Mykolenko,35,90,1.0,1.0,3.147545,2.147545
292,Vitalii Mykolenko,36,90,0.0,0.0,3.1512735,3.1512735
292,Vitalii Mykolenko,37,90,1.0,1.0,2.5937057,1.5937057
292,Vitalii Mykolenko,38,90,2.0,2.0,3.0369568,1.0369568
293,Jake O'Brien,34,64,1.0,1.0,3.5897844,2.5897844
293,Jake O'Brien,35,90,6.0,6.0,2.5033715,3.4966285
293,Jake O'Brien,36,90,1.0,1.0,2.7396302,1.7396302
293,Jake O'Brien,37,87,0.0,0.0,2.473253,2.473253
293,Jake O'Brien,38,61,1.0,1.0,3.1034553,2.1034553
294,Séamus Coleman,34,0,0.0,0.0,0.13562235,0.13562235
294,Séamus Coleman,35,0,0.0,0.0,0.13562235,0.13562235
294,Séamus Coleman,36,0,0.0,0.0,0.13562235,0.13562235
294,Séamus Coleman,37,2,1.0,1.0,0.13562235,0.8643776
294,Séamus Coleman,38,6,1.0,1.0,0.6478745,0.35212553
295,Michael Keane,34,90,1.0,1.0,1.3724993,0.37249935
295,Michael Keane,35,90,2.0,2.0,2.3332088,0.3332088
295,Michael Keane,36,90,1.0,1.0,2.5457075,1.5457075
295,Michael Keane,37,90,4.0,4.0,2.6644032,1.3355968
295,Michael Keane,38,90,4.0,4.0,3.513216,0.48678398
296,Nathan Patterson,34,0,0.0,0.0,0.13562235,0.13562235
296,Nathan Patterson,35,1,1.0,1.0,0.13562235,0.8643776
296,Nathan Patterson,36,0,0.0,0.0,0.47734955,0.47734955
296,Nathan Patterson,37,0,0.0,0.0,0.289658,0.289658
296,Nathan Patterson,38,0,0.0,0.0,0.25125915,0.25125915
297,Roman Dixon,34,0,0.0,0.0,0.13562235,0.13562235
297,Roman Dixon,35,0,0.0,0.0,0.13562235,0.13562235
297,Roman Dixon,36,0,0.0,0.0,0.13562235,0.13562235
297,Roman Dixon,37,0,0.0,0.0,0.13562235,0.13562235
297,Roman Dixon,38,0,0.0,0.0,0.13562235,0.13562235
298,Reece Welch,34,0,0.0,0.0,0.13562235,0.13562235
298,Reece Welch,35,0,0.0,0.0,0.13562235,0.13562235
298,Reece Welch,36,0,0.0,0.0,0.13562235,0.13562235
298,Reece Welch,37,0,0.0,0.0,0.13562235,0.13562235
298,Reece Welch,38,0,0.0,0.0,0.13562235,0.13562235
299,Iliman Ndiaye,34,90,2.0,2.0,3.8187706,1.8187706
299,Iliman Ndiaye,35,90,2.0,2.0,3.1782126,1.1782126
299,Iliman Ndiaye,36,90,2.0,2.0,3.939181,1.9391811
299,Iliman Ndiaye,37,90,2.0,2.0,3.7624316,1.7624316
299,Iliman Ndiaye,38,90,2.0,2.0,3.2300677,1.2300677
300,Dwight McNeil,34,64,2.0,2.0,3.0847247,1.0847247
300,Dwight McNeil,35,0,0.0,0.0,2.9425757,2.9425757
300,Dwight McNeil,36,0,0.0,0.0,1.2740065,1.2740065
300,Dwight McNeil,37,2,1.0,1.0,0.9855908,0.014409184
300,Dwight McNeil,38,0,0.0,0.0,0.94310594,0.94310594
301,Carlos Alcaraz Durán,34,4,0.0,0.0,0.013705522,0.013705522
301,Carlos Alcaraz Durán,35,1,1.0,1.0,0.63042164,0.36957836
301,Carlos Alcaraz Durán,36,1,1.0,1.0,0.66154504,0.33845496
301,Carlos Alcaraz Durán,37,0,0.0,0.0,0.72061133,0.72061133
301,Carlos Alcaraz Durán,38,6,1.0,1.0,0.39427567,0.60572433
302,Idrissa Gana Gueye,34,85,2.0,2.0,3.7645578,1.7645578
302,Idrissa Gana Gueye,35,0,0.0,0.0,3.3072405,3.3072405
302,Idrissa Gana Gueye,36,0,0.0,0.0,1.4064627,1.4064627
302,Idrissa Gana Gueye,37,0,0.0,0.0,1.10899,1.10899
302,Idrissa Gana Gueye,38,0,0.0,0.0,0.5746507,0.5746507
303,James Garner,34,90,3.0,3.0,3.2771945,0.2771945
303,James Garner,35,90,5.0,5.0,3.1185954,1.8814046
303,James Garner,36,90,1.0,1.0,3.868151,2.868151
303,James Garner,37,90,1.0,1.0,3.1757672,2.1757672
303,James Garner,38,90,4.0,4.0,3.8870723,0.112927675
304,Tim Iroegbunam,34,25,1.0,1.0,0.78997934,0.21002066
304,Tim Iroegbunam,35,90,2.0,2.0,1.6006433,0.39935672
304,Tim Iroegbunam,36,90,2.0,2.0,2.8409266,0.84092665
304,Tim Iroegbunam,37,72,1.0,1.0,2.4099228,1.4099228
304,Tim Iroegbunam,38,83,4.0,4.0,2.5510538,1.4489462
305,Harrison Armstrong,34,0,0.0,0.0,0.15587786,0.15587786
305,Harrison Armstrong,35,1,1.0,1.0,0.12328938,0.87671065
305,Harrison Armstrong,36,0,0.0,0.0,0.29614133,0.29614133
305,Harrison Armstrong,37,0,0.0,0.0,0.101050295,0.101050295
305,Harrison Armstrong,38,28,1.0,1.0,0.081895806,0.9181042
306,Callum Bates,34,0,0.0,0.0,0.013705522,0.013705522
306,Callum Bates,35,0,0.0,0.0,0.013705522,0.013705522
306,Callum Bates,36,0,0.0,0.0,0.013705522,0.013705522
306,Callum Bates,37,0,0.0,0.0,0.013705522,0.013705522
306,Callum Bates,38,0,0.0,0.0,0.013705522,0.013705522
307,Coby Ebere,34,0,0.0,0.0,0.013705522,0.013705522
307,Coby Ebere,35,0,0.0,0.0,0.013705522,0.013705522
307,Coby Ebere,36,0,0.0,0.0,0.013705522,0.013705522
307,Coby Ebere,37,0,0.0,0.0,0.013705522,0.013705522
307,Coby Ebere,38,0,0.0,0.0,0.013705522,0.013705522
308,Isaac Heath,34,0,0.0,0.0,0.013705522,0.013705522
308,Isaac Heath,35,0,0.0,0.0,0.013705522,0.013705522
308,Isaac Heath,36,0,0.0,0.0,0.013705522,0.013705522
308,Isaac Heath,37,0,0.0,0.0,0.013705522,0.013705522
308,Isaac Heath,38,0,0.0,0.0,0.013705522,0.013705522
309,Jenson Metcalfe,34,0,0.0,0.0,0.013705522,0.013705522
309,Jenson Metcalfe,35,0,0.0,0.0,0.013705522,0.013705522
309,Jenson Metcalfe,36,0,0.0,0.0,0.013705522,0.013705522
309,Jenson Metcalfe,37,0,0.0,0.0,0.013705522,0.013705522
309,Jenson Metcalfe,38,0,0.0,0.0,0.013705522,0.013705522
310,Thierno Barry,34,90,2.0,2.0,1.5841714,0.4158286
310,Thierno Barry,35,26,11.0,11.0,3.7795622,7.220438
310,Thierno Barry,36,20,1.0,1.0,3.6943934,2.6943934
310,Thierno Barry,37,17,1.0,1.0,3.0550864,2.0550864
310,Thierno Barry,38,83,2.0,2.0,2.267091,0.26709104
311,Norberto Bercique Gomes Betuncal,34,0,0.0,0.0,4.3787913,4.3787913
311,Norberto Bercique Gomes Betuncal,35,63,1.0,1.0,2.406773,1.4067731
311,Norberto Bercique Gomes Betuncal,36,69,8.0,8.0,2.9224217,5.0775785
311,Norberto Bercique Gomes Betuncal,37,72,2.0,2.0,3.4520748,1.4520748
311,Norberto Bercique Gomes Betuncal,38,6,1.0,1.0,3.3445418,2.3445418
312,Youssef Ramalho Chermiti,34,0,0.0,0.0,0.05515977,0.05515977
312,Youssef Ramalho Chermiti,35,0,0.0,0.0,0.05515977,0.05515977
312,Youssef Ramalho Chermiti,36,0,0.0,0.0,0.05515977,0.05515977
312,Youssef Ramalho Chermiti,37,0,0.0,0.0,0.05515977,0.05515977
312,Youssef Ramalho Chermiti,38,0,0.0,0.0,0.05515977,0.05515977
313,Martin Sherif,34,0,0.0,0.0,0.05515977,0.05515977
313,Martin Sherif,35,0,0.0,0.0,0.05515977,0.05515977
313,Martin Sherif,36,0,0.0,0.0,0.05515977,0.05515977
313,Martin Sherif,37,0,0.0,0.0,0.05515977,0.05515977
313,Martin Sherif,38,0,0.0,0.0,0.05515977,0.05515977
314,Bernd Leno,34,90,7.0,7.0,3.0348115,3.9651885
314,Bernd Leno,35,90,3.0,3.0,3.5420911,0.54209113
314,Bernd Leno,36,90,3.0,3.0,3.0012994,0.0012993813
314,Bernd Leno,37,90,2.0,2.0,3.0940878,1.0940878
314,Bernd Leno,38,90,6.0,6.0,3.1601293,2.8398707
315,Steven Benda,34,0,0.0,0.0,0.037361994,0.037361994
315,Steven Benda,35,0,0.0,0.0,0.037361994,0.037361994
315,Steven Benda,36,0,0.0,0.0,0.037361994,0.037361994
315,Steven Benda,37,0,0.0,0.0,0.037361994,0.037361994
315,Steven Benda,38,0,0.0,0.0,0.037361994,0.037361994
316,Antonee Robinson,34,9,1.0,1.0,2.290245,1.290245
316,Antonee Robinson,35,90,1.0,1.0,1.7695893,0.7695893
316,Antonee Robinson,36,90,1.0,1.0,2.2387216,1.2387216
316,Antonee Robinson,37,90,12.0,12.0,2.4797854,9.520214
316,Antonee Robinson,38,90,6.0,6.0,3.3867276,2.6132724
317,Joachim Andersen,34,90,11.0,11.0,3.4861047,7.513895
317,Joachim Andersen,35,90,3.0,3.0,3.5053036,0.5053036
317,Joachim Andersen,36,51,-2.0,-2.0,3.5675657,5.567566
317,Joachim Andersen,37,0,0.0,0.0,0.15467104,0.15467104
317,Joachim Andersen,38,0,0.0,0.0,2.3089325,2.3089325
318,Calvin Bassey,34,90,6.0,6.0,3.3026688,2.6973312
318,Calvin Bassey,35,90,1.0,1.0,3.4182549,2.4182549
318,Calvin Bassey,36,90,2.0,2.0,3.3062556,1.3062556
318,Calvin Bassey,37,90,2.0,2.0,3.0486786,1.0486786
318,Calvin Bassey,38,90,6.0,6.0,3.2048974,2.7951026
319,Timothy Castagne,34,90,5.0,5.0,3.2177134,1.7822866
319,Timothy Castagne,35,90,1.0,1.0,3.1585286,2.1585286
319,Timothy Castagne,36,82,2.0,2.0,3.4991887,1.4991887
319,Timothy Castagne,37,90,5.0,5.0,3.4294486,1.5705514
319,Timothy Castagne,38,90,8.0,8.0,3.5836036,4.416396
320,Issa Diop,34,0,0.0,0.0,0.3914959,0.3914959
320,Issa Diop,35,0,0.0,0.0,0.13562235,0.13562235
320,Issa Diop,36,45,1.0,1.0,0.13562235,0.8643776
320,Issa Diop,37,90,2.0,2.0,1.2920117,0.70798826
320,Issa Diop,38,85,15.0,15.0,2.8424413,12.157558
321,Jorge Cuenca Barreno,34,0,0.0,0.0,0.13562235,0.13562235
321,Jorge Cuenca Barreno,35,0,0.0,0.0,0.13562235,0.13562235
321,Jorge Cuenca Barreno,36,0,0.0,0.0,0.13562235,0.13562235
321,Jorge Cuenca Barreno,37,0,0.0,0.0,0.13562235,0.13562235
321,Jorge Cuenca Barreno,38,4,0.0,0.0,0.13562235,0.13562235
322,Kenny Tete,34,0,0.0,0.0,0.4942387,0.4942387
322,Kenny Tete,35,0,0.0,0.0,0.2522303,0.2522303
322,Kenny Tete,36,0,0.0,0.0,0.13562235,0.13562235
322,Kenny Tete,37,0,0.0,0.0,0.13562235,0.13562235
322,Kenny Tete,38,0,0.0,0.0,0.13562235,0.13562235
323,Samuel Amissah,34,0,0.0,0.0,0.13562235,0.13562235
323,Samuel Amissah,35,0,0.0,0.0,0.13562235,0.13562235
323,Samuel Amissah,36,0,0.0,0.0,0.13562235,0.13562235
323,Samuel Amissah,37,0,0.0,0.0,0.13562235,0.13562235
323,Samuel Amissah,38,0,0.0,0.0,0.13562235,0.13562235
324,Alex Iwobi,34,0,0.0,0.0,3.198838,3.198838
324,Alex Iwobi,35,0,0.0,0.0,1.6743337,1.6743337
324,Alex Iwobi,36,0,0.0,0.0,1.2908076,1.2908076
324,Alex Iwobi,37,66,2.0,2.0,0.67657137,1.3234286
324,Alex Iwobi,38,90,3.0,3.0,2.9298875,0.07011247
325,Emile Smith Rowe,34,75,3.0,3.0,2.6077688,0.39223123
325,Emile Smith Rowe,35,77,2.0,2.0,2.8135426,0.8135426
325,Emile Smith Rowe,36,45,1.0,1.0,2.7137313,1.7137313
325,Emile Smith Rowe,37,78,2.0,2.0,1.9224609,0.07753909
325,Emile Smith Rowe,38,71,3.0,3.0,2.733536,0.266464
326,Adama Traoré Diarra,34,0,0.0,0.0,0.7352779,0.7352779
326,Adama Traoré Diarra,35,16,1.0,1.0,0.45525998,0.54474
326,Adama Traoré Diarra,36,0,0.0,0.0,0.96027505,0.96027505
326,Adama Traoré Diarra,37,0,0.0,0.0,0.3151612,0.3151612
326,Adama Traoré Diarra,38,0,0.0,0.0,0.21982054,0.21982054
327,Andreas Hoelgebaum Pereira,34,0,0.0,0.0,0.013705522,0.013705522
327,Andreas Hoelgebaum Pereira,35,0,0.0,0.0,0.013705522,0.013705522
327,Andreas Hoelgebaum Pereira,36,0,0.0,0.0,0.013705522,0.013705522
327,Andreas Hoelgebaum Pereira,37,0,0.0,0.0,0.013705522,0.013705522
327,Andreas Hoelgebaum Pereira,38,0,0.0,0.0,0.013705522,0.013705522
328,Ryan Sessegnon,34,80,11.0,11.0,3.0208747,7.979125
328,Ryan Sessegnon,35,0,0.0,0.0,3.500799,3.500799
328,Ryan Sessegnon,36,0,0.0,0.0,1.634482,1.634482
328,Ryan Sessegnon,37,0,0.0,0.0,1.1572176,1.1572176
328,Ryan Sessegnon,38,0,0.0,0.0,0.7299913,0.7299913
329,Harry Wilson,34,90,2.0,2.0,3.3156812,1.3156812
329,Harry Wilson,35,63,2.0,2.0,3.6009657,1.6009657
329,Harry Wilson,36,61,2.0,2.0,3.3320017,1.3320017
329,Harry Wilson,37,11,1.0,1.0,2.8629062,1.8629062
329,Harry Wilson,38,18,4.0,4.0,1.6523776,2.3476224
330,Sander Berge,34,90,3.0,3.0,1.449468,1.550532
330,Sander Berge,35,0,0.0,0.0,3.059407,3.059407
330,Sander Berge,36,0,0.0,0.0,1.061452,1.061452
330,Sander Berge,37,45,1.0,1.0,0.6896206,0.3103794
330,Sander Berge,38,90,3.0,3.0,1.4506567,1.5493433
331,Tom Cairney,34,0,0.0,0.0,2.0374475,2.0374475
331,Tom Cairney,35,26,1.0,1.0,0.6556902,0.3443098
331,Tom Cairney,36,75,2.0,2.0,1.1037713,0.8962287
331,Tom Cairney,37,0,0.0,0.0,2.5008802,2.5008802
331,Tom Cairney,38,30,6.0,6.0,0.879521,5.120479
332,Saša Lukić,34,90,6.0,6.0,2.444207,3.555793
332,Saša Lukić,35,90,1.0,1.0,3.7173479,2.7173479
332,Saša Lukić,36,90,1.0,1.0,3.7253144,2.7253144
332,Saša Lukić,37,90,5.0,5.0,3.4243708,1.5756292
332,Saša Lukić,38,0,0.0,0.0,3.8588166,3.8588166
333,Martial Godo,34,0,0.0,0.0,0.013705522,0.013705522
333,Martial Godo,35,0,0.0,0.0,0.013705522,0.013705522
333,Martial Godo,36,0,0.0,0.0,0.013705522,0.013705522
333,Martial Godo,37,0,0.0,0.0,0.013705522,0.013705522
333,Martial Godo,38,0,0.0,0.0,0.013705522,0.013705522
334,Luke Harris,34,0,0.0,0.0,0.013705522,0.013705522
334,Luke Harris,35,0,0.0,0.0,0.013705522,0.013705522
334,Luke Harris,36,0,0.0,0.0,0.013705522,0.013705522
334,Luke Harris,37,0,0.0,0.0,0.013705522,0.013705522
334,Luke Harris,38,0,0.0,0.0,0.013705522,0.013705522
335,Josh King,34,14,1.0,1.0,1.57158,0.57158005
335,Josh King,35,26,1.0,1.0,1.8102652,0.8102652
335,Josh King,36,14,0.0,0.0,1.4045218,1.4045218
335,Josh King,37,23,1.0,1.0,1.6490158,0.6490158
335,Josh King,38,18,1.0,1.0,1.567463,0.56746304
336,Harrison Reed,34,0,0.0,0.0,0.14828764,0.14828764
336,Harrison Reed,35,63,2.0,2.0,0.09574995,1.90425
336,Harrison Reed,36,0,0.0,0.0,1.6848783,1.6848783
336,Harrison Reed,37,0,0.0,0.0,0.46175152,0.46175152
336,Harrison Reed,38,0,0.0,0.0,0.28604868,0.28604868
337,Raúl Jiménez Rodríguez,34,65,2.0,2.0,1.4716207,0.5283793
337,Raúl Jiménez Rodríguez,35,72,2.0,2.0,2.5481794,0.5481794
337,Raúl Jiménez Rodríguez,36,0,0.0,0.0,2.4739206,2.4739206
337,Raúl Jiménez Rodríguez,37,23,1.0,1.0,1.2611147,0.26111472
337,Raúl Jiménez Rodríguez,38,18,1.0,1.0,1.6064582,0.6064582
338,Rodrigo Muniz Carvalho,34,24,1.0,1.0,3.0891397,2.0891397
338,Rodrigo Muniz Carvalho,35,17,1.0,1.0,2.558565,1.5585649
338,Rodrigo Muniz Carvalho,36,90,1.0,1.0,1.9222854,0.92228544
338,Rodrigo Muniz Carvalho,37,66,2.0,2.0,2.6602213,0.66022134
338,Rodrigo Muniz Carvalho,38,71,2.0,2.0,2.9567275,0.9567275
366,Alisson Becker,34,0,0.0,0.0,0.09545547,0.09545547
366,Alisson Becker,35,0,0.0,0.0,0.024558574,0.024558574
366,Alisson Becker,36,0,0.0,0.0,0.037361994,0.037361994
366,Alisson Becker,37,0,0.0,0.0,0.037361994,0.037361994
366,Alisson Becker,38,90,2.0,2.0,0.037361994,1.962638
367,Giorgi Mamardashvili,34,0,0.0,0.0,2.8504949,2.8504949
367,Giorgi Mamardashvili,35,0,0.0,0.0,0.8774791,0.8774791
367,Giorgi Mamardashvili,36,90,2.0,2.0,0.30884844,1.6911516
367,Giorgi Mamardashvili,37,90,1.0,1.0,2.1182375,1.1182375
367,Giorgi Mamardashvili,38,0,0.0,0.0,2.7285235,2.7285235
368,Ármin Pécsi,34,0,0.0,0.0,0.037361994,0.037361994
368,Ármin Pécsi,35,0,0.0,0.0,0.037361994,0.037361994
368,Ármin Pécsi,36,0,0.0,0.0,0.037361994,0.037361994
368,Ármin Pécsi,37,0,0.0,0.0,0.037361994,0.037361994
368,Ármin Pécsi,38,0,0.0,0.0,0.037361994,0.037361994
369,Freddie Woodman,34,90,3.0,3.0,1.1990862,1.8009138
369,Freddie Woodman,35,90,2.0,2.0,2.608392,0.608392
369,Freddie Woodman,36,0,0.0,0.0,2.9747517,2.9747517
369,Freddie Woodman,37,0,0.0,0.0,1.173829,1.173829
369,Freddie Woodman,38,0,0.0,0.0,0.4209657,0.4209657
370,Jeremie Frimpong,34,31,1.0,1.0,1.5919954,0.59199536
370,Jeremie Frimpong,35,74,1.0,1.0,1.6274039,0.62740386
370,Jeremie Frimpong,36,90,2.0,2.0,1.7405871,0.25941288
370,Jeremie Frimpong,37,0,0.0,0.0,2.7218964,2.7218964
370,Jeremie Frimpong,38,16,1.0,1.0,1.0945002,0.094500184
371,Milos Kerkez,34,3,1.0,1.0,0.86389804,0.13610196
371,Milos Kerkez,35,31,1.0,1.0,0.9549887,0.045011282
371,Milos Kerkez,36,90,2.0,2.0,1.4925872,0.5074128
371,Milos Kerkez,37,90,0.0,0.0,2.424768,2.424768
371,Milos Kerkez,38,7,1.0,1.0,2.4042895,1.4042895
372,Andrew Robertson,34,86,8.0,8.0,3.0639615,4.9360385
372,Andrew Robertson,35,58,0.0,0.0,3.1798265,3.1798265
372,Andrew Robertson,36,0,0.0,0.0,2.1788466,2.1788466
372,Andrew Robertson,37,0,0.0,0.0,1.2341369,1.2341369
372,Andrew Robertson,38,82,2.0,2.0,0.7085881,1.2914119
373,Virgil van Dijk,34,90,4.0,4.0,4.298807,0.29880714
373,Virgil van Dijk,35,90,1.0,1.0,3.567988,2.567988
373,Virgil van Dijk,36,90,2.0,2.0,3.5579474,1.5579474
373,Virgil van Dijk,37,90,14.0,14.0,3.628279,10.371721
373,Virgil van Dijk,38,90,2.0,2.0,3.763069,1.7630689
374,Ibrahima Konaté,34,90,4.0,4.0,3.3605082,0.6394918
374,Ibrahima Konaté,35,86,1.0,1.0,3.2971337,2.2971337
374,Ibrahima Konaté,36,76,2.0,2.0,2.991403,0.9914031
374,Ibrahima Konaté,37,90,0.0,0.0,2.7496114,2.7496114
374,Ibrahima Konaté,38,88,1.0,1.0,2.9424589,1.9424589
375,Conor Bradley,34,0,0.0,0.0,0.13562235,0.13562235
375,Conor Bradley,35,0,0.0,0.0,0.13562235,0.13562235
375,Conor Bradley,36,0,0.0,0.0,0.13562235,0.13562235
375,Conor Bradley,37,0,0.0,0.0,0.13562235,0.13562235
375,Conor Bradley,38,0,0.0,0.0,0.13562235,0.13562235
376,Joe Gomez,34,3,1.0,1.0,0.9357823,0.06421769
376,Joe Gomez,35,0,0.0,0.0,1.3397086,1.3397086
376,Joe Gomez,36,13,0.0,0.0,0.83792293,0.83792293
376,Joe Gomez,37,65,0.0,0.0,1.2983481,1.2983481
376,Joe Gomez,38,1,1.0,1.0,1.770108,0.770108
377,Konstantinos Tsimikas,34,0,0.0,0.0,0.13562235,0.13562235
377,Konstantinos Tsimikas,35,0,0.0,0.0,0.13562235,0.13562235
377,Konstantinos Tsimikas,36,0,0.0,0.0,0.13562235,0.13562235
377,Konstantinos Tsimikas,37,0,0.0,0.0,0.13562235,0.13562235
377,Konstantinos Tsimikas,38,0,0.0,0.0,0.13562235,0.13562235
378,Amara Nallo,34,0,0.0,0.0,0.13562235,0.13562235
378,Amara Nallo,35,0,0.0,0.0,0.13562235,0.13562235
378,Amara Nallo,36,0,0.0,0.0,0.13562235,0.13562235
378,Amara Nallo,37,0,0.0,0.0,0.13562235,0.13562235
378,Amara Nallo,38,0,0.0,0.0,0.13562235,0.13562235
379,Rhys Williams,34,0,0.0,0.0,0.13562235,0.13562235
379,Rhys Williams,35,0,0.0,0.0,0.13562235,0.13562235
379,Rhys Williams,36,0,0.0,0.0,0.13562235,0.13562235
379,Rhys Williams,37,0,0.0,0.0,0.13562235,0.13562235
379,Rhys Williams,38,0,0.0,0.0,0.13562235,0.13562235
380,Calvin Ramsay,34,0,0.0,0.0,0.13562235,0.13562235
380,Calvin Ramsay,35,0,0.0,0.0,0.13562235,0.13562235
380,Calvin Ramsay,36,0,0.0,0.0,0.13562235,0.13562235
380,Calvin Ramsay,37,0,0.0,0.0,0.13562235,0.13562235
380,Calvin Ramsay,38,0,0.0,0.0,0.13562235,0.13562235
381,Mohamed Salah,34,58,1.0,1.0,3.9191816,2.9191816
381,Mohamed Salah,35,0,0.0,0.0,2.6919782,2.6919782
381,Mohamed Salah,36,0,0.0,0.0,1.5399909,1.5399909
381,Mohamed Salah,37,16,1.0,1.0,1.1063763,0.10637629
381,Mohamed Salah,38,73,6.0,6.0,1.1037427,4.8962574
382,Florian Wirtz,34,90,8.0,8.0,4.0631,3.9369001
382,Florian Wirtz,35,90,2.0,2.0,3.9425225,1.9425225
382,Florian Wirtz,36,0,0.0,0.0,3.349289,3.349289
382,Florian Wirtz,37,24,1.0,1.0,1.2804834,0.28048337
382,Florian Wirtz,38,17,1.0,1.0,1.7349285,0.7349285
383,Luis Díaz Marulanda,34,0,0.0,0.0,0.013705522,0.013705522
383,Luis Díaz Marulanda,35,0,0.0,0.0,0.013705522,0.013705522
383,Luis Díaz Marulanda,36,0,0.0,0.0,0.013705522,0.013705522
383,Luis Díaz Marulanda,37,0,0.0,0.0,0.013705522,0.013705522
383,Luis Díaz Marulanda,38,0,0.0,0.0,0.013705522,0.013705522
384,Cody Gakpo,34,90,2.0,2.0,4.5563893,2.5563893
384,Cody Gakpo,35,90,6.0,6.0,2.9997284,3.0002716
384,Cody Gakpo,36,76,2.0,2.0,3.349151,1.3491509
384,Cody Gakpo,37,73,2.0,2.0,3.0676634,1.0676634
384,Cody Gakpo,38,90,2.0,2.0,3.1833541,1.1833541
385,Federico Chiesa,34,0,0.0,0.0,0.41416216,0.41416216
385,Federico Chiesa,35,3,1.0,1.0,0.1944257,0.8055743
385,Federico Chiesa,36,13,1.0,1.0,0.3332278,0.6667722
385,Federico Chiesa,37,24,1.0,1.0,0.48239657,0.5176034
385,Federico Chiesa,38,0,0.0,0.0,1.734199,1.734199
386,Alexis Mac Allister,34,90,13.0,13.0,1.5137577,11.486242
386,Alexis Mac Allister,35,90,2.0,2.0,2.5172684,0.5172684
386,Alexis Mac Allister,36,90,1.0,1.0,3.3095539,2.3095539
386,Alexis Mac Allister,37,90,4.0,4.0,2.2787478,1.7212522
386,Alexis Mac Allister,38,90,1.0,1.0,3.1022928,2.1022928
387,Dominik Szoboszlai,34,90,1.0,1.0,4.15435,3.1543498
387,Dominik Szoboszlai,35,90,13.0,13.0,3.8963368,9.103663
387,Dominik Szoboszlai,36,90,2.0,2.0,4.1790113,2.1790113
387,Dominik Szoboszlai,37,90,9.0,9.0,4.4320655,4.5679345
387,Dominik Szoboszlai,38,90,2.0,2.0,4.173078,2.173078
388,Curtis Jones,34,86,7.0,7.0,3.2699163,3.7300837
388,Curtis Jones,35,90,1.0,1.0,3.120386,2.120386
388,Curtis Jones,36,90,2.0,2.0,3.1726952,1.1726952
388,Curtis Jones,37,90,2.0,2.0,3.2198503,1.2198503
388,Curtis Jones,38,90,10.0,10.0,3.4800823,6.5199175
389,Harvey Elliott,34,0,0.0,0.0,0.013705522,0.013705522
389,Harvey Elliott,35,0,0.0,0.0,0.013705522,0.013705522
389,Harvey Elliott,36,0,0.0,0.0,0.013705522,0.013705522
389,Harvey Elliott,37,0,0.0,0.0,0.013705522,0.013705522
389,Harvey Elliott,38,0,0.0,0.0,0.013705522,0.013705522
390,Ryan Gravenberch,34,11,1.0,1.0,3.2838376,2.2838376
390,Ryan Gravenberch,35,90,2.0,2.0,1.3155252,0.6844748
390,Ryan Gravenberch,36,90,10.0,10.0,2.3884954,7.6115046
390,Ryan Gravenberch,37,65,2.0,2.0,3.2095153,1.2095153
390,Ryan Gravenberch,38,82,2.0,2.0,2.2988372,0.29883718
392,Endo Wataru,34,0,0.0,0.0,0.013705522,0.013705522
392,Endo Wataru,35,0,0.0,0.0,0.013705522,0.013705522
392,Endo Wataru,36,0,0.0,0.0,0.013705522,0.013705522
392,Endo Wataru,37,0,0.0,0.0,0.013705522,0.013705522
392,Endo Wataru,38,0,0.0,0.0,0.013705522,0.013705522
393,Stefan Bajčetić Maquieira,34,0,0.0,0.0,0.013705522,0.013705522
393,Stefan Bajčetić Maquieira,35,0,0.0,0.0,0.013705522,0.013705522
393,Stefan Bajčetić Maquieira,36,0,0.0,0.0,0.013705522,0.013705522
393,Stefan Bajčetić Maquieira,37,0,0.0,0.0,0.013705522,0.013705522
393,Stefan Bajčetić Maquieira,38,0,0.0,0.0,0.013705522,0.013705522
394,James McConnell,34,0,0.0,0.0,0.013705522,0.013705522
394,James McConnell,35,0,0.0,0.0,0.013705522,0.013705522
394,James McConnell,36,0,0.0,0.0,0.013705522,0.013705522
394,James McConnell,37,0,0.0,0.0,0.013705522,0.013705522
394,James McConnell,38,0,0.0,0.0,0.013705522,0.013705522
395,Tyler Morton,34,0,0.0,0.0,0.013705522,0.013705522
395,Tyler Morton,35,0,0.0,0.0,0.013705522,0.013705522
395,Tyler Morton,36,0,0.0,0.0,0.013705522,0.013705522
395,Tyler Morton,37,0,0.0,0.0,0.013705522,0.013705522
395,Tyler Morton,38,0,0.0,0.0,0.013705522,0.013705522
396,Trey Nyoni,34,0,0.0,0.0,0.16407254,0.16407254
396,Trey Nyoni,35,0,0.0,0.0,0.123640776,0.123640776
396,Trey Nyoni,36,0,0.0,0.0,0.04580456,0.04580456
396,Trey Nyoni,37,0,0.0,0.0,0.035901308,0.035901308
396,Trey Nyoni,38,7,1.0,1.0,0.013705522,0.9862945
397,Darwin Núñez Ribeiro,34,0,0.0,0.0,0.05515977,0.05515977
397,Darwin Núñez Ribeiro,35,0,0.0,0.0,0.05515977,0.05515977
397,Darwin Núñez Ribeiro,36,0,0.0,0.0,0.05515977,0.05515977
397,Darwin Núñez Ribeiro,37,0,0.0,0.0,0.05515977,0.05515977
397,Darwin Núñez Ribeiro,38,0,0.0,0.0,0.05515977,0.05515977
398,Jayden Danns,34,0,0.0,0.0,0.05515977,0.05515977
398,Jayden Danns,35,0,0.0,0.0,0.05515977,0.05515977
398,Jayden Danns,36,0,0.0,0.0,0.05515977,0.05515977
398,Jayden Danns,37,0,0.0,0.0,0.05515977,0.05515977
398,Jayden Danns,38,0,0.0,0.0,0.05515977,0.05515977
400,Stefan Ortega Moreno,34,0,0.0,0.0,0.037361994,0.037361994
400,Stefan Ortega Moreno,35,0,0.0,0.0,0.037361994,0.037361994
400,Stefan Ortega Moreno,36,0,0.0,0.0,0.037361994,0.037361994
400,Stefan Ortega Moreno,37,0,0.0,0.0,0.037361994,0.037361994
400,Stefan Ortega Moreno,38,0,0.0,0.0,0.037361994,0.037361994
419,Jack Grealish,34,0,0.0,0.0,0.013705522,0.013705522
419,Jack Grealish,35,0,0.0,0.0,0.013705522,0.013705522
419,Jack Grealish,36,0,0.0,0.0,0.013705522,0.013705522
419,Jack Grealish,37,0,0.0,0.0,0.013705522,0.013705522
419,Jack Grealish,38,0,0.0,0.0,0.013705522,0.013705522
424,Oscar Bobb,34,14,1.0,1.0,1.588605,0.58860505
424,Oscar Bobb,35,26,1.0,1.0,1.779103,0.77910304
424,Oscar Bobb,36,28,1.0,1.0,1.6693202,0.6693202
424,Oscar Bobb,37,78,2.0,2.0,2.0163233,0.016323328
424,Oscar Bobb,38,71,3.0,3.0,2.9923503,0.00764966
426,James McAtee,34,0,0.0,0.0,0.13576432,0.13576432
426,James McAtee,35,90,2.0,2.0,0.09728599,1.902714
426,James McAtee,36,7,4.0,4.0,2.819433,1.180567
426,James McAtee,37,6,1.0,1.0,1.673848,0.67384803
426,James McAtee,38,12,1.0,1.0,1.892491,0.892491
431,Altay Bayındır,34,0,0.0,0.0,0.037361994,0.037361994
431,Altay Bayındır,35,0,0.0,0.0,0.037361994,0.037361994
431,Altay Bayındır,36,0,0.0,0.0,0.037361994,0.037361994
431,Altay Bayındır,37,0,0.0,0.0,0.037361994,0.037361994
431,Altay Bayındır,38,0,0.0,0.0,0.037361994,0.037361994
432,André Onana,34,0,0.0,0.0,0.037361994,0.037361994
432,André Onana,35,0,0.0,0.0,0.037361994,0.037361994
432,André Onana,36,0,0.0,0.0,0.037361994,0.037361994
432,André Onana,37,0,0.0,0.0,0.037361994,0.037361994
432,André Onana,38,0,0.0,0.0,0.037361994,0.037361994
433,Elyh Harrison,34,0,0.0,0.0,0.037361994,0.037361994
433,Elyh Harrison,35,0,0.0,0.0,0.037361994,0.037361994
433,Elyh Harrison,36,0,0.0,0.0,0.037361994,0.037361994
433,Elyh Harrison,37,0,0.0,0.0,0.037361994,0.037361994
433,Elyh Harrison,38,0,0.0,0.0,0.037361994,0.037361994
434,Tom Heaton,34,0,0.0,0.0,0.037361994,0.037361994
434,Tom Heaton,35,0,0.0,0.0,0.037361994,0.037361994
434,Tom Heaton,36,0,0.0,0.0,0.037361994,0.037361994
434,Tom Heaton,37,0,0.0,0.0,0.037361994,0.037361994
434,Tom Heaton,38,0,0.0,0.0,0.037361994,0.037361994
435,Dermot Mee,34,0,0.0,0.0,0.037361994,0.037361994
435,Dermot Mee,35,0,0.0,0.0,0.037361994,0.037361994
435,Dermot Mee,36,0,0.0,0.0,0.037361994,0.037361994
435,Dermot Mee,37,0,0.0,0.0,0.037361994,0.037361994
435,Dermot Mee,38,0,0.0,0.0,0.037361994,0.037361994
436,Matthijs de Ligt,34,0,0.0,0.0,0.13562235,0.13562235
436,Matthijs de Ligt,35,0,0.0,0.0,0.13562235,0.13562235
436,Matthijs de Ligt,36,0,0.0,0.0,0.13562235,0.13562235
436,Matthijs de Ligt,37,0,0.0,0.0,0.13562235,0.13562235
436,Matthijs de Ligt,38,0,0.0,0.0,0.13562235,0.13562235
437,Lisandro Martínez,34,0,0.0,0.0,1.7673064,1.7673064
437,Lisandro Martínez,35,0,0.0,0.0,1.7634573,1.7634573
437,Lisandro Martínez,36,90,6.0,6.0,1.6112357,4.3887644
437,Lisandro Martínez,37,90,3.0,3.0,3.3498209,0.34982085
437,Lisandro Martínez,38,90,6.0,6.0,3.3684046,2.6315954
438,Noussair Mazraoui,34,45,1.0,1.0,2.3671966,1.3671966
438,Noussair Mazraoui,35,0,0.0,0.0,2.8555982,2.8555982
438,Noussair Mazraoui,36,90,11.0,11.0,1.0840641,9.9159355
438,Noussair Mazraoui,37,0,0.0,0.0,2.0274847,2.0274847
438,Noussair Mazraoui,38,73,6.0,6.0,1.2967619,4.703238
439,Diego León Blanco,34,0,0.0,0.0,0.13562235,0.13562235
439,Diego León Blanco,35,0,0.0,0.0,0.13562235,0.13562235
439,Diego León Blanco,36,0,0.0,0.0,0.13562235,0.13562235
439,Diego León Blanco,37,0,0.0,0.0,0.13562235,0.13562235
439,Diego León Blanco,38,0,0.0,0.0,0.13562235,0.13562235
440,Diogo Dalot Teixeira,34,90,4.0,4.0,2.69332,1.30668
440,Diogo Dalot Teixeira,35,90,1.0,1.0,3.6651661,2.6651661
440,Diogo Dalot Teixeira,36,0,0.0,0.0,3.1831524,3.1831524
440,Diogo Dalot Teixeira,37,90,1.0,1.0,1.3962072,0.3962072
440,Diogo Dalot Teixeira,38,0,0.0,0.0,2.909839,2.909839
441,Patrick Dorgu,34,0,0.0,0.0,0.13562235,0.13562235
441,Patrick Dorgu,35,15,1.0,1.0,0.13562235,0.8643776
441,Patrick Dorgu,36,25,1.0,1.0,0.64229345,0.35770655
441,Patrick Dorgu,37,10,1.0,1.0,1.1389884,0.13898838
441,Patrick Dorgu,38,61,18.0,18.0,1.8426605,16.15734
442,Harry Maguire,34,90,7.0,7.0,2.2615325,4.738467
442,Harry Maguire,35,90,1.0,1.0,4.283196,3.283196
442,Harry Maguire,36,90,10.0,10.0,4.1418414,5.8581586
442,Harry Maguire,37,90,3.0,3.0,3.4331896,0.43318963
442,Harry Maguire,38,90,6.0,6.0,4.1312222,1.8687778
443,Luke Shaw,34,72,5.0,5.0,3.1276777,1.8723223
443,Luke Shaw,35,90,2.0,2.0,2.9651923,0.9651923
443,Luke Shaw,36,90,6.0,6.0,3.4144485,2.5855515
443,Luke Shaw,37,90,6.0,6.0,3.474393,2.525607
443,Luke Shaw,38,81,6.0,6.0,3.5327158,2.4672842
444,Leny Yoro,34,17,1.0,1.0,1.905671,0.905671
444,Leny Yoro,35,1,1.0,1.0,1.6075226,0.6075226
444,Leny Yoro,36,0,0.0,0.0,0.88966393,0.88966393
444,Leny Yoro,37,0,0.0,0.0,0.5894743,0.5894743
444,Leny Yoro,38,16,1.0,1.0,0.31445387,0.68554616
445,Harry Amass,34,0,0.0,0.0,0.13562235,0.13562235
445,Harry Amass,35,0,0.0,0.0,0.13562235,0.13562235
445,Harry Amass,36,0,0.0,0.0,0.13562235,0.13562235
445,Harry Amass,37,0,0.0,0.0,0.13562235,0.13562235
445,Harry Amass,38,0,0.0,0.0,0.13562235,0.13562235
446,Tyler Fredricson,34,0,0.0,0.0,0.13562235,0.13562235
446,Tyler Fredricson,35,0,0.0,0.0,0.13562235,0.13562235
446,Tyler Fredricson,36,0,0.0,0.0,0.13562235,0.13562235
446,Tyler Fredricson,37,0,0.0,0.0,0.13562235,0.13562235
446,Tyler Fredricson,38,0,0.0,0.0,0.13562235,0.13562235
447,Ayden Heaven,34,90,2.0,2.0,2.0507498,0.05074978
447,Ayden Heaven,35,90,1.0,1.0,2.5086918,1.5086918
447,Ayden Heaven,36,0,0.0,0.0,2.6792161,2.6792161
447,Ayden Heaven,37,0,0.0,0.0,1.1427104,1.1427104
447,Ayden Heaven,38,0,0.0,0.0,0.7730049,0.7730049
448,Tyrell Malacia,34,0,0.0,0.0,0.21986142,0.21986142
448,Tyrell Malacia,35,0,0.0,0.0,0.13562235,0.13562235
448,Tyrell Malacia,36,0,0.0,0.0,0.13562235,0.13562235
448,Tyrell Malacia,37,0,0.0,0.0,0.13562235,0.13562235
448,Tyrell Malacia,38,8,1.0,1.0,0.13562235,0.8643776
449,Bruno Borges Fernandes,34,90,5.0,5.0,4.364384,0.6356158
449,Bruno Borges Fernandes,35,90,5.0,5.0,4.83651,0.16348982
449,Bruno Borges Fernandes,36,90,3.0,3.0,4.4798145,1.4798145
449,Bruno Borges Fernandes,37,90,9.0,9.0,4.7299876,4.2700124
449,Bruno Borges Fernandes,38,90,14.0,14.0,4.3419995,9.658001
450,Matheus Santos Carneiro da Cunha,34,0,0.0,0.0,3.7423441,3.7423441
450,Matheus Santos Carneiro da Cunha,35,86,7.0,7.0,2.5004532,4.499547
450,Matheus Santos Carneiro da Cunha,36,90,2.0,2.0,3.6411803,1.6411803
450,Matheus Santos Carneiro da Cunha,37,79,9.0,9.0,3.347638,5.652362
450,Matheus Santos Carneiro da Cunha,38,0,0.0,0.0,4.0798006,4.0798006
451,Marcus Rashford,34,0,0.0,0.0,0.013705522,0.013705522
451,Marcus Rashford,35,0,0.0,0.0,0.013705522,0.013705522
451,Marcus Rashford,36,0,0.0,0.0,0.013705522,0.013705522
451,Marcus Rashford,37,0,0.0,0.0,0.013705522,0.013705522
451,Marcus Rashford,38,0,0.0,0.0,0.013705522,0.013705522
452,Amad Diallo,34,45,1.0,1.0,1.6421541,0.6421541
452,Amad Diallo,35,45,1.0,1.0,2.7866654,1.7866654
452,Amad Diallo,36,74,3.0,3.0,2.1881795,0.8118205
452,Amad Diallo,37,90,2.0,2.0,2.2523358,0.2523358
452,Amad Diallo,38,90,7.0,7.0,3.0714371,3.9285629
454,Antony dos Santos,34,0,0.0,0.0,0.013705522,0.013705522
454,Antony dos Santos,35,0,0.0,0.0,0.013705522,0.013705522
454,Antony dos Santos,36,0,0.0,0.0,0.013705522,0.013705522
454,Antony dos Santos,37,0,0.0,0.0,0.013705522,0.013705522
454,Antony dos Santos,38,0,0.0,0.0,0.013705522,0.013705522
455,Mason Mount,34,16,1.0,1.0,0.96000147,0.03999853
455,Mason Mount,35,0,0.0,0.0,1.3766552,1.3766552
455,Mason Mount,36,90,4.0,4.0,0.7237921,3.276208
455,Mason Mount,37,9,1.0,1.0,2.3483448,1.3483448
455,Mason Mount,38,73,5.0,5.0,2.130324,2.869676
456,Jadon Sancho,34,16,1.0,1.0,0.93574786,0.06425214
456,Jadon Sancho,35,84,2.0,2.0,0.638596,1.361404
456,Jadon Sancho,36,0,0.0,0.0,1.7129124,1.7129124
456,Jadon Sancho,37,1,1.0,1.0,0.71576655,0.28423345
456,Jadon Sancho,38,0,0.0,0.0,0.83508444,0.83508444
457,Carlos Henrique Casimiro,34,90,12.0,12.0,4.063472,7.936528
457,Carlos Henrique Casimiro,35,90,4.0,4.0,4.217604,0.21760416
457,Carlos Henrique Casimiro,36,0,0.0,0.0,4.203558,4.203558
457,Carlos Henrique Casimiro,37,80,1.0,1.0,2.0620825,1.0620825
457,Carlos Henrique Casimiro,38,0,0.0,0.0,3.0296872,3.0296872
458,Kobbie Mainoo,34,90,4.0,4.0,2.4316933,1.5683067
458,Kobbie Mainoo,35,90,9.0,9.0,3.5769794,5.4230204
458,Kobbie Mainoo,36,90,5.0,5.0,3.8040648,1.1959352
458,Kobbie Mainoo,37,90,4.0,4.0,3.7119331,0.28806686
458,Kobbie Mainoo,38,90,2.0,2.0,4.3939977,2.3939977
459,Manuel Ugarte Ribeiro,34,0,0.0,0.0,1.0894862,1.0894862
459,Manuel Ugarte Ribeiro,35,0,0.0,0.0,0.78746986,0.78746986
459,Manuel Ugarte Ribeiro,36,0,0.0,0.0,0.51676893,0.51676893
459,Manuel Ugarte Ribeiro,37,0,0.0,0.0,0.31128705,0.31128705
459,Manuel Ugarte Ribeiro,38,0,0.0,0.0,0.013705522,0.013705522
460,Toby Collyer,34,0,0.0,0.0,0.013705522,0.013705522
460,Toby Collyer,35,0,0.0,0.0,0.013705522,0.013705522
460,Toby Collyer,36,0,0.0,0.0,0.013705522,0.013705522
460,Toby Collyer,37,0,0.0,0.0,0.013705522,0.013705522
460,Toby Collyer,38,0,0.0,0.0,0.013705522,0.013705522
461,Jayce Fitzgerald,34,0,0.0,0.0,0.013705522,0.013705522
461,Jayce Fitzgerald,35,0,0.0,0.0,0.013705522,0.013705522
461,Jayce Fitzgerald,36,0,0.0,0.0,0.013705522,0.013705522
461,Jayce Fitzgerald,37,0,0.0,0.0,0.013705522,0.013705522
461,Jayce Fitzgerald,38,0,0.0,0.0,0.013705522,0.013705522
462,Jack Fletcher,34,0,0.0,0.0,0.013705522,0.013705522
462,Jack Fletcher,35,0,0.0,0.0,0.013705522,0.013705522
462,Jack Fletcher,36,0,0.0,0.0,0.013705522,0.013705522
462,Jack Fletcher,37,0,0.0,0.0,0.013705522,0.013705522
462,Jack Fletcher,38,0,0.0,0.0,0.013705522,0.013705522
463,Sékou Koné,34,0,0.0,0.0,0.013705522,0.013705522
463,Sékou Koné,35,0,0.0,0.0,0.013705522,0.013705522
463,Sékou Koné,36,0,0.0,0.0,0.013705522,0.013705522
463,Sékou Koné,37,0,0.0,0.0,0.013705522,0.013705522
463,Sékou Koné,38,0,0.0,0.0,0.013705522,0.013705522
464,Jack Moorhouse,34,0,0.0,0.0,0.013705522,0.013705522
464,Jack Moorhouse,35,0,0.0,0.0,0.013705522,0.013705522
464,Jack Moorhouse,36,0,0.0,0.0,0.013705522,0.013705522
464,Jack Moorhouse,37,0,0.0,0.0,0.013705522,0.013705522
464,Jack Moorhouse,38,0,0.0,0.0,0.013705522,0.013705522
465,Rasmus Højlund,34,0,0.0,0.0,0.05515977,0.05515977
465,Rasmus Højlund,35,0,0.0,0.0,0.05515977,0.05515977
465,Rasmus Højlund,36,0,0.0,0.0,0.05515977,0.05515977
465,Rasmus Højlund,37,0,0.0,0.0,0.05515977,0.05515977
465,Rasmus Højlund,38,0,0.0,0.0,0.05515977,0.05515977
466,Joshua Zirkzee,34,2,0.0,0.0,0.61652684,0.61652684
466,Joshua Zirkzee,35,3,1.0,1.0,0.90743375,0.09256625
466,Joshua Zirkzee,36,64,1.0,1.0,0.7107655,0.28923452
466,Joshua Zirkzee,37,10,1.0,1.0,2.0321765,1.0321765
466,Joshua Zirkzee,38,16,1.0,1.0,2.4766154,1.4766154
467,Chido Obi,34,0,0.0,0.0,0.05515977,0.05515977
467,Chido Obi,35,0,0.0,0.0,0.05515977,0.05515977
467,Chido Obi,36,0,0.0,0.0,0.05515977,0.05515977
467,Chido Obi,37,0,0.0,0.0,0.05515977,0.05515977
467,Chido Obi,38,0,0.0,0.0,0.05515977,0.05515977
468,Ethan Wheatley,34,0,0.0,0.0,0.05515977,0.05515977
468,Ethan Wheatley,35,0,0.0,0.0,0.05515977,0.05515977
468,Ethan Wheatley,36,0,0.0,0.0,0.05515977,0.05515977
468,Ethan Wheatley,37,0,0.0,0.0,0.05515977,0.05515977
468,Ethan Wheatley,38,0,0.0,0.0,0.05515977,0.05515977
469,Nick Pope,34,90,2.0,2.0,0.037361994,1.962638
469,Nick Pope,35,90,3.0,3.0,2.1569495,0.8430505
469,Nick Pope,36,90,3.0,3.0,2.930526,0.06947398
469,Nick Pope,37,90,4.0,4.0,3.1725214,0.82747865
469,Nick Pope,38,90,2.0,2.0,2.9496694,0.94966936
471,Mark Gillespie,34,0,0.0,0.0,0.037361994,0.037361994
471,Mark Gillespie,35,0,0.0,0.0,0.037361994,0.037361994
471,Mark Gillespie,36,0,0.0,0.0,0.037361994,0.037361994
471,Mark Gillespie,37,0,0.0,0.0,0.037361994,0.037361994
471,Mark Gillespie,38,0,0.0,0.0,0.037361994,0.037361994
472,Odysseas Vlachodimos,34,0,0.0,0.0,0.037361994,0.037361994
472,Odysseas Vlachodimos,35,0,0.0,0.0,0.037361994,0.037361994
472,Odysseas Vlachodimos,36,0,0.0,0.0,0.037361994,0.037361994
472,Odysseas Vlachodimos,37,0,0.0,0.0,0.037361994,0.037361994
472,Odysseas Vlachodimos,38,0,0.0,0.0,0.037361994,0.037361994
473,Lewis Hall,34,0,0.0,0.0,2.080292,2.080292
473,Lewis Hall,35,22,1.0,1.0,1.3456129,0.34561288
473,Lewis Hall,36,90,2.0,2.0,1.4616615,0.53833854
473,Lewis Hall,37,90,1.0,1.0,2.9521139,1.9521139
473,Lewis Hall,38,90,1.0,1.0,2.76097,1.7609701
474,Fabian Schär,34,0,0.0,0.0,0.13562235,0.13562235
474,Fabian Schär,35,0,0.0,0.0,0.13562235,0.13562235
474,Fabian Schär,36,0,0.0,0.0,0.13562235,0.13562235
474,Fabian Schär,37,0,0.0,0.0,0.13562235,0.13562235
474,Fabian Schär,38,0,0.0,0.0,0.13562235,0.13562235
475,Sven Botman,34,90,4.0,4.0,3.06728,0.93271995
475,Sven Botman,35,90,4.0,4.0,3.7814326,0.21856737
475,Sven Botman,36,90,4.0,4.0,3.834174,0.16582608
475,Sven Botman,37,90,4.0,4.0,4.1333337,0.13333368
475,Sven Botman,38,90,3.0,3.0,3.9935179,0.9935179
476,Dan Burn,34,90,3.0,3.0,1.6034421,1.3965579
476,Dan Burn,35,90,7.0,7.0,2.7704573,4.2295427
476,Dan Burn,36,90,2.0,2.0,3.1864412,1.1864412
476,Dan Burn,37,15,1.0,1.0,3.761554,2.761554
476,Dan Burn,38,83,1.0,1.0,2.649395,1.649395
477,Tino Livramento,34,0,0.0,0.0,2.03436,2.03436
477,Tino Livramento,35,0,0.0,0.0,1.0410652,1.0410652
477,Tino Livramento,36,0,0.0,0.0,0.6656197,0.6656197
477,Tino Livramento,37,0,0.0,0.0,0.4564001,0.4564001
477,Tino Livramento,38,0,0.0,0.0,0.39025998,0.39025998
478,Kieran Trippier,34,0,0.0,0.0,1.5938092,1.5938092
478,Kieran Trippier,35,0,0.0,0.0,0.8932407,0.8932407
478,Kieran Trippier,36,1,1.0,1.0,0.7410784,0.25892162
478,Kieran Trippier,37,84,2.0,2.0,0.9503442,1.0496558
478,Kieran Trippier,38,0,0.0,0.0,2.7697542,2.7697542
479,Emil Krafth,34,0,0.0,0.0,0.13562235,0.13562235
479,Emil Krafth,35,0,0.0,0.0,0.13562235,0.13562235
479,Emil Krafth,36,0,0.0,0.0,0.13562235,0.13562235
479,Emil Krafth,37,0,0.0,0.0,0.13562235,0.13562235
479,Emil Krafth,38,0,0.0,0.0,0.13562235,0.13562235
480,Jamaal Lascelles,34,0,0.0,0.0,0.13562235,0.13562235
480,Jamaal Lascelles,35,0,0.0,0.0,0.13562235,0.13562235
480,Jamaal Lascelles,36,0,0.0,0.0,0.13562235,0.13562235
480,Jamaal Lascelles,37,0,0.0,0.0,0.13562235,0.13562235
480,Jamaal Lascelles,38,0,0.0,0.0,0.13562235,0.13562235
481,Alex Murphy,34,0,0.0,0.0,0.13562235,0.13562235
481,Alex Murphy,35,0,0.0,0.0,0.13562235,0.13562235
481,Alex Murphy,36,0,0.0,0.0,0.13562235,0.13562235
481,Alex Murphy,37,0,0.0,0.0,0.13562235,0.13562235
481,Alex Murphy,38,6,1.0,1.0,0.13562235,0.8643776
482,Harrison Ashby,34,0,0.0,0.0,0.13562235,0.13562235
482,Harrison Ashby,35,0,0.0,0.0,0.13562235,0.13562235
482,Harrison Ashby,36,0,0.0,0.0,0.13562235,0.13562235
482,Harrison Ashby,37,0,0.0,0.0,0.13562235,0.13562235
482,Harrison Ashby,38,0,0.0,0.0,0.13562235,0.13562235
483,Miodrag Pivaš,34,0,0.0,0.0,0.13562235,0.13562235
483,Miodrag Pivaš,35,0,0.0,0.0,0.13562235,0.13562235
483,Miodrag Pivaš,36,0,0.0,0.0,0.13562235,0.13562235
483,Miodrag Pivaš,37,0,0.0,0.0,0.13562235,0.13562235
483,Miodrag Pivaš,38,0,0.0,0.0,0.13562235,0.13562235
484,Matt Targett,34,0,0.0,0.0,0.13562235,0.13562235
484,Matt Targett,35,0,0.0,0.0,0.13562235,0.13562235
484,Matt Targett,36,0,0.0,0.0,0.13562235,0.13562235
484,Matt Targett,37,0,0.0,0.0,0.13562235,0.13562235
484,Matt Targett,38,0,0.0,0.0,0.13562235,0.13562235
485,Anthony Gordon,34,0,0.0,0.0,2.179618,2.179618
485,Anthony Gordon,35,0,0.0,0.0,1.1705525,1.1705525
485,Anthony Gordon,36,0,0.0,0.0,0.536994,0.536994
485,Anthony Gordon,37,0,0.0,0.0,0.03704837,0.03704837
485,Anthony Gordon,38,0,0.0,0.0,0.013705522,0.013705522
486,Anthony Elanga,34,4,1.0,1.0,1.5952511,0.5952511
486,Anthony Elanga,35,0,0.0,0.0,0.97391117,0.97391117
486,Anthony Elanga,36,0,0.0,0.0,0.62857735,0.62857735
486,Anthony Elanga,37,5,1.0,1.0,0.3479777,0.6520223
486,Anthony Elanga,38,24,1.0,1.0,0.83422756,0.16577244
487,Harvey Barnes,34,24,1.0,1.0,2.264461,1.264461
487,Harvey Barnes,35,22,6.0,6.0,1.680407,4.319593
487,Harvey Barnes,36,29,7.0,7.0,2.2310078,4.7689924
487,Harvey Barnes,37,74,5.0,5.0,2.6520066,2.3479934
487,Harvey Barnes,38,45,1.0,1.0,2.7722785,1.7722785
488,Bruno Guimarães Rodriguez Moura,34,74,2.0,2.0,2.5219347,0.52193475
488,Bruno Guimarães Rodriguez Moura,35,90,6.0,6.0,3.2804832,2.7195168
488,Bruno Guimarães Rodriguez Moura,36,90,6.0,6.0,3.47002,2.52998
488,Bruno Guimarães Rodriguez Moura,37,90,4.0,4.0,4.55815,0.5581498
488,Bruno Guimarães Rodriguez Moura,38,65,1.0,1.0,4.48465,3.4846501
489,Jacob Murphy,34,65,2.0,2.0,1.5128881,0.48711193
489,Jacob Murphy,35,67,8.0,8.0,1.9269613,6.0730386
489,Jacob Murphy,36,60,3.0,3.0,2.730494,0.26950598
489,Jacob Murphy,37,15,1.0,1.0,2.2323937,1.2323937
489,Jacob Murphy,38,45,1.0,1.0,2.3799348,1.3799348
490,Joelinton Cássio Apolinário de Lira,34,0,0.0,0.0,1.5270928,1.5270928
490,Joelinton Cássio Apolinário de Lira,35,90,4.0,4.0,1.0338761,2.966124
490,Joelinton Cássio Apolinário de Lira,36,90,2.0,2.0,3.0494044,1.0494044
490,Joelinton Cássio Apolinário de Lira,37,0,0.0,0.0,3.293934,3.293934
490,Joelinton Cássio Apolinário de Lira,38,0,0.0,0.0,1.1985345,1.1985345
491,Sandro Tonali,34,90,2.0,2.0,2.057501,0.057501078
491,Sandro Tonali,35,90,1.0,1.0,2.9241536,1.9241536
491,Sandro Tonali,36,90,2.0,2.0,2.7983718,0.7983718
491,Sandro Tonali,37,52,1.0,1.0,3.3680668,2.3680668
491,Sandro Tonali,38,0,0.0,0.0,2.4731724,2.4731724
492,Antoñito Cordero Campillo,34,0,0.0,0.0,0.013705522,0.013705522
492,Antoñito Cordero Campillo,35,0,0.0,0.0,0.013705522,0.013705522
492,Antoñito Cordero Campillo,36,0,0.0,0.0,0.013705522,0.013705522
492,Antoñito Cordero Campillo,37,0,0.0,0.0,0.013705522,0.013705522
492,Antoñito Cordero Campillo,38,0,0.0,0.0,0.013705522,0.013705522
494,Joe Willock,34,85,2.0,2.0,0.82606316,1.1739368
494,Joe Willock,35,67,2.0,2.0,2.2161076,0.2161076
494,Joe Willock,36,0,0.0,0.0,2.6574867,2.6574867
494,Joe Willock,37,37,4.0,4.0,1.1256478,2.8743522
494,Joe Willock,38,90,2.0,2.0,2.2368307,0.23683071
495,Isaac Hayden,34,0,0.0,0.0,0.013705522,0.013705522
495,Isaac Hayden,35,0,0.0,0.0,0.013705522,0.013705522
495,Isaac Hayden,36,0,0.0,0.0,0.013705522,0.013705522
495,Isaac Hayden,37,0,0.0,0.0,0.013705522,0.013705522
495,Isaac Hayden,38,0,0.0,0.0,0.013705522,0.013705522
496,Garang Kuol,34,0,0.0,0.0,0.013705522,0.013705522
496,Garang Kuol,35,0,0.0,0.0,0.013705522,0.013705522
496,Garang Kuol,36,0,0.0,0.0,0.013705522,0.013705522
496,Garang Kuol,37,0,0.0,0.0,0.013705522,0.013705522
496,Garang Kuol,38,0,0.0,0.0,0.013705522,0.013705522
497,Lewis Miley,34,90,2.0,2.0,2.2229211,0.22292113
497,Lewis Miley,35,90,2.0,2.0,2.5301564,0.5301564
497,Lewis Miley,36,0,0.0,0.0,2.6587994,2.6587994
497,Lewis Miley,37,0,0.0,0.0,1.0445522,1.0445522
497,Lewis Miley,38,0,0.0,0.0,0.82441163,0.82441163
498,Joe White,34,0,0.0,0.0,0.013705522,0.013705522
498,Joe White,35,0,0.0,0.0,0.013705522,0.013705522
498,Joe White,36,0,0.0,0.0,0.013705522,0.013705522
498,Joe White,37,0,0.0,0.0,0.013705522,0.013705522
498,Joe White,38,0,0.0,0.0,0.013705522,0.013705522
499,Alexander Isak,34,78,8.0,8.0,2.0882263,5.9117737
499,Alexander Isak,35,0,0.0,0.0,3.4406528,3.4406528
499,Alexander Isak,36,23,1.0,1.0,1.4414033,0.44140327
499,Alexander Isak,37,0,0.0,0.0,1.6209681,1.6209681
499,Alexander Isak,38,0,0.0,0.0,0.9998385,0.9998385
500,William Osula,34,65,2.0,2.0,3.8000195,1.8000195
500,William Osula,35,67,9.0,9.0,3.1509082,5.8490915
500,William Osula,36,70,2.0,2.0,3.6675627,1.6675627
500,William Osula,37,84,13.0,13.0,3.9771295,9.022871
500,William Osula,38,65,2.0,2.0,4.0976553,2.0976553
501,Sean Neave,34,0,0.0,0.0,0.05515977,0.05515977
501,Sean Neave,35,0,0.0,0.0,0.05515977,0.05515977
501,Sean Neave,36,0,0.0,0.0,0.05515977,0.05515977
501,Sean Neave,37,0,0.0,0.0,0.05515977,0.05515977
501,Sean Neave,38,13,1.0,1.0,0.05515977,0.94484025
502,Matz Sels,34,90,7.0,7.0,3.4833066,3.5166934
502,Matz Sels,35,90,8.0,8.0,3.0540807,4.945919
502,Matz Sels,36,90,3.0,3.0,2.7833936,0.21660638
502,Matz Sels,37,90,2.0,2.0,3.8993578,1.8993578
502,Matz Sels,38,90,3.0,3.0,3.4227626,0.42276263
503,Carlos Miguel dos Santos Pereira,34,0,0.0,0.0,0.037361994,0.037361994
503,Carlos Miguel dos Santos Pereira,35,0,0.0,0.0,0.037361994,0.037361994
503,Carlos Miguel dos Santos Pereira,36,0,0.0,0.0,0.037361994,0.037361994
503,Carlos Miguel dos Santos Pereira,37,0,0.0,0.0,0.037361994,0.037361994
503,Carlos Miguel dos Santos Pereira,38,0,0.0,0.0,0.037361994,0.037361994
504,Matt Turner,34,0,0.0,0.0,0.037361994,0.037361994
504,Matt Turner,35,0,0.0,0.0,0.037361994,0.037361994
504,Matt Turner,36,0,0.0,0.0,0.037361994,0.037361994
504,Matt Turner,37,0,0.0,0.0,0.037361994,0.037361994
504,Matt Turner,38,0,0.0,0.0,0.037361994,0.037361994
505,Nikola Milenković,34,90,8.0,8.0,3.462983,4.537017
505,Nikola Milenković,35,45,1.0,1.0,3.829018,2.829018
505,Nikola Milenković,36,90,2.0,2.0,2.7866714,0.7866714
505,Nikola Milenković,37,90,1.0,1.0,3.2540011,2.2540011
505,Nikola Milenković,38,90,4.0,4.0,2.138988,1.861012
506,Murillo Costa dos Santos,34,0,0.0,0.0,2.5630848,2.5630848
506,Murillo Costa dos Santos,35,0,0.0,0.0,0.88310194,0.88310194
506,Murillo Costa dos Santos,36,0,0.0,0.0,0.3827762,0.3827762
506,Murillo Costa dos Santos,37,0,0.0,0.0,0.13290969,0.13290969
506,Murillo Costa dos Santos,38,0,0.0,0.0,0.4271227,0.4271227
507,Ola Aina,34,90,9.0,9.0,3.3858004,5.6141996
507,Ola Aina,35,0,0.0,0.0,3.3260694,3.3260694
507,Ola Aina,36,0,0.0,0.0,2.1792314,2.1792314
507,Ola Aina,37,0,0.0,0.0,1.0227952,1.0227952
507,Ola Aina,38,0,0.0,0.0,0.47161335,0.47161335
508,Neco Williams,34,90,5.0,5.0,3.8245933,1.1754067
508,Neco Williams,35,45,1.0,1.0,3.6965916,2.6965916
508,Neco Williams,36,90,2.0,2.0,3.5241544,1.5241544
508,Neco Williams,37,90,1.0,1.0,3.5653288,2.5653288
508,Neco Williams,38,90,2.0,2.0,3.0611393,1.0611393
509,David Mota Veiga Teixeira do Carmo,34,0,0.0,0.0,0.13562235,0.13562235
509,David Mota Veiga Teixeira do Carmo,35,0,0.0,0.0,0.13562235,0.13562235
509,David Mota Veiga Teixeira do Carmo,36,0,0.0,0.0,0.13562235,0.13562235
509,David Mota Veiga Teixeira do Carmo,37,0,0.0,0.0,0.13562235,0.13562235
509,David Mota Veiga Teixeira do Carmo,38,0,0.0,0.0,0.13562235,0.13562235
510,Jair Paula da Cunha Filho,34,49,1.0,1.0,2.0931923,1.0931923
510,Jair Paula da Cunha Filho,35,45,1.0,1.0,1.7136077,0.71360767
510,Jair Paula da Cunha Filho,36,90,2.0,2.0,1.5523306,0.4476694
510,Jair Paula da Cunha Filho,37,6,1.0,1.0,2.8364747,1.8364747
510,Jair Paula da Cunha Filho,38,62,2.0,2.0,1.6695039,0.33049607
511,Felipe Rodrigues da Silva,34,40,1.0,1.0,0.43556568,0.5644343
511,Felipe Rodrigues da Silva,35,90,1.0,1.0,1.8724023,0.8724023
511,Felipe Rodrigues da Silva,36,90,2.0,2.0,2.287277,0.28727698
511,Felipe Rodrigues da Silva,37,90,9.0,9.0,2.8546822,6.145318
511,Felipe Rodrigues da Silva,38,90,4.0,4.0,2.9707663,1.0292337
512,Omar Richards,34,0,0.0,0.0,0.13562235,0.13562235
512,Omar Richards,35,0,0.0,0.0,0.13562235,0.13562235
512,Omar Richards,36,0,0.0,0.0,0.13562235,0.13562235
512,Omar Richards,37,0,0.0,0.0,0.13562235,0.13562235
512,Omar Richards,38,0,0.0,0.0,0.13562235,0.13562235
513,Zach Abbott,34,0,0.0,0.0,0.13562235,0.13562235
513,Zach Abbott,35,45,1.0,1.0,0.13562235,0.8643776
513,Zach Abbott,36,0,0.0,0.0,1.2165271,1.2165271
513,Zach Abbott,37,0,0.0,0.0,0.6163647,0.6163647
513,Zach Abbott,38,0,0.0,0.0,0.50179327,0.50179327
514,Willy Boly,34,0,0.0,0.0,0.13562235,0.13562235
514,Willy Boly,35,0,0.0,0.0,0.13562235,0.13562235
514,Willy Boly,36,0,0.0,0.0,0.13562235,0.13562235
514,Willy Boly,37,0,0.0,0.0,0.13562235,0.13562235
514,Willy Boly,38,0,0.0,0.0,0.13562235,0.13562235
515,Morgan Gibbs-White,34,90,13.0,13.0,4.035157,8.964843
515,Morgan Gibbs-White,35,20,4.0,4.0,3.7768416,0.22315836
515,Morgan Gibbs-White,36,0,0.0,0.0,3.234714,3.234714
515,Morgan Gibbs-White,37,90,7.0,7.0,2.2427506,4.7572494
515,Morgan Gibbs-White,38,90,9.0,9.0,3.1569812,5.8430185
516,Callum Hudson-Odoi,34,0,0.0,0.0,1.6358174,1.6358174
516,Callum Hudson-Odoi,35,0,0.0,0.0,1.0804584,1.0804584
516,Callum Hudson-Odoi,36,0,0.0,0.0,0.6623896,0.6623896
516,Callum Hudson-Odoi,37,0,0.0,0.0,0.23983797,0.23983797
516,Callum Hudson-Odoi,38,0,0.0,0.0,0.013705522,0.013705522
517,Elliot Anderson,34,90,9.0,9.0,3.714965,5.285035
517,Elliot Anderson,35,45,1.0,1.0,3.9040184,2.9040184
517,Elliot Anderson,36,90,12.0,12.0,3.2708075,8.729193
517,Elliot Anderson,37,90,12.0,12.0,3.7712114,8.228788
517,Elliot Anderson,38,64,2.0,2.0,3.379618,1.3796179
518,João Pedro Ferreira da Silva,34,0,0.0,0.0,0.013705522,0.013705522
518,João Pedro Ferreira da Silva,35,0,0.0,0.0,0.013705522,0.013705522
518,João Pedro Ferreira da Silva,36,0,0.0,0.0,0.013705522,0.013705522
518,João Pedro Ferreira da Silva,37,0,0.0,0.0,0.013705522,0.013705522
518,João Pedro Ferreira da Silva,38,0,0.0,0.0,0.013705522,0.013705522
519,Nicolás Domínguez,34,45,0.0,0.0,1.7643443,1.7643443
519,Nicolás Domínguez,35,45,1.0,1.0,2.0493414,1.0493414
519,Nicolás Domínguez,36,45,1.0,1.0,2.232118,1.2321179
519,Nicolás Domínguez,37,69,2.0,2.0,2.0710502,0.07105017
519,Nicolás Domínguez,38,25,1.0,1.0,3.091159,2.091159
520,Lewis O'Brien,34,0,0.0,0.0,0.013705522,0.013705522
520,Lewis O'Brien,35,0,0.0,0.0,0.013705522,0.013705522
520,Lewis O'Brien,36,0,0.0,0.0,0.013705522,0.013705522
520,Lewis O'Brien,37,0,0.0,0.0,0.013705522,0.013705522
520,Lewis O'Brien,38,0,0.0,0.0,0.013705522,0.013705522
521,Ibrahim Sangaré,34,45,1.0,1.0,4.001972,3.0019722
521,Ibrahim Sangaré,35,0,0.0,0.0,2.6060421,2.6060421
521,Ibrahim Sangaré,36,0,0.0,0.0,1.5750479,1.5750479
521,Ibrahim Sangaré,37,20,1.0,1.0,0.91266215,0.08733785
521,Ibrahim Sangaré,38,64,4.0,4.0,1.5858206,2.4141793
522,Ryan Yates,34,23,0.0,0.0,1.3770564,1.3770564
522,Ryan Yates,35,90,4.0,4.0,1.6384388,2.3615613
522,Ryan Yates,36,45,0.0,0.0,2.4960122,2.4960122
522,Ryan Yates,37,0,0.0,0.0,2.24076,2.24076
522,Ryan Yates,38,25,1.0,1.0,1.4322747,0.4322747
523,Eric da Silva Moreira,34,0,0.0,0.0,0.013705522,0.013705522
523,Eric da Silva Moreira,35,0,0.0,0.0,0.013705522,0.013705522
523,Eric da Silva Moreira,36,0,0.0,0.0,0.013705522,0.013705522
523,Eric da Silva Moreira,37,0,0.0,0.0,0.013705522,0.013705522
523,Eric da Silva Moreira,38,0,0.0,0.0,0.013705522,0.013705522
524,Marko Stamenić,34,0,0.0,0.0,0.013705522,0.013705522
524,Marko Stamenić,35,0,0.0,0.0,0.013705522,0.013705522
524,Marko Stamenić,36,0,0.0,0.0,0.013705522,0.013705522
524,Marko Stamenić,37,0,0.0,0.0,0.013705522,0.013705522
524,Marko Stamenić,38,0,0.0,0.0,0.013705522,0.013705522
525,Chris Wood,34,87,7.0,7.0,2.4937012,4.506299
525,Chris Wood,35,24,1.0,1.0,3.8547819,2.8547819
525,Chris Wood,36,17,1.0,1.0,2.5835137,1.5835137
525,Chris Wood,37,69,2.0,2.0,1.8032004,0.19679964
525,Chris Wood,38,61,2.0,2.0,2.0246212,0.024621248
526,Igor Jesus Maciel da Cruz,34,66,14.0,14.0,3.4299057,10.570094
526,Igor Jesus Maciel da Cruz,35,45,5.0,5.0,3.190242,1.809758
526,Igor Jesus Maciel da Cruz,36,82,1.0,1.0,4.233333,3.233333
526,Igor Jesus Maciel da Cruz,37,83,2.0,2.0,3.6964219,1.6964219
526,Igor Jesus Maciel da Cruz,38,90,2.0,2.0,3.6687462,1.6687462
527,Taiwo Awoniyi,34,2,4.0,4.0,0.85225666,3.1477432
527,Taiwo Awoniyi,35,90,16.0,16.0,1.2030387,14.796961
527,Taiwo Awoniyi,36,72,2.0,2.0,3.3443758,1.3443758
527,Taiwo Awoniyi,37,20,1.0,1.0,3.446203,2.446203
527,Taiwo Awoniyi,38,28,0.0,0.0,2.641104,2.641104
528,Anthony Patterson,34,0,0.0,0.0,0.037361994,0.037361994
528,Anthony Patterson,35,0,0.0,0.0,0.037361994,0.037361994
528,Anthony Patterson,36,0,0.0,0.0,0.037361994,0.037361994
528,Anthony Patterson,37,0,0.0,0.0,0.037361994,0.037361994
528,Anthony Patterson,38,0,0.0,0.0,0.037361994,0.037361994
529,Simon Moore,34,0,0.0,0.0,0.037361994,0.037361994
529,Simon Moore,35,0,0.0,0.0,0.037361994,0.037361994
529,Simon Moore,36,0,0.0,0.0,0.037361994,0.037361994
529,Simon Moore,37,0,0.0,0.0,0.037361994,0.037361994
529,Simon Moore,38,0,0.0,0.0,0.037361994,0.037361994
530,Blondy Nna Noukeu,34,0,0.0,0.0,0.037361994,0.037361994
530,Blondy Nna Noukeu,35,0,0.0,0.0,0.037361994,0.037361994
530,Blondy Nna Noukeu,36,0,0.0,0.0,0.037361994,0.037361994
530,Blondy Nna Noukeu,37,0,0.0,0.0,0.037361994,0.037361994
530,Blondy Nna Noukeu,38,0,0.0,0.0,0.037361994,0.037361994
531,Daniel Ballard,34,90,0.0,0.0,1.1763071,1.1763071
531,Daniel Ballard,35,23,-2.0,-2.0,2.410176,4.4101763
531,Daniel Ballard,36,0,0.0,0.0,0.07173677,0.07173677
531,Daniel Ballard,37,0,0.0,0.0,1.9803988,1.9803988
531,Daniel Ballard,38,0,0.0,0.0,1.853964,1.853964
532,Trai Hume,34,90,-2.0,-2.0,2.7881565,4.7881565
532,Trai Hume,35,90,2.0,2.0,3.0107076,1.0107076
532,Trai Hume,36,89,6.0,6.0,3.246402,2.753598
532,Trai Hume,37,59,1.0,1.0,2.8700178,1.8700178
532,Trai Hume,38,90,8.0,8.0,2.0750632,5.924937
533,Aji Alese,34,0,0.0,0.0,0.13562235,0.13562235
533,Aji Alese,35,0,0.0,0.0,0.13562235,0.13562235
533,Aji Alese,36,0,0.0,0.0,0.13562235,0.13562235
533,Aji Alese,37,0,0.0,0.0,0.13562235,0.13562235
533,Aji Alese,38,0,0.0,0.0,0.13562235,0.13562235
534,Joe Anderson,34,0,0.0,0.0,0.13562235,0.13562235
534,Joe Anderson,35,0,0.0,0.0,0.13562235,0.13562235
534,Joe Anderson,36,0,0.0,0.0,0.13562235,0.13562235
534,Joe Anderson,37,0,0.0,0.0,0.13562235,0.13562235
534,Joe Anderson,38,0,0.0,0.0,0.13562235,0.13562235
535,Dennis Cirkin,34,0,0.0,0.0,0.22303712,0.22303712
535,Dennis Cirkin,35,18,0.0,0.0,0.19795279,0.19795279
535,Dennis Cirkin,36,0,0.0,0.0,0.9191538,0.9191538
535,Dennis Cirkin,37,0,0.0,0.0,0.43295923,0.43295923
535,Dennis Cirkin,38,0,0.0,0.0,0.26711476,0.26711476
536,Leo Fuhr Hjelde,34,0,0.0,0.0,0.13562235,0.13562235
536,Leo Fuhr Hjelde,35,0,0.0,0.0,0.13562235,0.13562235
536,Leo Fuhr Hjelde,36,0,0.0,0.0,0.13562235,0.13562235
536,Leo Fuhr Hjelde,37,0,0.0,0.0,0.13562235,0.13562235
536,Leo Fuhr Hjelde,38,0,0.0,0.0,0.13562235,0.13562235
537,Niall Huggins,34,0,0.0,0.0,0.13562235,0.13562235
537,Niall Huggins,35,0,0.0,0.0,0.13562235,0.13562235
537,Niall Huggins,36,0,0.0,0.0,0.13562235,0.13562235
537,Niall Huggins,37,0,0.0,0.0,0.13562235,0.13562235
537,Niall Huggins,38,0,0.0,0.0,0.13562235,0.13562235
538,Zak Johnson,34,0,0.0,0.0,0.13562235,0.13562235
538,Zak Johnson,35,0,0.0,0.0,0.13562235,0.13562235
538,Zak Johnson,36,0,0.0,0.0,0.13562235,0.13562235
538,Zak Johnson,37,0,0.0,0.0,0.13562235,0.13562235
538,Zak Johnson,38,0,0.0,0.0,0.13562235,0.13562235
539,Luke O'Nien,34,0,0.0,0.0,2.8342724,2.8342724
539,Luke O'Nien,35,0,0.0,0.0,1.1473345,1.1473345
539,Luke O'Nien,36,0,0.0,0.0,0.7436788,0.7436788
539,Luke O'Nien,37,67,4.0,4.0,0.47680584,3.523194
539,Luke O'Nien,38,90,6.0,6.0,2.8172548,3.1827452
540,Timothée Pembélé,34,0,0.0,0.0,0.13562235,0.13562235
540,Timothée Pembélé,35,0,0.0,0.0,0.13562235,0.13562235
540,Timothée Pembélé,36,0,0.0,0.0,0.13562235,0.13562235
540,Timothée Pembélé,37,0,0.0,0.0,0.13562235,0.13562235
540,Timothée Pembélé,38,0,0.0,0.0,0.13562235,0.13562235
541,Reinildo Mandava,34,45,1.0,1.0,2.4806123,1.4806123
541,Reinildo Mandava,35,71,2.0,2.0,2.274574,0.27457404
541,Reinildo Mandava,36,90,8.0,8.0,2.3940523,5.6059475
541,Reinildo Mandava,37,90,2.0,2.0,3.0088217,1.0088217
541,Reinildo Mandava,38,90,2.0,2.0,3.320686,1.3206861
542,Jenson Seelt,34,0,0.0,0.0,0.13562235,0.13562235
542,Jenson Seelt,35,0,0.0,0.0,0.13562235,0.13562235
542,Jenson Seelt,36,0,0.0,0.0,0.13562235,0.13562235
542,Jenson Seelt,37,0,0.0,0.0,0.13562235,0.13562235
542,Jenson Seelt,38,0,0.0,0.0,0.13562235,0.13562235
543,Simon Adingra,34,0,0.0,0.0,0.013705522,0.013705522
543,Simon Adingra,35,0,0.0,0.0,0.013705522,0.013705522
543,Simon Adingra,36,0,0.0,0.0,0.013705522,0.013705522
543,Simon Adingra,37,0,0.0,0.0,0.013705522,0.013705522
543,Simon Adingra,38,0,0.0,0.0,0.013705522,0.013705522
544,Habib Diarra,34,64,1.0,1.0,4.538675,3.5386748
544,Habib Diarra,35,18,1.0,1.0,3.1298332,2.1298332
544,Habib Diarra,36,0,0.0,0.0,2.0337148,2.0337148
544,Habib Diarra,37,13,4.0,4.0,1.3782216,2.6217785
544,Habib Diarra,38,29,0.0,0.0,1.830972,1.830972
545,Patrick Roberts,34,0,0.0,0.0,0.013705522,0.013705522
545,Patrick Roberts,35,0,0.0,0.0,0.013705522,0.013705522
545,Patrick Roberts,36,0,0.0,0.0,0.013705522,0.013705522
545,Patrick Roberts,37,0,0.0,0.0,0.013705522,0.013705522
545,Patrick Roberts,38,0,0.0,0.0,0.013705522,0.013705522
546,Milan Aleksić,34,0,0.0,0.0,0.013705522,0.013705522
546,Milan Aleksić,35,0,0.0,0.0,0.013705522,0.013705522
546,Milan Aleksić,36,0,0.0,0.0,0.013705522,0.013705522
546,Milan Aleksić,37,0,0.0,0.0,0.013705522,0.013705522
546,Milan Aleksić,38,0,0.0,0.0,0.013705522,0.013705522
547,Enzo Le Fée,34,90,2.0,2.0,3.4367406,1.4367406
547,Enzo Le Fée,35,90,4.0,4.0,4.526537,0.52653694
547,Enzo Le Fée,36,90,3.0,3.0,3.7723925,0.7723925
547,Enzo Le Fée,37,90,13.0,13.0,3.9551013,9.044899
547,Enzo Le Fée,38,90,5.0,5.0,3.987437,1.012563
548,Romaine Mundle,34,0,0.0,0.0,0.013705522,0.013705522
548,Romaine Mundle,35,0,0.0,0.0,0.013705522,0.013705522
548,Romaine Mundle,36,0,0.0,0.0,0.013705522,0.013705522
548,Romaine Mundle,37,0,0.0,0.0,0.013705522,0.013705522
548,Romaine Mundle,38,0,0.0,0.0,0.013705522,0.013705522
549,Dan Neil,34,0,0.0,0.0,0.013705522,0.013705522
549,Dan Neil,35,0,0.0,0.0,0.013705522,0.013705522
549,Dan Neil,36,0,0.0,0.0,0.013705522,0.013705522
549,Dan Neil,37,0,0.0,0.0,0.013705522,0.013705522
549,Dan Neil,38,0,0.0,0.0,0.013705522,0.013705522
550,Ian Poveda-Ocampo,34,0,0.0,0.0,0.013705522,0.013705522
550,Ian Poveda-Ocampo,35,0,0.0,0.0,0.013705522,0.013705522
550,Ian Poveda-Ocampo,36,0,0.0,0.0,0.013705522,0.013705522
550,Ian Poveda-Ocampo,37,0,0.0,0.0,0.013705522,0.013705522
550,Ian Poveda-Ocampo,38,0,0.0,0.0,0.013705522,0.013705522
551,Chris Rigg,34,45,1.0,1.0,3.666414,2.666414
551,Chris Rigg,35,0,0.0,0.0,2.5312998,2.5312998
551,Chris Rigg,36,0,0.0,0.0,1.3039263,1.3039263
551,Chris Rigg,37,13,4.0,4.0,1.2796798,2.7203202
551,Chris Rigg,38,1,1.0,1.0,1.4407374,0.44073737
552,Noah Sadiki,34,90,2.0,2.0,3.4563854,1.4563854
552,Noah Sadiki,35,71,2.0,2.0,4.2408395,2.2408395
552,Noah Sadiki,36,90,5.0,5.0,3.4227073,1.5772927
552,Noah Sadiki,37,76,2.0,2.0,4.0874786,2.0874786
552,Noah Sadiki,38,90,1.0,1.0,3.2217195,2.2217195
553,Chemsdine Talbi,34,0,0.0,0.0,1.8219439,1.8219439
553,Chemsdine Talbi,35,90,2.0,2.0,1.0416608,0.9583392
553,Chemsdine Talbi,36,78,3.0,3.0,2.5098152,0.49018478
553,Chemsdine Talbi,37,30,1.0,1.0,2.4128606,1.4128606
553,Chemsdine Talbi,38,0,0.0,0.0,1.56412,1.56412
554,Abdoullah Ba,34,0,0.0,0.0,0.013705522,0.013705522
554,Abdoullah Ba,35,0,0.0,0.0,0.013705522,0.013705522
554,Abdoullah Ba,36,0,0.0,0.0,0.013705522,0.013705522
554,Abdoullah Ba,37,0,0.0,0.0,0.013705522,0.013705522
554,Abdoullah Ba,38,0,0.0,0.0,0.013705522,0.013705522
555,Alan Browne,34,0,0.0,0.0,0.013705522,0.013705522
555,Alan Browne,35,0,0.0,0.0,0.013705522,0.013705522
555,Alan Browne,36,0,0.0,0.0,0.013705522,0.013705522
555,Alan Browne,37,0,0.0,0.0,0.013705522,0.013705522
555,Alan Browne,38,0,0.0,0.0,0.013705522,0.013705522
556,Pierre Ekwah Elimby,34,0,0.0,0.0,0.013705522,0.013705522
556,Pierre Ekwah Elimby,35,0,0.0,0.0,0.013705522,0.013705522
556,Pierre Ekwah Elimby,36,0,0.0,0.0,0.013705522,0.013705522
556,Pierre Ekwah Elimby,37,0,0.0,0.0,0.013705522,0.013705522
556,Pierre Ekwah Elimby,38,0,0.0,0.0,0.013705522,0.013705522
557,Harrison Jones,34,0,0.0,0.0,0.013705522,0.013705522
557,Harrison Jones,35,0,0.0,0.0,0.013705522,0.013705522
557,Harrison Jones,36,0,0.0,0.0,0.013705522,0.013705522
557,Harrison Jones,37,0,0.0,0.0,0.013705522,0.013705522
557,Harrison Jones,38,0,0.0,0.0,0.013705522,0.013705522
558,Jay Matete,34,0,0.0,0.0,0.013705522,0.013705522
558,Jay Matete,35,0,0.0,0.0,0.013705522,0.013705522
558,Jay Matete,36,0,0.0,0.0,0.013705522,0.013705522
558,Jay Matete,37,0,0.0,0.0,0.013705522,0.013705522
558,Jay Matete,38,0,0.0,0.0,0.013705522,0.013705522
559,Nectarios Triantis,34,0,0.0,0.0,0.013705522,0.013705522
559,Nectarios Triantis,35,0,0.0,0.0,0.013705522,0.013705522
559,Nectarios Triantis,36,0,0.0,0.0,0.013705522,0.013705522
559,Nectarios Triantis,37,0,0.0,0.0,0.013705522,0.013705522
559,Nectarios Triantis,38,0,0.0,0.0,0.013705522,0.013705522
560,Wilson Isidor,34,25,1.0,1.0,1.8785558,0.8785558
560,Wilson Isidor,35,18,1.0,1.0,1.719785,0.719785
560,Wilson Isidor,36,0,0.0,0.0,1.4010328,1.4010328
560,Wilson Isidor,37,13,5.0,5.0,0.9606552,4.039345
560,Wilson Isidor,38,29,1.0,1.0,2.3815453,1.3815453
561,Eliezer Mayenda Dossou,34,0,0.0,0.0,0.33980995,0.33980995
561,Eliezer Mayenda Dossou,35,0,0.0,0.0,0.14008075,0.14008075
561,Eliezer Mayenda Dossou,36,1,1.0,1.0,0.086821765,0.9131782
561,Eliezer Mayenda Dossou,37,0,0.0,0.0,0.25618672,0.25618672
561,Eliezer Mayenda Dossou,38,0,0.0,0.0,0.14423937,0.14423937
562,Ahmed Abdullahi,34,0,0.0,0.0,0.05515977,0.05515977
562,Ahmed Abdullahi,35,0,0.0,0.0,0.05515977,0.05515977
562,Ahmed Abdullahi,36,0,0.0,0.0,0.05515977,0.05515977
562,Ahmed Abdullahi,37,0,0.0,0.0,0.05515977,0.05515977
562,Ahmed Abdullahi,38,0,0.0,0.0,0.05515977,0.05515977
563,Luís Hemir Silva Semedo,34,0,0.0,0.0,0.05515977,0.05515977
563,Luís Hemir Silva Semedo,35,0,0.0,0.0,0.05515977,0.05515977
563,Luís Hemir Silva Semedo,36,0,0.0,0.0,0.05515977,0.05515977
563,Luís Hemir Silva Semedo,37,0,0.0,0.0,0.05515977,0.05515977
563,Luís Hemir Silva Semedo,38,0,0.0,0.0,0.05515977,0.05515977
564,Nazarii Rusyn,34,0,0.0,0.0,0.05515977,0.05515977
564,Nazarii Rusyn,35,0,0.0,0.0,0.05515977,0.05515977
564,Nazarii Rusyn,36,0,0.0,0.0,0.05515977,0.05515977
564,Nazarii Rusyn,37,0,0.0,0.0,0.05515977,0.05515977
564,Nazarii Rusyn,38,0,0.0,0.0,0.05515977,0.05515977
565,Guglielmo Vicario,34,0,0.0,0.0,0.34685075,0.34685075
565,Guglielmo Vicario,35,0,0.0,0.0,0.10898918,0.10898918
565,Guglielmo Vicario,36,0,0.0,0.0,0.04178314,0.04178314
565,Guglielmo Vicario,37,0,0.0,0.0,0.037361994,0.037361994
565,Guglielmo Vicario,38,0,0.0,0.0,0.037361994,0.037361994
566,Brandon Austin,34,0,0.0,0.0,0.037361994,0.037361994
566,Brandon Austin,35,0,0.0,0.0,0.037361994,0.037361994
566,Brandon Austin,36,0,0.0,0.0,0.037361994,0.037361994
566,Brandon Austin,37,0,0.0,0.0,0.037361994,0.037361994
566,Brandon Austin,38,0,0.0,0.0,0.037361994,0.037361994
567,Antonín Kinský,34,90,6.0,6.0,2.8824975,3.1175025
567,Antonín Kinský,35,90,2.0,2.0,2.8324063,0.8324063
567,Antonín Kinský,36,90,3.0,3.0,2.7391803,0.26081967
567,Antonín Kinský,37,90,1.0,1.0,2.695637,1.695637
567,Antonín Kinský,38,90,5.0,5.0,2.835039,2.164961
568,Pedro Porro Sauceda,34,90,8.0,8.0,3.823427,4.176573
568,Pedro Porro Sauceda,35,90,4.0,4.0,3.3155653,0.68443465
568,Pedro Porro Sauceda,36,90,1.0,1.0,4.3589625,3.3589625
568,Pedro Porro Sauceda,37,90,0.0,0.0,3.8434956,3.8434956
568,Pedro Porro Sauceda,38,90,10.0,10.0,3.7647717,6.2352285
569,Cristian Romero,34,0,0.0,0.0,1.3266644,1.3266644
569,Cristian Romero,35,0,0.0,0.0,0.7683735,0.7683735
569,Cristian Romero,36,0,0.0,0.0,0.57436955,0.57436955
569,Cristian Romero,37,0,0.0,0.0,0.50580966,0.50580966
569,Cristian Romero,38,0,0.0,0.0,0.13562235,0.13562235
570,Kevin Danso,34,90,5.0,5.0,3.315797,1.6842029
570,Kevin Danso,35,90,3.0,3.0,2.7856405,0.21435952
570,Kevin Danso,36,90,3.0,3.0,3.2501884,0.25018835
570,Kevin Danso,37,90,3.0,3.0,3.2973726,0.29737258
570,Kevin Danso,38,90,8.0,8.0,3.73361,4.26639
571,Ben Davies,34,0,0.0,0.0,0.13562235,0.13562235
571,Ben Davies,35,0,0.0,0.0,0.13562235,0.13562235
571,Ben Davies,36,0,0.0,0.0,0.13562235,0.13562235
571,Ben Davies,37,0,0.0,0.0,0.13562235,0.13562235
571,Ben Davies,38,0,0.0,0.0,0.13562235,0.13562235
572,Radu Drăgușin,34,1,1.0,1.0,0.29146743,0.7085326
572,Radu Drăgușin,35,0,0.0,0.0,0.7660403,0.7660403
572,Radu Drăgușin,36,0,0.0,0.0,0.3643034,0.3643034
572,Radu Drăgușin,37,0,0.0,0.0,0.28393546,0.28393546
572,Radu Drăgușin,38,1,1.0,1.0,0.23945361,0.7605464
573,Djed Spence,34,90,8.0,8.0,1.1776868,6.8223133
573,Djed Spence,35,23,1.0,1.0,2.4753022,1.4753022
573,Djed Spence,36,5,1.0,1.0,1.8003374,0.80033743
573,Djed Spence,37,21,1.0,1.0,0.9991238,0.0008761883
573,Djed Spence,38,90,6.0,6.0,0.99088013,5.00912
574,Destiny Udogie,34,0,0.0,0.0,2.5969634,2.5969634
574,Destiny Udogie,35,90,2.0,2.0,1.3412062,0.6587938
574,Destiny Udogie,36,84,2.0,2.0,2.7550495,0.75504947
574,Destiny Udogie,37,68,0.0,0.0,2.650306,2.650306
574,Destiny Udogie,38,89,7.0,7.0,2.4627926,4.5372076
575,Micky van de Ven,34,90,6.0,6.0,3.3311245,2.6688755
575,Micky van de Ven,35,90,2.0,2.0,2.8678741,0.86787415
575,Micky van de Ven,36,90,2.0,2.0,3.2594693,1.2594693
575,Micky van de Ven,37,90,0.0,0.0,2.8909395,2.8909395
575,Micky van de Ven,38,90,6.0,6.0,2.7991323,3.2008677
576,Ashley Phillips,34,0,0.0,0.0,0.13562235,0.13562235
576,Ashley Phillips,35,0,0.0,0.0,0.13562235,0.13562235
576,Ashley Phillips,36,0,0.0,0.0,0.13562235,0.13562235
576,Ashley Phillips,37,0,0.0,0.0,0.13562235,0.13562235
576,Ashley Phillips,38,0,0.0,0.0,0.13562235,0.13562235
577,Takai Kōta,34,0,0.0,0.0,0.13562235,0.13562235
577,Takai Kōta,35,0,0.0,0.0,0.13562235,0.13562235
577,Takai Kōta,36,0,0.0,0.0,0.13562235,0.13562235
577,Takai Kōta,37,0,0.0,0.0,0.13562235,0.13562235
577,Takai Kōta,38,0,0.0,0.0,0.13562235,0.13562235
578,Luka Vušković,34,0,0.0,0.0,0.13562235,0.13562235
578,Luka Vušković,35,0,0.0,0.0,0.13562235,0.13562235
578,Luka Vušković,36,0,0.0,0.0,0.13562235,0.13562235
578,Luka Vušković,37,0,0.0,0.0,0.13562235,0.13562235
578,Luka Vušković,38,0,0.0,0.0,0.13562235,0.13562235
579,Son Heung-min,34,0,0.0,0.0,0.013705522,0.013705522
579,Son Heung-min,35,0,0.0,0.0,0.013705522,0.013705522
579,Son Heung-min,36,0,0.0,0.0,0.013705522,0.013705522
579,Son Heung-min,37,0,0.0,0.0,0.013705522,0.013705522
579,Son Heung-min,38,0,0.0,0.0,0.013705522,0.013705522
580,Brennan Johnson,37,45,1.0,1.0,3.88786,2.88786
580,Brennan Johnson,38,0,0.0,0.0,2.462569,2.462569
581,James Maddison,34,0,0.0,0.0,0.013705522,0.013705522
581,James Maddison,35,0,0.0,0.0,0.013705522,0.013705522
581,James Maddison,36,5,1.0,1.0,0.013705522,0.9862945
581,James Maddison,37,21,1.0,1.0,0.54285353,0.45714647
581,James Maddison,38,8,1.0,1.0,1.451909,0.45190895
582,Mohammed Kudus,34,0,0.0,0.0,0.013705522,0.013705522
582,Mohammed Kudus,35,0,0.0,0.0,0.013705522,0.013705522
582,Mohammed Kudus,36,0,0.0,0.0,0.013705522,0.013705522
582,Mohammed Kudus,37,0,0.0,0.0,0.013705522,0.013705522
582,Mohammed Kudus,38,0,0.0,0.0,0.013705522,0.013705522
583,Dejan Kulusevski,34,0,0.0,0.0,0.013705522,0.013705522
583,Dejan Kulusevski,35,0,0.0,0.0,0.013705522,0.013705522
583,Dejan Kulusevski,36,0,0.0,0.0,0.013705522,0.013705522
583,Dejan Kulusevski,37,0,0.0,0.0,0.013705522,0.013705522
583,Dejan Kulusevski,38,0,0.0,0.0,0.013705522,0.013705522
584,Mathys Tel,34,45,1.0,1.0,2.055018,1.055018
584,Mathys Tel,35,90,5.0,5.0,2.0839424,2.9160576
584,Mathys Tel,36,84,9.0,9.0,2.925575,6.0744247
584,Mathys Tel,37,90,2.0,2.0,4.4221334,2.4221334
584,Mathys Tel,38,72,3.0,3.0,3.7779377,0.77793765
585,Rodrigo Bentancur,34,90,4.0,4.0,2.4382255,1.5617745
585,Rodrigo Bentancur,35,66,2.0,2.0,2.8684418,0.8684418
585,Rodrigo Bentancur,36,80,5.0,5.0,3.3354263,1.6645737
585,Rodrigo Bentancur,37,90,2.0,2.0,4.0264244,2.0264244
585,Rodrigo Bentancur,38,81,5.0,5.0,3.7984881,1.2015119
586,Lucas Bergvall,34,27,1.0,1.0,1.708934,0.70893395
586,Lucas Bergvall,35,1,1.0,1.0,1.3792373,0.3792373
586,Lucas Bergvall,36,9,1.0,1.0,0.9821559,0.01784408
586,Lucas Bergvall,37,0,0.0,0.0,0.7909167,0.7909167
586,Lucas Bergvall,38,0,0.0,0.0,0.37316266,0.37316266
587,Yves Bissouma,34,61,3.0,3.0,1.4571551,1.5428449
587,Yves Bissouma,35,23,1.0,1.0,1.6853422,0.6853422
587,Yves Bissouma,36,0,0.0,0.0,1.3118787,1.3118787
587,Yves Bissouma,37,0,0.0,0.0,0.7066575,0.7066575
587,Yves Bissouma,38,0,0.0,0.0,0.55457485,0.55457485
588,Wilson Odobert,34,0,0.0,0.0,0.013705522,0.013705522
588,Wilson Odobert,35,0,0.0,0.0,0.013705522,0.013705522
588,Wilson Odobert,36,0,0.0,0.0,0.013705522,0.013705522
588,Wilson Odobert,37,0,0.0,0.0,0.013705522,0.013705522
588,Wilson Odobert,38,0,0.0,0.0,0.013705522,0.013705522
589,Manor Solomon,34,0,0.0,0.0,0.013705522,0.013705522
589,Manor Solomon,35,0,0.0,0.0,0.013705522,0.013705522
589,Manor Solomon,36,0,0.0,0.0,0.013705522,0.013705522
589,Manor Solomon,37,0,0.0,0.0,0.013705522,0.013705522
589,Manor Solomon,38,0,0.0,0.0,0.013705522,0.013705522
590,Bryan Gil Salvatierra,34,0,0.0,0.0,0.013705522,0.013705522
590,Bryan Gil Salvatierra,35,0,0.0,0.0,0.013705522,0.013705522
590,Bryan Gil Salvatierra,36,0,0.0,0.0,0.013705522,0.013705522
590,Bryan Gil Salvatierra,37,0,0.0,0.0,0.013705522,0.013705522
590,Bryan Gil Salvatierra,38,0,0.0,0.0,0.013705522,0.013705522
591,Archie Gray,34,0,0.0,0.0,2.18721,2.18721
591,Archie Gray,35,0,0.0,0.0,1.0003058,1.0003058
591,Archie Gray,36,0,0.0,0.0,0.77703726,0.77703726
591,Archie Gray,37,0,0.0,0.0,0.41342187,0.41342187
591,Archie Gray,38,8,1.0,1.0,0.18192697,0.81807303
592,Mikey Moore,34,0,0.0,0.0,0.013705522,0.013705522
592,Mikey Moore,35,0,0.0,0.0,0.013705522,0.013705522
592,Mikey Moore,36,0,0.0,0.0,0.013705522,0.013705522
592,Mikey Moore,37,0,0.0,0.0,0.013705522,0.013705522
592,Mikey Moore,38,0,0.0,0.0,0.013705522,0.013705522
593,Pape Matar Sarr,34,0,0.0,0.0,1.4576316,1.4576316
593,Pape Matar Sarr,35,1,1.0,1.0,0.82171,0.17829001
593,Pape Matar Sarr,36,0,0.0,0.0,0.65111077,0.65111077
593,Pape Matar Sarr,37,21,4.0,4.0,0.19053614,3.809464
593,Pape Matar Sarr,38,17,0.0,0.0,1.4791039,1.4791039
594,Yang Min-hyeok,34,0,0.0,0.0,0.013705522,0.013705522
594,Yang Min-hyeok,35,0,0.0,0.0,0.013705522,0.013705522
594,Yang Min-hyeok,36,0,0.0,0.0,0.013705522,0.013705522
594,Yang Min-hyeok,37,0,0.0,0.0,0.013705522,0.013705522
594,Yang Min-hyeok,38,0,0.0,0.0,0.013705522,0.013705522
595,Callum Olusesi,34,0,0.0,0.0,0.13636322,0.13636322
595,Callum Olusesi,35,0,0.0,0.0,0.10080154,0.10080154
595,Callum Olusesi,36,0,0.0,0.0,0.013705522,0.013705522
595,Callum Olusesi,37,0,0.0,0.0,0.013705522,0.013705522
595,Callum Olusesi,38,0,0.0,0.0,0.013705522,0.013705522
596,Dominic Solanke-Mitchell,34,39,1.0,1.0,4.0761414,3.0761414
596,Dominic Solanke-Mitchell,35,0,0.0,0.0,2.9752607,2.9752607
596,Dominic Solanke-Mitchell,36,0,0.0,0.0,1.5331815,1.5331815
596,Dominic Solanke-Mitchell,37,0,0.0,0.0,1.186599,1.186599
596,Dominic Solanke-Mitchell,38,0,0.0,0.0,0.8738233,0.8738233
597,Richarlison de Andrade,34,50,4.0,4.0,1.6460856,2.3539143
597,Richarlison de Andrade,35,90,9.0,9.0,2.564523,6.4354773
597,Richarlison de Andrade,36,90,2.0,2.0,3.8422072,1.8422072
597,Richarlison de Andrade,37,90,7.0,7.0,4.0192075,2.9807925
597,Richarlison de Andrade,38,72,2.0,2.0,4.2431126,2.2431126
598,Will Lankshear,34,0,0.0,0.0,0.05515977,0.05515977
598,Will Lankshear,35,0,0.0,0.0,0.05515977,0.05515977
598,Will Lankshear,36,0,0.0,0.0,0.05515977,0.05515977
598,Will Lankshear,37,0,0.0,0.0,0.05515977,0.05515977
598,Will Lankshear,38,0,0.0,0.0,0.05515977,0.05515977
599,Dane Scarlett,34,0,0.0,0.0,0.05515977,0.05515977
599,Dane Scarlett,35,0,0.0,0.0,0.05515977,0.05515977
599,Dane Scarlett,36,0,0.0,0.0,0.05515977,0.05515977
599,Dane Scarlett,37,0,0.0,0.0,0.05515977,0.05515977
599,Dane Scarlett,38,0,0.0,0.0,0.05515977,0.05515977
600,Alphonse Areola,34,0,0.0,0.0,0.037361994,0.037361994
600,Alphonse Areola,35,0,0.0,0.0,0.037361994,0.037361994
600,Alphonse Areola,36,0,0.0,0.0,0.037361994,0.037361994
600,Alphonse Areola,37,0,0.0,0.0,0.037361994,0.037361994
600,Alphonse Areola,38,0,0.0,0.0,0.037361994,0.037361994
601,Wes Foderingham,34,0,0.0,0.0,0.037361994,0.037361994
601,Wes Foderingham,35,0,0.0,0.0,0.037361994,0.037361994
601,Wes Foderingham,36,0,0.0,0.0,0.037361994,0.037361994
601,Wes Foderingham,37,0,0.0,0.0,0.037361994,0.037361994
601,Wes Foderingham,38,0,0.0,0.0,0.037361994,0.037361994
602,Krisztián Hegyi,34,0,0.0,0.0,0.037361994,0.037361994
602,Krisztián Hegyi,35,0,0.0,0.0,0.037361994,0.037361994
602,Krisztián Hegyi,36,0,0.0,0.0,0.037361994,0.037361994
602,Krisztián Hegyi,37,0,0.0,0.0,0.037361994,0.037361994
602,Krisztián Hegyi,38,0,0.0,0.0,0.037361994,0.037361994
603,El Hadji Malick Diouf,34,90,2.0,2.0,2.944584,0.9445839
603,El Hadji Malick Diouf,35,73,1.0,1.0,3.4169853,2.4169853
603,El Hadji Malick Diouf,36,90,2.0,2.0,3.3501246,1.3501246
603,El Hadji Malick Diouf,37,90,0.0,0.0,3.5577562,3.5577562
603,El Hadji Malick Diouf,38,90,6.0,6.0,3.1676557,2.8323443
604,Emerson Palmieri dos Santos,34,0,0.0,0.0,0.13562235,0.13562235
604,Emerson Palmieri dos Santos,35,0,0.0,0.0,0.13562235,0.13562235
604,Emerson Palmieri dos Santos,36,0,0.0,0.0,0.13562235,0.13562235
604,Emerson Palmieri dos Santos,37,0,0.0,0.0,0.13562235,0.13562235
604,Emerson Palmieri dos Santos,38,0,0.0,0.0,0.13562235,0.13562235
605,Maximilian Kilman,34,0,0.0,0.0,0.13562235,0.13562235
605,Maximilian Kilman,35,0,0.0,0.0,0.13562235,0.13562235
605,Maximilian Kilman,36,0,0.0,0.0,0.13562235,0.13562235
605,Maximilian Kilman,37,0,0.0,0.0,0.13562235,0.13562235
605,Maximilian Kilman,38,0,0.0,0.0,0.13562235,0.13562235
606,Konstantinos Mavropanos,34,90,4.0,4.0,4.146229,0.14622879
606,Konstantinos Mavropanos,35,90,-1.0,-1.0,4.550668,5.550668
606,Konstantinos Mavropanos,36,90,4.0,4.0,3.6270614,0.37293863
606,Konstantinos Mavropanos,37,90,3.0,3.0,4.0126333,1.0126333
606,Konstantinos Mavropanos,38,90,8.0,8.0,3.5576131,4.4423866
607,Nayef Aguerd,34,0,0.0,0.0,0.13562235,0.13562235
607,Nayef Aguerd,35,0,0.0,0.0,0.13562235,0.13562235
607,Nayef Aguerd,36,0,0.0,0.0,0.13562235,0.13562235
607,Nayef Aguerd,37,0,0.0,0.0,0.13562235,0.13562235
607,Nayef Aguerd,38,0,0.0,0.0,0.13562235,0.13562235
608,Ollie Scarles,34,0,0.0,0.0,0.13562235,0.13562235
608,Ollie Scarles,35,2,0.0,0.0,0.13562235,0.13562235
608,Ollie Scarles,36,0,0.0,0.0,0.8264897,0.8264897
608,Ollie Scarles,37,0,0.0,0.0,0.45738164,0.45738164
608,Ollie Scarles,38,0,0.0,0.0,0.27725345,0.27725345
609,Jean-Clair Todibo,34,1,1.0,1.0,0.48084742,0.5191526
609,Jean-Clair Todibo,35,0,0.0,0.0,0.5913166,0.5913166
609,Jean-Clair Todibo,36,90,1.0,1.0,0.27226192,0.7277381
609,Jean-Clair Todibo,37,25,0.0,0.0,1.9606408,1.9606408
609,Jean-Clair Todibo,38,0,0.0,0.0,1.1561139,1.1561139
610,Aaron Wan-Bissaka,34,0,0.0,0.0,0.9563824,0.9563824
610,Aaron Wan-Bissaka,35,25,1.0,1.0,0.5489527,0.4510473
610,Aaron Wan-Bissaka,36,90,2.0,2.0,1.480381,0.519619
610,Aaron Wan-Bissaka,37,62,1.0,1.0,2.8519824,1.8519824
610,Aaron Wan-Bissaka,38,0,0.0,0.0,2.2045467,2.2045467
611,Kaelan Casey,34,0,0.0,0.0,0.13562235,0.13562235
611,Kaelan Casey,35,0,0.0,0.0,0.13562235,0.13562235
611,Kaelan Casey,36,0,0.0,0.0,0.13562235,0.13562235
611,Kaelan Casey,37,0,0.0,0.0,0.13562235,0.13562235
611,Kaelan Casey,38,0,0.0,0.0,0.13562235,0.13562235
612,Lucas Tolentino Coelho de Lima,34,0,0.0,0.0,0.013705522,0.013705522
612,Lucas Tolentino Coelho de Lima,35,0,0.0,0.0,0.013705522,0.013705522
612,Lucas Tolentino Coelho de Lima,36,0,0.0,0.0,0.013705522,0.013705522
612,Lucas Tolentino Coelho de Lima,37,0,0.0,0.0,0.013705522,0.013705522
612,Lucas Tolentino Coelho de Lima,38,0,0.0,0.0,0.013705522,0.013705522
613,Tomáš Souček,34,90,10.0,10.0,3.3785179,6.621482
613,Tomáš Souček,35,90,2.0,2.0,3.5720022,1.5720022
613,Tomáš Souček,36,90,2.0,2.0,3.173495,1.173495
613,Tomáš Souček,37,62,1.0,1.0,2.6061676,1.6061676
613,Tomáš Souček,38,90,3.0,3.0,2.826475,0.1735251
615,Crysencio Summerville,34,90,2.0,2.0,3.0610607,1.0610607
615,Crysencio Summerville,35,87,1.0,1.0,3.2759612,2.2759612
615,Crysencio Summerville,36,90,1.0,1.0,3.2559493,2.2559493
615,Crysencio Summerville,37,90,2.0,2.0,3.3785722,1.3785722
615,Crysencio Summerville,38,90,6.0,6.0,3.5880003,2.4119997
616,Edson Álvarez Velázquez,34,0,0.0,0.0,0.013705522,0.013705522
616,Edson Álvarez Velázquez,35,0,0.0,0.0,0.013705522,0.013705522
616,Edson Álvarez Velázquez,36,0,0.0,0.0,0.013705522,0.013705522
616,Edson Álvarez Velázquez,37,0,0.0,0.0,0.013705522,0.013705522
616,Edson Álvarez Velázquez,38,0,0.0,0.0,0.013705522,0.013705522
617,Maxwel Cornet,34,0,0.0,0.0,0.013705522,0.013705522
617,Maxwel Cornet,35,0,0.0,0.0,0.013705522,0.013705522
617,Maxwel Cornet,36,0,0.0,0.0,0.013705522,0.013705522
617,Maxwel Cornet,37,0,0.0,0.0,0.013705522,0.013705522
617,Maxwel Cornet,38,0,0.0,0.0,0.013705522,0.013705522
618,Guido Rodríguez,34,0,0.0,0.0,0.013705522,0.013705522
618,Guido Rodríguez,35,0,0.0,0.0,0.013705522,0.013705522
618,Guido Rodríguez,36,0,0.0,0.0,0.013705522,0.013705522
618,Guido Rodríguez,37,0,0.0,0.0,0.013705522,0.013705522
618,Guido Rodríguez,38,0,0.0,0.0,0.013705522,0.013705522
619,Luis Guilherme Lira dos Santos,34,0,0.0,0.0,0.013705522,0.013705522
619,Luis Guilherme Lira dos Santos,35,0,0.0,0.0,0.013705522,0.013705522
619,Luis Guilherme Lira dos Santos,36,0,0.0,0.0,0.013705522,0.013705522
619,Luis Guilherme Lira dos Santos,37,0,0.0,0.0,0.013705522,0.013705522
619,Luis Guilherme Lira dos Santos,38,0,0.0,0.0,0.013705522,0.013705522
620,George Earthy,34,0,0.0,0.0,0.013705522,0.013705522
620,George Earthy,35,0,0.0,0.0,0.013705522,0.013705522
620,George Earthy,36,0,0.0,0.0,0.013705522,0.013705522
620,George Earthy,37,0,0.0,0.0,0.013705522,0.013705522
620,George Earthy,38,0,0.0,0.0,0.013705522,0.013705522
621,Andy Irving,34,0,0.0,0.0,0.013705522,0.013705522
621,Andy Irving,35,0,0.0,0.0,0.013705522,0.013705522
621,Andy Irving,36,0,0.0,0.0,0.013705522,0.013705522
621,Andy Irving,37,0,0.0,0.0,0.013705522,0.013705522
621,Andy Irving,38,0,0.0,0.0,0.013705522,0.013705522
622,Lewis Orford,34,0,0.0,0.0,0.013705522,0.013705522
622,Lewis Orford,35,0,0.0,0.0,0.013705522,0.013705522
622,Lewis Orford,36,0,0.0,0.0,0.013705522,0.013705522
622,Lewis Orford,37,0,0.0,0.0,0.013705522,0.013705522
622,Lewis Orford,38,0,0.0,0.0,0.013705522,0.013705522
623,Freddie Potts,34,11,1.0,1.0,0.32699183,0.6730082
623,Freddie Potts,35,0,0.0,0.0,1.0846752,1.0846752
623,Freddie Potts,36,0,0.0,0.0,0.5633706,0.5633706
623,Freddie Potts,37,0,0.0,0.0,0.33297807,0.33297807
623,Freddie Potts,38,0,0.0,0.0,0.21772358,0.21772358
624,Jarrod Bowen,34,90,10.0,10.0,4.931971,5.068029
624,Jarrod Bowen,35,87,2.0,2.0,3.8468187,1.8468187
624,Jarrod Bowen,36,90,2.0,2.0,4.579938,2.579938
624,Jarrod Bowen,37,90,2.0,2.0,3.6512122,1.6512122
624,Jarrod Bowen,38,90,12.0,12.0,3.391837,8.608163
625,Niclas Füllkrug,34,0,0.0,0.0,0.05515977,0.05515977
625,Niclas Füllkrug,35,0,0.0,0.0,0.05515977,0.05515977
625,Niclas Füllkrug,36,0,0.0,0.0,0.05515977,0.05515977
625,Niclas Füllkrug,37,0,0.0,0.0,0.05515977,0.05515977
625,Niclas Füllkrug,38,0,0.0,0.0,0.05515977,0.05515977
626,Callum Marshall,34,0,0.0,0.0,0.05515977,0.05515977
626,Callum Marshall,35,0,0.0,0.0,0.05515977,0.05515977
626,Callum Marshall,36,0,0.0,0.0,0.05515977,0.05515977
626,Callum Marshall,37,0,0.0,0.0,0.05515977,0.05515977
626,Callum Marshall,38,0,0.0,0.0,0.05515977,0.05515977
627,Sam Johnstone,37,0,0.0,0.0,0.037361994,0.037361994
627,Sam Johnstone,38,0,0.0,0.0,0.037361994,0.037361994
628,José Malheiro de Sá,37,90,3.0,3.0,0.23180681,2.7681932
628,José Malheiro de Sá,38,90,6.0,6.0,2.2464383,3.7535617
629,Daniel Bentley,37,0,0.0,0.0,2.7962818,2.7962818
629,Daniel Bentley,38,0,0.0,0.0,0.8823947,0.8823947
630,Tom King,34,0,0.0,0.0,0.037361994,0.037361994
630,Tom King,35,0,0.0,0.0,0.037361994,0.037361994
630,Tom King,36,0,0.0,0.0,0.037361994,0.037361994
630,Tom King,37,0,0.0,0.0,0.037361994,0.037361994
630,Tom King,38,0,0.0,0.0,0.037361994,0.037361994
631,Emmanuel Agbadou,37,0,0.0,0.0,0.13562235,0.13562235
631,Emmanuel Agbadou,38,0,0.0,0.0,0.13562235,0.13562235
632,Matt Doherty,37,0,0.0,0.0,0.55164087,0.55164087
632,Matt Doherty,38,0,0.0,0.0,0.39311403,0.39311403
633,Hugo Bueno López,37,5,1.0,1.0,2.648134,1.648134
633,Hugo Bueno López,38,16,1.0,1.0,1.71448,0.71448004
634,Yerson Mosquera Valdelamar,37,90,2.0,2.0,3.5138698,1.5138698
634,Yerson Mosquera Valdelamar,38,90,3.0,3.0,2.9374392,0.0625608
635,Rodrigo Martins Gomes,37,84,2.0,2.0,1.4926887,0.50731134
635,Rodrigo Martins Gomes,38,81,2.0,2.0,2.6820643,0.6820643
636,Santiago Ignacio Bueno,37,90,2.0,2.0,2.9415376,0.9415376
636,Santiago Ignacio Bueno,38,90,2.0,2.0,3.0931714,1.0931714
637,Toti Gomes,37,0,0.0,0.0,3.6174726,3.6174726
637,Toti Gomes,38,24,1.0,1.0,1.5458599,0.54585993
638,Ki-Jana Hoever,37,0,0.0,0.0,0.13562235,0.13562235
638,Ki-Jana Hoever,38,0,0.0,0.0,0.13562235,0.13562235
639,Bastien Meupiyou Menadjou,37,0,0.0,0.0,0.13562235,0.13562235
639,Bastien Meupiyou Menadjou,38,0,0.0,0.0,0.13562235,0.13562235
640,Pedro Cardoso de Lima,37,5,1.0,1.0,2.0203795,1.0203795
640,Pedro Cardoso de Lima,38,8,1.0,1.0,1.3417269,0.3417269
641,Alfie Pond,37,0,0.0,0.0,0.13562235,0.13562235
641,Alfie Pond,38,0,0.0,0.0,0.13562235,0.13562235
642,Hwang Hee-chan,37,78,5.0,5.0,1.8710974,3.1289024
642,Hwang Hee-chan,38,90,1.0,1.0,2.9287198,1.9287198
643,André Trindade da Costa Neto,37,90,3.0,3.0,2.8908684,0.109131575
643,André Trindade da Costa Neto,38,90,4.0,4.0,2.8020546,1.1979454
644,Jean-Ricner Bellegarde,37,11,1.0,1.0,1.7873597,0.7873597
644,Jean-Ricner Bellegarde,38,0,0.0,0.0,1.117147,1.117147
645,Fer López González,37,0,0.0,0.0,0.013705522,0.013705522
645,Fer López González,38,0,0.0,0.0,0.013705522,0.013705522
646,João Victor Gomes da Silva,37,90,2.0,2.0,3.2151582,1.2151582
646,João Victor Gomes da Silva,38,0,0.0,0.0,3.2884004,3.2884004
647,Gonçalo Manuel Ganchinho Guedes,37,0,0.0,0.0,0.013705522,0.013705522
647,Gonçalo Manuel Ganchinho Guedes,38,0,0.0,0.0,0.013705522,0.013705522
648,Marshall Munetsi,37,0,0.0,0.0,0.013705522,0.013705522
648,Marshall Munetsi,38,0,0.0,0.0,0.013705522,0.013705522
649,Boubacar Traoré,37,0,0.0,0.0,0.013705522,0.013705522
649,Boubacar Traoré,38,0,0.0,0.0,0.013705522,0.013705522
650,Tawanda Chirewa,37,0,0.0,0.0,0.013705522,0.013705522
650,Tawanda Chirewa,38,0,0.0,0.0,0.013705522,0.013705522
651,Tom Edozie,37,0,0.0,0.0,0.13468236,0.13468236
651,Tom Edozie,38,0,0.0,0.0,0.059977703,0.059977703
652,Enso González Medina,37,0,0.0,0.0,0.013705522,0.013705522
652,Enso González Medina,38,0,0.0,0.0,0.013705522,0.013705522
653,Joe Hodge,37,0,0.0,0.0,0.013705522,0.013705522
653,Joe Hodge,38,0,0.0,0.0,0.013705522,0.013705522
654,Jørgen Strand Larsen,37,60,2.0,2.0,3.155409,1.1554091
654,Jørgen Strand Larsen,38,76,2.0,2.0,3.253373,1.2533729
655,Fábio Soares Silva,37,0,0.0,0.0,0.05515977,0.05515977
655,Fábio Soares Silva,38,0,0.0,0.0,0.05515977,0.05515977
656,Saša Kalajdžić,37,0,0.0,0.0,0.05515977,0.05515977
656,Saša Kalajdžić,38,0,0.0,0.0,0.05515977,0.05515977
657,Leon Chiwome,37,0,0.0,0.0,0.05515977,0.05515977
657,Leon Chiwome,38,0,0.0,0.0,0.05515977,0.05515977
658,Nathan Fraser,37,0,0.0,0.0,0.05515977,0.05515977
658,Nathan Fraser,38,0,0.0,0.0,0.05515977,0.05515977
659,Kyle Walker-Peters,34,90,2.0,2.0,3.001706,1.0017059
659,Kyle Walker-Peters,35,64,1.0,1.0,3.46331,2.46331
659,Kyle Walker-Peters,36,0,0.0,0.0,2.3886383,2.3886383
659,Kyle Walker-Peters,37,0,0.0,0.0,1.2555684,1.2555684
659,Kyle Walker-Peters,38,90,6.0,6.0,0.7829094,5.2170906
661,Hugo Ekitiké,34,0,0.0,0.0,0.77427554,0.77427554
661,Hugo Ekitiké,35,0,0.0,0.0,0.33525428,0.33525428
661,Hugo Ekitiké,36,0,0.0,0.0,0.062597565,0.062597565
661,Hugo Ekitiké,37,0,0.0,0.0,0.05515977,0.05515977
661,Hugo Ekitiké,38,0,0.0,0.0,0.05515977,0.05515977
662,Cristhian Mosquera,37,90,6.0,6.0,1.503986,4.496014
662,Cristhian Mosquera,38,90,4.0,4.0,2.6352975,1.3647025
663,Jhon Arias,37,0,0.0,0.0,0.013705522,0.013705522
663,Jhon Arias,38,0,0.0,0.0,0.013705522,0.013705522
664,Benjamin Lecomte,34,0,0.0,0.0,0.037361994,0.037361994
664,Benjamin Lecomte,35,0,0.0,0.0,0.037361994,0.037361994
664,Benjamin Lecomte,36,0,0.0,0.0,0.037361994,0.037361994
664,Benjamin Lecomte,37,0,0.0,0.0,0.037361994,0.037361994
664,Benjamin Lecomte,38,0,0.0,0.0,0.037361994,0.037361994
666,Viktor Gyökeres,37,17,1.0,1.0,4.1177545,3.1177545
666,Viktor Gyökeres,38,7,1.0,1.0,2.4698508,1.4698508
667,Adam Aznou,34,0,0.0,0.0,0.13562235,0.13562235
667,Adam Aznou,35,0,0.0,0.0,0.13562235,0.13562235
667,Adam Aznou,36,0,0.0,0.0,0.13562235,0.13562235
667,Adam Aznou,37,0,0.0,0.0,0.13562235,0.13562235
667,Adam Aznou,38,0,0.0,0.0,0.13562235,0.13562235
668,Granit Xhaka,34,90,1.0,1.0,3.691349,2.691349
668,Granit Xhaka,35,90,9.0,9.0,3.58385,5.41615
668,Granit Xhaka,36,90,5.0,5.0,3.4584675,1.5415325
668,Granit Xhaka,37,90,2.0,2.0,4.0199285,2.0199285
668,Granit Xhaka,38,90,1.0,1.0,3.7346516,2.7346516
669,Dan Ndoye,34,0,0.0,0.0,0.3642494,0.3642494
669,Dan Ndoye,35,0,0.0,0.0,0.25094113,0.25094113
669,Dan Ndoye,36,0,0.0,0.0,0.11500919,0.11500919
669,Dan Ndoye,37,0,0.0,0.0,0.041348487,0.041348487
669,Dan Ndoye,38,0,0.0,0.0,0.013705522,0.013705522
670,Robin Roefs,34,90,0.0,0.0,2.9096851,2.9096851
670,Robin Roefs,35,90,3.0,3.0,2.7461514,0.25384855
670,Robin Roefs,36,90,6.0,6.0,2.3688986,3.6311014
670,Robin Roefs,37,90,3.0,3.0,3.207098,0.207098
670,Robin Roefs,38,90,2.0,2.0,3.4867961,1.4867961
671,Callum Wilson,34,9,4.0,4.0,1.3281189,2.6718812
671,Callum Wilson,35,25,1.0,1.0,2.324517,1.324517
671,Callum Wilson,36,5,1.0,1.0,2.0431845,1.0431845
671,Callum Wilson,37,90,2.0,2.0,1.6750091,0.32499087
671,Callum Wilson,38,45,5.0,5.0,2.694005,2.305995
673,João Maria Lobo Alves Palhares Costa Palhinha Gonçalves,34,28,9.0,9.0,1.597627,7.402373
673,João Maria Lobo Alves Palhares Costa Palhinha Gonçalves,35,90,2.0,2.0,3.2412088,1.2412088
673,João Maria Lobo Alves Palhares Costa Palhinha Gonçalves,36,90,3.0,3.0,3.419389,0.419389
673,João Maria Lobo Alves Palhares Costa Palhinha Gonçalves,37,68,4.0,4.0,3.3141105,0.6858895
673,João Maria Lobo Alves Palhares Costa Palhinha Gonçalves,38,90,12.0,12.0,3.7872245,8.212775
674,Aaron Ramsdale,34,0,0.0,0.0,3.035084,3.035084
674,Aaron Ramsdale,35,0,0.0,0.0,1.7052058,1.7052058
674,Aaron Ramsdale,36,0,0.0,0.0,0.4687451,0.4687451
674,Aaron Ramsdale,37,0,0.0,0.0,0.2176151,0.2176151
674,Aaron Ramsdale,38,0,0.0,0.0,0.061326273,0.061326273
675,Angus Gunn,34,0,0.0,0.0,0.037361994,0.037361994
675,Angus Gunn,35,0,0.0,0.0,0.037361994,0.037361994
675,Angus Gunn,36,0,0.0,0.0,0.037361994,0.037361994
675,Angus Gunn,37,0,0.0,0.0,0.037361994,0.037361994
675,Angus Gunn,38,0,0.0,0.0,0.037361994,0.037361994
677,Evann Guessand,37,1,1.0,1.0,0.013705522,0.9862945
677,Evann Guessand,38,28,1.0,1.0,0.43281168,0.5671883
678,Arthur Masuaku,34,0,0.0,0.0,0.13562235,0.13562235
678,Arthur Masuaku,35,0,0.0,0.0,0.13562235,0.13562235
678,Arthur Masuaku,36,0,0.0,0.0,0.13562235,0.13562235
678,Arthur Masuaku,37,0,0.0,0.0,0.13562235,0.13562235
678,Arthur Masuaku,38,0,0.0,0.0,0.13562235,0.13562235
679,Mads Hermansen,34,90,2.0,2.0,3.3413086,1.3413086
679,Mads Hermansen,35,90,2.0,2.0,3.5899014,1.5899014
679,Mads Hermansen,36,90,2.0,2.0,3.1372087,1.1372087
679,Mads Hermansen,37,90,5.0,5.0,3.1841564,1.8158436
679,Mads Hermansen,38,90,7.0,7.0,3.0160148,3.9839852
681,Benjamin Sesko,34,87,8.0,8.0,3.107884,4.892116
681,Benjamin Sesko,35,45,5.0,5.0,3.6565611,1.3434389
681,Benjamin Sesko,36,0,0.0,0.0,3.5759325,3.5759325
681,Benjamin Sesko,37,0,0.0,0.0,2.2546275,2.2546275
681,Benjamin Sesko,38,0,0.0,0.0,1.2515277,1.2515277
682,David Møller Wolfe,37,84,2.0,2.0,1.3067344,0.69326556
682,David Møller Wolfe,38,73,2.0,2.0,1.8383595,0.16164052
683,Omar Alderete,34,90,0.0,0.0,3.5285585,3.5285585
683,Omar Alderete,35,90,4.0,4.0,3.3170316,0.6829684
683,Omar Alderete,36,90,8.0,8.0,3.8156536,4.184346
683,Omar Alderete,37,22,1.0,1.0,3.673895,2.673895
683,Omar Alderete,38,0,0.0,0.0,1.8872689,1.8872689
684,Malick Thiaw,34,90,2.0,2.0,3.090793,1.0907929
684,Malick Thiaw,35,90,2.0,2.0,3.3610933,1.3610933
684,Malick Thiaw,36,90,2.0,2.0,3.5499363,1.5499363
684,Malick Thiaw,37,90,2.0,2.0,3.7728388,1.7728388
684,Malick Thiaw,38,90,1.0,1.0,3.4162197,2.4162197
686,Rio Ngumoha,34,0,0.0,0.0,2.0155241,2.0155241
686,Rio Ngumoha,35,15,1.0,1.0,1.303196,0.30319595
686,Rio Ngumoha,36,66,6.0,6.0,1.5273331,4.4726667
686,Rio Ngumoha,37,90,2.0,2.0,2.3846025,0.38460255
686,Rio Ngumoha,38,72,2.0,2.0,3.2539794,1.2539794
688,James Wright,34,0,0.0,0.0,0.037361994,0.037361994
688,James Wright,35,0,0.0,0.0,0.037361994,0.037361994
688,James Wright,36,0,0.0,0.0,0.037361994,0.037361994
688,James Wright,37,0,0.0,0.0,0.037361994,0.037361994
688,James Wright,38,0,0.0,0.0,0.037361994,0.037361994
689,Seung-Soo Park,34,0,0.0,0.0,0.013705522,0.013705522
689,Seung-Soo Park,35,0,0.0,0.0,0.013705522,0.013705522
689,Seung-Soo Park,36,0,0.0,0.0,0.013705522,0.013705522
689,Seung-Soo Park,37,0,0.0,0.0,0.013705522,0.013705522
689,Seung-Soo Park,38,0,0.0,0.0,0.013705522,0.013705522
690,Rio Cardines,37,0,0.0,0.0,0.013705522,0.013705522
690,Rio Cardines,38,90,2.0,2.0,0.013705522,1.9862945
692,Giovanni Leoni,34,0,0.0,0.0,0.13562235,0.13562235
692,Giovanni Leoni,35,0,0.0,0.0,0.13562235,0.13562235
692,Giovanni Leoni,36,0,0.0,0.0,0.13562235,0.13562235
692,Giovanni Leoni,37,0,0.0,0.0,0.13562235,0.13562235
692,Giovanni Leoni,38,0,0.0,0.0,0.13562235,0.13562235
693,Omari Hutchinson,34,66,3.0,3.0,3.0169952,0.016995192
693,Omari Hutchinson,35,10,1.0,1.0,3.4592001,2.4592001
693,Omari Hutchinson,36,26,1.0,1.0,1.7978004,0.7978004
693,Omari Hutchinson,37,69,2.0,2.0,2.3990543,0.3990543
693,Omari Hutchinson,38,77,5.0,5.0,2.0992796,2.9007204
694,Nordi Mukiele,34,90,0.0,0.0,2.8654425,2.8654425
694,Nordi Mukiele,35,90,11.0,11.0,2.9474053,8.052595
694,Nordi Mukiele,36,90,6.0,6.0,3.4382248,2.5617752
694,Nordi Mukiele,37,90,2.0,2.0,3.5577326,1.5577326
694,Nordi Mukiele,38,90,4.0,4.0,3.7947114,0.20528865
695,Jackson Tchatchoua,37,0,0.0,0.0,0.63339245,0.63339245
695,Jackson Tchatchoua,38,0,0.0,0.0,0.34634903,0.34634903
696,Arnaud Kalimuendo,34,0,0.0,0.0,0.05515977,0.05515977
696,Arnaud Kalimuendo,35,0,0.0,0.0,0.05515977,0.05515977
696,Arnaud Kalimuendo,36,0,0.0,0.0,0.05515977,0.05515977
696,Arnaud Kalimuendo,37,0,0.0,0.0,0.05515977,0.05515977
696,Arnaud Kalimuendo,38,0,0.0,0.0,0.05515977,0.05515977
699,Douglas Luiz Soares de Paulo,34,16,0.0,0.0,0.80957794,0.80957794
699,Douglas Luiz Soares de Paulo,35,0,0.0,0.0,1.0899738,1.0899738
699,Douglas Luiz Soares de Paulo,36,10,1.0,1.0,0.49756262,0.50243735
699,Douglas Luiz Soares de Paulo,37,1,1.0,1.0,1.1892027,0.18920267
699,Douglas Luiz Soares de Paulo,38,72,2.0,2.0,0.8137883,1.1862117
700,Max Dowman,37,0,0.0,0.0,0.54268575,0.54268575
700,Max Dowman,38,61,3.0,3.0,0.24089332,2.7591066
701,Triston Rowe,34,0,0.0,0.0,0.13562235,0.13562235
701,Triston Rowe,35,0,0.0,0.0,0.13562235,0.13562235
701,Triston Rowe,36,0,0.0,0.0,0.13562235,0.13562235
701,Triston Rowe,37,0,0.0,0.0,0.13562235,0.13562235
701,Triston Rowe,38,0,0.0,0.0,0.13562235,0.13562235
702,Bradley Burrowes,34,0,0.0,0.0,0.013705522,0.013705522
702,Bradley Burrowes,35,0,0.0,0.0,0.013705522,0.013705522
702,Bradley Burrowes,36,0,0.0,0.0,0.013705522,0.013705522
702,Bradley Burrowes,37,0,0.0,0.0,0.013705522,0.013705522
702,Bradley Burrowes,38,0,0.0,0.0,0.013705522,0.013705522
703,Sam Proctor,34,0,0.0,0.0,0.037361994,0.037361994
703,Sam Proctor,35,0,0.0,0.0,0.037361994,0.037361994
703,Sam Proctor,36,0,0.0,0.0,0.037361994,0.037361994
703,Sam Proctor,37,0,0.0,0.0,0.037361994,0.037361994
703,Sam Proctor,38,0,0.0,0.0,0.037361994,0.037361994
704,Tyler Onyango,34,0,0.0,0.0,0.013705522,0.013705522
704,Tyler Onyango,35,0,0.0,0.0,0.013705522,0.013705522
704,Tyler Onyango,36,0,0.0,0.0,0.013705522,0.013705522
704,Tyler Onyango,37,0,0.0,0.0,0.013705522,0.013705522
704,Tyler Onyango,38,0,0.0,0.0,0.013705522,0.013705522
705,Elijah Campbell,34,0,0.0,0.0,0.13562235,0.13562235
705,Elijah Campbell,35,0,0.0,0.0,0.13562235,0.13562235
705,Elijah Campbell,36,0,0.0,0.0,0.13562235,0.13562235
705,Elijah Campbell,37,0,0.0,0.0,0.13562235,0.13562235
705,Elijah Campbell,38,0,0.0,0.0,0.13562235,0.13562235
707,Tyler Dibling,34,0,0.0,0.0,0.05473055,0.05473055
707,Tyler Dibling,35,0,0.0,0.0,0.013705522,0.013705522
707,Tyler Dibling,36,0,0.0,0.0,0.013705522,0.013705522
707,Tyler Dibling,37,0,0.0,0.0,0.013705522,0.013705522
707,Tyler Dibling,38,0,0.0,0.0,0.013705522,0.013705522
708,Mateus Gonçalo Espanha Fernandes,34,90,2.0,2.0,3.5075667,1.5075667
708,Mateus Gonçalo Espanha Fernandes,35,90,4.0,4.0,3.8255215,0.17447853
708,Mateus Gonçalo Espanha Fernandes,36,90,2.0,2.0,3.4655058,1.4655058
708,Mateus Gonçalo Espanha Fernandes,37,90,4.0,4.0,3.940087,0.05991292
708,Mateus Gonçalo Espanha Fernandes,38,90,9.0,9.0,3.791031,5.208969
709,Ladislav Krejcí,37,90,2.0,2.0,0.5737314,1.4262686
709,Ladislav Krejcí,38,65,6.0,6.0,2.6558828,3.3441172
710,Travis Patterson,34,0,0.0,0.0,0.13562235,0.13562235
710,Travis Patterson,35,0,0.0,0.0,0.13562235,0.13562235
710,Travis Patterson,36,0,0.0,0.0,0.13562235,0.13562235
710,Travis Patterson,37,0,0.0,0.0,0.13562235,0.13562235
710,Travis Patterson,38,0,0.0,0.0,0.13562235,0.13562235
711,Andre Harriman-Annous,37,0,0.0,0.0,0.013705522,0.013705522
711,Andre Harriman-Annous,38,0,0.0,0.0,0.013705522,0.013705522
712,Yéremy Pino Santos,37,45,1.0,1.0,1.96724,0.96724
712,Yéremy Pino Santos,38,45,4.0,4.0,1.9384733,2.0615268
714,Nick Woltemade,34,15,1.0,1.0,1.0474912,0.047491193
714,Nick Woltemade,35,0,0.0,0.0,1.3425552,1.3425552
714,Nick Woltemade,36,60,2.0,2.0,0.83306956,1.1669304
714,Nick Woltemade,37,74,8.0,8.0,2.5040643,5.4959354
714,Nick Woltemade,38,77,2.0,2.0,3.2090414,1.2090414
715,John Victor Maciel Furtado,34,0,0.0,0.0,0.037361994,0.037361994
715,John Victor Maciel Furtado,35,0,0.0,0.0,0.037361994,0.037361994
715,John Victor Maciel Furtado,36,0,0.0,0.0,0.037361994,0.037361994
715,John Victor Maciel Furtado,37,0,0.0,0.0,0.037361994,0.037361994
715,John Victor Maciel Furtado,38,0,0.0,0.0,0.037361994,0.037361994
716,Nicolò Savona,34,0,0.0,0.0,0.13562235,0.13562235
716,Nicolò Savona,35,0,0.0,0.0,0.13562235,0.13562235
716,Nicolò Savona,36,0,0.0,0.0,0.13562235,0.13562235
716,Nicolò Savona,37,0,0.0,0.0,0.13562235,0.13562235
716,Nicolò Savona,38,0,0.0,0.0,0.13562235,0.13562235
717,Xavi Simons,34,62,3.0,3.0,2.9084613,0.09153867
717,Xavi Simons,35,0,0.0,0.0,3.3379705,3.3379705
717,Xavi Simons,36,0,0.0,0.0,1.6609727,1.6609727
717,Xavi Simons,37,0,0.0,0.0,1.1784934,1.1784934
717,Xavi Simons,38,0,0.0,0.0,0.8131175,0.8131175
718,Soungoutou Magassa,34,0,0.0,0.0,0.7563503,0.7563503
718,Soungoutou Magassa,35,2,1.0,1.0,0.44486097,0.55513906
718,Soungoutou Magassa,36,0,0.0,0.0,0.43503308,0.43503308
718,Soungoutou Magassa,37,0,0.0,0.0,0.20155649,0.20155649
718,Soungoutou Magassa,38,0,0.0,0.0,0.09596147,0.09596147
719,Victor Lindelöf,34,0,0.0,0.0,0.93672514,0.93672514
719,Victor Lindelöf,35,90,1.0,1.0,0.5946381,0.4053619
719,Victor Lindelöf,36,73,1.0,1.0,2.5826476,1.5826476
719,Victor Lindelöf,37,45,1.0,1.0,1.5812187,0.5812187
719,Victor Lindelöf,38,72,2.0,2.0,1.3841301,0.6158699
720,Tolu Arokodare,37,18,1.0,1.0,1.7729203,0.77292025
720,Tolu Arokodare,38,24,1.0,1.0,2.2985597,1.2985597
723,Jaydee Canvot,37,90,3.0,3.0,3.935425,0.93542504
723,Jaydee Canvot,38,0,0.0,0.0,3.6285741,3.6285741
724,Lutsharel Geertruida,34,0,0.0,0.0,0.85596895,0.85596895
724,Lutsharel Geertruida,35,0,0.0,0.0,0.59686124,0.59686124
724,Lutsharel Geertruida,36,90,6.0,6.0,0.5215448,5.478455
724,Lutsharel Geertruida,37,90,2.0,2.0,3.0898774,1.0898774
724,Lutsharel Geertruida,38,90,1.0,1.0,3.3014894,2.3014894
725,Piero Hincapié,37,18,1.0,1.0,0.886876,0.11312401
725,Piero Hincapié,38,90,2.0,2.0,1.0352377,0.96476233
726,Randal Kolo Muani,34,45,1.0,1.0,2.233002,1.233002
726,Randal Kolo Muani,35,66,1.0,1.0,2.291787,1.2917869
726,Randal Kolo Muani,36,90,2.0,2.0,3.0546665,1.0546665
726,Randal Kolo Muani,37,68,2.0,2.0,3.5686262,1.5686262
726,Randal Kolo Muani,38,17,1.0,1.0,2.7617533,1.7617533
727,Samuel Chukwueze,34,75,3.0,3.0,1.7443334,1.2556666
727,Samuel Chukwueze,35,63,2.0,2.0,2.771601,0.77160096
727,Samuel Chukwueze,36,61,2.0,2.0,2.0026858,0.0026857853
727,Samuel Chukwueze,37,11,1.0,1.0,1.5534383,0.5534383
727,Samuel Chukwueze,38,0,0.0,0.0,1.3017949,1.3017949
728,Merlin Röhl,34,0,0.0,0.0,0.39514887,0.39514887
728,Merlin Röhl,35,90,5.0,5.0,0.29426777,4.7057323
728,Merlin Röhl,36,79,2.0,2.0,1.995857,0.0041429996
728,Merlin Röhl,37,87,9.0,9.0,2.0131235,6.9868765
728,Merlin Röhl,38,61,2.0,2.0,2.8651826,0.86518264
729,Luis Eduardo Soares da Silva,34,0,0.0,0.0,0.13562235,0.13562235
729,Luis Eduardo Soares da Silva,35,0,0.0,0.0,0.13562235,0.13562235
729,Luis Eduardo Soares da Silva,36,0,0.0,0.0,0.13562235,0.13562235
729,Luis Eduardo Soares da Silva,37,0,0.0,0.0,0.13562235,0.13562235
729,Luis Eduardo Soares da Silva,38,0,0.0,0.0,0.13562235,0.13562235
730,Brian Brobbey,34,90,2.0,2.0,4.1850185,2.1850185
730,Brian Brobbey,35,71,1.0,1.0,3.6832745,2.6832745
730,Brian Brobbey,36,90,2.0,2.0,3.345573,1.345573
730,Brian Brobbey,37,76,7.0,7.0,3.7963014,3.2036986
730,Brian Brobbey,38,60,5.0,5.0,3.6072085,1.3927915
731,Kevin Santos Lopes de Macedo,34,0,0.0,0.0,0.013705522,0.013705522
731,Kevin Santos Lopes de Macedo,35,0,0.0,0.0,0.013705522,0.013705522
731,Kevin Santos Lopes de Macedo,36,28,1.0,1.0,0.013705522,0.9862945
731,Kevin Santos Lopes de Macedo,37,45,1.0,1.0,1.6828986,0.68289864
731,Kevin Santos Lopes de Macedo,38,59,4.0,4.0,1.8466302,2.15337
732,Christantus Uche,37,0,0.0,0.0,0.05515977,0.05515977
732,Christantus Uche,38,0,0.0,0.0,0.05515977,0.05515977
733,Senne Lammens,34,90,3.0,3.0,2.7708445,0.22915554
733,Senne Lammens,35,90,2.0,2.0,3.1167424,1.1167424
733,Senne Lammens,36,90,9.0,9.0,3.2165525,5.7834473
733,Senne Lammens,37,90,1.0,1.0,2.8301806,1.8301806
733,Senne Lammens,38,90,6.0,6.0,3.3410323,2.6589677
734,Dilane Bakwa,34,0,0.0,0.0,1.4947809,1.4947809
734,Dilane Bakwa,35,79,7.0,7.0,0.42107576,6.578924
734,Dilane Bakwa,36,63,3.0,3.0,2.168037,0.83196306
734,Dilane Bakwa,37,20,1.0,1.0,2.264346,1.2643459
734,Dilane Bakwa,38,0,0.0,0.0,1.371611,1.371611
735,Bertrand Traoré,34,0,0.0,0.0,0.04425007,0.04425007
735,Bertrand Traoré,35,0,0.0,0.0,0.013705522,0.013705522
735,Bertrand Traoré,36,0,0.0,0.0,0.013705522,0.013705522
735,Bertrand Traoré,37,0,0.0,0.0,0.013705522,0.013705522
735,Bertrand Traoré,38,0,0.0,0.0,0.013705522,0.013705522
737,Jonah Kusi-Asare,34,0,0.0,0.0,0.05515977,0.05515977
737,Jonah Kusi-Asare,35,12,1.0,1.0,0.05515977,0.94484025
737,Jonah Kusi-Asare,36,7,1.0,1.0,0.58391404,0.41608596
737,Jonah Kusi-Asare,37,0,0.0,0.0,0.814324,0.814324
737,Jonah Kusi-Asare,38,0,0.0,0.0,0.4758884,0.4758884
738,Lukasz Fabianski,34,0,0.0,0.0,0.037361994,0.037361994
738,Lukasz Fabianski,35,0,0.0,0.0,0.037361994,0.037361994
738,Lukasz Fabianski,36,0,0.0,0.0,0.037361994,0.037361994
738,Lukasz Fabianski,37,0,0.0,0.0,0.037361994,0.037361994
738,Lukasz Fabianski,38,0,0.0,0.0,0.037361994,0.037361994
745,Jun'ai Byfield,34,0,0.0,0.0,0.13562235,0.13562235
745,Jun'ai Byfield,35,0,0.0,0.0,0.13562235,0.13562235
745,Jun'ai Byfield,36,0,0.0,0.0,0.13562235,0.13562235
745,Jun'ai Byfield,37,0,0.0,0.0,0.13562235,0.13562235
745,Jun'ai Byfield,38,0,0.0,0.0,0.13562235,0.13562235
746,Kieran Morrison,34,0,0.0,0.0,0.013705522,0.013705522
746,Kieran Morrison,35,0,0.0,0.0,0.013705522,0.013705522
746,Kieran Morrison,36,0,0.0,0.0,0.013705522,0.013705522
746,Kieran Morrison,37,0,0.0,0.0,0.013705522,0.013705522
746,Kieran Morrison,38,0,0.0,0.0,0.013705522,0.013705522
747,Ezra Mayers,34,0,0.0,0.0,0.13562235,0.13562235
747,Ezra Mayers,35,0,0.0,0.0,0.13562235,0.13562235
747,Ezra Mayers,36,0,0.0,0.0,0.13562235,0.13562235
747,Ezra Mayers,37,0,0.0,0.0,0.13562235,0.13562235
747,Ezra Mayers,38,0,0.0,0.0,0.13562235,0.13562235
748,Josh Dasilva,34,0,0.0,0.0,0.013705522,0.013705522
748,Josh Dasilva,35,1,1.0,1.0,0.013705522,0.9862945
748,Josh Dasilva,36,0,0.0,0.0,0.18012962,0.18012962
748,Josh Dasilva,37,1,1.0,1.0,0.08009294,0.9199071
748,Josh Dasilva,38,0,0.0,0.0,0.7052336,0.7052336
749,Mateus Mané,37,90,11.0,11.0,3.1477911,7.852209
749,Mateus Mané,38,90,2.0,2.0,3.459121,1.459121
750,James Rowswell,34,0,0.0,0.0,0.19408044,0.19408044
750,James Rowswell,35,0,0.0,0.0,0.17586458,0.17586458
750,James Rowswell,36,0,0.0,0.0,0.13562235,0.13562235
750,James Rowswell,37,0,0.0,0.0,0.13562235,0.13562235
750,James Rowswell,38,0,0.0,0.0,0.13562235,0.13562235
751,Yusuf Akhamrich,34,0,0.0,0.0,0.013705522,0.013705522
751,Yusuf Akhamrich,35,0,0.0,0.0,0.013705522,0.013705522
751,Yusuf Akhamrich,36,0,0.0,0.0,0.013705522,0.013705522
751,Yusuf Akhamrich,37,0,0.0,0.0,0.013705522,0.013705522
751,Yusuf Akhamrich,38,0,0.0,0.0,0.013705522,0.013705522
752,Airidas Golambeckis,34,0,0.0,0.0,0.13562235,0.13562235
752,Airidas Golambeckis,35,0,0.0,0.0,0.13562235,0.13562235
752,Airidas Golambeckis,36,0,0.0,0.0,0.13562235,0.13562235
752,Airidas Golambeckis,37,0,0.0,0.0,0.13562235,0.13562235
752,Airidas Golambeckis,38,0,0.0,0.0,0.13562235,0.13562235
753,John Ruddy,34,0,0.0,0.0,0.037361994,0.037361994
753,John Ruddy,35,0,0.0,0.0,0.037361994,0.037361994
753,John Ruddy,36,0,0.0,0.0,0.037361994,0.037361994
753,John Ruddy,37,0,0.0,0.0,0.037361994,0.037361994
753,John Ruddy,38,0,0.0,0.0,0.037361994,0.037361994
754,George Hemmings,34,0,0.0,0.0,0.013705522,0.013705522
754,George Hemmings,35,0,0.0,0.0,0.013705522,0.013705522
754,George Hemmings,36,0,0.0,0.0,0.013705522,0.013705522
754,George Hemmings,37,0,0.0,0.0,0.013705522,0.013705522
754,George Hemmings,38,0,0.0,0.0,0.013705522,0.013705522
755,Shea Lacey,34,0,0.0,0.0,0.013705522,0.013705522
755,Shea Lacey,35,0,0.0,0.0,0.013705522,0.013705522
755,Shea Lacey,36,0,0.0,0.0,0.013705522,0.013705522
755,Shea Lacey,37,0,0.0,0.0,0.013705522,0.013705522
755,Shea Lacey,38,28,1.0,1.0,0.013705522,0.9862945
757,Ronnie Hollingshead,34,0,0.0,0.0,0.037361994,0.037361994
757,Ronnie Hollingshead,35,0,0.0,0.0,0.037361994,0.037361994
757,Ronnie Hollingshead,36,0,0.0,0.0,0.037361994,0.037361994
757,Ronnie Hollingshead,37,0,0.0,0.0,0.037361994,0.037361994
757,Ronnie Hollingshead,38,0,0.0,0.0,0.037361994,0.037361994
758,Mohamadou Kanté,34,0,0.0,0.0,1.0623264,1.0623264
758,Mohamadou Kanté,35,0,0.0,0.0,0.50794107,0.50794107
758,Mohamadou Kanté,36,0,0.0,0.0,0.3493017,0.3493017
758,Mohamadou Kanté,37,27,0.0,0.0,0.22595571,0.22595571
758,Mohamadou Kanté,38,2,1.0,1.0,0.98221266,0.017787337
759,Marli Salmon,37,0,0.0,0.0,0.13562235,0.13562235
759,Marli Salmon,38,0,0.0,0.0,0.13562235,0.13562235
760,Wellity Lucky,34,0,0.0,0.0,0.13562235,0.13562235
760,Wellity Lucky,35,0,0.0,0.0,0.13562235,0.13562235
760,Wellity Lucky,36,0,0.0,0.0,0.13562235,0.13562235
760,Wellity Lucky,37,0,0.0,0.0,0.13562235,0.13562235
760,Wellity Lucky,38,0,0.0,0.0,0.13562235,0.13562235
762,Joél Drakes-Thomas,37,0,0.0,0.0,0.013705522,0.013705522
762,Joél Drakes-Thomas,38,0,0.0,0.0,0.013705522,0.013705522
765,Leo Shahar,34,0,0.0,0.0,0.13562235,0.13562235
765,Leo Shahar,35,0,0.0,0.0,0.13562235,0.13562235
765,Leo Shahar,36,0,0.0,0.0,0.13562235,0.13562235
765,Leo Shahar,37,0,0.0,0.0,0.13562235,0.13562235
765,Leo Shahar,38,0,0.0,0.0,0.13562235,0.13562235
766,Saheed Olagunju,37,0,0.0,0.0,0.13562235,0.13562235
766,Saheed Olagunju,38,0,0.0,0.0,0.13562235,0.13562235
767,Luke Rawlings,37,0,0.0,0.0,0.013705522,0.013705522
767,Luke Rawlings,38,0,0.0,0.0,0.013705522,0.013705522
768,Leon Routh,34,0,0.0,0.0,0.13562235,0.13562235
768,Leon Routh,35,0,0.0,0.0,0.13562235,0.13562235
768,Leon Routh,36,0,0.0,0.0,0.13562235,0.13562235
768,Leon Routh,37,0,0.0,0.0,0.13562235,0.13562235
768,Leon Routh,38,0,0.0,0.0,0.13562235,0.13562235
769,Bendito Mantato,34,0,0.0,0.0,0.013705522,0.013705522
769,Bendito Mantato,35,0,0.0,0.0,0.013705522,0.013705522
769,Bendito Mantato,36,0,0.0,0.0,0.013705522,0.013705522
769,Bendito Mantato,37,0,0.0,0.0,0.013705522,0.013705522
769,Bendito Mantato,38,0,0.0,0.0,0.013705522,0.013705522
770,Seth Ridgeon,34,0,0.0,0.0,0.013705522,0.013705522
770,Seth Ridgeon,35,0,0.0,0.0,0.013705522,0.013705522
770,Seth Ridgeon,36,0,0.0,0.0,0.013705522,0.013705522
770,Seth Ridgeon,37,0,0.0,0.0,0.013705522,0.013705522
770,Seth Ridgeon,38,0,0.0,0.0,0.013705522,0.013705522
771,Tyler Fletcher,34,0,0.0,0.0,0.013705522,0.013705522
771,Tyler Fletcher,35,0,0.0,0.0,0.013705522,0.013705522
771,Tyler Fletcher,36,0,0.0,0.0,0.013705522,0.013705522
771,Tyler Fletcher,37,0,0.0,0.0,0.013705522,0.013705522
771,Tyler Fletcher,38,16,1.0,1.0,0.013705522,0.9862945
772,Sam Alabi,34,0,0.0,0.0,0.013705522,0.013705522
772,Sam Alabi,35,0,0.0,0.0,0.013705522,0.013705522
772,Sam Alabi,36,0,0.0,0.0,0.013705522,0.013705522
772,Sam Alabi,37,0,0.0,0.0,0.013705522,0.013705522
772,Sam Alabi,38,0,0.0,0.0,0.013705522,0.013705522
773,Dean Benamar,37,0,0.0,0.0,0.13562235,0.13562235
773,Dean Benamar,38,0,0.0,0.0,0.13562235,0.13562235
774,Jenson Jones,34,0,0.0,0.0,0.13562235,0.13562235
774,Jenson Jones,35,0,0.0,0.0,0.13562235,0.13562235
774,Jenson Jones,36,0,0.0,0.0,0.13562235,0.13562235
774,Jenson Jones,37,0,0.0,0.0,0.13562235,0.13562235
774,Jenson Jones,38,0,0.0,0.0,0.13562235,0.13562235
775,Tymur Tutierov,34,0,0.0,0.0,0.013705522,0.013705522
775,Tymur Tutierov,35,0,0.0,0.0,0.013705522,0.013705522
775,Tymur Tutierov,36,0,0.0,0.0,0.013705522,0.013705522
775,Tymur Tutierov,37,0,0.0,0.0,0.013705522,0.013705522
775,Tymur Tutierov,38,0,0.0,0.0,0.013705522,0.013705522
777,Temple Ojinnaka,37,0,0.0,0.0,0.013705522,0.013705522
777,Temple Ojinnaka,38,0,0.0,0.0,0.013705522,0.013705522
778,Ethan Sutherland,37,0,0.0,0.0,0.013705522,0.013705522
778,Ethan Sutherland,38,0,0.0,0.0,0.013705522,0.013705522
779,Braiden Graham,34,0,0.0,0.0,0.05515977,0.05515977
779,Braiden Graham,35,0,0.0,0.0,0.05515977,0.05515977
779,Braiden Graham,36,0,0.0,0.0,0.05515977,0.05515977
779,Braiden Graham,37,0,0.0,0.0,0.05515977,0.05515977
779,Braiden Graham,38,0,0.0,0.0,0.05515977,0.05515977
780,Ben Casey,37,0,0.0,0.0,0.05515977,0.05515977
780,Ben Casey,38,0,0.0,0.0,0.05515977,0.05515977
781,TJ Carroll,34,0,0.0,0.0,0.13562235,0.13562235
781,TJ Carroll,35,0,0.0,0.0,0.13562235,0.13562235
781,TJ Carroll,36,0,0.0,0.0,0.13562235,0.13562235
781,TJ Carroll,37,0,0.0,0.0,0.13562235,0.13562235
781,TJ Carroll,38,0,0.0,0.0,0.13562235,0.13562235
785,Pablo Felipe Pereira de Jesus,34,80,2.0,2.0,3.6794713,1.6794713
785,Pablo Felipe Pereira de Jesus,35,90,2.0,2.0,2.8905184,0.8905184
785,Pablo Felipe Pereira de Jesus,36,23,1.0,1.0,3.460367,2.460367
785,Pablo Felipe Pereira de Jesus,37,27,1.0,1.0,2.30099,1.3009901
785,Pablo Felipe Pereira de Jesus,38,45,1.0,1.0,2.6123664,1.6123664
786,Alfie McNally,34,0,0.0,0.0,0.037361994,0.037361994
786,Alfie McNally,35,0,0.0,0.0,0.037361994,0.037361994
786,Alfie McNally,36,0,0.0,0.0,0.037361994,0.037361994
786,Alfie McNally,37,0,0.0,0.0,0.037361994,0.037361994
786,Alfie McNally,38,0,0.0,0.0,0.037361994,0.037361994
788,Godwill Kukonki,34,0,0.0,0.0,0.13562235,0.13562235
788,Godwill Kukonki,35,0,0.0,0.0,0.13562235,0.13562235
788,Godwill Kukonki,36,0,0.0,0.0,0.13562235,0.13562235
788,Godwill Kukonki,37,0,0.0,0.0,0.13562235,0.13562235
788,Godwill Kukonki,38,0,0.0,0.0,0.13562235,0.13562235
790,Lucá Williams-Barnett,34,0,0.0,0.0,0.013705522,0.013705522
790,Lucá Williams-Barnett,35,0,0.0,0.0,0.013705522,0.013705522
790,Lucá Williams-Barnett,36,0,0.0,0.0,0.013705522,0.013705522
790,Lucá Williams-Barnett,37,0,0.0,0.0,0.013705522,0.013705522
790,Lucá Williams-Barnett,38,0,0.0,0.0,0.013705522,0.013705522
791,Valentín Castellanos,34,78,1.0,1.0,3.9051874,2.9051874
791,Valentín Castellanos,35,64,1.0,1.0,3.36524,2.36524
791,Valentín Castellanos,36,66,1.0,1.0,3.598104,2.598104
791,Valentín Castellanos,37,64,6.0,6.0,3.7325113,2.2674887
791,Valentín Castellanos,38,87,8.0,8.0,3.9216774,4.0783224
792,Alysson Edward Franco da Rocha dos Santos,34,0,0.0,0.0,0.16398272,0.16398272
792,Alysson Edward Franco da Rocha dos Santos,35,0,0.0,0.0,0.013705522,0.013705522
792,Alysson Edward Franco da Rocha dos Santos,36,0,0.0,0.0,0.013705522,0.013705522
792,Alysson Edward Franco da Rocha dos Santos,37,0,0.0,0.0,0.013705522,0.013705522
792,Alysson Edward Franco da Rocha dos Santos,38,0,0.0,0.0,0.013705522,0.013705522
793,George King,37,0,0.0,0.0,0.13562235,0.13562235
793,George King,38,0,0.0,0.0,0.13562235,0.13562235
796,Conor Gallagher,34,90,4.0,4.0,2.6188881,1.3811119
796,Conor Gallagher,35,90,9.0,9.0,2.835275,6.1647253
796,Conor Gallagher,36,90,2.0,2.0,3.4358518,1.4358518
796,Conor Gallagher,37,90,2.0,2.0,3.5583107,1.5583107
796,Conor Gallagher,38,81,3.0,3.0,4.3484454,1.3484454
797,Kaye Furo,34,0,0.0,0.0,0.05515977,0.05515977
797,Kaye Furo,35,1,1.0,1.0,0.05515977,0.94484025
797,Kaye Furo,36,0,0.0,0.0,0.20520763,0.20520763
797,Kaye Furo,37,0,0.0,0.0,0.11960727,0.11960727
797,Kaye Furo,38,0,0.0,0.0,0.0983295,0.0983295
798,Danny Imray,37,0,0.0,0.0,0.13562235,0.13562235
798,Danny Imray,38,0,0.0,0.0,0.13562235,0.13562235
800,Djiamgone Jocelin Ta Bi,34,0,0.0,0.0,0.013705522,0.013705522
800,Djiamgone Jocelin Ta Bi,35,0,0.0,0.0,0.013705522,0.013705522
800,Djiamgone Jocelin Ta Bi,36,0,0.0,0.0,0.013705522,0.013705522
800,Djiamgone Jocelin Ta Bi,37,0,0.0,0.0,0.013705522,0.013705522
800,Djiamgone Jocelin Ta Bi,38,0,0.0,0.0,0.013705522,0.013705522
802,Keiber Lamadrid,34,0,0.0,0.0,0.013705522,0.013705522
802,Keiber Lamadrid,35,0,0.0,0.0,0.013705522,0.013705522
802,Keiber Lamadrid,36,0,0.0,0.0,0.013705522,0.013705522
802,Keiber Lamadrid,37,0,0.0,0.0,0.013705522,0.013705522
802,Keiber Lamadrid,38,0,0.0,0.0,0.013705522,0.013705522
804,João Victor de Souza Menezes,34,0,0.0,0.0,0.56134206,0.56134206
804,João Victor de Souza Menezes,35,0,0.0,0.0,0.3703406,0.3703406
804,João Victor de Souza Menezes,36,0,0.0,0.0,0.13562235,0.13562235
804,João Victor de Souza Menezes,37,0,0.0,0.0,0.13562235,0.13562235
804,João Victor de Souza Menezes,38,0,0.0,0.0,0.13562235,0.13562235
805,Lorenzo Lucca,34,0,0.0,0.0,0.05515977,0.05515977
805,Lorenzo Lucca,35,0,0.0,0.0,0.05515977,0.05515977
805,Lorenzo Lucca,36,7,1.0,1.0,0.05515977,0.94484025
805,Lorenzo Lucca,37,0,0.0,0.0,0.6773499,0.6773499
805,Lorenzo Lucca,38,0,0.0,0.0,0.28717864,0.28717864
808,Tammy Abraham,34,10,1.0,1.0,2.7375615,1.7375615
808,Tammy Abraham,35,59,1.0,1.0,1.878523,0.878523
808,Tammy Abraham,36,0,0.0,0.0,1.8259851,1.8259851
808,Tammy Abraham,37,0,0.0,0.0,1.1628621,1.1628621
808,Tammy Abraham,38,0,0.0,0.0,1.0265063,1.0265063
809,Jerome Abbey,37,0,0.0,0.0,0.013705522,0.013705522
809,Jerome Abbey,38,16,1.0,1.0,0.013705522,0.9862945
810,Luka Bentt,34,0,0.0,0.0,0.013705522,0.013705522
810,Luka Bentt,35,0,0.0,0.0,0.013705522,0.013705522
810,Luka Bentt,36,0,0.0,0.0,0.013705522,0.013705522
810,Luka Bentt,37,0,0.0,0.0,0.013705522,0.013705522
810,Luka Bentt,38,0,0.0,0.0,0.013705522,0.013705522
811,Rio Kyerematen,34,0,0.0,0.0,0.013705522,0.013705522
811,Rio Kyerematen,35,0,0.0,0.0,0.013705522,0.013705522
811,Rio Kyerematen,36,0,0.0,0.0,0.013705522,0.013705522
811,Rio Kyerematen,37,0,0.0,0.0,0.013705522,0.013705522
811,Rio Kyerematen,38,0,0.0,0.0,0.013705522,0.013705522
812,Melker Ellborg,34,0,0.0,0.0,0.4563115,0.4563115
812,Melker Ellborg,35,0,0.0,0.0,0.117297366,0.117297366
812,Melker Ellborg,36,0,0.0,0.0,0.024559021,0.024559021
812,Melker Ellborg,37,0,0.0,0.0,0.037361994,0.037361994
812,Melker Ellborg,38,0,0.0,0.0,0.037361994,0.037361994
813,Nilson Angulo,34,0,0.0,0.0,0.16688102,0.16688102
813,Nilson Angulo,35,0,0.0,0.0,0.013705522,0.013705522
813,Nilson Angulo,36,11,1.0,1.0,0.013705522,0.9862945
813,Nilson Angulo,37,76,2.0,2.0,0.54674244,1.4532576
813,Nilson Angulo,38,60,1.0,1.0,1.6297787,0.62977874
814,Luca Netz,34,23,1.0,1.0,0.13562235,0.8643776
814,Luca Netz,35,90,4.0,4.0,1.4310051,2.568995
814,Luca Netz,36,82,2.0,2.0,2.8822877,0.88228774
814,Luca Netz,37,83,1.0,1.0,3.0866966,2.0866966
814,Luca Netz,38,27,1.0,1.0,1.912513,0.912513
815,Axel Disasi,34,90,3.0,3.0,3.6503956,0.65039563
815,Axel Disasi,35,90,1.0,1.0,3.5848818,2.5848818
815,Axel Disasi,36,84,2.0,2.0,3.1082973,1.1082973
815,Axel Disasi,37,90,1.0,1.0,3.1509945,2.1509945
815,Axel Disasi,38,90,6.0,6.0,3.0951078,2.9048922
816,Angel Gomes,37,0,0.0,0.0,0.81125915,0.81125915
816,Angel Gomes,38,65,2.0,2.0,0.40144712,1.598553
817,Adam Armstrong,37,71,2.0,2.0,2.9460745,0.9460745
817,Adam Armstrong,38,73,7.0,7.0,2.811875,4.1881247
818,James Wilson,34,0,0.0,0.0,0.05515977,0.05515977
818,James Wilson,35,0,0.0,0.0,0.05515977,0.05515977
818,James Wilson,36,0,0.0,0.0,0.05515977,0.05515977
818,James Wilson,37,0,0.0,0.0,0.05515977,0.05515977
818,James Wilson,38,0,0.0,0.0,0.05515977,0.05515977
819,Ollie Shield,34,0,0.0,0.0,0.13562235,0.13562235
819,Ollie Shield,35,0,0.0,0.0,0.13562235,0.13562235
819,Ollie Shield,36,0,0.0,0.0,0.13562235,0.13562235
819,Ollie Shield,37,0,0.0,0.0,0.13562235,0.13562235
819,Ollie Shield,38,0,0.0,0.0,0.13562235,0.13562235
821,Jack Whittaker,35,0,0.0,0.0,0.013705522,0.013705522
821,Jack Whittaker,36,0,0.0,0.0,0.013705522,0.013705522
821,Jack Whittaker,37,0,0.0,0.0,0.013705522,0.013705522
821,Jack Whittaker,38,0,0.0,0.0,0.013705522,0.013705522
822,Jaydon Jones,35,0,0.0,0.0,0.013705522,0.013705522
822,Jaydon Jones,36,0,0.0,0.0,0.013705522,0.013705522
822,Jaydon Jones,37,0,0.0,0.0,0.013705522,0.013705522
822,Jaydon Jones,38,0,0.0,0.0,0.013705522,0.013705522
823,Joshua Stephenson,36,0,0.0,0.0,0.13562235,0.13562235
823,Joshua Stephenson,37,0,0.0,0.0,0.13562235,0.13562235
823,Joshua Stephenson,38,0,0.0,0.0,0.13562235,0.13562235
824,Conor McManus,36,0,0.0,0.0,0.13562235,0.13562235
824,Conor McManus,37,0,0.0,0.0,0.13562235,0.13562235
824,Conor McManus,38,0,0.0,0.0,0.13562235,0.13562235
825,Finlay Herrick,36,0,0.0,0.0,0.037361994,0.037361994
825,Finlay Herrick,37,0,0.0,0.0,0.037361994,0.037361994
825,Finlay Herrick,38,0,0.0,0.0,0.037361994,0.037361994
826,Riley Owen,37,0,0.0,0.0,0.013705522,0.013705522
826,Riley Owen,38,0,0.0,0.0,0.013705522,0.013705522
827,Jim Thwaites,38,0,0.0,0.0,0.013705522,0.013705522
828,Alfie Brooks,38,0,0.0,0.0,0.037361994,0.037361994
