element,name,target_gw,target_minutes,target_points,actual_points,predicted_points,absolute_error
1,David Raya Martín,37,90,6.0,6.0,3.5268362,2.4731638
1,David Raya Martín,38,0,0.0,0.0,3.292068,3.292068
2,Kepa Arrizabalaga Revuelta,37,0,0.0,0.0,2.172211,2.172211
2,Kepa Arrizabalaga Revuelta,38,90,2.0,2.0,1.9329418,0.067058206
3,Karl Hein,37,0,0.0,0.0,2.172211,2.172211
3,Karl Hein,38,0,0.0,0.0,1.9329418,1.9329418
4,Tommy Setford,37,0,0.0,0.0,2.1616876,2.1616876
4,Tommy Setford,38,0,0.0,0.0,1.9224838,1.9224838
5,Gabriel dos Santos Magalhães,37,90,6.0,6.0,4.091002,1.908998
5,Gabriel dos Santos Magalhães,38,45,1.0,1.0,3.5866237,2.5866237
6,William Saliba,37,90,8.0,8.0,3.5175858,4.4824142
6,William Saliba,38,0,0.0,0.0,3.2659059,3.2659059
7,Riccardo Calafiori,37,71,8.0,8.0,3.0312684,4.968732
7,Riccardo Calafiori,38,45,1.0,1.0,2.9485602,1.9485602
8,Jurriën Timber,37,0,0.0,0.0,2.0660203,2.0660203
8,Jurriën Timber,38,0,0.0,0.0,1.8245804,1.8245804
9,Jakub Kiwior,37,0,0.0,0.0,2.002881,2.002881
9,Jakub Kiwior,38,0,0.0,0.0,1.7614412,1.7614412
10,Myles Lewis-Skelly,37,17,1.0,1.0,2.6691694,1.6691694
10,Myles Lewis-Skelly,38,90,2.0,2.0,2.1506133,0.15061331
11,Benjamin White,37,0,0.0,0.0,2.646953,2.646953
11,Benjamin White,38,0,0.0,0.0,2.024422,2.024422
12,Oleksandr Zinchenko,34,0,0.0,0.0,1.548927,1.548927
12,Oleksandr Zinchenko,35,0,0.0,0.0,1.4249651,1.4249651
12,Oleksandr Zinchenko,36,0,0.0,0.0,1.6025034,1.6025034
12,Oleksandr Zinchenko,37,0,0.0,0.0,1.3619654,1.3619654
12,Oleksandr Zinchenko,38,0,0.0,0.0,1.5986774,1.5986774
13,Brayden Clarke,37,0,0.0,0.0,1.8239865,1.8239865
13,Brayden Clarke,38,0,0.0,0.0,1.5834655,1.5834655
14,Maldini Kacurri,37,0,0.0,0.0,1.8450329,1.8450329
14,Maldini Kacurri,38,0,0.0,0.0,1.6043816,1.6043816
15,Josh Nichols,37,0,0.0,0.0,1.8239865,1.8239865
15,Josh Nichols,38,0,0.0,0.0,1.5834655,1.5834655
16,Bukayo Saka,37,90,10.0,10.0,3.835018,6.164982
16,Bukayo Saka,38,0,0.0,0.0,4.2671614,4.2671614
17,Martin Ødegaard,37,90,3.0,3.0,2.9773211,0.022678852
17,Martin Ødegaard,38,0,0.0,0.0,3.0954418,3.0954418
18,Noni Madueke,37,0,0.0,0.0,2.3773584,2.3773584
18,Noni Madueke,38,83,11.0,11.0,1.884931,9.115069
19,Gabriel Martinelli Silva,37,1,1.0,1.0,2.0366707,1.0366707
19,Gabriel Martinelli Silva,38,90,7.0,7.0,1.7690291,5.230971
20,Leandro Trossard,37,90,3.0,3.0,3.9388723,0.93887234
20,Leandro Trossard,38,0,0.0,0.0,3.5414467,3.5414467
21,Declan Rice,37,90,5.0,5.0,3.8492112,1.1507888
21,Declan Rice,38,0,0.0,0.0,3.5300734,3.5300734
22,Mikel Merino Zazón,37,0,0.0,0.0,1.8606887,1.8606887
22,Mikel Merino Zazón,38,28,1.0,1.0,1.6196164,0.6196164
23,Fábio Ferreira Vieira,37,0,0.0,0.0,1.8712119,1.8712119
23,Fábio Ferreira Vieira,38,0,0.0,0.0,1.6300743,1.6300743
24,Christian Nørgaard,37,0,0.0,0.0,1.8396422,1.8396422
24,Christian Nørgaard,38,45,1.0,1.0,1.5987003,0.5987003
25,Ethan Nwaneri,37,0,0.0,0.0,1.829119,1.829119
25,Ethan Nwaneri,38,0,0.0,0.0,1.5882422,1.5882422
26,Martín Zubimendi Ibáñez,37,1,1.0,1.0,2.4576964,1.4576964
26,Martín Zubimendi Ibáñez,38,90,2.0,2.0,1.8377382,0.16226184
27,Reiss Nelson,34,17,4.0,4.0,1.403006,2.596994
27,Reiss Nelson,35,0,0.0,0.0,1.8959104,1.8959104
27,Reiss Nelson,36,0,0.0,0.0,1.3902129,1.3902129
27,Reiss Nelson,37,0,0.0,0.0,1.5250183,1.5250183
27,Reiss Nelson,38,1,1.0,1.0,1.3795494,0.37954938
28,Ismeal Kabia,37,0,0.0,0.0,1.776503,1.776503
28,Ismeal Kabia,38,0,0.0,0.0,1.5359522,1.5359522
29,Albert Sambi Lokonga,37,0,0.0,0.0,1.776503,1.776503
29,Albert Sambi Lokonga,38,0,0.0,0.0,1.5359522,1.5359522
30,Kai Havertz,37,72,8.0,8.0,2.8408604,5.1591396
30,Kai Havertz,38,45,4.0,4.0,3.596124,0.40387607
31,Gabriel Fernando de Jesus,37,0,0.0,0.0,2.0173578,2.0173578
31,Gabriel Fernando de Jesus,38,74,5.0,5.0,1.7690692,3.2309308
32,Emiliano Martínez Romero,34,90,3.0,3.0,2.9203305,0.079669476
32,Emiliano Martínez Romero,35,90,2.0,2.0,3.1030974,1.1030974
32,Emiliano Martínez Romero,36,90,6.0,6.0,3.111271,2.888729
32,Emiliano Martínez Romero,37,90,2.0,2.0,3.1743026,1.1743026
32,Emiliano Martínez Romero,38,0,0.0,0.0,2.9820762,2.9820762
33,Marco Bizot,34,0,0.0,0.0,2.10923,2.10923
33,Marco Bizot,35,0,0.0,0.0,2.1668477,2.1668477
33,Marco Bizot,36,0,0.0,0.0,2.060769,2.060769
33,Marco Bizot,37,0,0.0,0.0,1.8791512,1.8791512
33,Marco Bizot,38,90,2.0,2.0,1.6908324,0.30916762
34,Joe Gauci,34,0,0.0,0.0,1.8155695,1.8155695
34,Joe Gauci,35,0,0.0,0.0,1.982767,1.982767
34,Joe Gauci,36,0,0.0,0.0,1.9554402,1.9554402
34,Joe Gauci,37,0,0.0,0.0,1.8266584,1.8266584
34,Joe Gauci,38,0,0.0,0.0,1.6699164,1.6699164
35,Filip Marschall,34,0,0.0,0.0,1.8155695,1.8155695
35,Filip Marschall,35,0,0.0,0.0,1.982767,1.982767
35,Filip Marschall,36,0,0.0,0.0,1.9554402,1.9554402
35,Filip Marschall,37,0,0.0,0.0,1.8266584,1.8266584
35,Filip Marschall,38,0,0.0,0.0,1.6699164,1.6699164
36,Matty Cash,34,90,2.0,2.0,2.5726142,0.5726142
36,Matty Cash,35,90,5.0,5.0,2.8636007,2.1363993
36,Matty Cash,36,79,1.0,1.0,3.1146183,2.1146183
36,Matty Cash,37,90,0.0,0.0,2.705473,2.705473
36,Matty Cash,38,45,1.0,1.0,2.4793696,1.4793696
37,Lucas Digne,34,90,2.0,2.0,2.87395,0.87395
37,Lucas Digne,35,0,0.0,0.0,2.9823074,2.9823074
37,Lucas Digne,36,16,1.0,1.0,2.3234487,1.3234487
37,Lucas Digne,37,90,4.0,4.0,1.7225201,2.27748
37,Lucas Digne,38,0,0.0,0.0,2.0694401,2.0694401
38,Ezri Konsa Ngoyo,34,90,2.0,2.0,2.34775,0.34774995
38,Ezri Konsa Ngoyo,35,0,0.0,0.0,2.5900888,2.5900888
38,Ezri Konsa Ngoyo,36,90,1.0,1.0,2.0435631,1.0435631
38,Ezri Konsa Ngoyo,37,90,1.0,1.0,2.1656995,1.1656995
38,Ezri Konsa Ngoyo,38,0,0.0,0.0,2.1221652,2.1221652
39,Ian Maatsen,34,0,0.0,0.0,2.316993,2.316993
39,Ian Maatsen,35,90,1.0,1.0,2.0199397,1.0199397
39,Ian Maatsen,36,73,1.0,1.0,2.2399318,1.2399318
39,Ian Maatsen,37,5,1.0,1.0,2.366531,1.3665309
39,Ian Maatsen,38,90,5.0,5.0,1.7879664,3.2120337
40,Tyrone Mings,34,0,0.0,0.0,2.4098208,2.4098208
40,Tyrone Mings,35,90,1.0,1.0,2.0529401,1.0529401
40,Tyrone Mings,36,90,0.0,0.0,2.462462,2.462462
40,Tyrone Mings,37,0,0.0,0.0,2.4859798,2.4859798
40,Tyrone Mings,38,90,4.0,4.0,1.8232803,2.1767197
41,Pau Torres,34,90,1.0,1.0,1.876571,0.87657106
41,Pau Torres,35,0,0.0,0.0,2.2873983,2.2873983
41,Pau Torres,36,0,0.0,0.0,1.8810537,1.8810537
41,Pau Torres,37,90,4.0,4.0,1.550743,2.449257
41,Pau Torres,38,17,1.0,1.0,2.3147287,1.3147287
42,Andrés García,34,0,0.0,0.0,1.4809273,1.4809273
42,Andrés García,35,0,0.0,0.0,1.6404886,1.6404886
42,Andrés García,36,0,0.0,0.0,1.6227399,1.6227399
42,Andrés García,37,0,0.0,0.0,1.4925753,1.4925753
42,Andrés García,38,45,1.0,1.0,1.3413563,0.34135628
43,Álex Moreno Lopera,34,0,0.0,0.0,1.4974675,1.4974675
43,Álex Moreno Lopera,35,0,0.0,0.0,1.6646651,1.6646651
43,Álex Moreno Lopera,36,0,0.0,0.0,1.6373382,1.6373382
43,Álex Moreno Lopera,37,0,0.0,0.0,1.5085562,1.5085562
43,Álex Moreno Lopera,38,0,0.0,0.0,1.3518143,1.3518143
44,Lamare Bogarde,34,73,2.0,2.0,1.467295,0.53270495
44,Lamare Bogarde,35,90,1.0,1.0,1.9661754,0.96617544
44,Lamare Bogarde,36,10,1.0,1.0,2.2502508,1.2502508
44,Lamare Bogarde,37,0,0.0,0.0,1.8572615,1.8572615
44,Lamare Bogarde,38,72,2.0,2.0,1.4464185,0.5535815
45,Lino da Cruz Sousa,34,0,0.0,0.0,1.4765514,1.4765514
45,Lino da Cruz Sousa,35,0,0.0,0.0,1.643749,1.643749
45,Lino da Cruz Sousa,36,0,0.0,0.0,1.616422,1.616422
45,Lino da Cruz Sousa,37,0,0.0,0.0,1.4876403,1.4876403
45,Lino da Cruz Sousa,38,0,0.0,0.0,1.3308983,1.3308983
46,Yasin Özcan,34,0,0.0,0.0,1.4974675,1.4974675
46,Yasin Özcan,35,0,0.0,0.0,1.6646651,1.6646651
46,Yasin Özcan,36,0,0.0,0.0,1.6373382,1.6373382
46,Yasin Özcan,37,0,0.0,0.0,1.5085562,1.5085562
46,Yasin Özcan,38,0,0.0,0.0,1.3518143,1.3518143
47,Morgan Rogers,34,90,2.0,2.0,4.168669,2.1686692
47,Morgan Rogers,35,90,1.0,1.0,3.901153,2.901153
47,Morgan Rogers,36,90,2.0,2.0,3.8194976,1.8194976
47,Morgan Rogers,37,90,12.0,12.0,3.5821865,8.417813
47,Morgan Rogers,38,0,0.0,0.0,3.8231318,3.8231318
48,Youri Tielemans,34,73,2.0,2.0,2.7787664,0.7787664
48,Youri Tielemans,35,90,2.0,2.0,2.9609313,0.9609313
48,Youri Tielemans,36,90,4.0,4.0,2.965652,1.034348
48,Youri Tielemans,37,89,2.0,2.0,3.2530622,1.2530622
48,Youri Tielemans,38,17,1.0,1.0,2.815658,1.8156581
49,Leon Bailey,34,16,1.0,1.0,1.546844,0.546844
49,Leon Bailey,35,5,1.0,1.0,1.6918004,0.69180036
49,Leon Bailey,36,5,1.0,1.0,1.771962,0.77196205
49,Leon Bailey,37,0,0.0,0.0,1.6948868,1.6948868
49,Leon Bailey,38,90,5.0,5.0,1.4290876,3.5709124
50,Emiliano Buendía Stati,34,73,2.0,2.0,1.9935992,0.0064008236
50,Emiliano Buendía Stati,35,5,6.0,6.0,2.3883739,3.6116261
50,Emiliano Buendía Stati,36,16,1.0,1.0,2.2496276,1.2496276
50,Emiliano Buendía Stati,37,84,2.0,2.0,1.922412,0.07758796
50,Emiliano Buendía Stati,38,90,6.0,6.0,2.0557163,3.9442837
51,Samuel Iling-Junior,34,0,0.0,0.0,1.5231603,1.5231603
51,Samuel Iling-Junior,35,0,0.0,0.0,1.6903578,1.6903578
51,Samuel Iling-Junior,36,0,0.0,0.0,1.663031,1.663031
51,Samuel Iling-Junior,37,0,0.0,0.0,1.5342491,1.5342491
51,Samuel Iling-Junior,38,0,0.0,0.0,1.3790356,1.3790356
52,Jacob Ramsey,34,90,2.0,2.0,2.7024646,0.7024646
52,Jacob Ramsey,35,1,1.0,1.0,2.6618967,1.6618967
52,Jacob Ramsey,36,29,4.0,4.0,1.8872068,2.1127932
52,Jacob Ramsey,37,90,9.0,9.0,2.3322942,6.6677055
52,Jacob Ramsey,38,90,4.0,4.0,2.8192341,1.1807659
53,Donyell Malen,34,0,0.0,0.0,1.4813281,1.4813281
53,Donyell Malen,35,0,0.0,0.0,1.6485256,1.6485256
53,Donyell Malen,36,0,0.0,0.0,1.6211988,1.6211988
53,Donyell Malen,37,0,0.0,0.0,1.492417,1.492417
53,Donyell Malen,38,0,0.0,0.0,1.3363688,1.3363688
54,John McGinn,34,73,2.0,2.0,3.3847208,1.3847208
54,John McGinn,35,0,0.0,0.0,3.3810759,3.3810759
54,John McGinn,36,84,5.0,5.0,2.7536201,2.2463799
54,John McGinn,37,89,6.0,6.0,3.7001462,2.2998538
54,John McGinn,38,4,1.0,1.0,3.2259145,2.2259145
55,Ross Barkley,34,16,1.0,1.0,2.9787278,1.9787278
55,Ross Barkley,35,84,1.0,1.0,2.7410314,1.7410314
55,Ross Barkley,36,79,9.0,9.0,2.4119325,6.5880675
55,Ross Barkley,37,45,1.0,1.0,3.2017403,2.2017403
55,Ross Barkley,38,85,5.0,5.0,2.4996,2.5004
56,Enzo Barrenechea,34,0,0.0,0.0,1.4708701,1.4708701
56,Enzo Barrenechea,35,0,0.0,0.0,1.6380678,1.6380678
56,Enzo Barrenechea,36,0,0.0,0.0,1.6107408,1.6107408
56,Enzo Barrenechea,37,0,0.0,0.0,1.481959,1.481959
56,Enzo Barrenechea,38,0,0.0,0.0,1.3257022,1.3257022
57,Lewis Dobbin,34,0,0.0,0.0,1.4708701,1.4708701
57,Lewis Dobbin,35,0,0.0,0.0,1.6380678,1.6380678
57,Lewis Dobbin,36,0,0.0,0.0,1.6107408,1.6107408
57,Lewis Dobbin,37,0,0.0,0.0,1.481959,1.481959
57,Lewis Dobbin,38,0,0.0,0.0,1.3257022,1.3257022
58,Boubacar Kamara,34,0,0.0,0.0,1.4604121,1.4604121
58,Boubacar Kamara,35,0,0.0,0.0,1.6276097,1.6276097
58,Boubacar Kamara,36,0,0.0,0.0,1.6002828,1.6002828
58,Boubacar Kamara,37,0,0.0,0.0,1.471501,1.471501
58,Boubacar Kamara,38,0,0.0,0.0,1.3150356,1.3150356
59,Amadou Onana,34,0,0.0,0.0,3.2244318,3.2244318
59,Amadou Onana,35,0,0.0,0.0,2.8335748,2.8335748
59,Amadou Onana,36,0,0.0,0.0,2.3341222,2.3341222
59,Amadou Onana,37,0,0.0,0.0,1.5481156,1.5481156
59,Amadou Onana,38,17,1.0,1.0,1.3081653,0.3081653
60,Ben Broggio,34,0,0.0,0.0,1.408122,1.408122
60,Ben Broggio,35,0,0.0,0.0,1.5753196,1.5753196
60,Ben Broggio,36,0,0.0,0.0,1.5479927,1.5479927
60,Ben Broggio,37,0,0.0,0.0,1.4192108,1.4192108
60,Ben Broggio,38,0,0.0,0.0,1.2624688,1.2624688
61,Leander Dendoncker,34,0,0.0,0.0,1.41858,1.41858
61,Leander Dendoncker,35,0,0.0,0.0,1.5857775,1.5857775
61,Leander Dendoncker,36,0,0.0,0.0,1.5584506,1.5584506
61,Leander Dendoncker,37,0,0.0,0.0,1.4296688,1.4296688
61,Leander Dendoncker,38,0,0.0,0.0,1.2729268,1.2729268
62,Jamaldeen Jimoh-Aloba,34,0,0.0,0.0,1.41858,1.41858
62,Jamaldeen Jimoh-Aloba,35,0,0.0,0.0,1.5857775,1.5857775
62,Jamaldeen Jimoh-Aloba,36,0,0.0,0.0,1.5584506,1.5584506
62,Jamaldeen Jimoh-Aloba,37,0,0.0,0.0,1.4296688,1.4296688
62,Jamaldeen Jimoh-Aloba,38,0,0.0,0.0,1.2729268,1.2729268
63,Kadan Young,34,0,0.0,0.0,1.397664,1.397664
63,Kadan Young,35,0,0.0,0.0,1.5648615,1.5648615
63,Kadan Young,36,0,0.0,0.0,1.5375346,1.5375346
63,Kadan Young,37,0,0.0,0.0,1.4087528,1.4087528
63,Kadan Young,38,0,0.0,0.0,1.2520107,1.2520107
64,Ollie Watkins,34,79,2.0,2.0,4.437896,2.4378958
64,Ollie Watkins,35,30,1.0,1.0,4.168721,3.1687212
64,Ollie Watkins,36,90,9.0,9.0,3.5511806,5.448819
64,Ollie Watkins,37,90,15.0,15.0,3.7234051,11.276595
64,Ollie Watkins,38,90,13.0,13.0,4.4433427,8.556658
65,Zépiqueno Redmond,34,0,0.0,0.0,1.4461774,1.4461774
65,Zépiqueno Redmond,35,0,0.0,0.0,1.613375,1.613375
65,Zépiqueno Redmond,36,0,0.0,0.0,1.586048,1.586048
65,Zépiqueno Redmond,37,0,0.0,0.0,1.4572662,1.4572662
65,Zépiqueno Redmond,38,0,0.0,0.0,1.3005242,1.3005242
83,Dango Ouattara,34,90,1.0,1.0,3.605757,2.605757
83,Dango Ouattara,35,89,6.0,6.0,4.138656,1.8613439
83,Dango Ouattara,36,22,1.0,1.0,3.437673,2.437673
83,Dango Ouattara,37,90,15.0,15.0,3.3789246,11.621076
83,Dango Ouattara,38,90,2.0,2.0,4.080056,2.0800562
101,Caoimhín Kelleher,34,90,2.0,2.0,2.9854617,0.9854617
101,Caoimhín Kelleher,35,90,8.0,8.0,3.31818,4.68182
101,Caoimhín Kelleher,36,90,3.0,3.0,2.9929194,0.007080555
101,Caoimhín Kelleher,37,90,2.0,2.0,3.2285204,1.2285204
101,Caoimhín Kelleher,38,90,6.0,6.0,2.9971166,3.0028834
102,Ellery Balcombe,34,0,0.0,0.0,1.667701,1.667701
102,Ellery Balcombe,35,0,0.0,0.0,1.9905771,1.9905771
102,Ellery Balcombe,36,0,0.0,0.0,1.6748022,1.6748022
102,Ellery Balcombe,37,0,0.0,0.0,1.9001127,1.9001127
102,Ellery Balcombe,38,0,0.0,0.0,1.7423867,1.7423867
103,Matthew Cox,34,0,0.0,0.0,1.667701,1.667701
103,Matthew Cox,35,0,0.0,0.0,1.9905771,1.9905771
103,Matthew Cox,36,0,0.0,0.0,1.6748022,1.6748022
103,Matthew Cox,37,0,0.0,0.0,1.9001127,1.9001127
103,Matthew Cox,38,0,0.0,0.0,1.7423867,1.7423867
104,Julian Eyestone,34,0,0.0,0.0,1.667701,1.667701
104,Julian Eyestone,35,0,0.0,0.0,1.9905771,1.9905771
104,Julian Eyestone,36,0,0.0,0.0,1.6748022,1.6748022
104,Julian Eyestone,37,0,0.0,0.0,1.9001127,1.9001127
104,Julian Eyestone,38,0,0.0,0.0,1.7423867,1.7423867
105,Hákon Rafn Valdimarsson,34,0,0.0,0.0,1.6572429,1.6572429
105,Hákon Rafn Valdimarsson,35,0,0.0,0.0,1.9801191,1.9801191
105,Hákon Rafn Valdimarsson,36,0,0.0,0.0,1.6643442,1.6643442
105,Hákon Rafn Valdimarsson,37,0,0.0,0.0,1.8896548,1.8896548
105,Hákon Rafn Valdimarsson,38,0,0.0,0.0,1.7319285,1.7319285
106,Nathan Collins,34,90,2.0,2.0,3.18567,1.1856699
106,Nathan Collins,35,90,6.0,6.0,3.3893259,2.6106741
106,Nathan Collins,36,90,1.0,1.0,3.0797248,2.0797248
106,Nathan Collins,37,90,3.0,3.0,3.1320126,0.1320126
106,Nathan Collins,38,90,3.0,3.0,3.2028775,0.20287752
107,Keane Lewis-Potter,34,90,1.0,1.0,3.2851775,2.2851775
107,Keane Lewis-Potter,35,90,11.0,11.0,3.6511326,7.3488674
107,Keane Lewis-Potter,36,90,1.0,1.0,3.536357,2.536357
107,Keane Lewis-Potter,37,90,1.0,1.0,3.3085756,2.3085756
107,Keane Lewis-Potter,38,88,5.0,5.0,3.044348,1.955652
108,Kristoffer Ajer,34,0,0.0,0.0,1.343178,1.343178
108,Kristoffer Ajer,35,10,1.0,1.0,1.706199,0.70619905
108,Kristoffer Ajer,36,90,2.0,2.0,1.4366602,0.5633398
108,Kristoffer Ajer,37,81,3.0,3.0,2.3228939,0.67710614
108,Kristoffer Ajer,38,0,0.0,0.0,2.5419474,2.5419474
109,Rico Henry,34,0,0.0,0.0,1.3765191,1.3765191
109,Rico Henry,35,0,0.0,0.0,1.7143072,1.7143072
109,Rico Henry,36,0,0.0,0.0,1.3985323,1.3985323
109,Rico Henry,37,0,0.0,0.0,1.6238428,1.6238428
109,Rico Henry,38,0,0.0,0.0,1.4661167,1.4661167
110,Michael Kayode,34,90,1.0,1.0,2.976561,1.9765611
110,Michael Kayode,35,90,5.0,5.0,3.6605444,1.3394556
110,Michael Kayode,36,90,1.0,1.0,2.7932367,1.7932367
110,Michael Kayode,37,90,0.0,0.0,2.9971733,2.9971733
110,Michael Kayode,38,90,2.0,2.0,2.576744,0.5767441
111,Ethan Pinnock,34,0,0.0,0.0,1.5590814,1.5590814
111,Ethan Pinnock,35,0,0.0,0.0,1.7485086,1.7485086
111,Ethan Pinnock,36,0,0.0,0.0,1.4154142,1.4154142
111,Ethan Pinnock,37,0,0.0,0.0,1.6133848,1.6133848
111,Ethan Pinnock,38,0,0.0,0.0,1.4556587,1.4556587
112,Mads Roerslev Rasmussen,34,0,0.0,0.0,1.4123471,1.4123471
112,Mads Roerslev Rasmussen,35,0,0.0,0.0,1.7352232,1.7352232
112,Mads Roerslev Rasmussen,36,0,0.0,0.0,1.4194484,1.4194484
112,Mads Roerslev Rasmussen,37,0,0.0,0.0,1.6447588,1.6447588
112,Mads Roerslev Rasmussen,38,0,0.0,0.0,1.4870328,1.4870328
113,Sepp van den Berg,34,90,0.0,0.0,2.9962368,2.9962368
113,Sepp van den Berg,35,90,6.0,6.0,3.2159436,2.7840564
113,Sepp van den Berg,36,0,0.0,0.0,3.15584,3.15584
113,Sepp van den Berg,37,8,4.0,4.0,2.6538296,1.3461704
113,Sepp van den Berg,38,90,4.0,4.0,2.7842693,1.2157307
114,Benjamin Arthur,34,0,0.0,0.0,1.3391409,1.3391409
114,Benjamin Arthur,35,0,0.0,0.0,1.662017,1.662017
114,Benjamin Arthur,36,0,0.0,0.0,1.3462422,1.3462422
114,Benjamin Arthur,37,0,0.0,0.0,1.5715528,1.5715528
114,Benjamin Arthur,38,0,0.0,0.0,1.4138266,1.4138266
115,Benjamin Fredrick,34,0,0.0,0.0,1.360057,1.360057
115,Benjamin Fredrick,35,0,0.0,0.0,1.6829332,1.6829332
115,Benjamin Fredrick,36,0,0.0,0.0,1.3671583,1.3671583
115,Benjamin Fredrick,37,0,0.0,0.0,1.5924687,1.5924687
115,Benjamin Fredrick,38,0,0.0,0.0,1.4347426,1.4347426
116,Aaron Hickey,34,0,0.0,0.0,1.360057,1.360057
116,Aaron Hickey,35,1,1.0,1.0,1.6829332,0.6829332
116,Aaron Hickey,36,60,2.0,2.0,1.3893723,0.61062765
116,Aaron Hickey,37,0,0.0,0.0,2.0177867,2.0177867
116,Aaron Hickey,38,30,1.0,1.0,1.6034006,0.6034006
117,Kim Ji-soo,34,0,0.0,0.0,1.349599,1.349599
117,Kim Ji-soo,35,0,0.0,0.0,1.672475,1.672475
117,Kim Ji-soo,36,0,0.0,0.0,1.3567003,1.3567003
117,Kim Ji-soo,37,0,0.0,0.0,1.5820107,1.5820107
117,Kim Ji-soo,38,0,0.0,0.0,1.4242846,1.4242846
118,Jayden Meghoma,34,0,0.0,0.0,1.360057,1.360057
118,Jayden Meghoma,35,0,0.0,0.0,1.6829332,1.6829332
118,Jayden Meghoma,36,0,0.0,0.0,1.3671583,1.3671583
118,Jayden Meghoma,37,0,0.0,0.0,1.5924687,1.5924687
118,Jayden Meghoma,38,0,0.0,0.0,1.4347426,1.4347426
119,Bryan Mbeumo,34,73,3.0,3.0,3.078054,0.07805395
119,Bryan Mbeumo,35,74,2.0,2.0,2.8122091,0.8122091
119,Bryan Mbeumo,36,15,1.0,1.0,3.5959218,2.5959218
119,Bryan Mbeumo,37,79,7.0,7.0,2.997138,4.002862
119,Bryan Mbeumo,38,73,9.0,9.0,4.214563,4.785437
120,Kevin Schade,34,72,2.0,2.0,3.4264526,1.4264526
120,Kevin Schade,35,79,3.0,3.0,3.384283,0.38428307
120,Kevin Schade,36,90,2.0,2.0,3.00632,1.00632
120,Kevin Schade,37,27,1.0,1.0,3.2098632,2.2098632
120,Kevin Schade,38,90,7.0,7.0,2.4361553,4.5638447
121,Mikkel Damsgaard,34,90,2.0,2.0,2.469643,0.46964312
121,Mikkel Damsgaard,35,90,11.0,11.0,3.389275,7.610725
121,Mikkel Damsgaard,36,68,4.0,4.0,3.4858096,0.51419044
121,Mikkel Damsgaard,37,90,2.0,2.0,3.3845835,1.3845835
121,Mikkel Damsgaard,38,7,1.0,1.0,3.4425733,2.4425733
122,Antoni Milambo,34,0,0.0,0.0,1.3543757,1.3543757
122,Antoni Milambo,35,0,0.0,0.0,1.6772517,1.6772517
122,Antoni Milambo,36,0,0.0,0.0,1.3614769,1.3614769
122,Antoni Milambo,37,0,0.0,0.0,1.5867875,1.5867875
122,Antoni Milambo,38,0,0.0,0.0,1.4290613,1.4290613
123,Fábio Freitas Gouveia Carvalho,34,0,0.0,0.0,1.2916275,1.2916275
123,Fábio Freitas Gouveia Carvalho,35,0,0.0,0.0,1.6145035,1.6145035
123,Fábio Freitas Gouveia Carvalho,36,0,0.0,0.0,1.2987288,1.2987288
123,Fábio Freitas Gouveia Carvalho,37,0,0.0,0.0,1.5240394,1.5240394
123,Fábio Freitas Gouveia Carvalho,38,0,0.0,0.0,1.3663132,1.3663132
124,Jordan Henderson,34,0,0.0,0.0,1.6384271,1.6384271
124,Jordan Henderson,35,0,0.0,0.0,1.7139574,1.7139574
124,Jordan Henderson,36,11,0.0,0.0,1.3397344,1.3397344
124,Jordan Henderson,37,27,1.0,1.0,1.6232225,0.6232225
124,Jordan Henderson,38,59,0.0,0.0,1.5539409,1.5539409
125,Vitaly Janelt,34,0,0.0,0.0,1.3230015,1.3230015
125,Vitaly Janelt,35,0,0.0,0.0,1.6458777,1.6458777
125,Vitaly Janelt,36,29,1.0,1.0,1.3301028,0.3301028
125,Vitaly Janelt,37,62,2.0,2.0,1.6930226,0.3069774
125,Vitaly Janelt,38,90,1.0,1.0,2.0177486,1.0177486
126,Mathias Jensen,34,90,10.0,10.0,3.412426,6.587574
126,Mathias Jensen,35,90,3.0,3.0,3.7741299,0.77412987
126,Mathias Jensen,36,90,4.0,4.0,3.3737469,0.6262531
126,Mathias Jensen,37,62,2.0,2.0,3.5227718,1.5227718
126,Mathias Jensen,38,82,2.0,2.0,3.199455,1.199455
127,Gustavo Nunes Fernandes Gomes,34,0,0.0,0.0,1.3230015,1.3230015
127,Gustavo Nunes Fernandes Gomes,35,0,0.0,0.0,1.6458777,1.6458777
127,Gustavo Nunes Fernandes Gomes,36,0,0.0,0.0,1.3301028,1.3301028
127,Gustavo Nunes Fernandes Gomes,37,0,0.0,0.0,1.5554134,1.5554134
127,Gustavo Nunes Fernandes Gomes,38,0,0.0,0.0,1.3976873,1.3976873
128,Frank Onyeka,34,0,0.0,0.0,1.3125436,1.3125436
128,Frank Onyeka,35,0,0.0,0.0,1.6354197,1.6354197
128,Frank Onyeka,36,0,0.0,0.0,1.3196449,1.3196449
128,Frank Onyeka,37,0,0.0,0.0,1.5449554,1.5449554
128,Frank Onyeka,38,0,0.0,0.0,1.3872292,1.3872292
129,Yehor Yarmoliuk,34,90,4.0,4.0,2.333813,1.666187
129,Yehor Yarmoliuk,35,90,3.0,3.0,2.9667697,0.033230305
129,Yehor Yarmoliuk,36,78,2.0,2.0,2.8002484,0.8002484
129,Yehor Yarmoliuk,37,88,8.0,8.0,3.0154839,4.984516
129,Yehor Yarmoliuk,38,0,0.0,0.0,3.135204,3.135204
130,Romelle Donovan,34,0,0.0,0.0,1.2707115,1.2707115
130,Romelle Donovan,35,0,0.0,0.0,1.5935875,1.5935875
130,Romelle Donovan,36,0,0.0,0.0,1.2778127,1.2778127
130,Romelle Donovan,37,0,0.0,0.0,1.5031233,1.5031233
130,Romelle Donovan,38,0,0.0,0.0,1.3453971,1.3453971
131,Yunus Emre Konak,34,0,0.0,0.0,1.2602535,1.2602535
131,Yunus Emre Konak,35,0,0.0,0.0,1.5831295,1.5831295
131,Yunus Emre Konak,36,0,0.0,0.0,1.2673547,1.2673547
131,Yunus Emre Konak,37,0,0.0,0.0,1.4926653,1.4926653
131,Yunus Emre Konak,38,0,0.0,0.0,1.3349391,1.3349391
132,Paris Maghoma,34,0,0.0,0.0,1.2811695,1.2811695
132,Paris Maghoma,35,0,0.0,0.0,1.6040455,1.6040455
132,Paris Maghoma,36,0,0.0,0.0,1.2882708,1.2882708
132,Paris Maghoma,37,0,0.0,0.0,1.5135813,1.5135813
132,Paris Maghoma,38,0,0.0,0.0,1.3558551,1.3558551
133,Myles Peart-Harris,34,0,0.0,0.0,1.2707115,1.2707115
133,Myles Peart-Harris,35,0,0.0,0.0,1.5935875,1.5935875
133,Myles Peart-Harris,36,0,0.0,0.0,1.2778127,1.2778127
133,Myles Peart-Harris,37,0,0.0,0.0,1.5031233,1.5031233
133,Myles Peart-Harris,38,0,0.0,0.0,1.3453971,1.3453971
134,Ryan Trevitt,34,0,0.0,0.0,1.2811695,1.2811695
134,Ryan Trevitt,35,0,0.0,0.0,1.6040455,1.6040455
134,Ryan Trevitt,36,0,0.0,0.0,1.2882708,1.2882708
134,Ryan Trevitt,37,0,0.0,0.0,1.5135813,1.5135813
134,Ryan Trevitt,38,0,0.0,0.0,1.3558551,1.3558551
135,Yoane Wissa,34,24,1.0,1.0,1.5436692,0.5436692
135,Yoane Wissa,35,22,3.0,3.0,2.034877,0.96512294
135,Yoane Wissa,36,19,1.0,1.0,2.2036734,1.2036734
135,Yoane Wissa,37,5,1.0,1.0,2.1336,1.1336
135,Yoane Wissa,38,24,0.0,0.0,1.8395215,1.8395215
136,Igor Thiago Nascimento Rodrigues,34,90,1.0,1.0,3.6139274,2.6139274
136,Igor Thiago Nascimento Rodrigues,35,90,6.0,6.0,3.7438288,2.2561712
136,Igor Thiago Nascimento Rodrigues,36,90,2.0,2.0,3.9913602,1.9913602
136,Igor Thiago Nascimento Rodrigues,37,90,2.0,2.0,4.04664,2.04664
136,Igor Thiago Nascimento Rodrigues,38,90,2.0,2.0,3.473742,1.473742
137,Iwan Morgan,34,0,0.0,0.0,1.2983088,1.2983088
137,Iwan Morgan,35,0,0.0,0.0,1.6214532,1.6214532
137,Iwan Morgan,36,0,0.0,0.0,1.3054101,1.3054101
137,Iwan Morgan,37,0,0.0,0.0,1.5307206,1.5307206
137,Iwan Morgan,38,0,0.0,0.0,1.3729944,1.3729944
242,Kiernan Dewsbury-Hall,34,90,8.0,8.0,3.7999845,4.2000155
242,Kiernan Dewsbury-Hall,35,90,2.0,2.0,3.5160573,1.5160573
242,Kiernan Dewsbury-Hall,36,90,5.0,5.0,3.3927965,1.6072035
242,Kiernan Dewsbury-Hall,37,90,2.0,2.0,3.9060674,1.9060674
242,Kiernan Dewsbury-Hall,38,83,2.0,2.0,3.8805938,1.8805938
243,Tyrique George,34,25,1.0,1.0,1.7565036,0.7565036
243,Tyrique George,35,0,0.0,0.0,1.9671336,1.9671336
243,Tyrique George,36,10,1.0,1.0,1.6556762,0.65567625
243,Tyrique George,37,17,1.0,1.0,1.6925446,0.6925446
243,Tyrique George,38,28,1.0,1.0,1.858499,0.85849905
253,Dean Henderson,37,90,0.0,0.0,3.3569546,3.3569546
253,Dean Henderson,38,90,2.0,2.0,2.9767075,0.97670746
254,Walter Benítez,37,0,0.0,0.0,1.8839015,1.8839015
254,Walter Benítez,38,0,0.0,0.0,1.7109311,1.7109311
255,Remi Matthews,37,0,0.0,0.0,1.8839015,1.8839015
255,Remi Matthews,38,0,0.0,0.0,1.7109311,1.7109311
256,Daniel Muñoz Mejía,37,90,6.0,6.0,3.6611657,2.3388343
256,Daniel Muñoz Mejía,38,45,1.0,1.0,3.5636027,2.5636027
257,Maxence Lacroix,37,60,2.0,2.0,3.8838725,1.8838725
257,Maxence Lacroix,38,0,0.0,0.0,3.3211336,3.3211336
258,Tyrick Mitchell,37,90,1.0,1.0,3.6986134,2.6986134
258,Tyrick Mitchell,38,45,1.0,1.0,3.2887163,2.2887163
259,Borna Sosa,37,0,0.0,0.0,1.6872333,1.6872333
259,Borna Sosa,38,0,0.0,0.0,1.4880034,1.4880034
261,Chris Richards,37,29,0.0,0.0,3.6948214,3.6948214
261,Chris Richards,38,0,0.0,0.0,2.5588264,2.5588264
262,Chadi Riad Dnanou,37,73,2.0,2.0,1.8307574,0.16924262
262,Chadi Riad Dnanou,38,90,3.0,3.0,2.0333118,0.96668816
263,Nathaniel Clyne,37,0,0.0,0.0,1.646617,1.646617
263,Nathaniel Clyne,38,90,1.0,1.0,1.4148369,0.41483688
264,Rob Holding,37,0,0.0,0.0,1.5762575,1.5762575
264,Rob Holding,38,0,0.0,0.0,1.4032872,1.4032872
265,Caleb Kporha,37,0,0.0,0.0,1.5762575,1.5762575
265,Caleb Kporha,38,0,0.0,0.0,1.4032872,1.4032872
266,Eberechi Eze,37,72,3.0,3.0,3.0249324,0.024932384
266,Eberechi Eze,38,15,1.0,1.0,3.3394766,2.3394766
267,Ismaïla Sarr,37,90,7.0,7.0,4.1291738,2.8708262
267,Ismaïla Sarr,38,45,1.0,1.0,4.062804,3.0628042
268,Cheick Doucouré,37,0,0.0,0.0,1.5392021,1.5392021
268,Cheick Doucouré,38,0,0.0,0.0,1.3662318,1.3662318
269,Romain Esse,37,0,0.0,0.0,1.5182861,1.5182861
269,Romain Esse,38,0,0.0,0.0,1.3453158,1.3453158
270,Will Hughes,37,0,0.0,0.0,2.005729,2.005729
270,Will Hughes,38,90,2.0,2.0,1.5629452,0.43705475
271,Daichi Kamada,37,90,4.0,4.0,2.9783716,1.0216284
271,Daichi Kamada,38,45,1.0,1.0,3.0303984,2.0303984
272,Jefferson Lerma Solís,37,16,0.0,0.0,2.6666894,2.6666894
272,Jefferson Lerma Solís,38,90,4.0,4.0,1.9528505,2.0471497
273,Adam Wharton,37,90,11.0,11.0,3.254806,7.745194
273,Adam Wharton,38,16,1.0,1.0,3.3799367,2.3799367
274,Asher Agbinone,37,0,0.0,0.0,1.476454,1.476454
274,Asher Agbinone,38,0,0.0,0.0,1.3034837,1.3034837
275,Naouirou Ahamada,37,0,0.0,0.0,1.476454,1.476454
275,Naouirou Ahamada,38,0,0.0,0.0,1.3034837,1.3034837
276,Justin Devenny,37,0,0.0,0.0,1.7955178,1.7955178
276,Justin Devenny,38,90,2.0,2.0,1.4170338,0.5829662
277,Malcolm Ebiowei,37,0,0.0,0.0,1.49737,1.49737
277,Malcolm Ebiowei,38,0,0.0,0.0,1.3243998,1.3243998
278,Jesurun Rak-Sakyi,37,0,0.0,0.0,1.486912,1.486912
278,Jesurun Rak-Sakyi,38,0,0.0,0.0,1.3139417,1.3139417
279,Matheus França de Oliveira,37,0,0.0,0.0,1.49737,1.49737
279,Matheus França de Oliveira,38,0,0.0,0.0,1.3243998,1.3243998
280,David Ozoh,37,0,0.0,0.0,1.49737,1.49737
280,David Ozoh,38,0,0.0,0.0,1.3243998,1.3243998
281,Kaden Rodney,37,0,0.0,0.0,1.486912,1.486912
281,Kaden Rodney,38,0,0.0,0.0,1.3139417,1.3139417
282,Franco Umeh-Chibueze,37,0,0.0,0.0,1.49737,1.49737
282,Franco Umeh-Chibueze,38,0,0.0,0.0,1.3243998,1.3243998
283,Jean-Philippe Mateta,37,29,1.0,1.0,3.6348863,2.6348863
283,Jean-Philippe Mateta,38,13,6.0,6.0,2.4238348,3.5761652
284,Eddie Nketiah,37,0,0.0,0.0,1.6190895,1.6190895
284,Eddie Nketiah,38,0,0.0,0.0,1.4461193,1.4461193
285,Odsonne Édouard,37,0,0.0,0.0,1.5772575,1.5772575
285,Odsonne Édouard,38,0,0.0,0.0,1.4042871,1.4042871
286,Zach Marsh,37,0,0.0,0.0,1.5145093,1.5145093
286,Zach Marsh,38,0,0.0,0.0,1.341539,1.341539
287,Jordan Pickford,34,90,1.0,1.0,3.1885684,2.1885684
287,Jordan Pickford,35,90,1.0,1.0,3.0742807,2.0742807
287,Jordan Pickford,36,90,3.0,3.0,3.2508097,0.25080967
287,Jordan Pickford,37,90,1.0,1.0,3.3390539,2.3390539
287,Jordan Pickford,38,90,2.0,2.0,3.3151767,1.3151767
288,Mark Travers,34,0,0.0,0.0,1.9653264,1.9653264
288,Mark Travers,35,0,0.0,0.0,1.827867,1.827867
288,Mark Travers,36,0,0.0,0.0,1.8748621,1.8748621
288,Mark Travers,37,0,0.0,0.0,2.0077271,2.0077271
288,Mark Travers,38,0,0.0,0.0,1.9624025,1.9624025
289,Harry Tyrer,34,0,0.0,0.0,1.9339523,1.9339523
289,Harry Tyrer,35,0,0.0,0.0,1.7964929,1.7964929
289,Harry Tyrer,36,0,0.0,0.0,1.843488,1.843488
289,Harry Tyrer,37,0,0.0,0.0,1.9763533,1.9763533
289,Harry Tyrer,38,0,0.0,0.0,1.9310282,1.9310282
290,Jarrad Branthwaite,34,0,0.0,0.0,2.799562,2.799562
290,Jarrad Branthwaite,35,0,0.0,0.0,2.1374204,2.1374204
290,Jarrad Branthwaite,36,0,0.0,0.0,1.8947307,1.8947307
290,Jarrad Branthwaite,37,0,0.0,0.0,1.9342462,1.9342462
290,Jarrad Branthwaite,38,0,0.0,0.0,1.7503375,1.7503375
291,James Tarkowski,34,90,3.0,3.0,3.373717,0.37371707
291,James Tarkowski,35,90,0.0,0.0,3.2895555,3.2895555
291,James Tarkowski,36,90,15.0,15.0,3.271293,11.728707
291,James Tarkowski,37,90,3.0,3.0,3.956201,0.9562011
291,James Tarkowski,38,90,3.0,3.0,3.8662004,0.86620045
292,Vitalii Mykolenko,34,90,1.0,1.0,3.2499585,2.2499585
292,Vitalii Mykolenko,35,90,1.0,1.0,3.0003054,2.0003054
292,Vitalii Mykolenko,36,90,0.0,0.0,3.1286306,3.1286306
292,Vitalii Mykolenko,37,90,1.0,1.0,2.9470582,1.9470582
292,Vitalii Mykolenko,38,90,2.0,2.0,2.9647527,0.9647527
293,Jake O'Brien,34,64,1.0,1.0,3.1805186,2.1805186
293,Jake O'Brien,35,90,6.0,6.0,2.8432922,3.1567078
293,Jake O'Brien,36,90,1.0,1.0,3.2508438,2.2508438
293,Jake O'Brien,37,87,0.0,0.0,3.0187876,3.0187876
293,Jake O'Brien,38,61,1.0,1.0,3.3078563,2.3078563
294,Séamus Coleman,34,0,0.0,0.0,1.6472245,1.6472245
294,Séamus Coleman,35,0,0.0,0.0,1.509765,1.509765
294,Séamus Coleman,36,0,0.0,0.0,1.5567601,1.5567601
294,Séamus Coleman,37,2,1.0,1.0,1.6896251,0.68962514
294,Séamus Coleman,38,6,1.0,1.0,1.7069087,0.7069087
295,Michael Keane,34,90,1.0,1.0,2.187993,1.187993
295,Michael Keane,35,90,2.0,2.0,2.5016258,0.5016258
295,Michael Keane,36,90,1.0,1.0,2.6287887,1.6287887
295,Michael Keane,37,90,4.0,4.0,3.093169,0.906831
295,Michael Keane,38,90,4.0,4.0,3.230617,0.76938295
296,Nathan Patterson,34,0,0.0,0.0,1.6681405,1.6681405
296,Nathan Patterson,35,1,1.0,1.0,1.530681,0.530681
296,Nathan Patterson,36,0,0.0,0.0,1.6197942,1.6197942
296,Nathan Patterson,37,0,0.0,0.0,1.7280668,1.7280668
296,Nathan Patterson,38,0,0.0,0.0,1.670601,1.670601
297,Roman Dixon,34,0,0.0,0.0,1.6053923,1.6053923
297,Roman Dixon,35,0,0.0,0.0,1.4679329,1.4679329
297,Roman Dixon,36,0,0.0,0.0,1.514928,1.514928
297,Roman Dixon,37,0,0.0,0.0,1.6477932,1.6477932
297,Roman Dixon,38,0,0.0,0.0,1.6024684,1.6024684
298,Reece Welch,34,0,0.0,0.0,1.6053923,1.6053923
298,Reece Welch,35,0,0.0,0.0,1.4679329,1.4679329
298,Reece Welch,36,0,0.0,0.0,1.514928,1.514928
298,Reece Welch,37,0,0.0,0.0,1.6477932,1.6477932
298,Reece Welch,38,0,0.0,0.0,1.6024684,1.6024684
299,Iliman Ndiaye,34,90,2.0,2.0,3.7870421,1.7870421
299,Iliman Ndiaye,35,90,2.0,2.0,3.3874848,1.3874848
299,Iliman Ndiaye,36,90,2.0,2.0,4.056972,2.056972
299,Iliman Ndiaye,37,90,2.0,2.0,3.9968224,1.9968224
299,Iliman Ndiaye,38,90,2.0,2.0,3.607846,1.607846
300,Dwight McNeil,34,64,2.0,2.0,3.37988,1.37988
300,Dwight McNeil,35,0,0.0,0.0,3.3296719,3.3296719
300,Dwight McNeil,36,0,0.0,0.0,2.399632,2.399632
300,Dwight McNeil,37,2,1.0,1.0,2.0263329,1.0263329
300,Dwight McNeil,38,0,0.0,0.0,1.7996601,1.7996601
301,Carlos Alcaraz Durán,34,4,0.0,0.0,1.620627,1.620627
301,Carlos Alcaraz Durán,35,1,1.0,1.0,1.5303158,0.53031576
301,Carlos Alcaraz Durán,36,1,1.0,1.0,1.6022323,0.60223234
301,Carlos Alcaraz Durán,37,0,0.0,0.0,1.7368908,1.7368908
301,Carlos Alcaraz Durán,38,6,1.0,1.0,1.631909,0.631909
302,Idrissa Gana Gueye,34,85,2.0,2.0,3.4474897,1.4474897
302,Idrissa Gana Gueye,35,0,0.0,0.0,3.5020368,3.5020368
302,Idrissa Gana Gueye,36,0,0.0,0.0,2.840904,2.840904
302,Idrissa Gana Gueye,37,0,0.0,0.0,2.2821953,2.2821953
302,Idrissa Gana Gueye,38,0,0.0,0.0,1.613427,1.613427
303,James Garner,34,90,3.0,3.0,3.4878426,0.48784256
303,James Garner,35,90,5.0,5.0,3.2455606,1.7544394
303,James Garner,36,90,1.0,1.0,3.548469,2.548469
303,James Garner,37,90,1.0,1.0,3.5861917,2.5861917
303,James Garner,38,90,4.0,4.0,3.5447683,0.45523167
304,Tim Iroegbunam,34,25,1.0,1.0,1.6423253,0.6423253
304,Tim Iroegbunam,35,90,2.0,2.0,1.6505755,0.34942448
304,Tim Iroegbunam,36,90,2.0,2.0,2.1276941,0.12769413
304,Tim Iroegbunam,37,72,1.0,1.0,2.5036864,1.5036864
304,Tim Iroegbunam,38,83,4.0,4.0,2.5191808,1.4808192
305,Harrison Armstrong,34,0,0.0,0.0,1.5284507,1.5284507
305,Harrison Armstrong,35,1,1.0,1.0,1.383049,0.383049
305,Harrison Armstrong,36,0,0.0,0.0,1.4792873,1.4792873
305,Harrison Armstrong,37,0,0.0,0.0,1.5977559,1.5977559
305,Harrison Armstrong,38,28,1.0,1.0,1.5458121,0.54581213
306,Callum Bates,34,0,0.0,0.0,1.5265049,1.5265049
306,Callum Bates,35,0,0.0,0.0,1.3890455,1.3890455
306,Callum Bates,36,0,0.0,0.0,1.4360405,1.4360405
306,Callum Bates,37,0,0.0,0.0,1.5689057,1.5689057
306,Callum Bates,38,0,0.0,0.0,1.5235809,1.5235809
307,Coby Ebere,34,0,0.0,0.0,1.536963,1.536963
307,Coby Ebere,35,0,0.0,0.0,1.3995034,1.3995034
307,Coby Ebere,36,0,0.0,0.0,1.4464985,1.4464985
307,Coby Ebere,37,0,0.0,0.0,1.5793637,1.5793637
307,Coby Ebere,38,0,0.0,0.0,1.5340389,1.5340389
308,Isaac Heath,34,0,0.0,0.0,1.5474209,1.5474209
308,Isaac Heath,35,0,0.0,0.0,1.4099615,1.4099615
308,Isaac Heath,36,0,0.0,0.0,1.4569566,1.4569566
308,Isaac Heath,37,0,0.0,0.0,1.5898217,1.5898217
308,Isaac Heath,38,0,0.0,0.0,1.5444969,1.5444969
309,Jenson Metcalfe,34,0,0.0,0.0,1.5474209,1.5474209
309,Jenson Metcalfe,35,0,0.0,0.0,1.4099615,1.4099615
309,Jenson Metcalfe,36,0,0.0,0.0,1.4569566,1.4569566
309,Jenson Metcalfe,37,0,0.0,0.0,1.5898217,1.5898217
309,Jenson Metcalfe,38,0,0.0,0.0,1.5444969,1.5444969
310,Thierno Barry,34,90,2.0,2.0,1.7220148,0.27798522
310,Thierno Barry,35,26,11.0,11.0,2.485618,8.514381
310,Thierno Barry,36,20,1.0,1.0,3.5063047,2.5063047
310,Thierno Barry,37,17,1.0,1.0,2.9228513,1.9228513
310,Thierno Barry,38,83,2.0,2.0,2.62879,0.6287899
311,Norberto Bercique Gomes Betuncal,34,0,0.0,0.0,3.9360614,3.9360614
311,Norberto Bercique Gomes Betuncal,35,63,1.0,1.0,2.8663752,1.8663752
311,Norberto Bercique Gomes Betuncal,36,69,8.0,8.0,3.1323164,4.8676834
311,Norberto Bercique Gomes Betuncal,37,72,2.0,2.0,3.4063926,1.4063926
311,Norberto Bercique Gomes Betuncal,38,6,1.0,1.0,3.0478578,2.0478578
312,Youssef Ramalho Chermiti,34,0,0.0,0.0,1.6168503,1.6168503
312,Youssef Ramalho Chermiti,35,0,0.0,0.0,1.4793909,1.4793909
312,Youssef Ramalho Chermiti,36,0,0.0,0.0,1.526386,1.526386
312,Youssef Ramalho Chermiti,37,0,0.0,0.0,1.6592511,1.6592511
312,Youssef Ramalho Chermiti,38,0,0.0,0.0,1.6146816,1.6146816
313,Martin Sherif,34,0,0.0,0.0,1.5645603,1.5645603
313,Martin Sherif,35,0,0.0,0.0,1.4271008,1.4271008
313,Martin Sherif,36,0,0.0,0.0,1.474096,1.474096
313,Martin Sherif,37,0,0.0,0.0,1.6069611,1.6069611
313,Martin Sherif,38,0,0.0,0.0,1.5620657,1.5620657
314,Bernd Leno,34,90,7.0,7.0,3.104642,3.895358
314,Bernd Leno,35,90,3.0,3.0,2.871965,0.12803507
314,Bernd Leno,36,90,3.0,3.0,3.1166968,0.116696835
314,Bernd Leno,37,90,2.0,2.0,3.12038,1.1203799
314,Bernd Leno,38,90,6.0,6.0,3.1113262,2.8886738
315,Steven Benda,34,0,0.0,0.0,1.8645838,1.8645838
315,Steven Benda,35,0,0.0,0.0,1.6336453,1.6336453
315,Steven Benda,36,0,0.0,0.0,1.8836473,1.8836473
315,Steven Benda,37,0,0.0,0.0,1.900917,1.900917
315,Steven Benda,38,0,0.0,0.0,1.8874735,1.8874735
316,Antonee Robinson,34,9,1.0,1.0,2.7126613,1.7126613
316,Antonee Robinson,35,90,1.0,1.0,2.0736704,1.0736704
316,Antonee Robinson,36,90,1.0,1.0,2.3116364,1.3116364
316,Antonee Robinson,37,90,12.0,12.0,2.5151873,9.484813
316,Antonee Robinson,38,90,6.0,6.0,3.3595805,2.6404195
317,Joachim Andersen,34,90,11.0,11.0,3.1205554,7.8794446
317,Joachim Andersen,35,90,3.0,3.0,3.0062952,0.006295204
317,Joachim Andersen,36,51,-2.0,-2.0,3.165525,5.165525
317,Joachim Andersen,37,0,0.0,0.0,2.733185,2.733185
317,Joachim Andersen,38,0,0.0,0.0,2.400648,2.400648
318,Calvin Bassey,34,90,6.0,6.0,2.8727508,3.1272492
318,Calvin Bassey,35,90,1.0,1.0,2.6888247,1.6888247
318,Calvin Bassey,36,90,2.0,2.0,2.9110017,0.9110017
318,Calvin Bassey,37,90,2.0,2.0,2.895739,0.8957391
318,Calvin Bassey,38,90,6.0,6.0,2.8515043,3.1484957
319,Timothy Castagne,34,90,5.0,5.0,2.7629876,2.2370124
319,Timothy Castagne,35,90,1.0,1.0,2.5794873,1.5794873
319,Timothy Castagne,36,82,2.0,2.0,3.172609,1.1726091
319,Timothy Castagne,37,90,5.0,5.0,3.0848675,1.9151325
319,Timothy Castagne,38,90,8.0,8.0,3.2124662,4.7875338
320,Issa Diop,34,0,0.0,0.0,1.525399,1.525399
320,Issa Diop,35,0,0.0,0.0,1.3469173,1.3469173
320,Issa Diop,36,45,1.0,1.0,1.5969194,0.5969194
320,Issa Diop,37,90,2.0,2.0,1.7568797,0.24312031
320,Issa Diop,38,85,15.0,15.0,2.2018697,12.79813
321,Jorge Cuenca Barreno,34,0,0.0,0.0,1.5778561,1.5778561
321,Jorge Cuenca Barreno,35,0,0.0,0.0,1.3469173,1.3469173
321,Jorge Cuenca Barreno,36,0,0.0,0.0,1.5969194,1.5969194
321,Jorge Cuenca Barreno,37,0,0.0,0.0,1.614189,1.614189
321,Jorge Cuenca Barreno,38,4,0.0,0.0,1.6007453,1.6007453
322,Kenny Tete,34,0,0.0,0.0,1.6275436,1.6275436
322,Kenny Tete,35,0,0.0,0.0,1.3588437,1.3588437
322,Kenny Tete,36,0,0.0,0.0,1.6178355,1.6178355
322,Kenny Tete,37,0,0.0,0.0,1.635105,1.635105
322,Kenny Tete,38,0,0.0,0.0,1.6216615,1.6216615
323,Samuel Amissah,34,0,0.0,0.0,1.525566,1.525566
323,Samuel Amissah,35,0,0.0,0.0,1.2946273,1.2946273
323,Samuel Amissah,36,0,0.0,0.0,1.5446295,1.5446295
323,Samuel Amissah,37,0,0.0,0.0,1.561899,1.561899
323,Samuel Amissah,38,0,0.0,0.0,1.5484554,1.5484554
324,Alex Iwobi,34,0,0.0,0.0,3.3425875,3.3425875
324,Alex Iwobi,35,0,0.0,0.0,2.4768357,2.4768357
324,Alex Iwobi,36,0,0.0,0.0,2.2711642,2.2711642
324,Alex Iwobi,37,66,2.0,2.0,1.8050773,0.19492269
324,Alex Iwobi,38,90,3.0,3.0,2.4342012,0.56579876
325,Emile Smith Rowe,34,75,3.0,3.0,2.2090044,0.7909956
325,Emile Smith Rowe,35,77,2.0,2.0,2.2591121,0.25911212
325,Emile Smith Rowe,36,45,1.0,1.0,2.6729562,1.6729562
325,Emile Smith Rowe,37,78,2.0,2.0,2.5715222,0.57152224
325,Emile Smith Rowe,38,71,3.0,3.0,2.8824856,0.11751437
326,Adama Traoré Diarra,34,0,0.0,0.0,1.4808863,1.4808863
326,Adama Traoré Diarra,35,16,1.0,1.0,1.4508744,0.45087445
326,Adama Traoré Diarra,36,0,0.0,0.0,1.3425127,1.3425127
326,Adama Traoré Diarra,37,0,0.0,0.0,1.3976928,1.3976928
326,Adama Traoré Diarra,38,0,0.0,0.0,1.5154109,1.5154109
327,Andreas Hoelgebaum Pereira,34,0,0.0,0.0,1.5512587,1.5512587
327,Andreas Hoelgebaum Pereira,35,0,0.0,0.0,1.32032,1.32032
327,Andreas Hoelgebaum Pereira,36,0,0.0,0.0,1.5703222,1.5703222
327,Andreas Hoelgebaum Pereira,37,0,0.0,0.0,1.5875918,1.5875918
327,Andreas Hoelgebaum Pereira,38,0,0.0,0.0,1.574148,1.574148
328,Ryan Sessegnon,34,80,11.0,11.0,2.3789804,8.621019
328,Ryan Sessegnon,35,0,0.0,0.0,2.7003014,2.7003014
328,Ryan Sessegnon,36,0,0.0,0.0,2.1813602,2.1813602
328,Ryan Sessegnon,37,0,0.0,0.0,1.935475,1.935475
328,Ryan Sessegnon,38,0,0.0,0.0,1.7772247,1.7772247
329,Harry Wilson,34,90,2.0,2.0,3.4648223,1.4648223
329,Harry Wilson,35,63,2.0,2.0,3.2012873,1.2012873
329,Harry Wilson,36,61,2.0,2.0,3.3042774,1.3042774
329,Harry Wilson,37,11,1.0,1.0,3.1885996,2.1885996
329,Harry Wilson,38,18,4.0,4.0,2.6007652,1.3992348
330,Sander Berge,34,90,3.0,3.0,2.388962,0.61103797
330,Sander Berge,35,0,0.0,0.0,2.53745,2.53745
330,Sander Berge,36,0,0.0,0.0,2.116942,2.116942
330,Sander Berge,37,45,1.0,1.0,1.7166376,0.7166376
330,Sander Berge,38,90,3.0,3.0,1.9612418,1.0387582
331,Tom Cairney,34,0,0.0,0.0,2.0723376,2.0723376
331,Tom Cairney,35,26,1.0,1.0,1.5332879,0.5332879
331,Tom Cairney,36,75,2.0,2.0,1.7834653,0.21653473
331,Tom Cairney,37,0,0.0,0.0,2.2557013,2.2557013
331,Tom Cairney,38,30,6.0,6.0,1.7949332,4.2050667
332,Saša Lukić,34,90,6.0,6.0,2.3185387,3.6814613
332,Saša Lukić,35,90,1.0,1.0,2.8681064,1.8681064
332,Saša Lukić,36,90,1.0,1.0,3.0051875,2.0051875
332,Saša Lukić,37,90,5.0,5.0,3.182331,1.8176689
332,Saša Lukić,38,0,0.0,0.0,3.3949423,3.3949423
333,Martial Godo,34,0,0.0,0.0,1.4675945,1.4675945
333,Martial Godo,35,0,0.0,0.0,1.2366558,1.2366558
333,Martial Godo,36,0,0.0,0.0,1.486658,1.486658
333,Martial Godo,37,0,0.0,0.0,1.5039276,1.5039276
333,Martial Godo,38,0,0.0,0.0,1.490484,1.490484
334,Luke Harris,34,0,0.0,0.0,1.4675945,1.4675945
334,Luke Harris,35,0,0.0,0.0,1.2366558,1.2366558
334,Luke Harris,36,0,0.0,0.0,1.486658,1.486658
334,Luke Harris,37,0,0.0,0.0,1.5039276,1.5039276
334,Luke Harris,38,0,0.0,0.0,1.490484,1.490484
335,Josh King,34,14,1.0,1.0,2.5723307,1.5723307
335,Josh King,35,26,1.0,1.0,2.1219947,1.1219947
335,Josh King,36,14,0.0,0.0,2.0845864,2.0845864
335,Josh King,37,23,1.0,1.0,1.6325225,0.63252246
335,Josh King,38,18,1.0,1.0,1.6287004,0.6287004
336,Harrison Reed,34,0,0.0,0.0,1.4581783,1.4581783
336,Harrison Reed,35,63,2.0,2.0,1.2121842,0.7878158
336,Harrison Reed,36,0,0.0,0.0,1.8966582,1.8966582
336,Harrison Reed,37,0,0.0,0.0,1.6694685,1.6694685
336,Harrison Reed,38,0,0.0,0.0,1.5362048,1.5362048
337,Raúl Jiménez Rodríguez,34,65,2.0,2.0,1.9263848,0.07361519
337,Raúl Jiménez Rodríguez,35,72,2.0,2.0,2.076386,0.076385975
337,Raúl Jiménez Rodríguez,36,0,0.0,0.0,2.4862309,2.4862309
337,Raúl Jiménez Rodríguez,37,23,1.0,1.0,2.0476997,1.0476997
337,Raúl Jiménez Rodríguez,38,18,1.0,1.0,1.905322,0.90532196
338,Rodrigo Muniz Carvalho,34,24,1.0,1.0,2.556769,1.5567689
338,Rodrigo Muniz Carvalho,35,17,1.0,1.0,2.1220827,1.1220827
338,Rodrigo Muniz Carvalho,36,90,1.0,1.0,2.042658,1.0426581
338,Rodrigo Muniz Carvalho,37,66,2.0,2.0,2.373065,0.373065
338,Rodrigo Muniz Carvalho,38,71,2.0,2.0,2.3651495,0.3651495
366,Alisson Becker,34,0,0.0,0.0,2.2224681,2.2224681
366,Alisson Becker,35,0,0.0,0.0,1.8895217,1.8895217
366,Alisson Becker,36,0,0.0,0.0,1.9944814,1.9944814
366,Alisson Becker,37,0,0.0,0.0,1.9708148,1.9708148
366,Alisson Becker,38,90,2.0,2.0,2.1812983,0.18129826
367,Giorgi Mamardashvili,34,0,0.0,0.0,2.7829304,2.7829304
367,Giorgi Mamardashvili,35,0,0.0,0.0,2.2203333,2.2203333
367,Giorgi Mamardashvili,36,90,2.0,2.0,2.1493504,0.1493504
367,Giorgi Mamardashvili,37,90,1.0,1.0,2.455692,1.455692
367,Giorgi Mamardashvili,38,0,0.0,0.0,2.8410876,2.8410876
368,Ármin Pécsi,34,0,0.0,0.0,1.9074073,1.9074073
368,Ármin Pécsi,35,0,0.0,0.0,1.6749957,1.6749957
368,Ármin Pécsi,36,0,0.0,0.0,1.8271531,1.8271531
368,Ármin Pécsi,37,0,0.0,0.0,1.8034865,1.8034865
368,Ármin Pécsi,38,0,0.0,0.0,2.012991,2.012991
369,Freddie Woodman,34,90,3.0,3.0,2.0601146,0.9398854
369,Freddie Woodman,35,90,2.0,2.0,2.2957306,0.2957306
369,Freddie Woodman,36,0,0.0,0.0,2.7283292,2.7283292
369,Freddie Woodman,37,0,0.0,0.0,2.3569345,2.3569345
369,Freddie Woodman,38,0,0.0,0.0,2.3416934,2.3416934
370,Jeremie Frimpong,34,31,1.0,1.0,2.3773365,1.3773365
370,Jeremie Frimpong,35,74,1.0,1.0,2.0180082,1.0180082
370,Jeremie Frimpong,36,90,2.0,2.0,2.227967,0.22796702
370,Jeremie Frimpong,37,0,0.0,0.0,2.477887,2.477887
370,Jeremie Frimpong,38,16,1.0,1.0,2.2216034,1.2216034
371,Milos Kerkez,34,3,1.0,1.0,1.8899308,0.88993084
371,Milos Kerkez,35,31,1.0,1.0,1.6090723,0.6090723
371,Milos Kerkez,36,90,2.0,2.0,1.8217272,0.17827284
371,Milos Kerkez,37,90,0.0,0.0,2.090381,2.090381
371,Milos Kerkez,38,7,1.0,1.0,2.563796,1.563796
372,Andrew Robertson,34,86,8.0,8.0,2.7399619,5.2600384
372,Andrew Robertson,35,58,0.0,0.0,3.06852,3.06852
372,Andrew Robertson,36,0,0.0,0.0,2.778623,2.778623
372,Andrew Robertson,37,0,0.0,0.0,2.321581,2.321581
372,Andrew Robertson,38,82,2.0,2.0,1.9647725,0.035227537
373,Virgil van Dijk,34,90,4.0,4.0,3.8379674,0.1620326
373,Virgil van Dijk,35,90,1.0,1.0,3.2658272,2.2658272
373,Virgil van Dijk,36,90,2.0,2.0,3.5543175,1.5543175
373,Virgil van Dijk,37,90,14.0,14.0,3.5299637,10.4700365
373,Virgil van Dijk,38,90,2.0,2.0,4.1696973,2.1696973
374,Ibrahima Konaté,34,90,4.0,4.0,2.9029715,1.0970285
374,Ibrahima Konaté,35,86,1.0,1.0,2.8868642,1.8868642
374,Ibrahima Konaté,36,76,2.0,2.0,3.0657248,1.0657248
374,Ibrahima Konaté,37,90,0.0,0.0,2.87481,2.87481
374,Ibrahima Konaté,38,88,1.0,1.0,3.1970503,2.1970503
375,Conor Bradley,34,0,0.0,0.0,1.7043434,1.7043434
375,Conor Bradley,35,0,0.0,0.0,1.4719318,1.4719318
375,Conor Bradley,36,0,0.0,0.0,1.6240894,1.6240894
375,Conor Bradley,37,0,0.0,0.0,1.6004227,1.6004227
375,Conor Bradley,38,0,0.0,0.0,1.8120273,1.8120273
376,Joe Gomez,34,3,1.0,1.0,1.7014565,0.70145655
376,Joe Gomez,35,0,0.0,0.0,1.4608436,1.4608436
376,Joe Gomez,36,13,0.0,0.0,1.6176008,1.6176008
376,Joe Gomez,37,65,0.0,0.0,1.5943068,1.5943068
376,Joe Gomez,38,1,1.0,1.0,2.1934483,1.1934483
377,Konstantinos Tsimikas,34,0,0.0,0.0,1.6938857,1.6938857
377,Konstantinos Tsimikas,35,0,0.0,0.0,1.4614738,1.4614738
377,Konstantinos Tsimikas,36,0,0.0,0.0,1.6136314,1.6136314
377,Konstantinos Tsimikas,37,0,0.0,0.0,1.5899647,1.5899647
377,Konstantinos Tsimikas,38,0,0.0,0.0,1.801504,1.801504
378,Amara Nallo,34,0,0.0,0.0,1.5788473,1.5788473
378,Amara Nallo,35,0,0.0,0.0,1.3464355,1.3464355
378,Amara Nallo,36,0,0.0,0.0,1.4985931,1.4985931
378,Amara Nallo,37,0,0.0,0.0,1.4749265,1.4749265
378,Amara Nallo,38,0,0.0,0.0,1.6857487,1.6857487
379,Rhys Williams,34,0,0.0,0.0,1.5788473,1.5788473
379,Rhys Williams,35,0,0.0,0.0,1.3464355,1.3464355
379,Rhys Williams,36,0,0.0,0.0,1.4985931,1.4985931
379,Rhys Williams,37,0,0.0,0.0,1.4749265,1.4749265
379,Rhys Williams,38,0,0.0,0.0,1.6857487,1.6857487
380,Calvin Ramsay,34,0,0.0,0.0,1.5788473,1.5788473
380,Calvin Ramsay,35,0,0.0,0.0,1.3464355,1.3464355
380,Calvin Ramsay,36,0,0.0,0.0,1.4985931,1.4985931
380,Calvin Ramsay,37,0,0.0,0.0,1.4749265,1.4749265
380,Calvin Ramsay,38,0,0.0,0.0,1.6857487,1.6857487
381,Mohamed Salah,34,58,1.0,1.0,4.6894217,3.6894217
381,Mohamed Salah,35,0,0.0,0.0,3.8765569,3.8765569
381,Mohamed Salah,36,0,0.0,0.0,3.5128665,3.5128665
381,Mohamed Salah,37,16,1.0,1.0,3.224406,2.224406
381,Mohamed Salah,38,73,6.0,6.0,2.88384,3.11616
382,Florian Wirtz,34,90,8.0,8.0,3.8333573,4.1666427
382,Florian Wirtz,35,90,2.0,2.0,3.8727639,1.8727639
382,Florian Wirtz,36,0,0.0,0.0,3.7691636,3.7691636
382,Florian Wirtz,37,24,1.0,1.0,3.0725212,2.0725212
382,Florian Wirtz,38,17,1.0,1.0,2.7642317,1.7642317
383,Luis Díaz Marulanda,34,0,0.0,0.0,1.8968909,1.8968909
383,Luis Díaz Marulanda,35,0,0.0,0.0,1.6649529,1.6649529
383,Luis Díaz Marulanda,36,0,0.0,0.0,1.8164757,1.8164757
383,Luis Díaz Marulanda,37,0,0.0,0.0,1.794319,1.794319
383,Luis Díaz Marulanda,38,0,0.0,0.0,2.0065775,2.0065775
384,Cody Gakpo,34,90,2.0,2.0,4.2425847,2.2425847
384,Cody Gakpo,35,90,6.0,6.0,3.3497303,2.6502697
384,Cody Gakpo,36,76,2.0,2.0,4.023186,2.0231862
384,Cody Gakpo,37,73,2.0,2.0,3.5025554,1.5025554
384,Cody Gakpo,38,90,2.0,2.0,3.8450787,1.8450787
385,Federico Chiesa,34,0,0.0,0.0,1.717075,1.717075
385,Federico Chiesa,35,3,1.0,1.0,1.4708441,0.47084415
385,Federico Chiesa,36,13,1.0,1.0,1.6527419,0.6527419
385,Federico Chiesa,37,24,1.0,1.0,1.6551523,0.6551523
385,Federico Chiesa,38,0,0.0,0.0,2.168171,2.168171
386,Alexis Mac Allister,34,90,13.0,13.0,2.4275746,10.572426
386,Alexis Mac Allister,35,90,2.0,2.0,2.9271595,0.92715955
386,Alexis Mac Allister,36,90,1.0,1.0,2.9682686,1.9682686
386,Alexis Mac Allister,37,90,4.0,4.0,2.790555,1.209445
386,Alexis Mac Allister,38,90,1.0,1.0,3.6370883,2.6370883
387,Dominik Szoboszlai,34,90,1.0,1.0,3.9072638,2.9072638
387,Dominik Szoboszlai,35,90,13.0,13.0,3.516295,9.4837055
387,Dominik Szoboszlai,36,90,2.0,2.0,3.984688,1.984688
387,Dominik Szoboszlai,37,90,9.0,9.0,3.8029606,5.1970396
387,Dominik Szoboszlai,38,90,2.0,2.0,4.1870804,2.1870804
388,Curtis Jones,34,86,7.0,7.0,2.8260965,4.1739035
388,Curtis Jones,35,90,1.0,1.0,2.8669481,1.8669481
388,Curtis Jones,36,90,2.0,2.0,3.105394,1.1053939
388,Curtis Jones,37,90,2.0,2.0,3.0573297,1.0573297
388,Curtis Jones,38,90,10.0,10.0,3.7312632,6.268737
389,Harvey Elliott,34,0,0.0,0.0,1.4813281,1.4813281
389,Harvey Elliott,35,0,0.0,0.0,1.6485256,1.6485256
389,Harvey Elliott,36,0,0.0,0.0,1.6211988,1.6211988
389,Harvey Elliott,37,0,0.0,0.0,1.492417,1.492417
389,Harvey Elliott,38,0,0.0,0.0,1.3363688,1.3363688
390,Ryan Gravenberch,34,11,1.0,1.0,2.6877842,1.6877842
390,Ryan Gravenberch,35,90,2.0,2.0,1.8413903,0.15860975
390,Ryan Gravenberch,36,90,10.0,10.0,2.1557043,7.8442955
390,Ryan Gravenberch,37,65,2.0,2.0,2.637746,0.6377461
390,Ryan Gravenberch,38,82,2.0,2.0,2.8244414,0.82444143
392,Endo Wataru,34,0,0.0,0.0,1.573166,1.573166
392,Endo Wataru,35,0,0.0,0.0,1.3407543,1.3407543
392,Endo Wataru,36,0,0.0,0.0,1.4929117,1.4929117
392,Endo Wataru,37,0,0.0,0.0,1.4692452,1.4692452
392,Endo Wataru,38,0,0.0,0.0,1.680358,1.680358
393,Stefan Bajčetić Maquieira,34,0,0.0,0.0,1.4999598,1.4999598
393,Stefan Bajčetić Maquieira,35,0,0.0,0.0,1.2675482,1.2675482
393,Stefan Bajčetić Maquieira,36,0,0.0,0.0,1.4197056,1.4197056
393,Stefan Bajčetić Maquieira,37,0,0.0,0.0,1.3960391,1.3960391
393,Stefan Bajčetić Maquieira,38,0,0.0,0.0,1.6066955,1.6066955
394,James McConnell,34,0,0.0,0.0,1.5208759,1.5208759
394,James McConnell,35,0,0.0,0.0,1.2884642,1.2884642
394,James McConnell,36,0,0.0,0.0,1.4406217,1.4406217
394,James McConnell,37,0,0.0,0.0,1.4169551,1.4169551
394,James McConnell,38,0,0.0,0.0,1.6277419,1.6277419
395,Tyler Morton,34,0,0.0,0.0,1.5313339,1.5313339
395,Tyler Morton,35,0,0.0,0.0,1.2989222,1.2989222
395,Tyler Morton,36,0,0.0,0.0,1.4510796,1.4510796
395,Tyler Morton,37,0,0.0,0.0,1.4274131,1.4274131
395,Tyler Morton,38,0,0.0,0.0,1.6382651,1.6382651
396,Trey Nyoni,34,0,0.0,0.0,1.5060213,1.5060213
396,Trey Nyoni,35,0,0.0,0.0,1.2649838,1.2649838
396,Trey Nyoni,36,0,0.0,0.0,1.4266075,1.4266075
396,Trey Nyoni,37,0,0.0,0.0,1.4019694,1.4019694
396,Trey Nyoni,38,7,1.0,1.0,1.6172186,0.6172186
397,Darwin Núñez Ribeiro,34,0,0.0,0.0,1.7681373,1.7681373
397,Darwin Núñez Ribeiro,35,0,0.0,0.0,1.5356799,1.5356799
397,Darwin Núñez Ribeiro,36,0,0.0,0.0,1.6875619,1.6875619
397,Darwin Núñez Ribeiro,37,0,0.0,0.0,1.66604,1.66604
397,Darwin Núñez Ribeiro,38,0,0.0,0.0,1.8782986,1.8782986
398,Jayden Danns,34,0,0.0,0.0,1.5380152,1.5380152
398,Jayden Danns,35,0,0.0,0.0,1.3056035,1.3056035
398,Jayden Danns,36,0,0.0,0.0,1.4577609,1.4577609
398,Jayden Danns,37,0,0.0,0.0,1.4345293,1.4345293
398,Jayden Danns,38,0,0.0,0.0,1.646788,1.646788
400,Stefan Ortega Moreno,34,0,0.0,0.0,1.8461128,1.8461128
400,Stefan Ortega Moreno,35,0,0.0,0.0,1.7221512,1.7221512
400,Stefan Ortega Moreno,36,0,0.0,0.0,1.8996893,1.8996893
400,Stefan Ortega Moreno,37,0,0.0,0.0,1.6591513,1.6591513
400,Stefan Ortega Moreno,38,0,0.0,0.0,1.8958634,1.8958634
419,Jack Grealish,34,0,0.0,0.0,1.7356652,1.7356652
419,Jack Grealish,35,0,0.0,0.0,1.5982058,1.5982058
419,Jack Grealish,36,0,0.0,0.0,1.6452011,1.6452011
419,Jack Grealish,37,0,0.0,0.0,1.7780662,1.7780662
419,Jack Grealish,38,0,0.0,0.0,1.7327412,1.7327412
424,Oscar Bobb,34,14,1.0,1.0,2.2635953,1.2635953
424,Oscar Bobb,35,26,1.0,1.0,1.9312919,0.93129194
424,Oscar Bobb,36,28,1.0,1.0,1.8092355,0.80923545
424,Oscar Bobb,37,78,2.0,2.0,1.8011733,0.19882667
424,Oscar Bobb,38,71,3.0,3.0,2.374244,0.625756
426,James McAtee,34,0,0.0,0.0,1.4232649,1.4232649
426,James McAtee,35,90,2.0,2.0,1.290649,0.70935094
426,James McAtee,36,7,4.0,4.0,2.255052,1.7449479
426,James McAtee,37,6,1.0,1.0,1.9554291,0.9554291
426,James McAtee,38,12,1.0,1.0,2.011738,1.0117381
431,Altay Bayındır,34,0,0.0,0.0,2.1223042,2.1223042
431,Altay Bayındır,35,0,0.0,0.0,1.948152,1.948152
431,Altay Bayındır,36,0,0.0,0.0,1.9712702,1.9712702
431,Altay Bayındır,37,0,0.0,0.0,2.0789654,2.0789654
431,Altay Bayındır,38,0,0.0,0.0,1.9680467,1.9680467
432,André Onana,34,0,0.0,0.0,2.1432202,2.1432202
432,André Onana,35,0,0.0,0.0,1.9690682,1.9690682
432,André Onana,36,0,0.0,0.0,1.9921864,1.9921864
432,André Onana,37,0,0.0,0.0,2.0998814,2.0998814
432,André Onana,38,0,0.0,0.0,1.9889625,1.9889625
433,Elyh Harrison,34,0,0.0,0.0,2.049098,2.049098
433,Elyh Harrison,35,0,0.0,0.0,1.8749458,1.8749458
433,Elyh Harrison,36,0,0.0,0.0,1.8980641,1.8980641
433,Elyh Harrison,37,0,0.0,0.0,2.0057592,2.0057592
433,Elyh Harrison,38,0,0.0,0.0,1.8948404,1.8948404
434,Tom Heaton,34,0,0.0,0.0,2.028182,2.028182
434,Tom Heaton,35,0,0.0,0.0,1.8540298,1.8540298
434,Tom Heaton,36,0,0.0,0.0,1.877148,1.877148
434,Tom Heaton,37,0,0.0,0.0,1.9848433,1.9848433
434,Tom Heaton,38,0,0.0,0.0,1.8739244,1.8739244
435,Dermot Mee,34,0,0.0,0.0,2.03864,2.03864
435,Dermot Mee,35,0,0.0,0.0,1.8644878,1.8644878
435,Dermot Mee,36,0,0.0,0.0,1.887606,1.887606
435,Dermot Mee,37,0,0.0,0.0,1.9953011,1.9953011
435,Dermot Mee,38,0,0.0,0.0,1.8843824,1.8843824
436,Matthijs de Ligt,34,0,0.0,0.0,1.8251183,1.8251183
436,Matthijs de Ligt,35,0,0.0,0.0,1.650966,1.650966
436,Matthijs de Ligt,36,0,0.0,0.0,1.6740843,1.6740843
436,Matthijs de Ligt,37,0,0.0,0.0,1.7817796,1.7817796
436,Matthijs de Ligt,38,0,0.0,0.0,1.6708606,1.6708606
437,Lisandro Martínez,34,0,0.0,0.0,2.248808,2.248808
437,Lisandro Martínez,35,0,0.0,0.0,1.96425,1.96425
437,Lisandro Martínez,36,90,6.0,6.0,1.9098898,4.0901103
437,Lisandro Martínez,37,90,3.0,3.0,2.634585,0.3654151
437,Lisandro Martínez,38,90,6.0,6.0,2.9595933,3.0404067
438,Noussair Mazraoui,34,45,1.0,1.0,2.460207,1.460207
438,Noussair Mazraoui,35,0,0.0,0.0,2.4000115,2.4000115
438,Noussair Mazraoui,36,90,11.0,11.0,1.9472433,9.052756
438,Noussair Mazraoui,37,0,0.0,0.0,2.5816038,2.5816038
438,Noussair Mazraoui,38,73,6.0,6.0,1.9205526,4.0794473
439,Diego León Blanco,34,0,0.0,0.0,1.7414542,1.7414542
439,Diego León Blanco,35,0,0.0,0.0,1.5673019,1.5673019
439,Diego León Blanco,36,0,0.0,0.0,1.5904201,1.5904201
439,Diego León Blanco,37,0,0.0,0.0,1.6981153,1.6981153
439,Diego León Blanco,38,0,0.0,0.0,1.5871965,1.5871965
440,Diogo Dalot Teixeira,34,90,4.0,4.0,2.7125046,1.2874954
440,Diogo Dalot Teixeira,35,90,1.0,1.0,2.7617478,1.7617478
440,Diogo Dalot Teixeira,36,0,0.0,0.0,2.790755,2.790755
440,Diogo Dalot Teixeira,37,90,1.0,1.0,2.2773552,1.2773552
440,Diogo Dalot Teixeira,38,0,0.0,0.0,2.8900747,2.8900747
441,Patrick Dorgu,34,0,0.0,0.0,1.7414542,1.7414542
441,Patrick Dorgu,35,15,1.0,1.0,1.5673019,0.56730187
441,Patrick Dorgu,36,25,1.0,1.0,1.6546797,0.65467966
441,Patrick Dorgu,37,10,1.0,1.0,1.8147916,0.81479156
441,Patrick Dorgu,38,61,18.0,18.0,2.019727,15.980273
442,Harry Maguire,34,90,7.0,7.0,2.2052279,4.794772
442,Harry Maguire,35,90,1.0,1.0,3.3386693,2.3386693
442,Harry Maguire,36,90,10.0,10.0,3.3534558,6.6465445
442,Harry Maguire,37,90,3.0,3.0,3.1938558,0.19385576
442,Harry Maguire,38,90,6.0,6.0,3.3461766,2.6538234
443,Luke Shaw,34,72,5.0,5.0,3.0399623,1.9600377
443,Luke Shaw,35,90,2.0,2.0,2.8481627,0.84816265
443,Luke Shaw,36,90,6.0,6.0,3.1147518,2.8852482
443,Luke Shaw,37,90,6.0,6.0,3.1895657,2.8104343
443,Luke Shaw,38,81,6.0,6.0,3.34726,2.65274
444,Leny Yoro,34,17,1.0,1.0,2.79699,1.7969899
444,Leny Yoro,35,1,1.0,1.0,2.3360562,1.3360562
444,Leny Yoro,36,0,0.0,0.0,1.8720027,1.8720027
444,Leny Yoro,37,0,0.0,0.0,1.8294531,1.8294531
444,Leny Yoro,38,16,1.0,1.0,1.5836757,0.58367574
445,Harry Amass,34,0,0.0,0.0,1.7309963,1.7309963
445,Harry Amass,35,0,0.0,0.0,1.5568439,1.5568439
445,Harry Amass,36,0,0.0,0.0,1.5799621,1.5799621
445,Harry Amass,37,0,0.0,0.0,1.6876574,1.6876574
445,Harry Amass,38,0,0.0,0.0,1.5767382,1.5767382
446,Tyler Fredricson,34,0,0.0,0.0,1.6996219,1.6996219
446,Tyler Fredricson,35,0,0.0,0.0,1.5254698,1.5254698
446,Tyler Fredricson,36,0,0.0,0.0,1.5485882,1.5485882
446,Tyler Fredricson,37,0,0.0,0.0,1.6562831,1.6562831
446,Tyler Fredricson,38,0,0.0,0.0,1.5453643,1.5453643
447,Ayden Heaven,34,90,2.0,2.0,2.3247914,0.32479143
447,Ayden Heaven,35,90,1.0,1.0,2.2749977,1.2749977
447,Ayden Heaven,36,0,0.0,0.0,2.4351578,2.4351578
447,Ayden Heaven,37,0,0.0,0.0,2.059905,2.059905
447,Ayden Heaven,38,0,0.0,0.0,1.757215,1.757215
448,Tyrell Malacia,34,0,0.0,0.0,1.6935688,1.6935688
448,Tyrell Malacia,35,0,0.0,0.0,1.5254698,1.5254698
448,Tyrell Malacia,36,0,0.0,0.0,1.5485882,1.5485882
448,Tyrell Malacia,37,0,0.0,0.0,1.6562831,1.6562831
448,Tyrell Malacia,38,8,1.0,1.0,1.5453643,0.54536426
449,Bruno Borges Fernandes,34,90,5.0,5.0,4.4178534,0.58214664
449,Bruno Borges Fernandes,35,90,5.0,5.0,4.4900885,0.50991154
449,Bruno Borges Fernandes,36,90,3.0,3.0,4.6268134,1.6268134
449,Bruno Borges Fernandes,37,90,9.0,9.0,4.4337907,4.5662093
449,Bruno Borges Fernandes,38,90,14.0,14.0,4.6478615,9.3521385
450,Matheus Santos Carneiro da Cunha,34,0,0.0,0.0,4.001113,4.001113
450,Matheus Santos Carneiro da Cunha,35,86,7.0,7.0,3.1358113,3.8641887
450,Matheus Santos Carneiro da Cunha,36,90,2.0,2.0,3.868432,1.868432
450,Matheus Santos Carneiro da Cunha,37,79,9.0,9.0,3.9211624,5.0788374
450,Matheus Santos Carneiro da Cunha,38,0,0.0,0.0,4.154111,4.154111
451,Marcus Rashford,34,0,0.0,0.0,1.9135593,1.9135593
451,Marcus Rashford,35,0,0.0,0.0,1.739407,1.739407
451,Marcus Rashford,36,0,0.0,0.0,1.7625252,1.7625252
451,Marcus Rashford,37,0,0.0,0.0,1.8702204,1.8702204
451,Marcus Rashford,38,0,0.0,0.0,1.7593014,1.7593014
452,Amad Diallo,34,45,1.0,1.0,2.6784062,1.6784062
452,Amad Diallo,35,45,1.0,1.0,3.040279,2.040279
452,Amad Diallo,36,74,3.0,3.0,2.3205156,0.67948437
452,Amad Diallo,37,90,2.0,2.0,2.4182563,0.41825628
452,Amad Diallo,38,90,7.0,7.0,2.911542,4.088458
454,Antony dos Santos,34,0,0.0,0.0,1.7985209,1.7985209
454,Antony dos Santos,35,0,0.0,0.0,1.6243687,1.6243687
454,Antony dos Santos,36,0,0.0,0.0,1.647487,1.647487
454,Antony dos Santos,37,0,0.0,0.0,1.7551821,1.7551821
454,Antony dos Santos,38,0,0.0,0.0,1.6442633,1.6442633
455,Mason Mount,34,16,1.0,1.0,1.8753353,0.87533534
455,Mason Mount,35,0,0.0,0.0,1.7736827,1.7736827
455,Mason Mount,36,90,4.0,4.0,1.696854,2.303146
455,Mason Mount,37,9,1.0,1.0,2.4491816,1.4491816
455,Mason Mount,38,73,5.0,5.0,2.1364014,2.8635986
456,Jadon Sancho,34,16,1.0,1.0,1.8046885,0.80468845
456,Jadon Sancho,35,84,2.0,2.0,1.9141498,0.08585024
456,Jadon Sancho,36,0,0.0,0.0,2.2114625,2.2114625
456,Jadon Sancho,37,1,1.0,1.0,1.7268076,0.7268076
456,Jadon Sancho,38,0,0.0,0.0,1.4757935,1.4757935
457,Carlos Henrique Casimiro,34,90,12.0,12.0,3.7912068,8.208794
457,Carlos Henrique Casimiro,35,90,4.0,4.0,3.7960858,0.20391417
457,Carlos Henrique Casimiro,36,0,0.0,0.0,3.8212981,3.8212981
457,Carlos Henrique Casimiro,37,80,1.0,1.0,3.2455463,2.2455463
457,Carlos Henrique Casimiro,38,0,0.0,0.0,3.3961835,3.3961835
458,Kobbie Mainoo,34,90,4.0,4.0,2.5995736,1.4004264
458,Kobbie Mainoo,35,90,9.0,9.0,2.957376,6.042624
458,Kobbie Mainoo,36,90,5.0,5.0,3.1195693,1.8804307
458,Kobbie Mainoo,37,90,4.0,4.0,3.3188186,0.68118143
458,Kobbie Mainoo,38,90,2.0,2.0,3.4317918,1.4317918
459,Manuel Ugarte Ribeiro,34,0,0.0,0.0,1.9552656,1.9552656
459,Manuel Ugarte Ribeiro,35,0,0.0,0.0,1.6247679,1.6247679
459,Manuel Ugarte Ribeiro,36,0,0.0,0.0,1.5173581,1.5173581
459,Manuel Ugarte Ribeiro,37,0,0.0,0.0,1.6310967,1.6310967
459,Manuel Ugarte Ribeiro,38,0,0.0,0.0,1.518767,1.518767
460,Toby Collyer,34,0,0.0,0.0,1.6521087,1.6521087
460,Toby Collyer,35,0,0.0,0.0,1.4779564,1.4779564
460,Toby Collyer,36,0,0.0,0.0,1.5010747,1.5010747
460,Toby Collyer,37,0,0.0,0.0,1.6087698,1.6087698
460,Toby Collyer,38,0,0.0,0.0,1.4978508,1.4978508
461,Jayce Fitzgerald,34,0,0.0,0.0,1.6311927,1.6311927
461,Jayce Fitzgerald,35,0,0.0,0.0,1.4570404,1.4570404
461,Jayce Fitzgerald,36,0,0.0,0.0,1.4801587,1.4801587
461,Jayce Fitzgerald,37,0,0.0,0.0,1.5878538,1.5878538
461,Jayce Fitzgerald,38,0,0.0,0.0,1.4769348,1.4769348
462,Jack Fletcher,34,0,0.0,0.0,1.6311927,1.6311927
462,Jack Fletcher,35,0,0.0,0.0,1.4570404,1.4570404
462,Jack Fletcher,36,0,0.0,0.0,1.4801587,1.4801587
462,Jack Fletcher,37,0,0.0,0.0,1.5878538,1.5878538
462,Jack Fletcher,38,0,0.0,0.0,1.4769348,1.4769348
463,Sékou Koné,34,0,0.0,0.0,1.6311927,1.6311927
463,Sékou Koné,35,0,0.0,0.0,1.4570404,1.4570404
463,Sékou Koné,36,0,0.0,0.0,1.4801587,1.4801587
463,Sékou Koné,37,0,0.0,0.0,1.5878538,1.5878538
463,Sékou Koné,38,0,0.0,0.0,1.4769348,1.4769348
464,Jack Moorhouse,34,0,0.0,0.0,1.6521087,1.6521087
464,Jack Moorhouse,35,0,0.0,0.0,1.4779564,1.4779564
464,Jack Moorhouse,36,0,0.0,0.0,1.5010747,1.5010747
464,Jack Moorhouse,37,0,0.0,0.0,1.6087698,1.6087698
464,Jack Moorhouse,38,0,0.0,0.0,1.4978508,1.4978508
465,Rasmus Højlund,34,0,0.0,0.0,1.8690511,1.8690511
465,Rasmus Højlund,35,0,0.0,0.0,1.6937982,1.6937982
465,Rasmus Højlund,36,0,0.0,0.0,1.7169164,1.7169164
465,Rasmus Højlund,37,0,0.0,0.0,1.8246115,1.8246115
465,Rasmus Højlund,38,0,0.0,0.0,1.7136925,1.7136925
466,Joshua Zirkzee,34,2,0.0,0.0,1.8136342,1.8136342
466,Joshua Zirkzee,35,3,1.0,1.0,1.6627959,0.6627959
466,Joshua Zirkzee,36,64,1.0,1.0,1.6900333,0.6900333
466,Joshua Zirkzee,37,10,1.0,1.0,2.1376157,1.1376157
466,Joshua Zirkzee,38,16,1.0,1.0,2.4963632,1.4963632
467,Chido Obi,34,0,0.0,0.0,1.648332,1.648332
467,Chido Obi,35,0,0.0,0.0,1.4741796,1.4741796
467,Chido Obi,36,0,0.0,0.0,1.4972979,1.4972979
467,Chido Obi,37,0,0.0,0.0,1.6049931,1.6049931
467,Chido Obi,38,0,0.0,0.0,1.4940742,1.4940742
468,Ethan Wheatley,34,0,0.0,0.0,1.679706,1.679706
468,Ethan Wheatley,35,0,0.0,0.0,1.5055537,1.5055537
468,Ethan Wheatley,36,0,0.0,0.0,1.528672,1.528672
468,Ethan Wheatley,37,0,0.0,0.0,1.6363672,1.6363672
468,Ethan Wheatley,38,0,0.0,0.0,1.5254482,1.5254482
469,Nick Pope,34,90,2.0,2.0,1.7297248,0.27027524
469,Nick Pope,35,90,3.0,3.0,2.4558067,0.54419327
469,Nick Pope,36,90,3.0,3.0,2.7828944,0.21710563
469,Nick Pope,37,90,4.0,4.0,3.046875,0.953125
469,Nick Pope,38,90,2.0,2.0,3.0023584,1.0023584
471,Mark Gillespie,34,0,0.0,0.0,1.6146866,1.6146866
471,Mark Gillespie,35,0,0.0,0.0,1.9008721,1.9008721
471,Mark Gillespie,36,0,0.0,0.0,1.8334757,1.8334757
471,Mark Gillespie,37,0,0.0,0.0,1.9508528,1.9508528
471,Mark Gillespie,38,0,0.0,0.0,1.7807311,1.7807311
472,Odysseas Vlachodimos,34,0,0.0,0.0,1.6251446,1.6251446
472,Odysseas Vlachodimos,35,0,0.0,0.0,1.9113302,1.9113302
472,Odysseas Vlachodimos,36,0,0.0,0.0,1.8439337,1.8439337
472,Odysseas Vlachodimos,37,0,0.0,0.0,1.9613107,1.9613107
472,Odysseas Vlachodimos,38,0,0.0,0.0,1.7911891,1.7911891
473,Lewis Hall,34,0,0.0,0.0,2.6164837,2.6164837
473,Lewis Hall,35,22,1.0,1.0,2.5081067,1.5081067
473,Lewis Hall,36,90,2.0,2.0,2.025491,0.025491
473,Lewis Hall,37,90,1.0,1.0,2.4385147,1.4385147
473,Lewis Hall,38,90,1.0,1.0,2.6544893,1.6544893
474,Fabian Schär,34,0,0.0,0.0,1.4325389,1.4325389
474,Fabian Schär,35,0,0.0,0.0,1.7187244,1.7187244
474,Fabian Schär,36,0,0.0,0.0,1.651328,1.651328
474,Fabian Schär,37,0,0.0,0.0,1.768705,1.768705
474,Fabian Schär,38,0,0.0,0.0,1.5985833,1.5985833
475,Sven Botman,34,90,4.0,4.0,2.8384933,1.1615067
475,Sven Botman,35,90,4.0,4.0,3.4522972,0.5477028
475,Sven Botman,36,90,4.0,4.0,3.523813,0.476187
475,Sven Botman,37,90,4.0,4.0,3.7216249,0.27837515
475,Sven Botman,38,90,3.0,3.0,3.459681,0.45968103
476,Dan Burn,34,90,3.0,3.0,1.9868481,1.0131519
476,Dan Burn,35,90,7.0,7.0,2.8566904,4.1433096
476,Dan Burn,36,90,2.0,2.0,3.2887473,1.2887473
476,Dan Burn,37,15,1.0,1.0,3.105311,2.105311
476,Dan Burn,38,83,1.0,1.0,2.5467167,1.5467167
477,Tino Livramento,34,0,0.0,0.0,2.0702834,2.0702834
477,Tino Livramento,35,0,0.0,0.0,1.8280779,1.8280779
477,Tino Livramento,36,0,0.0,0.0,1.5562323,1.5562323
477,Tino Livramento,37,0,0.0,0.0,1.6621102,1.6621102
477,Tino Livramento,38,0,0.0,0.0,1.5176258,1.5176258
478,Kieran Trippier,34,0,0.0,0.0,1.8740603,1.8740603
478,Kieran Trippier,35,0,0.0,0.0,1.7308153,1.7308153
478,Kieran Trippier,36,1,1.0,1.0,1.5730413,0.5730413
478,Kieran Trippier,37,84,2.0,2.0,1.7456344,0.25436556
478,Kieran Trippier,38,0,0.0,0.0,2.0051172,2.0051172
479,Emil Krafth,34,0,0.0,0.0,1.3384167,1.3384167
479,Emil Krafth,35,0,0.0,0.0,1.6246022,1.6246022
479,Emil Krafth,36,0,0.0,0.0,1.5572058,1.5572058
479,Emil Krafth,37,0,0.0,0.0,1.6745828,1.6745828
479,Emil Krafth,38,0,0.0,0.0,1.5044613,1.5044613
480,Jamaal Lascelles,34,0,0.0,0.0,1.3384167,1.3384167
480,Jamaal Lascelles,35,0,0.0,0.0,1.6246022,1.6246022
480,Jamaal Lascelles,36,0,0.0,0.0,1.5572058,1.5572058
480,Jamaal Lascelles,37,0,0.0,0.0,1.6745828,1.6745828
480,Jamaal Lascelles,38,0,0.0,0.0,1.5044613,1.5044613
481,Alex Murphy,34,0,0.0,0.0,1.2861266,1.2861266
481,Alex Murphy,35,0,0.0,0.0,1.5723121,1.5723121
481,Alex Murphy,36,0,0.0,0.0,1.5049156,1.5049156
481,Alex Murphy,37,0,0.0,0.0,1.6222929,1.6222929
481,Alex Murphy,38,6,1.0,1.0,1.4521712,0.4521712
482,Harrison Ashby,34,0,0.0,0.0,1.2965845,1.2965845
482,Harrison Ashby,35,0,0.0,0.0,1.5827701,1.5827701
482,Harrison Ashby,36,0,0.0,0.0,1.5153737,1.5153737
482,Harrison Ashby,37,0,0.0,0.0,1.6327507,1.6327507
482,Harrison Ashby,38,0,0.0,0.0,1.4626291,1.4626291
483,Miodrag Pivaš,34,0,0.0,0.0,1.2861266,1.2861266
483,Miodrag Pivaš,35,0,0.0,0.0,1.5723121,1.5723121
483,Miodrag Pivaš,36,0,0.0,0.0,1.5049156,1.5049156
483,Miodrag Pivaš,37,0,0.0,0.0,1.6222929,1.6222929
483,Miodrag Pivaš,38,0,0.0,0.0,1.4521712,1.4521712
484,Matt Targett,34,0,0.0,0.0,1.3070426,1.3070426
484,Matt Targett,35,0,0.0,0.0,1.5932282,1.5932282
484,Matt Targett,36,0,0.0,0.0,1.5258318,1.5258318
484,Matt Targett,37,0,0.0,0.0,1.6432089,1.6432089
484,Matt Targett,38,0,0.0,0.0,1.4730872,1.4730872
485,Anthony Gordon,34,0,0.0,0.0,2.8849807,2.8849807
485,Anthony Gordon,35,0,0.0,0.0,2.6070623,2.6070623
485,Anthony Gordon,36,0,0.0,0.0,1.8681647,1.8681647
485,Anthony Gordon,37,0,0.0,0.0,1.848185,1.848185
485,Anthony Gordon,38,0,0.0,0.0,1.6765662,1.6765662
486,Anthony Elanga,34,4,1.0,1.0,1.8547636,0.8547636
486,Anthony Elanga,35,0,0.0,0.0,1.8769897,1.8769897
486,Anthony Elanga,36,0,0.0,0.0,1.6771406,1.6771406
486,Anthony Elanga,37,5,1.0,1.0,1.7629479,0.7629479
486,Anthony Elanga,38,24,1.0,1.0,1.6219176,0.6219176
487,Harvey Barnes,34,24,1.0,1.0,2.4103706,1.4103706
487,Harvey Barnes,35,22,6.0,6.0,2.242187,3.757813
487,Harvey Barnes,36,29,7.0,7.0,2.3097296,4.6902704
487,Harvey Barnes,37,74,5.0,5.0,2.6801496,2.3198504
487,Harvey Barnes,38,45,1.0,1.0,2.940781,1.9407811
488,Bruno Guimarães Rodriguez Moura,34,74,2.0,2.0,2.0551019,0.05510187
488,Bruno Guimarães Rodriguez Moura,35,90,6.0,6.0,2.7005136,3.2994864
488,Bruno Guimarães Rodriguez Moura,36,90,6.0,6.0,3.1507115,2.8492885
488,Bruno Guimarães Rodriguez Moura,37,90,4.0,4.0,4.011595,0.011594772
488,Bruno Guimarães Rodriguez Moura,38,65,1.0,1.0,3.753251,2.753251
489,Jacob Murphy,34,65,2.0,2.0,1.8453275,0.1546725
489,Jacob Murphy,35,67,8.0,8.0,2.193209,5.8067913
489,Jacob Murphy,36,60,3.0,3.0,2.5095584,0.49044156
489,Jacob Murphy,37,15,1.0,1.0,2.5419738,1.5419738
489,Jacob Murphy,38,45,1.0,1.0,2.3691704,1.3691704
490,Joelinton Cássio Apolinário de Lira,34,0,0.0,0.0,1.8670636,1.8670636
490,Joelinton Cássio Apolinário de Lira,35,90,4.0,4.0,1.8141967,2.1858034
490,Joelinton Cássio Apolinário de Lira,36,90,2.0,2.0,2.3961854,0.3961854
490,Joelinton Cássio Apolinário de Lira,37,0,0.0,0.0,2.9590366,2.9590366
490,Joelinton Cássio Apolinário de Lira,38,0,0.0,0.0,2.1657858,2.1657858
491,Sandro Tonali,34,90,2.0,2.0,2.2473829,0.24738288
491,Sandro Tonali,35,90,1.0,1.0,2.914826,1.9148259
491,Sandro Tonali,36,90,2.0,2.0,2.8423266,0.84232664
491,Sandro Tonali,37,52,1.0,1.0,3.1686578,2.1686578
491,Sandro Tonali,38,0,0.0,0.0,2.7982364,2.7982364
492,Antoñito Cordero Campillo,34,0,0.0,0.0,1.2699872,1.2699872
492,Antoñito Cordero Campillo,35,0,0.0,0.0,1.5561727,1.5561727
492,Antoñito Cordero Campillo,36,0,0.0,0.0,1.4887763,1.4887763
492,Antoñito Cordero Campillo,37,0,0.0,0.0,1.6061534,1.6061534
492,Antoñito Cordero Campillo,38,0,0.0,0.0,1.4360318,1.4360318
494,Joe Willock,34,85,2.0,2.0,1.4579107,0.54208934
494,Joe Willock,35,67,2.0,2.0,2.3287702,0.32877016
494,Joe Willock,36,0,0.0,0.0,2.4915795,2.4915795
494,Joe Willock,37,37,4.0,4.0,2.1308794,1.8691206
494,Joe Willock,38,90,2.0,2.0,2.3779354,0.3779354
495,Isaac Hayden,34,0,0.0,0.0,1.2281551,1.2281551
495,Isaac Hayden,35,0,0.0,0.0,1.5143408,1.5143408
495,Isaac Hayden,36,0,0.0,0.0,1.4469444,1.4469444
495,Isaac Hayden,37,0,0.0,0.0,1.5643214,1.5643214
495,Isaac Hayden,38,0,0.0,0.0,1.3941997,1.3941997
496,Garang Kuol,34,0,0.0,0.0,1.2176971,1.2176971
496,Garang Kuol,35,0,0.0,0.0,1.5038828,1.5038828
496,Garang Kuol,36,0,0.0,0.0,1.4364862,1.4364862
496,Garang Kuol,37,0,0.0,0.0,1.5538633,1.5538633
496,Garang Kuol,38,0,0.0,0.0,1.3837417,1.3837417
497,Lewis Miley,34,90,2.0,2.0,2.2627685,0.2627685
497,Lewis Miley,35,90,2.0,2.0,2.670653,0.6706531
497,Lewis Miley,36,0,0.0,0.0,2.6640584,2.6640584
497,Lewis Miley,37,0,0.0,0.0,2.3012602,2.3012602
497,Lewis Miley,38,0,0.0,0.0,1.5979403,1.5979403
498,Joe White,34,0,0.0,0.0,1.2281551,1.2281551
498,Joe White,35,0,0.0,0.0,1.5143408,1.5143408
498,Joe White,36,0,0.0,0.0,1.4469444,1.4469444
498,Joe White,37,0,0.0,0.0,1.5643214,1.5643214
498,Joe White,38,0,0.0,0.0,1.3941997,1.3941997
499,Alexander Isak,34,78,8.0,8.0,2.631587,5.368413
499,Alexander Isak,35,0,0.0,0.0,3.1692202,3.1692202
499,Alexander Isak,36,23,1.0,1.0,2.5909774,1.5909774
499,Alexander Isak,37,0,0.0,0.0,2.374977,2.374977
499,Alexander Isak,38,0,0.0,0.0,2.3675761,2.3675761
500,William Osula,34,65,2.0,2.0,2.8630614,0.8630614
500,William Osula,35,67,9.0,9.0,2.939487,6.060513
500,William Osula,36,70,2.0,2.0,3.6389868,1.6389868
500,William Osula,37,84,13.0,13.0,3.7421436,9.257856
500,William Osula,38,65,2.0,2.0,3.8842578,1.8842578
501,Sean Neave,34,0,0.0,0.0,1.2348365,1.2348365
501,Sean Neave,35,0,0.0,0.0,1.521022,1.521022
501,Sean Neave,36,0,0.0,0.0,1.4536256,1.4536256
501,Sean Neave,37,0,0.0,0.0,1.5710026,1.5710026
501,Sean Neave,38,13,1.0,1.0,1.400881,0.40088105
502,Matz Sels,34,90,7.0,7.0,2.9669256,4.0330744
502,Matz Sels,35,90,8.0,8.0,2.8397236,5.1602764
502,Matz Sels,36,90,3.0,3.0,2.4782805,0.52171946
502,Matz Sels,37,90,2.0,2.0,2.6068358,0.60683584
502,Matz Sels,38,90,3.0,3.0,2.943106,0.056894064
503,Carlos Miguel dos Santos Pereira,34,0,0.0,0.0,1.7729067,1.7729067
503,Carlos Miguel dos Santos Pereira,35,0,0.0,0.0,1.648945,1.648945
503,Carlos Miguel dos Santos Pereira,36,0,0.0,0.0,1.8264831,1.8264831
503,Carlos Miguel dos Santos Pereira,37,0,0.0,0.0,1.5859452,1.5859452
503,Carlos Miguel dos Santos Pereira,38,0,0.0,0.0,1.8226572,1.8226572
504,Matt Turner,34,0,0.0,0.0,1.7729067,1.7729067
504,Matt Turner,35,0,0.0,0.0,1.648945,1.648945
504,Matt Turner,36,0,0.0,0.0,1.8264831,1.8264831
504,Matt Turner,37,0,0.0,0.0,1.5859452,1.5859452
504,Matt Turner,38,0,0.0,0.0,1.8226572,1.8226572
505,Nikola Milenković,34,90,8.0,8.0,2.9777522,5.022248
505,Nikola Milenković,35,45,1.0,1.0,3.10252,2.10252
505,Nikola Milenković,36,90,2.0,2.0,2.8408146,0.8408146
505,Nikola Milenković,37,90,1.0,1.0,2.6088386,1.6088386
505,Nikola Milenković,38,90,4.0,4.0,2.8519876,1.1480124
506,Murillo Costa dos Santos,34,0,0.0,0.0,2.5840697,2.5840697
506,Murillo Costa dos Santos,35,0,0.0,0.0,1.8354794,1.8354794
506,Murillo Costa dos Santos,36,0,0.0,0.0,1.7046734,1.7046734
506,Murillo Costa dos Santos,37,0,0.0,0.0,1.2754341,1.2754341
506,Murillo Costa dos Santos,38,0,0.0,0.0,1.59367,1.59367
507,Ola Aina,34,90,9.0,9.0,2.9103708,6.089629
507,Ola Aina,35,0,0.0,0.0,3.002551,3.002551
507,Ola Aina,36,0,0.0,0.0,2.3880215,2.3880215
507,Ola Aina,37,0,0.0,0.0,1.6635528,1.6635528
507,Ola Aina,38,0,0.0,0.0,1.6366202,1.6366202
508,Neco Williams,34,90,5.0,5.0,3.3123753,1.6876247
508,Neco Williams,35,45,1.0,1.0,3.1393456,2.1393456
508,Neco Williams,36,90,2.0,2.0,3.063692,1.0636921
508,Neco Williams,37,90,1.0,1.0,2.8448908,1.8448908
508,Neco Williams,38,90,2.0,2.0,2.8812244,0.8812244
509,David Mota Veiga Teixeira do Carmo,34,0,0.0,0.0,1.5070949,1.5070949
509,David Mota Veiga Teixeira do Carmo,35,0,0.0,0.0,1.3831332,1.3831332
509,David Mota Veiga Teixeira do Carmo,36,0,0.0,0.0,1.5606714,1.5606714
509,David Mota Veiga Teixeira do Carmo,37,0,0.0,0.0,1.3201333,1.3201333
509,David Mota Veiga Teixeira do Carmo,38,0,0.0,0.0,1.5568453,1.5568453
510,Jair Paula da Cunha Filho,34,49,1.0,1.0,1.6595997,0.65959966
510,Jair Paula da Cunha Filho,35,45,1.0,1.0,1.7453207,0.7453207
510,Jair Paula da Cunha Filho,36,90,2.0,2.0,1.9789993,0.021000743
510,Jair Paula da Cunha Filho,37,6,1.0,1.0,2.2251587,1.2251587
510,Jair Paula da Cunha Filho,38,62,2.0,2.0,1.9757549,0.024245143
511,Felipe Rodrigues da Silva,34,40,1.0,1.0,1.4501452,0.45014524
511,Felipe Rodrigues da Silva,35,90,1.0,1.0,1.5735363,0.5735363
511,Felipe Rodrigues da Silva,36,90,2.0,2.0,2.0265079,0.026507854
511,Felipe Rodrigues da Silva,37,90,9.0,9.0,2.221856,6.778144
511,Felipe Rodrigues da Silva,38,90,4.0,4.0,3.151495,0.848505
512,Omar Richards,34,0,0.0,0.0,1.5070949,1.5070949
512,Omar Richards,35,0,0.0,0.0,1.3831332,1.3831332
512,Omar Richards,36,0,0.0,0.0,1.5606714,1.5606714
512,Omar Richards,37,0,0.0,0.0,1.3201333,1.3201333
512,Omar Richards,38,0,0.0,0.0,1.5568453,1.5568453
513,Zach Abbott,34,0,0.0,0.0,1.4338887,1.4338887
513,Zach Abbott,35,45,1.0,1.0,1.3099269,0.30992687
513,Zach Abbott,36,0,0.0,0.0,1.7090585,1.7090585
513,Zach Abbott,37,0,0.0,0.0,1.3416361,1.3416361
513,Zach Abbott,38,0,0.0,0.0,1.5207113,1.5207113
514,Willy Boly,34,0,0.0,0.0,1.4338887,1.4338887
514,Willy Boly,35,0,0.0,0.0,1.3099269,1.3099269
514,Willy Boly,36,0,0.0,0.0,1.4874651,1.4874651
514,Willy Boly,37,0,0.0,0.0,1.2469271,1.2469271
514,Willy Boly,38,0,0.0,0.0,1.4836391,1.4836391
515,Morgan Gibbs-White,34,90,13.0,13.0,4.3170094,8.682991
515,Morgan Gibbs-White,35,20,4.0,4.0,3.8445253,0.15547466
515,Morgan Gibbs-White,36,0,0.0,0.0,3.7484136,3.7484136
515,Morgan Gibbs-White,37,90,7.0,7.0,2.851952,4.148048
515,Morgan Gibbs-White,38,90,9.0,9.0,4.294791,4.705209
516,Callum Hudson-Odoi,34,0,0.0,0.0,2.3707042,2.3707042
516,Callum Hudson-Odoi,35,0,0.0,0.0,1.9324604,1.9324604
516,Callum Hudson-Odoi,36,0,0.0,0.0,1.9264177,1.9264177
516,Callum Hudson-Odoi,37,0,0.0,0.0,1.4057199,1.4057199
516,Callum Hudson-Odoi,38,0,0.0,0.0,1.551164,1.551164
517,Elliot Anderson,34,90,9.0,9.0,3.3993602,5.60064
517,Elliot Anderson,35,45,1.0,1.0,3.4725077,2.4725077
517,Elliot Anderson,36,90,12.0,12.0,3.0568595,8.94314
517,Elliot Anderson,37,90,12.0,12.0,3.1164417,8.883558
517,Elliot Anderson,38,64,2.0,2.0,3.5366707,1.5366707
518,João Pedro Ferreira da Silva,34,0,0.0,0.0,1.4700395,1.4700395
518,João Pedro Ferreira da Silva,35,0,0.0,0.0,1.3460778,1.3460778
518,João Pedro Ferreira da Silva,36,0,0.0,0.0,1.523616,1.523616
518,João Pedro Ferreira da Silva,37,0,0.0,0.0,1.2904378,1.2904378
518,João Pedro Ferreira da Silva,38,0,0.0,0.0,1.5197899,1.5197899
519,Nicolás Domínguez,34,45,0.0,0.0,1.7119094,1.7119094
519,Nicolás Domínguez,35,45,1.0,1.0,1.6202692,0.6202692
519,Nicolás Domínguez,36,45,1.0,1.0,2.08948,1.0894799
519,Nicolás Domínguez,37,69,2.0,2.0,1.7802285,0.2197715
519,Nicolás Domínguez,38,25,1.0,1.0,2.4697406,1.4697406
520,Lewis O'Brien,34,0,0.0,0.0,1.4282074,1.4282074
520,Lewis O'Brien,35,0,0.0,0.0,1.3042456,1.3042456
520,Lewis O'Brien,36,0,0.0,0.0,1.4817839,1.4817839
520,Lewis O'Brien,37,0,0.0,0.0,1.2477711,1.2477711
520,Lewis O'Brien,38,0,0.0,0.0,1.4779578,1.4779578
521,Ibrahim Sangaré,34,45,1.0,1.0,3.1418617,2.1418617
521,Ibrahim Sangaré,35,0,0.0,0.0,2.7689576,2.7689576
521,Ibrahim Sangaré,36,0,0.0,0.0,2.4217312,2.4217312
521,Ibrahim Sangaré,37,20,1.0,1.0,1.4479207,0.44792068
521,Ibrahim Sangaré,38,64,4.0,4.0,1.6140248,2.3859754
522,Ryan Yates,34,23,0.0,0.0,1.5781597,1.5781597
522,Ryan Yates,35,90,4.0,4.0,1.4532307,2.5467691
522,Ryan Yates,36,45,0.0,0.0,2.168914,2.168914
522,Ryan Yates,37,0,0.0,0.0,1.9311671,1.9311671
522,Ryan Yates,38,25,1.0,1.0,1.6998006,0.6998006
523,Eric da Silva Moreira,34,0,0.0,0.0,1.3759173,1.3759173
523,Eric da Silva Moreira,35,0,0.0,0.0,1.2519555,1.2519555
523,Eric da Silva Moreira,36,0,0.0,0.0,1.4294938,1.4294938
523,Eric da Silva Moreira,37,0,0.0,0.0,1.1944379,1.1944379
523,Eric da Silva Moreira,38,0,0.0,0.0,1.4256678,1.4256678
524,Marko Stamenić,34,0,0.0,0.0,1.3759173,1.3759173
524,Marko Stamenić,35,0,0.0,0.0,1.2519555,1.2519555
524,Marko Stamenić,36,0,0.0,0.0,1.4294938,1.4294938
524,Marko Stamenić,37,0,0.0,0.0,1.1944379,1.1944379
524,Marko Stamenić,38,0,0.0,0.0,1.4256678,1.4256678
525,Chris Wood,34,87,7.0,7.0,2.1824548,4.817545
525,Chris Wood,35,24,1.0,1.0,2.9855154,1.9855154
525,Chris Wood,36,17,1.0,1.0,2.6212974,1.6212974
525,Chris Wood,37,69,2.0,2.0,2.0662503,0.066250324
525,Chris Wood,38,61,2.0,2.0,2.4367843,0.43678427
526,Igor Jesus Maciel da Cruz,34,66,14.0,14.0,3.116768,10.883232
526,Igor Jesus Maciel da Cruz,35,45,5.0,5.0,3.2644093,1.7355907
526,Igor Jesus Maciel da Cruz,36,82,1.0,1.0,3.7025425,2.7025425
526,Igor Jesus Maciel da Cruz,37,83,2.0,2.0,3.3524275,1.3524275
526,Igor Jesus Maciel da Cruz,38,90,2.0,2.0,3.2864797,1.2864797
527,Taiwo Awoniyi,34,2,4.0,4.0,1.6046332,2.3953667
527,Taiwo Awoniyi,35,90,16.0,16.0,1.5904871,14.4095125
527,Taiwo Awoniyi,36,72,2.0,2.0,3.2937698,1.2937698
527,Taiwo Awoniyi,37,20,1.0,1.0,2.792359,1.7923591
527,Taiwo Awoniyi,38,28,0.0,0.0,2.957932,2.957932
528,Anthony Patterson,34,0,0.0,0.0,1.9725697,1.9725697
528,Anthony Patterson,35,0,0.0,0.0,1.9318947,1.9318947
528,Anthony Patterson,36,0,0.0,0.0,1.7670707,1.7670707
528,Anthony Patterson,37,0,0.0,0.0,1.8111517,1.8111517
528,Anthony Patterson,38,0,0.0,0.0,1.8300705,1.8300705
529,Simon Moore,34,0,0.0,0.0,1.9411956,1.9411956
529,Simon Moore,35,0,0.0,0.0,1.9005204,1.9005204
529,Simon Moore,36,0,0.0,0.0,1.7356967,1.7356967
529,Simon Moore,37,0,0.0,0.0,1.7797776,1.7797776
529,Simon Moore,38,0,0.0,0.0,1.7986964,1.7986964
530,Blondy Nna Noukeu,34,0,0.0,0.0,1.9411956,1.9411956
530,Blondy Nna Noukeu,35,0,0.0,0.0,1.9005204,1.9005204
530,Blondy Nna Noukeu,36,0,0.0,0.0,1.7356967,1.7356967
530,Blondy Nna Noukeu,37,0,0.0,0.0,1.7797776,1.7797776
530,Blondy Nna Noukeu,38,0,0.0,0.0,1.7986964,1.7986964
531,Daniel Ballard,34,90,0.0,0.0,2.14465,2.14465
531,Daniel Ballard,35,23,-2.0,-2.0,2.468291,4.4682913
531,Daniel Ballard,36,0,0.0,0.0,2.281553,2.281553
531,Daniel Ballard,37,0,0.0,0.0,2.0615077,2.0615077
531,Daniel Ballard,38,0,0.0,0.0,1.9181868,1.9181868
532,Trai Hume,34,90,-2.0,-2.0,2.7864938,4.786494
532,Trai Hume,35,90,2.0,2.0,2.3889284,0.3889284
532,Trai Hume,36,89,6.0,6.0,2.2903218,3.7096782
532,Trai Hume,37,59,1.0,1.0,2.3413806,1.3413806
532,Trai Hume,38,90,8.0,8.0,2.27876,5.72124
533,Aji Alese,34,0,0.0,0.0,1.6335517,1.6335517
533,Aji Alese,35,0,0.0,0.0,1.5928766,1.5928766
533,Aji Alese,36,0,0.0,0.0,1.4280527,1.4280527
533,Aji Alese,37,0,0.0,0.0,1.4721338,1.4721338
533,Aji Alese,38,0,0.0,0.0,1.4910525,1.4910525
534,Joe Anderson,34,0,0.0,0.0,1.6126357,1.6126357
534,Joe Anderson,35,0,0.0,0.0,1.5719606,1.5719606
534,Joe Anderson,36,0,0.0,0.0,1.4071366,1.4071366
534,Joe Anderson,37,0,0.0,0.0,1.4512175,1.4512175
534,Joe Anderson,38,0,0.0,0.0,1.4701365,1.4701365
535,Dennis Cirkin,34,0,0.0,0.0,1.6341351,1.6341351
535,Dennis Cirkin,35,18,0.0,0.0,1.5876592,1.5876592
535,Dennis Cirkin,36,0,0.0,0.0,1.4879111,1.4879111
535,Dennis Cirkin,37,0,0.0,0.0,1.4977037,1.4977037
535,Dennis Cirkin,38,0,0.0,0.0,1.4926982,1.4926982
536,Leo Fuhr Hjelde,34,0,0.0,0.0,1.6335517,1.6335517
536,Leo Fuhr Hjelde,35,0,0.0,0.0,1.5928766,1.5928766
536,Leo Fuhr Hjelde,36,0,0.0,0.0,1.4280527,1.4280527
536,Leo Fuhr Hjelde,37,0,0.0,0.0,1.4721338,1.4721338
536,Leo Fuhr Hjelde,38,0,0.0,0.0,1.4910525,1.4910525
537,Niall Huggins,34,0,0.0,0.0,1.6335517,1.6335517
537,Niall Huggins,35,0,0.0,0.0,1.5928766,1.5928766
537,Niall Huggins,36,0,0.0,0.0,1.4280527,1.4280527
537,Niall Huggins,37,0,0.0,0.0,1.4721338,1.4721338
537,Niall Huggins,38,0,0.0,0.0,1.4910525,1.4910525
538,Zak Johnson,34,0,0.0,0.0,1.6126357,1.6126357
538,Zak Johnson,35,0,0.0,0.0,1.5719606,1.5719606
538,Zak Johnson,36,0,0.0,0.0,1.4071366,1.4071366
538,Zak Johnson,37,0,0.0,0.0,1.4512175,1.4512175
538,Zak Johnson,38,0,0.0,0.0,1.4701365,1.4701365
539,Luke O'Nien,34,0,0.0,0.0,2.7824621,2.7824621
539,Luke O'Nien,35,0,0.0,0.0,2.0520737,2.0520737
539,Luke O'Nien,36,0,0.0,0.0,1.6079196,1.6079196
539,Luke O'Nien,37,67,4.0,4.0,1.5160784,2.4839215
539,Luke O'Nien,38,90,6.0,6.0,1.8856409,4.114359
540,Timothée Pembélé,34,0,0.0,0.0,1.6230937,1.6230937
540,Timothée Pembélé,35,0,0.0,0.0,1.5824186,1.5824186
540,Timothée Pembélé,36,0,0.0,0.0,1.4175947,1.4175947
540,Timothée Pembélé,37,0,0.0,0.0,1.4616758,1.4616758
540,Timothée Pembélé,38,0,0.0,0.0,1.4805944,1.4805944
541,Reinildo Mandava,34,45,1.0,1.0,2.398343,1.3983431
541,Reinildo Mandava,35,71,2.0,2.0,2.2336202,0.23362017
541,Reinildo Mandava,36,90,8.0,8.0,2.133063,5.8669367
541,Reinildo Mandava,37,90,2.0,2.0,2.500688,0.5006881
541,Reinildo Mandava,38,90,2.0,2.0,2.4344609,0.43446088
542,Jenson Seelt,34,0,0.0,0.0,1.6335517,1.6335517
542,Jenson Seelt,35,0,0.0,0.0,1.5928766,1.5928766
542,Jenson Seelt,36,0,0.0,0.0,1.4280527,1.4280527
542,Jenson Seelt,37,0,0.0,0.0,1.4721338,1.4721338
542,Jenson Seelt,38,0,0.0,0.0,1.4910525,1.4910525
543,Simon Adingra,34,0,0.0,0.0,1.5964962,1.5964962
543,Simon Adingra,35,0,0.0,0.0,1.5558212,1.5558212
543,Simon Adingra,36,0,0.0,0.0,1.3909973,1.3909973
543,Simon Adingra,37,0,0.0,0.0,1.4350783,1.4350783
543,Simon Adingra,38,0,0.0,0.0,1.453997,1.453997
544,Habib Diarra,34,64,1.0,1.0,3.8924208,2.8924208
544,Habib Diarra,35,18,1.0,1.0,3.1676402,2.1676402
544,Habib Diarra,36,0,0.0,0.0,2.73849,2.73849
544,Habib Diarra,37,13,4.0,4.0,2.197811,1.8021891
544,Habib Diarra,38,29,0.0,0.0,2.0414839,2.0414839
545,Patrick Roberts,34,0,0.0,0.0,1.6487864,1.6487864
545,Patrick Roberts,35,0,0.0,0.0,1.6081113,1.6081113
545,Patrick Roberts,36,0,0.0,0.0,1.4432874,1.4432874
545,Patrick Roberts,37,0,0.0,0.0,1.4873685,1.4873685
545,Patrick Roberts,38,0,0.0,0.0,1.5062872,1.5062872
546,Milan Aleksić,34,0,0.0,0.0,1.5964962,1.5964962
546,Milan Aleksić,35,0,0.0,0.0,1.5558212,1.5558212
546,Milan Aleksić,36,0,0.0,0.0,1.3909973,1.3909973
546,Milan Aleksić,37,0,0.0,0.0,1.4350783,1.4350783
546,Milan Aleksić,38,0,0.0,0.0,1.453997,1.453997
547,Enzo Le Fée,34,90,2.0,2.0,3.4264445,1.4264445
547,Enzo Le Fée,35,90,4.0,4.0,3.6738467,0.32615328
547,Enzo Le Fée,36,90,3.0,3.0,3.2612107,0.26121068
547,Enzo Le Fée,37,90,13.0,13.0,3.6533804,9.34662
547,Enzo Le Fée,38,90,5.0,5.0,3.7487345,1.2512655
548,Romaine Mundle,34,0,0.0,0.0,1.5964962,1.5964962
548,Romaine Mundle,35,0,0.0,0.0,1.5558212,1.5558212
548,Romaine Mundle,36,0,0.0,0.0,1.3909973,1.3909973
548,Romaine Mundle,37,0,0.0,0.0,1.4350783,1.4350783
548,Romaine Mundle,38,0,0.0,0.0,1.453997,1.453997
549,Dan Neil,34,0,0.0,0.0,1.5860382,1.5860382
549,Dan Neil,35,0,0.0,0.0,1.5453632,1.5453632
549,Dan Neil,36,0,0.0,0.0,1.3805393,1.3805393
549,Dan Neil,37,0,0.0,0.0,1.4246203,1.4246203
549,Dan Neil,38,0,0.0,0.0,1.443539,1.443539
550,Ian Poveda-Ocampo,34,0,0.0,0.0,1.5755802,1.5755802
550,Ian Poveda-Ocampo,35,0,0.0,0.0,1.5349052,1.5349052
550,Ian Poveda-Ocampo,36,0,0.0,0.0,1.3700811,1.3700811
550,Ian Poveda-Ocampo,37,0,0.0,0.0,1.4141623,1.4141623
550,Ian Poveda-Ocampo,38,0,0.0,0.0,1.433081,1.433081
551,Chris Rigg,34,45,1.0,1.0,3.3110714,2.3110714
551,Chris Rigg,35,0,0.0,0.0,3.2420866,3.2420866
551,Chris Rigg,36,0,0.0,0.0,2.4353926,2.4353926
551,Chris Rigg,37,13,4.0,4.0,1.7629703,2.2370296
551,Chris Rigg,38,1,1.0,1.0,1.648795,0.648795
552,Noah Sadiki,34,90,2.0,2.0,3.348692,1.3486919
552,Noah Sadiki,35,71,2.0,2.0,3.398893,1.3988931
552,Noah Sadiki,36,90,5.0,5.0,3.150273,1.8497269
552,Noah Sadiki,37,76,2.0,2.0,3.6191773,1.6191773
552,Noah Sadiki,38,90,1.0,1.0,3.1393328,2.1393328
553,Chemsdine Talbi,34,0,0.0,0.0,2.2300792,2.2300792
553,Chemsdine Talbi,35,90,2.0,2.0,1.860159,0.13984096
553,Chemsdine Talbi,36,78,3.0,3.0,2.2197723,0.78022766
553,Chemsdine Talbi,37,30,1.0,1.0,2.2457573,1.2457573
553,Chemsdine Talbi,38,0,0.0,0.0,1.9768763,1.9768763
554,Abdoullah Ba,34,0,0.0,0.0,1.5337481,1.5337481
554,Abdoullah Ba,35,0,0.0,0.0,1.4930731,1.4930731
554,Abdoullah Ba,36,0,0.0,0.0,1.3282491,1.3282491
554,Abdoullah Ba,37,0,0.0,0.0,1.3723302,1.3723302
554,Abdoullah Ba,38,0,0.0,0.0,1.391249,1.391249
555,Alan Browne,34,0,0.0,0.0,1.5546643,1.5546643
555,Alan Browne,35,0,0.0,0.0,1.5139891,1.5139891
555,Alan Browne,36,0,0.0,0.0,1.3491652,1.3491652
555,Alan Browne,37,0,0.0,0.0,1.3932463,1.3932463
555,Alan Browne,38,0,0.0,0.0,1.4121649,1.4121649
556,Pierre Ekwah Elimby,34,0,0.0,0.0,1.5546643,1.5546643
556,Pierre Ekwah Elimby,35,0,0.0,0.0,1.5139891,1.5139891
556,Pierre Ekwah Elimby,36,0,0.0,0.0,1.3491652,1.3491652
556,Pierre Ekwah Elimby,37,0,0.0,0.0,1.3932463,1.3932463
556,Pierre Ekwah Elimby,38,0,0.0,0.0,1.4121649,1.4121649
557,Harrison Jones,34,0,0.0,0.0,1.5337481,1.5337481
557,Harrison Jones,35,0,0.0,0.0,1.4930731,1.4930731
557,Harrison Jones,36,0,0.0,0.0,1.3282491,1.3282491
557,Harrison Jones,37,0,0.0,0.0,1.3723302,1.3723302
557,Harrison Jones,38,0,0.0,0.0,1.391249,1.391249
558,Jay Matete,34,0,0.0,0.0,1.5337481,1.5337481
558,Jay Matete,35,0,0.0,0.0,1.4930731,1.4930731
558,Jay Matete,36,0,0.0,0.0,1.3282491,1.3282491
558,Jay Matete,37,0,0.0,0.0,1.3723302,1.3723302
558,Jay Matete,38,0,0.0,0.0,1.391249,1.391249
559,Nectarios Triantis,34,0,0.0,0.0,1.5442063,1.5442063
559,Nectarios Triantis,35,0,0.0,0.0,1.5035311,1.5035311
559,Nectarios Triantis,36,0,0.0,0.0,1.3387071,1.3387071
559,Nectarios Triantis,37,0,0.0,0.0,1.3827883,1.3827883
559,Nectarios Triantis,38,0,0.0,0.0,1.4017069,1.4017069
560,Wilson Isidor,34,25,1.0,1.0,2.179676,1.179676
560,Wilson Isidor,35,18,1.0,1.0,2.0089126,1.0089126
560,Wilson Isidor,36,0,0.0,0.0,1.6505457,1.6505457
560,Wilson Isidor,37,13,5.0,5.0,1.5006835,3.4993165
560,Wilson Isidor,38,29,1.0,1.0,1.978686,0.978686
561,Eliezer Mayenda Dossou,34,0,0.0,0.0,1.640951,1.640951
561,Eliezer Mayenda Dossou,35,0,0.0,0.0,1.606414,1.606414
561,Eliezer Mayenda Dossou,36,1,1.0,1.0,1.4339569,0.43395686
561,Eliezer Mayenda Dossou,37,0,0.0,0.0,1.4936136,1.4936136
561,Eliezer Mayenda Dossou,38,0,0.0,0.0,1.5026178,1.5026178
562,Ahmed Abdullahi,34,0,0.0,0.0,1.5508875,1.5508875
562,Ahmed Abdullahi,35,0,0.0,0.0,1.5102124,1.5102124
562,Ahmed Abdullahi,36,0,0.0,0.0,1.3453884,1.3453884
562,Ahmed Abdullahi,37,0,0.0,0.0,1.3894695,1.3894695
562,Ahmed Abdullahi,38,0,0.0,0.0,1.4083883,1.4083883
563,Luís Hemir Silva Semedo,34,0,0.0,0.0,1.5718035,1.5718035
563,Luís Hemir Silva Semedo,35,0,0.0,0.0,1.5311284,1.5311284
563,Luís Hemir Silva Semedo,36,0,0.0,0.0,1.3663045,1.3663045
563,Luís Hemir Silva Semedo,37,0,0.0,0.0,1.4103855,1.4103855
563,Luís Hemir Silva Semedo,38,0,0.0,0.0,1.4293042,1.4293042
564,Nazarii Rusyn,34,0,0.0,0.0,1.5718035,1.5718035
564,Nazarii Rusyn,35,0,0.0,0.0,1.5311284,1.5311284
564,Nazarii Rusyn,36,0,0.0,0.0,1.3663045,1.3663045
564,Nazarii Rusyn,37,0,0.0,0.0,1.4103855,1.4103855
564,Nazarii Rusyn,38,0,0.0,0.0,1.4293042,1.4293042
565,Guglielmo Vicario,34,0,0.0,0.0,2.20063,2.20063
565,Guglielmo Vicario,35,0,0.0,0.0,1.8915695,1.8915695
565,Guglielmo Vicario,36,0,0.0,0.0,1.929538,1.929538
565,Guglielmo Vicario,37,0,0.0,0.0,1.6813878,1.6813878
565,Guglielmo Vicario,38,0,0.0,0.0,1.8407844,1.8407844
566,Brandon Austin,34,0,0.0,0.0,1.7887055,1.7887055
566,Brandon Austin,35,0,0.0,0.0,1.6632147,1.6632147
566,Brandon Austin,36,0,0.0,0.0,1.8065361,1.8065361
566,Brandon Austin,37,0,0.0,0.0,1.5977236,1.5977236
566,Brandon Austin,38,0,0.0,0.0,1.7571203,1.7571203
567,Antonín Kinský,34,90,6.0,6.0,2.5692563,3.4307437
567,Antonín Kinský,35,90,2.0,2.0,2.6540833,0.65408325
567,Antonín Kinský,36,90,3.0,3.0,2.8002238,0.19977617
567,Antonín Kinský,37,90,1.0,1.0,2.6528423,1.6528423
567,Antonín Kinský,38,90,5.0,5.0,2.764026,2.235974
568,Pedro Porro Sauceda,34,90,8.0,8.0,3.4541807,4.5458193
568,Pedro Porro Sauceda,35,90,4.0,4.0,3.159903,0.84009695
568,Pedro Porro Sauceda,36,90,1.0,1.0,3.327052,2.327052
568,Pedro Porro Sauceda,37,90,0.0,0.0,3.2477508,3.2477508
568,Pedro Porro Sauceda,38,90,10.0,10.0,3.3124824,6.6875176
569,Cristian Romero,34,0,0.0,0.0,2.064095,2.064095
569,Cristian Romero,35,0,0.0,0.0,1.657073,1.657073
569,Cristian Romero,36,0,0.0,0.0,1.6750287,1.6750287
569,Cristian Romero,37,0,0.0,0.0,1.4016632,1.4016632
569,Cristian Romero,38,0,0.0,0.0,1.5540565,1.5540565
570,Kevin Danso,34,90,5.0,5.0,2.8286967,2.1713033
570,Kevin Danso,35,90,3.0,3.0,2.6446748,0.35532522
570,Kevin Danso,36,90,3.0,3.0,2.9725933,0.027406693
570,Kevin Danso,37,90,3.0,3.0,2.7756734,0.22432661
570,Kevin Danso,38,90,8.0,8.0,3.172811,4.827189
571,Ben Davies,34,0,0.0,0.0,1.5124356,1.5124356
571,Ben Davies,35,0,0.0,0.0,1.3869448,1.3869448
571,Ben Davies,36,0,0.0,0.0,1.5302662,1.5302662
571,Ben Davies,37,0,0.0,0.0,1.3214537,1.3214537
571,Ben Davies,38,0,0.0,0.0,1.4808503,1.4808503
572,Radu Drăgușin,34,1,1.0,1.0,1.5374483,0.5374483
572,Radu Drăgușin,35,0,0.0,0.0,1.4418478,1.4418478
572,Radu Drăgușin,36,0,0.0,0.0,1.5723598,1.5723598
572,Radu Drăgușin,37,0,0.0,0.0,1.3463,1.3463
572,Radu Drăgușin,38,1,1.0,1.0,1.4935372,0.4935372
573,Djed Spence,34,90,8.0,8.0,1.6630683,6.3369317
573,Djed Spence,35,23,1.0,1.0,2.0683184,1.0683184
573,Djed Spence,36,5,1.0,1.0,1.8338861,0.83388615
573,Djed Spence,37,21,1.0,1.0,1.4628894,0.46288943
573,Djed Spence,38,90,6.0,6.0,1.5015565,4.4984436
574,Destiny Udogie,34,0,0.0,0.0,2.2935197,2.2935197
574,Destiny Udogie,35,90,2.0,2.0,1.7074339,0.29256606
574,Destiny Udogie,36,84,2.0,2.0,2.12191,0.121910095
574,Destiny Udogie,37,68,0.0,0.0,2.0552616,2.0552616
574,Destiny Udogie,38,89,7.0,7.0,2.1963303,4.80367
575,Micky van de Ven,34,90,6.0,6.0,2.8981013,3.1018987
575,Micky van de Ven,35,90,2.0,2.0,2.4669602,0.4669602
575,Micky van de Ven,36,90,2.0,2.0,2.568649,0.56864905
575,Micky van de Ven,37,90,0.0,0.0,2.430551,2.430551
575,Micky van de Ven,38,90,6.0,6.0,2.4193826,3.5806174
576,Ashley Phillips,34,0,0.0,0.0,1.4810615,1.4810615
576,Ashley Phillips,35,0,0.0,0.0,1.3555707,1.3555707
576,Ashley Phillips,36,0,0.0,0.0,1.498892,1.498892
576,Ashley Phillips,37,0,0.0,0.0,1.2900796,1.2900796
576,Ashley Phillips,38,0,0.0,0.0,1.4494762,1.4494762
577,Takai Kōta,34,0,0.0,0.0,1.4810615,1.4810615
577,Takai Kōta,35,0,0.0,0.0,1.3555707,1.3555707
577,Takai Kōta,36,0,0.0,0.0,1.498892,1.498892
577,Takai Kōta,37,0,0.0,0.0,1.2900796,1.2900796
577,Takai Kōta,38,0,0.0,0.0,1.4494762,1.4494762
578,Luka Vušković,34,0,0.0,0.0,1.4706035,1.4706035
578,Luka Vušković,35,0,0.0,0.0,1.3451127,1.3451127
578,Luka Vušković,36,0,0.0,0.0,1.488434,1.488434
578,Luka Vušković,37,0,0.0,0.0,1.2796216,1.2796216
578,Luka Vušković,38,0,0.0,0.0,1.4390182,1.4390182
579,Son Heung-min,34,0,0.0,0.0,1.8205961,1.8205961
579,Son Heung-min,35,0,0.0,0.0,1.6959893,1.6959893
579,Son Heung-min,36,0,0.0,0.0,1.8383254,1.8383254
579,Son Heung-min,37,0,0.0,0.0,1.629513,1.629513
579,Son Heung-min,38,0,0.0,0.0,1.7889096,1.7889096
580,Brennan Johnson,37,45,1.0,1.0,3.468885,2.468885
580,Brennan Johnson,38,0,0.0,0.0,2.8401985,2.8401985
581,James Maddison,34,0,0.0,0.0,1.6427085,1.6427085
581,James Maddison,35,0,0.0,0.0,1.5172178,1.5172178
581,James Maddison,36,5,1.0,1.0,1.660539,0.66053903
581,James Maddison,37,21,1.0,1.0,1.5200843,0.52008426
581,James Maddison,38,8,1.0,1.0,1.8236026,0.82360256
582,Mohammed Kudus,34,0,0.0,0.0,1.6008765,1.6008765
582,Mohammed Kudus,35,0,0.0,0.0,1.4753857,1.4753857
582,Mohammed Kudus,36,0,0.0,0.0,1.618707,1.618707
582,Mohammed Kudus,37,0,0.0,0.0,1.4098946,1.4098946
582,Mohammed Kudus,38,0,0.0,0.0,1.5692912,1.5692912
583,Dejan Kulusevski,34,0,0.0,0.0,1.6008765,1.6008765
583,Dejan Kulusevski,35,0,0.0,0.0,1.4753857,1.4753857
583,Dejan Kulusevski,36,0,0.0,0.0,1.618707,1.618707
583,Dejan Kulusevski,37,0,0.0,0.0,1.4098946,1.4098946
583,Dejan Kulusevski,38,0,0.0,0.0,1.5692912,1.5692912
584,Mathys Tel,34,45,1.0,1.0,2.5693011,1.5693011
584,Mathys Tel,35,90,5.0,5.0,2.0264173,2.9735827
584,Mathys Tel,36,84,9.0,9.0,2.8575954,6.1424046
584,Mathys Tel,37,90,2.0,2.0,2.9608133,0.9608133
584,Mathys Tel,38,72,3.0,3.0,3.2262523,0.22625232
585,Rodrigo Bentancur,34,90,4.0,4.0,2.0334597,1.9665403
585,Rodrigo Bentancur,35,66,2.0,2.0,2.600623,0.6006229
585,Rodrigo Bentancur,36,80,5.0,5.0,2.7330484,2.2669516
585,Rodrigo Bentancur,37,90,2.0,2.0,2.9315014,0.9315014
585,Rodrigo Bentancur,38,81,5.0,5.0,3.113451,1.886549
586,Lucas Bergvall,34,27,1.0,1.0,2.0019665,1.0019665
586,Lucas Bergvall,35,1,1.0,1.0,1.5995051,0.59950507
586,Lucas Bergvall,36,9,1.0,1.0,1.5009764,0.50097644
586,Lucas Bergvall,37,0,0.0,0.0,1.3019683,1.3019683
586,Lucas Bergvall,38,0,0.0,0.0,1.4081801,1.4081801
587,Yves Bissouma,34,61,3.0,3.0,1.7034876,1.2965124
587,Yves Bissouma,35,23,1.0,1.0,1.8698413,0.86984134
587,Yves Bissouma,36,0,0.0,0.0,1.865432,1.865432
587,Yves Bissouma,37,0,0.0,0.0,1.4367765,1.4367765
587,Yves Bissouma,38,0,0.0,0.0,1.4758177,1.4758177
588,Wilson Odobert,34,0,0.0,0.0,1.4858382,1.4858382
588,Wilson Odobert,35,0,0.0,0.0,1.3603474,1.3603474
588,Wilson Odobert,36,0,0.0,0.0,1.5036687,1.5036687
588,Wilson Odobert,37,0,0.0,0.0,1.2948563,1.2948563
588,Wilson Odobert,38,0,0.0,0.0,1.454253,1.454253
589,Manor Solomon,34,0,0.0,0.0,1.4962963,1.4962963
589,Manor Solomon,35,0,0.0,0.0,1.3708054,1.3708054
589,Manor Solomon,36,0,0.0,0.0,1.5141268,1.5141268
589,Manor Solomon,37,0,0.0,0.0,1.3053143,1.3053143
589,Manor Solomon,38,0,0.0,0.0,1.4647111,1.4647111
590,Bryan Gil Salvatierra,34,0,0.0,0.0,1.4440061,1.4440061
590,Bryan Gil Salvatierra,35,0,0.0,0.0,1.3185153,1.3185153
590,Bryan Gil Salvatierra,36,0,0.0,0.0,1.4618367,1.4618367
590,Bryan Gil Salvatierra,37,0,0.0,0.0,1.2530242,1.2530242
590,Bryan Gil Salvatierra,38,0,0.0,0.0,1.4124209,1.4124209
591,Archie Gray,34,0,0.0,0.0,2.6682184,2.6682184
591,Archie Gray,35,0,0.0,0.0,1.503055,1.503055
591,Archie Gray,36,0,0.0,0.0,1.4536105,1.4536105
591,Archie Gray,37,0,0.0,0.0,1.1982708,1.1982708
591,Archie Gray,38,8,1.0,1.0,1.3810322,0.38103223
592,Mikey Moore,34,0,0.0,0.0,1.4544641,1.4544641
592,Mikey Moore,35,0,0.0,0.0,1.3289733,1.3289733
592,Mikey Moore,36,0,0.0,0.0,1.4722946,1.4722946
592,Mikey Moore,37,0,0.0,0.0,1.2634822,1.2634822
592,Mikey Moore,38,0,0.0,0.0,1.4228789,1.4228789
593,Pape Matar Sarr,34,0,0.0,0.0,2.1171699,2.1171699
593,Pape Matar Sarr,35,1,1.0,1.0,1.4389497,0.4389497
593,Pape Matar Sarr,36,0,0.0,0.0,1.4081093,1.4081093
593,Pape Matar Sarr,37,21,4.0,4.0,1.2012576,2.7987423
593,Pape Matar Sarr,38,17,0.0,0.0,1.6883025,1.6883025
594,Yang Min-hyeok,34,0,0.0,0.0,1.402174,1.402174
594,Yang Min-hyeok,35,0,0.0,0.0,1.2766832,1.2766832
594,Yang Min-hyeok,36,0,0.0,0.0,1.4200045,1.4200045
594,Yang Min-hyeok,37,0,0.0,0.0,1.2111923,1.2111923
594,Yang Min-hyeok,38,0,0.0,0.0,1.3705888,1.3705888
595,Callum Olusesi,34,0,0.0,0.0,1.3718283,1.3718283
595,Callum Olusesi,35,0,0.0,0.0,1.2371686,1.2371686
595,Callum Olusesi,36,0,0.0,0.0,1.3990885,1.3990885
595,Callum Olusesi,37,0,0.0,0.0,1.190276,1.190276
595,Callum Olusesi,38,0,0.0,0.0,1.3496727,1.3496727
596,Dominic Solanke-Mitchell,34,39,1.0,1.0,3.6428144,2.6428144
596,Dominic Solanke-Mitchell,35,0,0.0,0.0,2.9461656,2.9461656
596,Dominic Solanke-Mitchell,36,0,0.0,0.0,2.5027528,2.5027528
596,Dominic Solanke-Mitchell,37,0,0.0,0.0,1.8640801,1.8640801
596,Dominic Solanke-Mitchell,38,0,0.0,0.0,1.6664084,1.6664084
597,Richarlison de Andrade,34,50,4.0,4.0,2.5777726,1.4222274
597,Richarlison de Andrade,35,90,9.0,9.0,2.6837268,6.316273
597,Richarlison de Andrade,36,90,2.0,2.0,3.0898366,1.0898366
597,Richarlison de Andrade,37,90,7.0,7.0,3.1508873,3.8491127
597,Richarlison de Andrade,38,72,2.0,2.0,3.9874024,1.9874024
598,Will Lankshear,34,0,0.0,0.0,1.4297714,1.4297714
598,Will Lankshear,35,0,0.0,0.0,1.3042806,1.3042806
598,Will Lankshear,36,0,0.0,0.0,1.4476019,1.4476019
598,Will Lankshear,37,0,0.0,0.0,1.2387894,1.2387894
598,Will Lankshear,38,0,0.0,0.0,1.3981861,1.3981861
599,Dane Scarlett,34,0,0.0,0.0,1.4088553,1.4088553
599,Dane Scarlett,35,0,0.0,0.0,1.2833645,1.2833645
599,Dane Scarlett,36,0,0.0,0.0,1.4266858,1.4266858
599,Dane Scarlett,37,0,0.0,0.0,1.2178735,1.2178735
599,Dane Scarlett,38,0,0.0,0.0,1.3772701,1.3772701
600,Alphonse Areola,34,0,0.0,0.0,1.8117932,1.8117932
600,Alphonse Areola,35,0,0.0,0.0,1.8382348,1.8382348
600,Alphonse Areola,36,0,0.0,0.0,1.6652642,1.6652642
600,Alphonse Areola,37,0,0.0,0.0,1.7407771,1.7407771
600,Alphonse Areola,38,0,0.0,0.0,1.861209,1.861209
601,Wes Foderingham,34,0,0.0,0.0,1.7908772,1.7908772
601,Wes Foderingham,35,0,0.0,0.0,1.8173188,1.8173188
601,Wes Foderingham,36,0,0.0,0.0,1.6443483,1.6443483
601,Wes Foderingham,37,0,0.0,0.0,1.7198611,1.7198611
601,Wes Foderingham,38,0,0.0,0.0,1.8402929,1.8402929
602,Krisztián Hegyi,34,0,0.0,0.0,1.7804192,1.7804192
602,Krisztián Hegyi,35,0,0.0,0.0,1.8068606,1.8068606
602,Krisztián Hegyi,36,0,0.0,0.0,1.6338904,1.6338904
602,Krisztián Hegyi,37,0,0.0,0.0,1.7094032,1.7094032
602,Krisztián Hegyi,38,0,0.0,0.0,1.8298348,1.8298348
603,El Hadji Malick Diouf,34,90,2.0,2.0,2.7461183,0.7461183
603,El Hadji Malick Diouf,35,73,1.0,1.0,2.9939692,1.9939692
603,El Hadji Malick Diouf,36,90,2.0,2.0,2.8115354,0.81153536
603,El Hadji Malick Diouf,37,90,0.0,0.0,2.8936758,2.8936758
603,El Hadji Malick Diouf,38,90,6.0,6.0,3.1618805,2.8381195
604,Emerson Palmieri dos Santos,34,0,0.0,0.0,1.5152897,1.5152897
604,Emerson Palmieri dos Santos,35,0,0.0,0.0,1.5410488,1.5410488
604,Emerson Palmieri dos Santos,36,0,0.0,0.0,1.3684927,1.3684927
604,Emerson Palmieri dos Santos,37,0,0.0,0.0,1.4435912,1.4435912
604,Emerson Palmieri dos Santos,38,0,0.0,0.0,1.5640231,1.5640231
605,Maximilian Kilman,34,0,0.0,0.0,1.4839107,1.4839107
605,Maximilian Kilman,35,0,0.0,0.0,1.5096747,1.5096747
605,Maximilian Kilman,36,0,0.0,0.0,1.3371136,1.3371136
605,Maximilian Kilman,37,0,0.0,0.0,1.4122173,1.4122173
605,Maximilian Kilman,38,0,0.0,0.0,1.5221909,1.5221909
606,Konstantinos Mavropanos,34,90,4.0,4.0,3.4993632,0.5006368
606,Konstantinos Mavropanos,35,90,-1.0,-1.0,3.5123024,4.5123024
606,Konstantinos Mavropanos,36,90,4.0,4.0,2.8970442,1.1029558
606,Konstantinos Mavropanos,37,90,3.0,3.0,3.2183194,0.21831942
606,Konstantinos Mavropanos,38,90,8.0,8.0,3.2503119,4.749688
607,Nayef Aguerd,34,0,0.0,0.0,1.5152897,1.5152897
607,Nayef Aguerd,35,0,0.0,0.0,1.5410488,1.5410488
607,Nayef Aguerd,36,0,0.0,0.0,1.3684927,1.3684927
607,Nayef Aguerd,37,0,0.0,0.0,1.4435912,1.4435912
607,Nayef Aguerd,38,0,0.0,0.0,1.5640231,1.5640231
608,Ollie Scarles,34,0,0.0,0.0,1.50483,1.50483
608,Ollie Scarles,35,2,0.0,0.0,1.5305908,1.5305908
608,Ollie Scarles,36,0,0.0,0.0,1.4024905,1.4024905
608,Ollie Scarles,37,0,0.0,0.0,1.4483593,1.4483593
608,Ollie Scarles,38,0,0.0,0.0,1.5487028,1.5487028
609,Jean-Clair Todibo,34,1,1.0,1.0,1.6379114,0.63791144
609,Jean-Clair Todibo,35,0,0.0,0.0,1.5323623,1.5323623
609,Jean-Clair Todibo,36,90,1.0,1.0,1.3674252,0.3674252
609,Jean-Clair Todibo,37,25,0.0,0.0,1.8275265,1.8275265
609,Jean-Clair Todibo,38,0,0.0,0.0,1.9947323,1.9947323
610,Aaron Wan-Bissaka,34,0,0.0,0.0,1.8699187,1.8699187
610,Aaron Wan-Bissaka,35,25,1.0,1.0,1.4869496,0.48694956
610,Aaron Wan-Bissaka,36,90,2.0,2.0,1.4397418,0.56025815
610,Aaron Wan-Bissaka,37,62,1.0,1.0,1.9871916,0.98719156
610,Aaron Wan-Bissaka,38,0,0.0,0.0,2.2326376,2.2326376
611,Kaelan Casey,34,0,0.0,0.0,1.4734509,1.4734509
611,Kaelan Casey,35,0,0.0,0.0,1.4992167,1.4992167
611,Kaelan Casey,36,0,0.0,0.0,1.326654,1.326654
611,Kaelan Casey,37,0,0.0,0.0,1.4017591,1.4017591
611,Kaelan Casey,38,0,0.0,0.0,1.5221909,1.5221909
612,Lucas Tolentino Coelho de Lima,34,0,0.0,0.0,1.5404898,1.5404898
612,Lucas Tolentino Coelho de Lima,35,0,0.0,0.0,1.5667415,1.5667415
612,Lucas Tolentino Coelho de Lima,36,0,0.0,0.0,1.3937713,1.3937713
612,Lucas Tolentino Coelho de Lima,37,0,0.0,0.0,1.4692839,1.4692839
612,Lucas Tolentino Coelho de Lima,38,0,0.0,0.0,1.5897158,1.5897158
613,Tomáš Souček,34,90,10.0,10.0,3.0845733,6.9154267
613,Tomáš Souček,35,90,2.0,2.0,3.4312422,1.4312422
613,Tomáš Souček,36,90,2.0,2.0,3.0642862,1.0642862
613,Tomáš Souček,37,62,1.0,1.0,2.9607081,1.9607081
613,Tomáš Souček,38,90,3.0,3.0,3.0271087,0.02710867
615,Crysencio Summerville,34,90,2.0,2.0,2.7297196,0.72971964
615,Crysencio Summerville,35,87,1.0,1.0,3.2487898,2.2487898
615,Crysencio Summerville,36,90,1.0,1.0,2.9628997,1.9628997
615,Crysencio Summerville,37,90,2.0,2.0,2.9507556,0.9507556
615,Crysencio Summerville,38,90,6.0,6.0,3.4251132,2.5748868
616,Edson Álvarez Velázquez,34,0,0.0,0.0,1.4358929,1.4358929
616,Edson Álvarez Velázquez,35,0,0.0,0.0,1.4621612,1.4621612
616,Edson Álvarez Velázquez,36,0,0.0,0.0,1.289191,1.289191
616,Edson Álvarez Velázquez,37,0,0.0,0.0,1.3647038,1.3647038
616,Edson Álvarez Velázquez,38,0,0.0,0.0,1.4851357,1.4851357
617,Maxwel Cornet,34,0,0.0,0.0,1.4358929,1.4358929
617,Maxwel Cornet,35,0,0.0,0.0,1.4621612,1.4621612
617,Maxwel Cornet,36,0,0.0,0.0,1.289191,1.289191
617,Maxwel Cornet,37,0,0.0,0.0,1.3647038,1.3647038
617,Maxwel Cornet,38,0,0.0,0.0,1.4851357,1.4851357
618,Guido Rodríguez,34,0,0.0,0.0,1.4254333,1.4254333
618,Guido Rodríguez,35,0,0.0,0.0,1.4517033,1.4517033
618,Guido Rodríguez,36,0,0.0,0.0,1.278733,1.278733
618,Guido Rodríguez,37,0,0.0,0.0,1.3542458,1.3542458
618,Guido Rodríguez,38,0,0.0,0.0,1.4746777,1.4746777
619,Luis Guilherme Lira dos Santos,34,0,0.0,0.0,1.4358929,1.4358929
619,Luis Guilherme Lira dos Santos,35,0,0.0,0.0,1.4621612,1.4621612
619,Luis Guilherme Lira dos Santos,36,0,0.0,0.0,1.289191,1.289191
619,Luis Guilherme Lira dos Santos,37,0,0.0,0.0,1.3647038,1.3647038
619,Luis Guilherme Lira dos Santos,38,0,0.0,0.0,1.4851357,1.4851357
620,George Earthy,34,0,0.0,0.0,1.3940542,1.3940542
620,George Earthy,35,0,0.0,0.0,1.4203292,1.4203292
620,George Earthy,36,0,0.0,0.0,1.2473589,1.2473589
620,George Earthy,37,0,0.0,0.0,1.3228718,1.3228718
620,George Earthy,38,0,0.0,0.0,1.4433036,1.4433036
621,Andy Irving,34,0,0.0,0.0,1.3731349,1.3731349
621,Andy Irving,35,0,0.0,0.0,1.3994132,1.3994132
621,Andy Irving,36,0,0.0,0.0,1.2264429,1.2264429
621,Andy Irving,37,0,0.0,0.0,1.3019557,1.3019557
621,Andy Irving,38,0,0.0,0.0,1.4223875,1.4223875
622,Lewis Orford,34,0,0.0,0.0,1.3835945,1.3835945
622,Lewis Orford,35,0,0.0,0.0,1.4098712,1.4098712
622,Lewis Orford,36,0,0.0,0.0,1.2369009,1.2369009
622,Lewis Orford,37,0,0.0,0.0,1.3124137,1.3124137
622,Lewis Orford,38,0,0.0,0.0,1.4328456,1.4328456
623,Freddie Potts,34,11,1.0,1.0,1.4269413,0.42694128
623,Freddie Potts,35,0,0.0,0.0,1.4642408,1.4642408
623,Freddie Potts,36,0,0.0,0.0,1.2047637,1.2047637
623,Freddie Potts,37,0,0.0,0.0,1.2988794,1.2988794
623,Freddie Potts,38,0,0.0,0.0,1.411147,1.411147
624,Jarrod Bowen,34,90,10.0,10.0,3.741878,6.258122
624,Jarrod Bowen,35,87,2.0,2.0,3.9717474,1.9717474
624,Jarrod Bowen,36,90,2.0,2.0,3.6529145,1.6529145
624,Jarrod Bowen,37,90,2.0,2.0,3.6657794,1.6657794
624,Jarrod Bowen,38,90,12.0,12.0,3.5924296,8.40757
625,Niclas Füllkrug,34,0,0.0,0.0,1.5368658,1.5368658
625,Niclas Füllkrug,35,0,0.0,0.0,1.5629648,1.5629648
625,Niclas Füllkrug,36,0,0.0,0.0,1.3900689,1.3900689
625,Niclas Füllkrug,37,0,0.0,0.0,1.4655073,1.4655073
625,Niclas Füllkrug,38,0,0.0,0.0,1.585939,1.585939
626,Callum Marshall,34,0,0.0,0.0,1.4008899,1.4008899
626,Callum Marshall,35,0,0.0,0.0,1.4270104,1.4270104
626,Callum Marshall,36,0,0.0,0.0,1.2540929,1.2540929
626,Callum Marshall,37,0,0.0,0.0,1.329553,1.329553
626,Callum Marshall,38,0,0.0,0.0,1.4499848,1.4499848
627,Sam Johnstone,37,0,0.0,0.0,1.9040827,1.9040827
627,Sam Johnstone,38,0,0.0,0.0,1.9547957,1.9547957
628,José Malheiro de Sá,37,90,3.0,3.0,2.0734658,0.9265342
628,José Malheiro de Sá,38,90,6.0,6.0,2.5056314,3.4943686
629,Daniel Bentley,37,0,0.0,0.0,2.7554603,2.7554603
629,Daniel Bentley,38,0,0.0,0.0,2.4307609,2.4307609
630,Tom King,34,0,0.0,0.0,1.9339523,1.9339523
630,Tom King,35,0,0.0,0.0,1.7964929,1.7964929
630,Tom King,36,0,0.0,0.0,1.843488,1.843488
630,Tom King,37,0,0.0,0.0,1.9763533,1.9763533
630,Tom King,38,0,0.0,0.0,1.9310282,1.9310282
631,Emmanuel Agbadou,37,0,0.0,0.0,1.5650647,1.5650647
631,Emmanuel Agbadou,38,0,0.0,0.0,1.6157776,1.6157776
632,Matt Doherty,37,0,0.0,0.0,1.6695651,1.6695651
632,Matt Doherty,38,0,0.0,0.0,1.6314319,1.6314319
633,Hugo Bueno López,37,5,1.0,1.0,2.9355872,1.9355872
633,Hugo Bueno López,38,16,1.0,1.0,2.601725,1.6017251
634,Yerson Mosquera Valdelamar,37,90,2.0,2.0,2.8663964,0.8663964
634,Yerson Mosquera Valdelamar,38,90,3.0,3.0,2.9953043,0.004695654
635,Rodrigo Martins Gomes,37,84,2.0,2.0,1.802307,0.19769299
635,Rodrigo Martins Gomes,38,81,2.0,2.0,2.4068637,0.4068637
636,Santiago Ignacio Bueno,37,90,2.0,2.0,3.0487485,1.0487485
636,Santiago Ignacio Bueno,38,90,2.0,2.0,3.1021776,1.1021776
637,Toti Gomes,37,0,0.0,0.0,3.1939569,3.1939569
637,Toti Gomes,38,24,1.0,1.0,2.7021093,1.7021093
638,Ki-Jana Hoever,37,0,0.0,0.0,1.5232326,1.5232326
638,Ki-Jana Hoever,38,0,0.0,0.0,1.5739456,1.5739456
639,Bastien Meupiyou Menadjou,37,0,0.0,0.0,1.5441487,1.5441487
639,Bastien Meupiyou Menadjou,38,0,0.0,0.0,1.5948616,1.5948616
640,Pedro Cardoso de Lima,37,5,1.0,1.0,2.383584,1.383584
640,Pedro Cardoso de Lima,38,8,1.0,1.0,2.0046208,1.0046208
641,Alfie Pond,37,0,0.0,0.0,1.5336906,1.5336906
641,Alfie Pond,38,0,0.0,0.0,1.5844036,1.5844036
642,Hwang Hee-chan,37,78,5.0,5.0,1.9981874,3.0018125
642,Hwang Hee-chan,38,90,1.0,1.0,2.8843668,1.8843668
643,André Trindade da Costa Neto,37,90,3.0,3.0,3.1101575,0.11015749
643,André Trindade da Costa Neto,38,90,4.0,4.0,3.016634,0.983366
644,Jean-Ricner Bellegarde,37,11,1.0,1.0,1.6617342,0.6617342
644,Jean-Ricner Bellegarde,38,0,0.0,0.0,1.6490818,1.6490818
645,Fer López González,37,0,0.0,0.0,1.5280093,1.5280093
645,Fer López González,38,0,0.0,0.0,1.5787224,1.5787224
646,João Victor Gomes da Silva,37,90,2.0,2.0,3.0644617,1.0644617
646,João Victor Gomes da Silva,38,0,0.0,0.0,3.1406944,3.1406944
647,Gonçalo Manuel Ganchinho Guedes,37,0,0.0,0.0,1.5698413,1.5698413
647,Gonçalo Manuel Ganchinho Guedes,38,0,0.0,0.0,1.6205544,1.6205544
648,Marshall Munetsi,37,0,0.0,0.0,1.5489254,1.5489254
648,Marshall Munetsi,38,0,0.0,0.0,1.5996383,1.5996383
649,Boubacar Traoré,37,0,0.0,0.0,1.5175514,1.5175514
649,Boubacar Traoré,38,0,0.0,0.0,1.5682644,1.5682644
650,Tawanda Chirewa,37,0,0.0,0.0,1.4443451,1.4443451
650,Tawanda Chirewa,38,0,0.0,0.0,1.4950582,1.4950582
651,Tom Edozie,37,0,0.0,0.0,1.4388679,1.4388679
651,Tom Edozie,38,0,0.0,0.0,1.4931899,1.4931899
652,Enso González Medina,37,0,0.0,0.0,1.4443451,1.4443451
652,Enso González Medina,38,0,0.0,0.0,1.4950582,1.4950582
653,Joe Hodge,37,0,0.0,0.0,1.4652612,1.4652612
653,Joe Hodge,38,0,0.0,0.0,1.5159742,1.5159742
654,Jørgen Strand Larsen,37,60,2.0,2.0,2.7477698,0.74776983
654,Jørgen Strand Larsen,38,76,2.0,2.0,2.7950542,0.7950542
655,Fábio Soares Silva,37,0,0.0,0.0,1.5346906,1.5346906
655,Fábio Soares Silva,38,0,0.0,0.0,1.5854036,1.5854036
656,Saša Kalajdžić,37,0,0.0,0.0,1.5346906,1.5346906
656,Saša Kalajdžić,38,0,0.0,0.0,1.5854036,1.5854036
657,Leon Chiwome,37,0,0.0,0.0,1.4824005,1.4824005
657,Leon Chiwome,38,0,0.0,0.0,1.5331136,1.5331136
658,Nathan Fraser,37,0,0.0,0.0,1.4614846,1.4614846
658,Nathan Fraser,38,0,0.0,0.0,1.5121975,1.5121975
659,Kyle Walker-Peters,34,90,2.0,2.0,2.4670916,0.46709156
659,Kyle Walker-Peters,35,64,1.0,1.0,2.6010754,1.6010754
659,Kyle Walker-Peters,36,0,0.0,0.0,2.3607602,2.3607602
659,Kyle Walker-Peters,37,0,0.0,0.0,2.0313754,2.0313754
659,Kyle Walker-Peters,38,90,6.0,6.0,1.635738,4.364262
661,Hugo Ekitiké,34,0,0.0,0.0,2.109217,2.109217
661,Hugo Ekitiké,35,0,0.0,0.0,1.7739464,1.7739464
661,Hugo Ekitiké,36,0,0.0,0.0,1.9385344,1.9385344
661,Hugo Ekitiké,37,0,0.0,0.0,1.9291202,1.9291202
661,Hugo Ekitiké,38,0,0.0,0.0,2.1413789,2.1413789
662,Cristhian Mosquera,37,90,6.0,6.0,2.1558795,3.8441205
662,Cristhian Mosquera,38,90,4.0,4.0,2.4773932,1.5226068
663,Jhon Arias,37,0,0.0,0.0,1.5070933,1.5070933
663,Jhon Arias,38,0,0.0,0.0,1.5578064,1.5578064
664,Benjamin Lecomte,34,0,0.0,0.0,1.8541259,1.8541259
664,Benjamin Lecomte,35,0,0.0,0.0,1.6231873,1.6231873
664,Benjamin Lecomte,36,0,0.0,0.0,1.8731893,1.8731893
664,Benjamin Lecomte,37,0,0.0,0.0,1.8904591,1.8904591
664,Benjamin Lecomte,38,0,0.0,0.0,1.8770154,1.8770154
666,Viktor Gyökeres,37,17,1.0,1.0,4.005629,3.005629
666,Viktor Gyökeres,38,7,1.0,1.0,3.198876,2.198876
667,Adam Aznou,34,0,0.0,0.0,1.6472245,1.6472245
667,Adam Aznou,35,0,0.0,0.0,1.509765,1.509765
667,Adam Aznou,36,0,0.0,0.0,1.5567601,1.5567601
667,Adam Aznou,37,0,0.0,0.0,1.6896251,1.6896251
667,Adam Aznou,38,0,0.0,0.0,1.6443003,1.6443003
668,Granit Xhaka,34,90,1.0,1.0,3.1259346,2.1259346
668,Granit Xhaka,35,90,9.0,9.0,3.4340029,5.565997
668,Granit Xhaka,36,90,5.0,5.0,3.2665677,1.7334323
668,Granit Xhaka,37,90,2.0,2.0,3.4341164,1.4341164
668,Granit Xhaka,38,90,1.0,1.0,3.2056484,2.2056484
669,Dan Ndoye,34,0,0.0,0.0,1.4843407,1.4843407
669,Dan Ndoye,35,0,0.0,0.0,1.3385988,1.3385988
669,Dan Ndoye,36,0,0.0,0.0,1.5164253,1.5164253
669,Dan Ndoye,37,0,0.0,0.0,1.2933549,1.2933549
669,Dan Ndoye,38,0,0.0,0.0,1.5302479,1.5302479
670,Robin Roefs,34,90,0.0,0.0,2.8313837,2.8313837
670,Robin Roefs,35,90,3.0,3.0,2.8988805,0.10111952
670,Robin Roefs,36,90,6.0,6.0,2.7856941,3.2143059
670,Robin Roefs,37,90,3.0,3.0,3.023168,0.023168087
670,Robin Roefs,38,90,2.0,2.0,3.0891542,1.0891542
671,Callum Wilson,34,9,4.0,4.0,1.6208466,2.3791533
671,Callum Wilson,35,25,1.0,1.0,2.2909298,1.2909298
671,Callum Wilson,36,5,1.0,1.0,1.7400557,0.7400557
671,Callum Wilson,37,90,2.0,2.0,1.7484577,0.25154233
671,Callum Wilson,38,45,5.0,5.0,2.4241204,2.5758796
673,João Maria Lobo Alves Palhares Costa Palhinha Gonçalves,34,28,9.0,9.0,1.7597995,7.2402005
673,João Maria Lobo Alves Palhares Costa Palhinha Gonçalves,35,90,2.0,2.0,2.359985,0.3599851
673,João Maria Lobo Alves Palhares Costa Palhinha Gonçalves,36,90,3.0,3.0,2.6502912,0.3497088
673,João Maria Lobo Alves Palhares Costa Palhinha Gonçalves,37,68,4.0,4.0,2.663909,1.336091
673,João Maria Lobo Alves Palhares Costa Palhinha Gonçalves,38,90,12.0,12.0,2.9006166,9.099383
674,Aaron Ramsdale,34,0,0.0,0.0,2.8049097,2.8049097
674,Aaron Ramsdale,35,0,0.0,0.0,2.7247467,2.7247467
674,Aaron Ramsdale,36,0,0.0,0.0,2.274502,2.274502
674,Aaron Ramsdale,37,0,0.0,0.0,2.1739202,2.1739202
674,Aaron Ramsdale,38,0,0.0,0.0,1.8686231,1.8686231
675,Angus Gunn,34,0,0.0,0.0,1.7729067,1.7729067
675,Angus Gunn,35,0,0.0,0.0,1.648945,1.648945
675,Angus Gunn,36,0,0.0,0.0,1.8264831,1.8264831
675,Angus Gunn,37,0,0.0,0.0,1.5859452,1.5859452
675,Angus Gunn,38,0,0.0,0.0,1.8226572,1.8226572
677,Evann Guessand,37,1,1.0,1.0,1.6751564,0.67515635
677,Evann Guessand,38,28,1.0,1.0,1.549136,0.54913604
678,Arthur Masuaku,34,0,0.0,0.0,1.6230937,1.6230937
678,Arthur Masuaku,35,0,0.0,0.0,1.5824186,1.5824186
678,Arthur Masuaku,36,0,0.0,0.0,1.4175947,1.4175947
678,Arthur Masuaku,37,0,0.0,0.0,1.4616758,1.4616758
678,Arthur Masuaku,38,0,0.0,0.0,1.4805944,1.4805944
679,Mads Hermansen,34,90,2.0,2.0,3.0427551,1.0427551
679,Mads Hermansen,35,90,2.0,2.0,3.047176,1.0471759
679,Mads Hermansen,36,90,2.0,2.0,2.9101925,0.9101925
679,Mads Hermansen,37,90,5.0,5.0,2.906817,2.093183
679,Mads Hermansen,38,90,7.0,7.0,3.1526854,3.8473146
681,Benjamin Sesko,34,87,8.0,8.0,2.7509823,5.2490177
681,Benjamin Sesko,35,45,5.0,5.0,3.2152746,1.7847254
681,Benjamin Sesko,36,0,0.0,0.0,3.9466946,3.9466946
681,Benjamin Sesko,37,0,0.0,0.0,3.0387654,3.0387654
681,Benjamin Sesko,38,0,0.0,0.0,2.427945,2.427945
682,David Møller Wolfe,37,84,2.0,2.0,1.6911339,0.30886614
682,David Møller Wolfe,38,73,2.0,2.0,1.9531405,0.046859503
683,Omar Alderete,34,90,0.0,0.0,3.262095,3.262095
683,Omar Alderete,35,90,4.0,4.0,3.355245,0.6447549
683,Omar Alderete,36,90,8.0,8.0,3.035913,4.964087
683,Omar Alderete,37,22,1.0,1.0,3.0445483,2.0445483
683,Omar Alderete,38,0,0.0,0.0,2.5114279,2.5114279
684,Malick Thiaw,34,90,2.0,2.0,2.9573033,0.9573033
684,Malick Thiaw,35,90,2.0,2.0,3.0508564,1.0508564
684,Malick Thiaw,36,90,2.0,2.0,3.3896384,1.3896384
684,Malick Thiaw,37,90,2.0,2.0,3.3059738,1.3059738
684,Malick Thiaw,38,90,1.0,1.0,2.9722157,1.9722157
686,Rio Ngumoha,34,0,0.0,0.0,2.59616,2.59616
686,Rio Ngumoha,35,15,1.0,1.0,1.8759058,0.87590575
686,Rio Ngumoha,36,66,6.0,6.0,1.8565068,4.143493
686,Rio Ngumoha,37,90,2.0,2.0,2.5318174,0.53181744
686,Rio Ngumoha,38,72,2.0,2.0,2.8696136,0.86961365
688,James Wright,34,0,0.0,0.0,1.8051115,1.8051115
688,James Wright,35,0,0.0,0.0,1.972309,1.972309
688,James Wright,36,0,0.0,0.0,1.9449822,1.9449822
688,James Wright,37,0,0.0,0.0,1.8162003,1.8162003
688,James Wright,38,0,0.0,0.0,1.6594583,1.6594583
689,Seung-Soo Park,34,0,0.0,0.0,1.207239,1.207239
689,Seung-Soo Park,35,0,0.0,0.0,1.4934247,1.4934247
689,Seung-Soo Park,36,0,0.0,0.0,1.4260283,1.4260283
689,Seung-Soo Park,37,0,0.0,0.0,1.5434053,1.5434053
689,Seung-Soo Park,38,0,0.0,0.0,1.3732837,1.3732837
690,Rio Cardines,37,0,0.0,0.0,1.486912,1.486912
690,Rio Cardines,38,90,2.0,2.0,1.3139417,0.6860583
692,Giovanni Leoni,34,0,0.0,0.0,1.7043434,1.7043434
692,Giovanni Leoni,35,0,0.0,0.0,1.4719318,1.4719318
692,Giovanni Leoni,36,0,0.0,0.0,1.6240894,1.6240894
692,Giovanni Leoni,37,0,0.0,0.0,1.6004227,1.6004227
692,Giovanni Leoni,38,0,0.0,0.0,1.8120273,1.8120273
693,Omari Hutchinson,34,66,3.0,3.0,2.764758,0.23524189
693,Omari Hutchinson,35,10,1.0,1.0,2.7686744,1.7686744
693,Omari Hutchinson,36,26,1.0,1.0,2.4971027,1.4971027
693,Omari Hutchinson,37,69,2.0,2.0,2.2741761,0.27417612
693,Omari Hutchinson,38,77,5.0,5.0,2.5657299,2.4342701
694,Nordi Mukiele,34,90,0.0,0.0,2.754714,2.754714
694,Nordi Mukiele,35,90,11.0,11.0,2.9036407,8.096359
694,Nordi Mukiele,36,90,6.0,6.0,3.280684,2.719316
694,Nordi Mukiele,37,90,2.0,2.0,3.2261672,1.2261672
694,Nordi Mukiele,38,90,4.0,4.0,3.0975292,0.9024708
695,Jackson Tchatchoua,37,0,0.0,0.0,1.5353668,1.5353668
695,Jackson Tchatchoua,38,0,0.0,0.0,1.6027272,1.6027272
696,Arnaud Kalimuendo,34,0,0.0,0.0,1.5603849,1.5603849
696,Arnaud Kalimuendo,35,0,0.0,0.0,1.4364232,1.4364232
696,Arnaud Kalimuendo,36,0,0.0,0.0,1.6139234,1.6139234
696,Arnaud Kalimuendo,37,0,0.0,0.0,1.3748401,1.3748401
696,Arnaud Kalimuendo,38,0,0.0,0.0,1.6101354,1.6101354
699,Douglas Luiz Soares de Paulo,34,16,0.0,0.0,1.4286898,1.4286898
699,Douglas Luiz Soares de Paulo,35,0,0.0,0.0,1.6891612,1.6891612
699,Douglas Luiz Soares de Paulo,36,10,1.0,1.0,1.6048659,0.6048659
699,Douglas Luiz Soares de Paulo,37,1,1.0,1.0,1.581578,0.581578
699,Douglas Luiz Soares de Paulo,38,72,2.0,2.0,1.3787581,0.6212419
700,Max Dowman,37,0,0.0,0.0,1.7695898,1.7695898
700,Max Dowman,38,61,3.0,3.0,1.5204097,1.4795903
701,Triston Rowe,34,0,0.0,0.0,1.4974675,1.4974675
701,Triston Rowe,35,0,0.0,0.0,1.6646651,1.6646651
701,Triston Rowe,36,0,0.0,0.0,1.6373382,1.6373382
701,Triston Rowe,37,0,0.0,0.0,1.5085562,1.5085562
701,Triston Rowe,38,0,0.0,0.0,1.3518143,1.3518143
702,Bradley Burrowes,34,0,0.0,0.0,1.397664,1.397664
702,Bradley Burrowes,35,0,0.0,0.0,1.5648615,1.5648615
702,Bradley Burrowes,36,0,0.0,0.0,1.5375346,1.5375346
702,Bradley Burrowes,37,0,0.0,0.0,1.4087528,1.4087528
702,Bradley Burrowes,38,0,0.0,0.0,1.2520107,1.2520107
703,Sam Proctor,34,0,0.0,0.0,1.8051115,1.8051115
703,Sam Proctor,35,0,0.0,0.0,1.972309,1.972309
703,Sam Proctor,36,0,0.0,0.0,1.9449822,1.9449822
703,Sam Proctor,37,0,0.0,0.0,1.8162003,1.8162003
703,Sam Proctor,38,0,0.0,0.0,1.6594583,1.6594583
704,Tyler Onyango,34,0,0.0,0.0,1.5474209,1.5474209
704,Tyler Onyango,35,0,0.0,0.0,1.4099615,1.4099615
704,Tyler Onyango,36,0,0.0,0.0,1.4569566,1.4569566
704,Tyler Onyango,37,0,0.0,0.0,1.5898217,1.5898217
704,Tyler Onyango,38,0,0.0,0.0,1.5444969,1.5444969
705,Elijah Campbell,34,0,0.0,0.0,1.6158503,1.6158503
705,Elijah Campbell,35,0,0.0,0.0,1.4783909,1.4783909
705,Elijah Campbell,36,0,0.0,0.0,1.525386,1.525386
705,Elijah Campbell,37,0,0.0,0.0,1.6582513,1.6582513
705,Elijah Campbell,38,0,0.0,0.0,1.6129264,1.6129264
707,Tyler Dibling,34,0,0.0,0.0,1.6203986,1.6203986
707,Tyler Dibling,35,0,0.0,0.0,1.4936256,1.4936256
707,Tyler Dibling,36,0,0.0,0.0,1.5406208,1.5406208
707,Tyler Dibling,37,0,0.0,0.0,1.6734859,1.6734859
707,Tyler Dibling,38,0,0.0,0.0,1.6281611,1.6281611
708,Mateus Gonçalo Espanha Fernandes,34,90,2.0,2.0,2.9931521,0.99315214
708,Mateus Gonçalo Espanha Fernandes,35,90,4.0,4.0,3.0638247,0.93617535
708,Mateus Gonçalo Espanha Fernandes,36,90,2.0,2.0,2.948573,0.9485731
708,Mateus Gonçalo Espanha Fernandes,37,90,4.0,4.0,3.520814,0.47918606
708,Mateus Gonçalo Espanha Fernandes,38,90,9.0,9.0,3.6364856,5.3635144
709,Ladislav Krejcí,37,90,2.0,2.0,1.6990036,0.30099642
709,Ladislav Krejcí,38,65,6.0,6.0,2.219191,3.780809
710,Travis Patterson,34,0,0.0,0.0,1.4870094,1.4870094
710,Travis Patterson,35,0,0.0,0.0,1.654207,1.654207
710,Travis Patterson,36,0,0.0,0.0,1.6268802,1.6268802
710,Travis Patterson,37,0,0.0,0.0,1.4980983,1.4980983
710,Travis Patterson,38,0,0.0,0.0,1.3413563,1.3413563
711,Andre Harriman-Annous,37,0,0.0,0.0,1.7659798,1.7659798
711,Andre Harriman-Annous,38,0,0.0,0.0,1.5254942,1.5254942
712,Yéremy Pino Santos,37,45,1.0,1.0,2.6408498,1.6408498
712,Yéremy Pino Santos,38,45,4.0,4.0,2.0736167,1.9263833
714,Nick Woltemade,34,15,1.0,1.0,1.759123,0.75912297
714,Nick Woltemade,35,0,0.0,0.0,2.0705721,2.0705721
714,Nick Woltemade,36,60,2.0,2.0,1.7541678,0.2458322
714,Nick Woltemade,37,74,8.0,8.0,2.2608314,5.7391686
714,Nick Woltemade,38,77,2.0,2.0,3.003605,1.0036049
715,John Victor Maciel Furtado,34,0,0.0,0.0,1.7729067,1.7729067
715,John Victor Maciel Furtado,35,0,0.0,0.0,1.648945,1.648945
715,John Victor Maciel Furtado,36,0,0.0,0.0,1.8264831,1.8264831
715,John Victor Maciel Furtado,37,0,0.0,0.0,1.5859452,1.5859452
715,John Victor Maciel Furtado,38,0,0.0,0.0,1.8226572,1.8226572
716,Nicolò Savona,34,0,0.0,0.0,1.5070949,1.5070949
716,Nicolò Savona,35,0,0.0,0.0,1.3831332,1.3831332
716,Nicolò Savona,36,0,0.0,0.0,1.5606714,1.5606714
716,Nicolò Savona,37,0,0.0,0.0,1.3201333,1.3201333
716,Nicolò Savona,38,0,0.0,0.0,1.5568453,1.5568453
717,Xavi Simons,34,62,3.0,3.0,2.9568195,0.043180466
717,Xavi Simons,35,0,0.0,0.0,2.8336816,2.8336816
717,Xavi Simons,36,0,0.0,0.0,2.4504876,2.4504876
717,Xavi Simons,37,0,0.0,0.0,2.0137134,2.0137134
717,Xavi Simons,38,0,0.0,0.0,2.034055,2.034055
718,Soungoutou Magassa,34,0,0.0,0.0,1.3947281,1.3947281
718,Soungoutou Magassa,35,2,1.0,1.0,1.4428529,0.44285285
718,Soungoutou Magassa,36,0,0.0,0.0,1.3114984,1.3114984
718,Soungoutou Magassa,37,0,0.0,0.0,1.3713394,1.3713394
718,Soungoutou Magassa,38,0,0.0,0.0,1.4964722,1.4964722
719,Victor Lindelöf,34,0,0.0,0.0,1.7659966,1.7659966
719,Victor Lindelöf,35,90,1.0,1.0,1.8012816,0.8012816
719,Victor Lindelöf,36,73,1.0,1.0,2.2578714,1.2578714
719,Victor Lindelöf,37,45,1.0,1.0,2.086451,1.086451
719,Victor Lindelöf,38,72,2.0,2.0,1.9281768,0.07182324
720,Tolu Arokodare,37,18,1.0,1.0,2.1142454,1.1142454
720,Tolu Arokodare,38,24,1.0,1.0,2.1964364,1.1964364
723,Jaydee Canvot,37,90,3.0,3.0,3.7900815,0.7900815
723,Jaydee Canvot,38,0,0.0,0.0,3.261438,3.261438
724,Lutsharel Geertruida,34,0,0.0,0.0,1.8708185,1.8708185
724,Lutsharel Geertruida,35,0,0.0,0.0,1.7066556,1.7066556
724,Lutsharel Geertruida,36,90,6.0,6.0,1.4983753,4.5016246
724,Lutsharel Geertruida,37,90,2.0,2.0,2.4949744,0.49497437
724,Lutsharel Geertruida,38,90,1.0,1.0,2.6847844,1.6847844
725,Piero Hincapié,37,18,1.0,1.0,2.2723725,1.2723725
725,Piero Hincapié,38,90,2.0,2.0,1.9705629,0.029437065
726,Randal Kolo Muani,34,45,1.0,1.0,2.2701926,1.2701926
726,Randal Kolo Muani,35,66,1.0,1.0,2.12498,1.12498
726,Randal Kolo Muani,36,90,2.0,2.0,2.842753,0.84275293
726,Randal Kolo Muani,37,68,2.0,2.0,2.5905967,0.5905967
726,Randal Kolo Muani,38,17,1.0,1.0,2.621116,1.6211159
727,Samuel Chukwueze,34,75,3.0,3.0,1.759935,1.240065
727,Samuel Chukwueze,35,63,2.0,2.0,2.0436597,0.043659687
727,Samuel Chukwueze,36,61,2.0,2.0,2.3716655,0.37166548
727,Samuel Chukwueze,37,11,1.0,1.0,2.293997,1.293997
727,Samuel Chukwueze,38,0,0.0,0.0,1.9718573,1.9718573
728,Merlin Röhl,34,0,0.0,0.0,1.5649747,1.5649747
728,Merlin Röhl,35,90,5.0,5.0,1.4058093,3.5941906
728,Merlin Röhl,36,79,2.0,2.0,2.0554564,0.0554564
728,Merlin Röhl,37,87,9.0,9.0,2.508185,6.491815
728,Merlin Röhl,38,61,2.0,2.0,2.9918203,0.99182034
729,Luis Eduardo Soares da Silva,34,0,0.0,0.0,1.5070949,1.5070949
729,Luis Eduardo Soares da Silva,35,0,0.0,0.0,1.3831332,1.3831332
729,Luis Eduardo Soares da Silva,36,0,0.0,0.0,1.5606714,1.5606714
729,Luis Eduardo Soares da Silva,37,0,0.0,0.0,1.3201333,1.3201333
729,Luis Eduardo Soares da Silva,38,0,0.0,0.0,1.5568453,1.5568453
730,Brian Brobbey,34,90,2.0,2.0,3.364324,1.3643241
730,Brian Brobbey,35,71,1.0,1.0,3.342962,2.342962
730,Brian Brobbey,36,90,2.0,2.0,2.9814334,0.9814334
730,Brian Brobbey,37,76,7.0,7.0,3.2055,3.7945
730,Brian Brobbey,38,60,5.0,5.0,3.1204097,1.8795903
731,Kevin Santos Lopes de Macedo,34,0,0.0,0.0,1.5930907,1.5930907
731,Kevin Santos Lopes de Macedo,35,0,0.0,0.0,1.3621521,1.3621521
731,Kevin Santos Lopes de Macedo,36,28,1.0,1.0,1.6121544,0.61215436
731,Kevin Santos Lopes de Macedo,37,45,1.0,1.0,1.8856426,0.88564265
731,Kevin Santos Lopes de Macedo,38,59,4.0,4.0,1.9364926,2.0635076
732,Christantus Uche,37,0,0.0,0.0,1.6295475,1.6295475
732,Christantus Uche,38,0,0.0,0.0,1.4565772,1.4565772
733,Senne Lammens,34,90,3.0,3.0,3.1597562,0.15975618
733,Senne Lammens,35,90,2.0,2.0,3.020441,1.020441
733,Senne Lammens,36,90,9.0,9.0,3.0394754,5.9605246
733,Senne Lammens,37,90,1.0,1.0,3.1432831,2.1432831
733,Senne Lammens,38,90,6.0,6.0,3.083949,2.916051
734,Dilane Bakwa,34,0,0.0,0.0,1.8620902,1.8620902
734,Dilane Bakwa,35,79,7.0,7.0,1.5492238,5.450776
734,Dilane Bakwa,36,63,3.0,3.0,2.4567082,0.5432918
734,Dilane Bakwa,37,20,1.0,1.0,2.2887616,1.2887616
734,Dilane Bakwa,38,0,0.0,0.0,2.1931868,2.1931868
735,Bertrand Traoré,34,0,0.0,0.0,1.653145,1.653145
735,Bertrand Traoré,35,0,0.0,0.0,1.6185694,1.6185694
735,Bertrand Traoré,36,0,0.0,0.0,1.4537454,1.4537454
735,Bertrand Traoré,37,0,0.0,0.0,1.4978265,1.4978265
735,Bertrand Traoré,38,0,0.0,0.0,1.5167452,1.5167452
737,Jonah Kusi-Asare,34,0,0.0,0.0,1.4951918,1.4951918
737,Jonah Kusi-Asare,35,12,1.0,1.0,1.2642531,0.26425314
737,Jonah Kusi-Asare,36,7,1.0,1.0,1.5598906,0.5598906
737,Jonah Kusi-Asare,37,0,0.0,0.0,1.5732576,1.5732576
737,Jonah Kusi-Asare,38,0,0.0,0.0,1.5261788,1.5261788
738,Lukasz Fabianski,34,0,0.0,0.0,1.8431673,1.8431673
738,Lukasz Fabianski,35,0,0.0,0.0,1.8696089,1.8696089
738,Lukasz Fabianski,36,0,0.0,0.0,1.6966385,1.6966385
738,Lukasz Fabianski,37,0,0.0,0.0,1.7721512,1.7721512
738,Lukasz Fabianski,38,0,0.0,0.0,1.892583,1.892583
745,Jun'ai Byfield,34,0,0.0,0.0,1.4810615,1.4810615
745,Jun'ai Byfield,35,0,0.0,0.0,1.3555707,1.3555707
745,Jun'ai Byfield,36,0,0.0,0.0,1.498892,1.498892
745,Jun'ai Byfield,37,0,0.0,0.0,1.2900796,1.2900796
745,Jun'ai Byfield,38,0,0.0,0.0,1.4494762,1.4494762
746,Kieran Morrison,34,0,0.0,0.0,1.5313339,1.5313339
746,Kieran Morrison,35,0,0.0,0.0,1.2989222,1.2989222
746,Kieran Morrison,36,0,0.0,0.0,1.4510796,1.4510796
746,Kieran Morrison,37,0,0.0,0.0,1.4274131,1.4274131
746,Kieran Morrison,38,0,0.0,0.0,1.6382651,1.6382651
747,Ezra Mayers,34,0,0.0,0.0,1.4734509,1.4734509
747,Ezra Mayers,35,0,0.0,0.0,1.4992167,1.4992167
747,Ezra Mayers,36,0,0.0,0.0,1.326654,1.326654
747,Ezra Mayers,37,0,0.0,0.0,1.4017591,1.4017591
747,Ezra Mayers,38,0,0.0,0.0,1.5221909,1.5221909
748,Josh Dasilva,34,0,0.0,0.0,1.3230015,1.3230015
748,Josh Dasilva,35,1,1.0,1.0,1.6458777,0.6458777
748,Josh Dasilva,36,0,0.0,0.0,1.3389367,1.3389367
748,Josh Dasilva,37,1,1.0,1.0,1.5574132,0.5574132
748,Josh Dasilva,38,0,0.0,0.0,1.467749,1.467749
749,Mateus Mané,37,90,11.0,11.0,2.730148,8.269852
749,Mateus Mané,38,90,2.0,2.0,3.18812,1.1881199
750,James Rowswell,34,0,0.0,0.0,1.4731866,1.4731866
750,James Rowswell,35,0,0.0,0.0,1.3465883,1.3465883
750,James Rowswell,36,0,0.0,0.0,1.498892,1.498892
750,James Rowswell,37,0,0.0,0.0,1.2900796,1.2900796
750,James Rowswell,38,0,0.0,0.0,1.4494762,1.4494762
751,Yusuf Akhamrich,34,0,0.0,0.0,1.402174,1.402174
751,Yusuf Akhamrich,35,0,0.0,0.0,1.2766832,1.2766832
751,Yusuf Akhamrich,36,0,0.0,0.0,1.4200045,1.4200045
751,Yusuf Akhamrich,37,0,0.0,0.0,1.2111923,1.2111923
751,Yusuf Akhamrich,38,0,0.0,0.0,1.3705888,1.3705888
752,Airidas Golambeckis,34,0,0.0,0.0,1.4734509,1.4734509
752,Airidas Golambeckis,35,0,0.0,0.0,1.4992167,1.4992167
752,Airidas Golambeckis,36,0,0.0,0.0,1.326654,1.326654
752,Airidas Golambeckis,37,0,0.0,0.0,1.4017591,1.4017591
752,Airidas Golambeckis,38,0,0.0,0.0,1.5221909,1.5221909
753,John Ruddy,34,0,0.0,0.0,1.6251446,1.6251446
753,John Ruddy,35,0,0.0,0.0,1.9113302,1.9113302
753,John Ruddy,36,0,0.0,0.0,1.8439337,1.8439337
753,John Ruddy,37,0,0.0,0.0,1.9613107,1.9613107
753,John Ruddy,38,0,0.0,0.0,1.7911891,1.7911891
754,George Hemmings,34,0,0.0,0.0,1.41858,1.41858
754,George Hemmings,35,0,0.0,0.0,1.5857775,1.5857775
754,George Hemmings,36,0,0.0,0.0,1.5584506,1.5584506
754,George Hemmings,37,0,0.0,0.0,1.4296688,1.4296688
754,George Hemmings,38,0,0.0,0.0,1.2729268,1.2729268
755,Shea Lacey,34,0,0.0,0.0,1.6521087,1.6521087
755,Shea Lacey,35,0,0.0,0.0,1.4779564,1.4779564
755,Shea Lacey,36,0,0.0,0.0,1.5010747,1.5010747
755,Shea Lacey,37,0,0.0,0.0,1.6087698,1.6087698
755,Shea Lacey,38,28,1.0,1.0,1.4978508,0.49785078
757,Ronnie Hollingshead,34,0,0.0,0.0,1.8155695,1.8155695
757,Ronnie Hollingshead,35,0,0.0,0.0,1.982767,1.982767
757,Ronnie Hollingshead,36,0,0.0,0.0,1.9554402,1.9554402
757,Ronnie Hollingshead,37,0,0.0,0.0,1.8266584,1.8266584
757,Ronnie Hollingshead,38,0,0.0,0.0,1.6699164,1.6699164
758,Mohamadou Kanté,34,0,0.0,0.0,1.4696178,1.4696178
758,Mohamadou Kanté,35,0,0.0,0.0,1.442077,1.442077
758,Mohamadou Kanté,36,0,0.0,0.0,1.2493899,1.2493899
758,Mohamadou Kanté,37,27,0.0,0.0,1.312756,1.312756
758,Mohamadou Kanté,38,2,1.0,1.0,1.4971381,0.49713814
759,Marli Salmon,37,0,0.0,0.0,1.8555561,1.8555561
759,Marli Salmon,38,0,0.0,0.0,1.6148397,1.6148397
760,Wellity Lucky,34,0,0.0,0.0,1.6102215,1.6102215
760,Wellity Lucky,35,0,0.0,0.0,1.3778096,1.3778096
760,Wellity Lucky,36,0,0.0,0.0,1.5299672,1.5299672
760,Wellity Lucky,37,0,0.0,0.0,1.5063006,1.5063006
760,Wellity Lucky,38,0,0.0,0.0,1.7173184,1.7173184
762,Joél Drakes-Thomas,37,0,0.0,0.0,1.49737,1.49737
762,Joél Drakes-Thomas,38,0,0.0,0.0,1.3243998,1.3243998
765,Leo Shahar,34,0,0.0,0.0,1.3070426,1.3070426
765,Leo Shahar,35,0,0.0,0.0,1.5932282,1.5932282
765,Leo Shahar,36,0,0.0,0.0,1.5258318,1.5258318
765,Leo Shahar,37,0,0.0,0.0,1.6432089,1.6432089
765,Leo Shahar,38,0,0.0,0.0,1.4730872,1.4730872
766,Saheed Olagunju,37,0,0.0,0.0,1.5441487,1.5441487
766,Saheed Olagunju,38,0,0.0,0.0,1.5948616,1.5948616
767,Luke Rawlings,37,0,0.0,0.0,1.4652612,1.4652612
767,Luke Rawlings,38,0,0.0,0.0,1.5159742,1.5159742
768,Leon Routh,34,0,0.0,0.0,1.4974675,1.4974675
768,Leon Routh,35,0,0.0,0.0,1.6646651,1.6646651
768,Leon Routh,36,0,0.0,0.0,1.6373382,1.6373382
768,Leon Routh,37,0,0.0,0.0,1.5085562,1.5085562
768,Leon Routh,38,0,0.0,0.0,1.3518143,1.3518143
769,Bendito Mantato,34,0,0.0,0.0,1.6521087,1.6521087
769,Bendito Mantato,35,0,0.0,0.0,1.4779564,1.4779564
769,Bendito Mantato,36,0,0.0,0.0,1.5010747,1.5010747
769,Bendito Mantato,37,0,0.0,0.0,1.6087698,1.6087698
769,Bendito Mantato,38,0,0.0,0.0,1.4978508,1.4978508
770,Seth Ridgeon,34,0,0.0,0.0,1.4675945,1.4675945
770,Seth Ridgeon,35,0,0.0,0.0,1.2366558,1.2366558
770,Seth Ridgeon,36,0,0.0,0.0,1.486658,1.486658
770,Seth Ridgeon,37,0,0.0,0.0,1.5039276,1.5039276
770,Seth Ridgeon,38,0,0.0,0.0,1.490484,1.490484
771,Tyler Fletcher,34,0,0.0,0.0,1.6416507,1.6416507
771,Tyler Fletcher,35,0,0.0,0.0,1.4674984,1.4674984
771,Tyler Fletcher,36,0,0.0,0.0,1.4906167,1.4906167
771,Tyler Fletcher,37,0,0.0,0.0,1.5983118,1.5983118
771,Tyler Fletcher,38,16,1.0,1.0,1.4873929,0.4873929
772,Sam Alabi,34,0,0.0,0.0,1.2281551,1.2281551
772,Sam Alabi,35,0,0.0,0.0,1.5143408,1.5143408
772,Sam Alabi,36,0,0.0,0.0,1.4469444,1.4469444
772,Sam Alabi,37,0,0.0,0.0,1.5643214,1.5643214
772,Sam Alabi,38,0,0.0,0.0,1.3941997,1.3941997
773,Dean Benamar,37,0,0.0,0.0,1.5762575,1.5762575
773,Dean Benamar,38,0,0.0,0.0,1.4032872,1.4032872
774,Jenson Jones,34,0,0.0,0.0,1.6335517,1.6335517
774,Jenson Jones,35,0,0.0,0.0,1.5928766,1.5928766
774,Jenson Jones,36,0,0.0,0.0,1.4280527,1.4280527
774,Jenson Jones,37,0,0.0,0.0,1.4721338,1.4721338
774,Jenson Jones,38,0,0.0,0.0,1.4910525,1.4910525
775,Tymur Tutierov,34,0,0.0,0.0,1.5546643,1.5546643
775,Tymur Tutierov,35,0,0.0,0.0,1.5139891,1.5139891
775,Tymur Tutierov,36,0,0.0,0.0,1.3491652,1.3491652
775,Tymur Tutierov,37,0,0.0,0.0,1.3932463,1.3932463
775,Tymur Tutierov,38,0,0.0,0.0,1.4121649,1.4121649
777,Temple Ojinnaka,37,0,0.0,0.0,1.4652612,1.4652612
777,Temple Ojinnaka,38,0,0.0,0.0,1.5159742,1.5159742
778,Ethan Sutherland,37,0,0.0,0.0,1.4652612,1.4652612
778,Ethan Sutherland,38,0,0.0,0.0,1.5159742,1.5159742
779,Braiden Graham,34,0,0.0,0.0,1.5750183,1.5750183
779,Braiden Graham,35,0,0.0,0.0,1.4375588,1.4375588
779,Braiden Graham,36,0,0.0,0.0,1.4845539,1.4845539
779,Braiden Graham,37,0,0.0,0.0,1.6174191,1.6174191
779,Braiden Graham,38,0,0.0,0.0,1.5725888,1.5725888
780,Ben Casey,37,0,0.0,0.0,1.5249673,1.5249673
780,Ben Casey,38,0,0.0,0.0,1.3519971,1.3519971
781,TJ Carroll,34,0,0.0,0.0,1.4974675,1.4974675
781,TJ Carroll,35,0,0.0,0.0,1.6646651,1.6646651
781,TJ Carroll,36,0,0.0,0.0,1.6373382,1.6373382
781,TJ Carroll,37,0,0.0,0.0,1.5085562,1.5085562
781,TJ Carroll,38,0,0.0,0.0,1.3518143,1.3518143
785,Pablo Felipe Pereira de Jesus,34,80,2.0,2.0,2.7841089,0.7841089
785,Pablo Felipe Pereira de Jesus,35,90,2.0,2.0,2.6003966,0.60039663
785,Pablo Felipe Pereira de Jesus,36,23,1.0,1.0,2.9848568,1.9848568
785,Pablo Felipe Pereira de Jesus,37,27,1.0,1.0,2.7988808,1.7988808
785,Pablo Felipe Pereira de Jesus,38,45,1.0,1.0,2.3129568,1.3129568
786,Alfie McNally,34,0,0.0,0.0,1.8645838,1.8645838
786,Alfie McNally,35,0,0.0,0.0,1.6336453,1.6336453
786,Alfie McNally,36,0,0.0,0.0,1.8836473,1.8836473
786,Alfie McNally,37,0,0.0,0.0,1.900917,1.900917
786,Alfie McNally,38,0,0.0,0.0,1.8874735,1.8874735
788,Godwill Kukonki,34,0,0.0,0.0,1.7309963,1.7309963
788,Godwill Kukonki,35,0,0.0,0.0,1.5568439,1.5568439
788,Godwill Kukonki,36,0,0.0,0.0,1.5799621,1.5799621
788,Godwill Kukonki,37,0,0.0,0.0,1.6876574,1.6876574
788,Godwill Kukonki,38,0,0.0,0.0,1.5767382,1.5767382
790,Lucá Williams-Barnett,34,0,0.0,0.0,1.402174,1.402174
790,Lucá Williams-Barnett,35,0,0.0,0.0,1.2766832,1.2766832
790,Lucá Williams-Barnett,36,0,0.0,0.0,1.4200045,1.4200045
790,Lucá Williams-Barnett,37,0,0.0,0.0,1.2111923,1.2111923
790,Lucá Williams-Barnett,38,0,0.0,0.0,1.3705888,1.3705888
791,Valentín Castellanos,34,78,1.0,1.0,3.25008,2.25008
791,Valentín Castellanos,35,64,1.0,1.0,3.2041492,2.2041492
791,Valentín Castellanos,36,66,1.0,1.0,3.240374,2.240374
791,Valentín Castellanos,37,64,6.0,6.0,3.1854277,2.8145723
791,Valentín Castellanos,38,87,8.0,8.0,3.8292944,4.170706
792,Alysson Edward Franco da Rocha dos Santos,34,0,0.0,0.0,1.4448736,1.4448736
792,Alysson Edward Franco da Rocha dos Santos,35,0,0.0,0.0,1.6380678,1.6380678
792,Alysson Edward Franco da Rocha dos Santos,36,0,0.0,0.0,1.6107408,1.6107408
792,Alysson Edward Franco da Rocha dos Santos,37,0,0.0,0.0,1.481959,1.481959
792,Alysson Edward Franco da Rocha dos Santos,38,0,0.0,0.0,1.3257022,1.3257022
793,George King,37,0,0.0,0.0,1.5762575,1.5762575
793,George King,38,0,0.0,0.0,1.4032872,1.4032872
796,Conor Gallagher,34,90,4.0,4.0,2.4105637,1.5894363
796,Conor Gallagher,35,90,9.0,9.0,2.5747635,6.4252367
796,Conor Gallagher,36,90,2.0,2.0,2.912286,0.91228604
796,Conor Gallagher,37,90,2.0,2.0,2.767323,0.767323
796,Conor Gallagher,38,81,3.0,3.0,3.356792,0.35679197
797,Kaye Furo,34,0,0.0,0.0,1.3087668,1.3087668
797,Kaye Furo,35,1,1.0,1.0,1.6319764,0.63197637
797,Kaye Furo,36,0,0.0,0.0,1.3240645,1.3240645
797,Kaye Furo,37,0,0.0,0.0,1.5427569,1.5427569
797,Kaye Furo,38,0,0.0,0.0,1.3821244,1.3821244
798,Danny Imray,37,0,0.0,0.0,1.5762575,1.5762575
798,Danny Imray,38,0,0.0,0.0,1.4032872,1.4032872
800,Djiamgone Jocelin Ta Bi,34,0,0.0,0.0,1.5964962,1.5964962
800,Djiamgone Jocelin Ta Bi,35,0,0.0,0.0,1.5558212,1.5558212
800,Djiamgone Jocelin Ta Bi,36,0,0.0,0.0,1.3909973,1.3909973
800,Djiamgone Jocelin Ta Bi,37,0,0.0,0.0,1.4350783,1.4350783
800,Djiamgone Jocelin Ta Bi,38,0,0.0,0.0,1.453997,1.453997
802,Keiber Lamadrid,34,0,0.0,0.0,1.4463526,1.4463526
802,Keiber Lamadrid,35,0,0.0,0.0,1.4726193,1.4726193
802,Keiber Lamadrid,36,0,0.0,0.0,1.299649,1.299649
802,Keiber Lamadrid,37,0,0.0,0.0,1.3751618,1.3751618
802,Keiber Lamadrid,38,0,0.0,0.0,1.4955937,1.4955937
804,João Victor de Souza Menezes,34,0,0.0,0.0,1.4884826,1.4884826
804,João Victor de Souza Menezes,35,0,0.0,0.0,1.3316357,1.3316357
804,João Victor de Souza Menezes,36,0,0.0,0.0,1.498892,1.498892
804,João Victor de Souza Menezes,37,0,0.0,0.0,1.2900796,1.2900796
804,João Victor de Souza Menezes,38,0,0.0,0.0,1.4494762,1.4494762
805,Lorenzo Lucca,34,0,0.0,0.0,1.4976368,1.4976368
805,Lorenzo Lucca,35,0,0.0,0.0,1.373675,1.373675
805,Lorenzo Lucca,36,7,1.0,1.0,1.5512134,0.5512134
805,Lorenzo Lucca,37,0,0.0,0.0,1.3953549,1.3953549
805,Lorenzo Lucca,38,0,0.0,0.0,1.5756507,1.5756507
808,Tammy Abraham,34,10,1.0,1.0,2.3250542,1.3250542
808,Tammy Abraham,35,59,1.0,1.0,2.1143765,1.1143765
808,Tammy Abraham,36,0,0.0,0.0,2.1818402,2.1818402
808,Tammy Abraham,37,0,0.0,0.0,1.7098981,1.7098981
808,Tammy Abraham,38,0,0.0,0.0,1.4248723,1.4248723
809,Jerome Abbey,37,0,0.0,0.0,1.4652612,1.4652612
809,Jerome Abbey,38,16,1.0,1.0,1.5159742,0.51597416
810,Luka Bentt,34,0,0.0,0.0,1.2811695,1.2811695
810,Luka Bentt,35,0,0.0,0.0,1.6040455,1.6040455
810,Luka Bentt,36,0,0.0,0.0,1.2882708,1.2882708
810,Luka Bentt,37,0,0.0,0.0,1.5135813,1.5135813
810,Luka Bentt,38,0,0.0,0.0,1.3558551,1.3558551
811,Rio Kyerematen,34,0,0.0,0.0,1.402174,1.402174
811,Rio Kyerematen,35,0,0.0,0.0,1.2766832,1.2766832
811,Rio Kyerematen,36,0,0.0,0.0,1.4200045,1.4200045
811,Rio Kyerematen,37,0,0.0,0.0,1.2111923,1.2111923
811,Rio Kyerematen,38,0,0.0,0.0,1.3705888,1.3705888
812,Melker Ellborg,34,0,0.0,0.0,2.3684688,2.3684688
812,Melker Ellborg,35,0,0.0,0.0,2.0627098,2.0627098
812,Melker Ellborg,36,0,0.0,0.0,1.7672173,1.7672173
812,Melker Ellborg,37,0,0.0,0.0,1.7902356,1.7902356
812,Melker Ellborg,38,0,0.0,0.0,1.8091544,1.8091544
813,Nilson Angulo,34,0,0.0,0.0,1.5914568,1.5914568
813,Nilson Angulo,35,0,0.0,0.0,1.5662793,1.5662793
813,Nilson Angulo,36,11,1.0,1.0,1.4014553,0.40145528
813,Nilson Angulo,37,76,2.0,2.0,1.4969385,0.50306153
813,Nilson Angulo,38,60,1.0,1.0,1.7879876,0.7879876
814,Luca Netz,34,23,1.0,1.0,1.5070949,0.50709486
814,Luca Netz,35,90,4.0,4.0,1.5362928,2.4637072
814,Luca Netz,36,82,2.0,2.0,2.217293,0.21729302
814,Luca Netz,37,83,1.0,1.0,2.213355,1.2133551
814,Luca Netz,38,27,1.0,1.0,2.3433392,1.3433392
815,Axel Disasi,34,90,3.0,3.0,2.9359713,0.06402874
815,Axel Disasi,35,90,1.0,1.0,2.9319293,1.9319293
815,Axel Disasi,36,84,2.0,2.0,2.7451086,0.7451086
815,Axel Disasi,37,90,1.0,1.0,2.792725,1.7927251
815,Axel Disasi,38,90,6.0,6.0,2.9906492,3.0093508
816,Angel Gomes,37,0,0.0,0.0,1.4942944,1.4942944
816,Angel Gomes,38,65,2.0,2.0,1.5145868,0.4854132
817,Adam Armstrong,37,71,2.0,2.0,2.850192,0.85019207
817,Adam Armstrong,38,73,7.0,7.0,2.8921402,4.1078596
818,James Wilson,34,0,0.0,0.0,1.4297714,1.4297714
818,James Wilson,35,0,0.0,0.0,1.3042806,1.3042806
818,James Wilson,36,0,0.0,0.0,1.4476019,1.4476019
818,James Wilson,37,0,0.0,0.0,1.2387894,1.2387894
818,James Wilson,38,0,0.0,0.0,1.3981861,1.3981861
819,Ollie Shield,34,0,0.0,0.0,1.360057,1.360057
819,Ollie Shield,35,0,0.0,0.0,1.6829332,1.6829332
819,Ollie Shield,36,0,0.0,0.0,1.3671583,1.3671583
819,Ollie Shield,37,0,0.0,0.0,1.5924687,1.5924687
819,Ollie Shield,38,0,0.0,0.0,1.4347426,1.4347426
821,Jack Whittaker,35,0,0.0,0.0,1.5139891,1.5139891
821,Jack Whittaker,36,0,0.0,0.0,1.3491652,1.3491652
821,Jack Whittaker,37,0,0.0,0.0,1.3932463,1.3932463
821,Jack Whittaker,38,0,0.0,0.0,1.4121649,1.4121649
822,Jaydon Jones,35,0,0.0,0.0,1.5139891,1.5139891
822,Jaydon Jones,36,0,0.0,0.0,1.3491652,1.3491652
822,Jaydon Jones,37,0,0.0,0.0,1.3932463,1.3932463
822,Jaydon Jones,38,0,0.0,0.0,1.4121649,1.4121649
823,Joshua Stephenson,36,0,0.0,0.0,1.3671583,1.3671583
823,Joshua Stephenson,37,0,0.0,0.0,1.5924687,1.5924687
823,Joshua Stephenson,38,0,0.0,0.0,1.4347426,1.4347426
824,Conor McManus,36,0,0.0,0.0,1.3671583,1.3671583
824,Conor McManus,37,0,0.0,0.0,1.5924687,1.5924687
824,Conor McManus,38,0,0.0,0.0,1.4347426,1.4347426
825,Finlay Herrick,36,0,0.0,0.0,1.6443483,1.6443483
825,Finlay Herrick,37,0,0.0,0.0,1.7198611,1.7198611
825,Finlay Herrick,38,0,0.0,0.0,1.8402929,1.8402929
826,Riley Owen,37,0,0.0,0.0,1.5135813,1.5135813
826,Riley Owen,38,0,0.0,0.0,1.3558551,1.3558551
827,Jim Thwaites,38,0,0.0,0.0,1.4978508,1.4978508
828,Alfie Brooks,38,0,0.0,0.0,1.9129637,1.9129637
