element,name,target_gw,target_minutes,target_points,actual_points,predicted_points,absolute_error
1,David Raya Martín,37,90,6.0,6.0,4.6732774,1.3267226
1,David Raya Martín,38,0,0.0,0.0,4.705129,4.705129
2,Kepa Arrizabalaga Revuelta,37,0,0.0,0.0,0.081011266,0.081011266
2,Kepa Arrizabalaga Revuelta,38,90,2.0,2.0,0.026714858,1.9732852
3,Karl Hein,37,0,0.0,0.0,0.081011266,0.081011266
3,Karl Hein,38,0,0.0,0.0,0.026714858,0.026714858
4,Tommy Setford,37,0,0.0,0.0,0.0712516,0.0712516
4,Tommy Setford,38,0,0.0,0.0,0.021274652,0.021274652
5,Gabriel dos Santos Magalhães,37,90,6.0,6.0,5.782311,0.21768904
5,Gabriel dos Santos Magalhães,38,45,1.0,1.0,5.1090975,4.1090975
6,William Saliba,37,90,8.0,8.0,4.287635,3.7123652
6,William Saliba,38,0,0.0,0.0,4.761554,4.761554
7,Riccardo Calafiori,37,71,8.0,8.0,2.6541479,5.345852
7,Riccardo Calafiori,38,45,1.0,1.0,3.0597212,2.0597212
8,Jurriën Timber,37,0,0.0,0.0,0.5359201,0.5359201
8,Jurriën Timber,38,0,0.0,0.0,0.36121967,0.36121967
9,Jakub Kiwior,37,0,0.0,0.0,0.40333405,0.40333405
9,Jakub Kiwior,38,0,0.0,0.0,0.24107927,0.24107927
10,Myles Lewis-Skelly,37,17,1.0,1.0,3.6555874,2.6555874
10,Myles Lewis-Skelly,38,90,2.0,2.0,2.0865667,0.08656669
11,Benjamin White,37,0,0.0,0.0,2.5131862,2.5131862
11,Benjamin White,38,0,0.0,0.0,0.88443446,0.88443446
12,Oleksandr Zinchenko,34,0,0.0,0.0,0.20041208,0.20041208
12,Oleksandr Zinchenko,35,0,0.0,0.0,0.18110259,0.18110259
12,Oleksandr Zinchenko,36,0,0.0,0.0,0.14153866,0.14153866
12,Oleksandr Zinchenko,37,0,0.0,0.0,0.15493158,0.15493158
12,Oleksandr Zinchenko,38,0,0.0,0.0,0.20518534,0.20518534
13,Brayden Clarke,37,0,0.0,0.0,0.07862334,0.07862334
13,Brayden Clarke,38,0,0.0,0.0,0.0131627135,0.0131627135
14,Maldini Kacurri,37,0,0.0,0.0,0.11525713,0.11525713
14,Maldini Kacurri,38,0,0.0,0.0,0.031166937,0.031166937
15,Josh Nichols,37,0,0.0,0.0,0.07862334,0.07862334
15,Josh Nichols,38,0,0.0,0.0,0.0131627135,0.0131627135
16,Bukayo Saka,37,90,10.0,10.0,4.425905,5.574095
16,Bukayo Saka,38,0,0.0,0.0,5.385429,5.385429
17,Martin Ødegaard,37,90,3.0,3.0,1.8958757,1.1041243
17,Martin Ødegaard,38,0,0.0,0.0,4.282248,4.282248
18,Noni Madueke,37,0,0.0,0.0,1.91426,1.91426
18,Noni Madueke,38,83,11.0,11.0,0.8276724,10.172328
19,Gabriel Martinelli Silva,37,1,1.0,1.0,1.1031189,0.1031189
19,Gabriel Martinelli Silva,38,90,7.0,7.0,1.0197537,5.9802465
20,Leandro Trossard,37,90,3.0,3.0,4.693526,1.6935258
20,Leandro Trossard,38,0,0.0,0.0,4.292155,4.292155
21,Declan Rice,37,90,5.0,5.0,5.173531,0.17353106
21,Declan Rice,38,0,0.0,0.0,4.6643543,4.6643543
22,Mikel Merino Zazón,37,0,0.0,0.0,0.09593384,0.09593384
22,Mikel Merino Zazón,38,28,1.0,1.0,0.05458114,0.94541883
23,Fábio Ferreira Vieira,37,0,0.0,0.0,0.10113396,0.10113396
23,Fábio Ferreira Vieira,38,0,0.0,0.0,0.06762795,0.06762795
24,Christian Nørgaard,37,0,0.0,0.0,0.07965289,0.07965289
24,Christian Nørgaard,38,45,1.0,1.0,0.033601422,0.9663986
25,Ethan Nwaneri,37,0,0.0,0.0,0.07051471,0.07051471
25,Ethan Nwaneri,38,0,0.0,0.0,0.02311157,0.02311157
26,Martín Zubimendi Ibáñez,37,1,1.0,1.0,2.5842369,1.5842369
26,Martín Zubimendi Ibáñez,38,90,2.0,2.0,1.0976962,0.9023038
27,Reiss Nelson,34,17,4.0,4.0,0.5542428,3.4457572
27,Reiss Nelson,35,0,0.0,0.0,1.5125837,1.5125837
27,Reiss Nelson,36,0,0.0,0.0,0.4288974,0.4288974
27,Reiss Nelson,37,0,0.0,0.0,0.28098035,0.28098035
27,Reiss Nelson,38,1,1.0,1.0,0.05078693,0.9492131
28,Ismeal Kabia,37,0,0.0,0.0,0.023936097,0.023936097
28,Ismeal Kabia,38,0,0.0,0.0,-0.018676851,0.018676851
29,Albert Sambi Lokonga,37,0,0.0,0.0,0.023936097,0.023936097
29,Albert Sambi Lokonga,38,0,0.0,0.0,-0.018676851,0.018676851
30,Kai Havertz,37,72,8.0,8.0,2.190843,5.809157
30,Kai Havertz,38,45,4.0,4.0,4.2115693,0.21156931
31,Gabriel Fernando de Jesus,37,0,0.0,0.0,0.4696286,0.4696286
31,Gabriel Fernando de Jesus,38,74,5.0,5.0,0.12384926,4.8761506
32,Emiliano Martínez Romero,34,90,3.0,3.0,2.8707566,0.12924337
32,Emiliano Martínez Romero,35,90,2.0,2.0,3.589597,1.589597
32,Emiliano Martínez Romero,36,90,6.0,6.0,4.05067,1.9493299
32,Emiliano Martínez Romero,37,90,2.0,2.0,3.6042569,1.6042569
32,Emiliano Martínez Romero,38,0,0.0,0.0,2.9367113,2.9367113
33,Marco Bizot,34,0,0.0,0.0,0.6788123,0.6788123
33,Marco Bizot,35,0,0.0,0.0,0.18960224,0.18960224
33,Marco Bizot,36,0,0.0,0.0,0.08581692,0.08581692
33,Marco Bizot,37,0,0.0,0.0,0.047419343,0.047419343
33,Marco Bizot,38,90,2.0,2.0,0.09679434,1.9032056
34,Joe Gauci,34,0,0.0,0.0,0.06709969,0.06709969
34,Joe Gauci,35,0,0.0,0.0,0.06400281,0.06400281
34,Joe Gauci,36,0,0.0,0.0,0.06415567,0.06415567
34,Joe Gauci,37,0,0.0,0.0,0.065975666,0.065975666
34,Joe Gauci,38,0,0.0,0.0,0.098204,0.098204
35,Filip Marschall,34,0,0.0,0.0,0.06709969,0.06709969
35,Filip Marschall,35,0,0.0,0.0,0.06400281,0.06400281
35,Filip Marschall,36,0,0.0,0.0,0.06415567,0.06415567
35,Filip Marschall,37,0,0.0,0.0,0.065975666,0.065975666
35,Filip Marschall,38,0,0.0,0.0,0.098204,0.098204
36,Matty Cash,34,90,2.0,2.0,2.6000898,0.6000898
36,Matty Cash,35,90,5.0,5.0,3.6332903,1.3667097
36,Matty Cash,36,79,1.0,1.0,3.85226,2.85226
36,Matty Cash,37,90,0.0,0.0,3.3582952,3.3582952
36,Matty Cash,38,45,1.0,1.0,2.2510064,1.2510064
37,Lucas Digne,34,90,2.0,2.0,2.3344266,0.33442664
37,Lucas Digne,35,0,0.0,0.0,3.5383065,3.5383065
37,Lucas Digne,36,16,1.0,1.0,1.6945676,0.69456756
37,Lucas Digne,37,90,4.0,4.0,1.7167106,2.2832894
37,Lucas Digne,38,0,0.0,0.0,2.3695133,2.3695133
38,Ezri Konsa Ngoyo,34,90,2.0,2.0,2.2046268,0.2046268
38,Ezri Konsa Ngoyo,35,0,0.0,0.0,3.475526,3.475526
38,Ezri Konsa Ngoyo,36,90,1.0,1.0,1.6883053,0.68830526
38,Ezri Konsa Ngoyo,37,90,1.0,1.0,2.4699266,1.4699266
38,Ezri Konsa Ngoyo,38,0,0.0,0.0,2.3422344,2.3422344
39,Ian Maatsen,34,0,0.0,0.0,2.092182,2.092182
39,Ian Maatsen,35,90,1.0,1.0,1.103032,0.10303199
39,Ian Maatsen,36,73,1.0,1.0,2.2422593,1.2422593
39,Ian Maatsen,37,5,1.0,1.0,2.7096517,1.7096517
39,Ian Maatsen,38,90,5.0,5.0,0.9541563,4.0458436
40,Tyrone Mings,34,0,0.0,0.0,2.3603032,2.3603032
40,Tyrone Mings,35,90,1.0,1.0,1.3382665,0.3382665
40,Tyrone Mings,36,90,0.0,0.0,3.0634067,3.0634067
40,Tyrone Mings,37,0,0.0,0.0,3.032996,3.032996
40,Tyrone Mings,38,90,4.0,4.0,1.0067035,2.9932966
41,Pau Torres,34,90,1.0,1.0,1.0239865,0.023986459
41,Pau Torres,35,0,0.0,0.0,2.2662115,2.2662115
41,Pau Torres,36,0,0.0,0.0,1.5317842,1.5317842
41,Pau Torres,37,90,4.0,4.0,0.69176245,3.3082376
41,Pau Torres,38,17,1.0,1.0,1.8603265,0.8603265
42,Andrés García,34,0,0.0,0.0,0.19192629,0.19192629
42,Andrés García,35,0,0.0,0.0,0.18129331,0.18129331
42,Andrés García,36,0,0.0,0.0,0.114222884,0.114222884
42,Andrés García,37,0,0.0,0.0,0.124451995,0.124451995
42,Andrés García,38,45,1.0,1.0,0.09594393,0.9040561
43,Álex Moreno Lopera,34,0,0.0,0.0,0.09304799,0.09304799
43,Álex Moreno Lopera,35,0,0.0,0.0,0.09472978,0.09472978
43,Álex Moreno Lopera,36,0,0.0,0.0,0.102502495,0.102502495
43,Álex Moreno Lopera,37,0,0.0,0.0,0.11877668,0.11877668
43,Álex Moreno Lopera,38,0,0.0,0.0,0.10227682,0.10227682
44,Lamare Bogarde,34,73,2.0,2.0,0.3863319,1.6136681
44,Lamare Bogarde,35,90,1.0,1.0,2.1418788,1.1418788
44,Lamare Bogarde,36,10,1.0,1.0,2.6504328,1.6504328
44,Lamare Bogarde,37,0,0.0,0.0,1.8441794,1.8441794
44,Lamare Bogarde,38,72,2.0,2.0,0.5341946,1.4658054
45,Lino da Cruz Sousa,34,0,0.0,0.0,0.07934694,0.07934694
45,Lino da Cruz Sousa,35,0,0.0,0.0,0.07672556,0.07672556
45,Lino da Cruz Sousa,36,0,0.0,0.0,0.08043544,0.08043544
45,Lino da Cruz Sousa,37,0,0.0,0.0,0.100772426,0.100772426
45,Lino da Cruz Sousa,38,0,0.0,0.0,0.09372896,0.09372896
46,Yasin Özcan,34,0,0.0,0.0,0.09304799,0.09304799
46,Yasin Özcan,35,0,0.0,0.0,0.09472978,0.09472978
46,Yasin Özcan,36,0,0.0,0.0,0.102502495,0.102502495
46,Yasin Özcan,37,0,0.0,0.0,0.11877668,0.11877668
46,Yasin Özcan,38,0,0.0,0.0,0.10227682,0.10227682
47,Morgan Rogers,34,90,2.0,2.0,5.3822894,3.3822894
47,Morgan Rogers,35,90,1.0,1.0,3.691118,2.691118
47,Morgan Rogers,36,90,2.0,2.0,4.754441,2.7544408
47,Morgan Rogers,37,90,12.0,12.0,4.431171,7.568829
47,Morgan Rogers,38,0,0.0,0.0,3.8783567,3.8783567
48,Youri Tielemans,34,73,2.0,2.0,3.298007,1.298007
48,Youri Tielemans,35,90,2.0,2.0,3.7796268,1.7796268
48,Youri Tielemans,36,90,4.0,4.0,4.240268,0.24026823
48,Youri Tielemans,37,89,2.0,2.0,4.086247,2.086247
48,Youri Tielemans,38,17,1.0,1.0,3.0209725,2.0209725
49,Leon Bailey,34,16,1.0,1.0,0.7424361,0.2575639
49,Leon Bailey,35,5,1.0,1.0,1.424963,0.424963
49,Leon Bailey,36,5,1.0,1.0,1.2636853,0.26368535
49,Leon Bailey,37,0,0.0,0.0,1.5950569,1.5950569
49,Leon Bailey,38,90,5.0,5.0,0.48646095,4.513539
50,Emiliano Buendía Stati,34,73,2.0,2.0,2.2416542,0.24165416
50,Emiliano Buendía Stati,35,5,6.0,6.0,3.1425784,2.8574216
50,Emiliano Buendía Stati,36,16,1.0,1.0,2.9443052,1.9443052
50,Emiliano Buendía Stati,37,84,2.0,2.0,1.7258408,0.2741592
50,Emiliano Buendía Stati,38,90,6.0,6.0,2.352446,3.647554
51,Samuel Iling-Junior,34,0,0.0,0.0,0.11104058,0.11104058
51,Samuel Iling-Junior,35,0,0.0,0.0,0.20782654,0.20782654
51,Samuel Iling-Junior,36,0,0.0,0.0,0.19114155,0.19114155
51,Samuel Iling-Junior,37,0,0.0,0.0,0.19229561,0.19229561
51,Samuel Iling-Junior,38,0,0.0,0.0,0.11567278,0.11567278
52,Jacob Ramsey,34,90,2.0,2.0,1.3528273,0.6471727
52,Jacob Ramsey,35,1,1.0,1.0,2.8045459,1.8045459
52,Jacob Ramsey,36,29,4.0,4.0,0.87078893,3.129211
52,Jacob Ramsey,37,90,9.0,9.0,1.6174241,7.382576
52,Jacob Ramsey,38,90,4.0,4.0,2.623954,1.376046
53,Donyell Malen,34,0,0.0,0.0,0.06220806,0.06220806
53,Donyell Malen,35,0,0.0,0.0,0.15282781,0.15282781
53,Donyell Malen,36,0,0.0,0.0,0.14241695,0.14241695
53,Donyell Malen,37,0,0.0,0.0,0.12690258,0.12690258
53,Donyell Malen,38,0,0.0,0.0,0.08023426,0.08023426
54,John McGinn,34,73,2.0,2.0,3.0816643,1.0816643
54,John McGinn,35,0,0.0,0.0,3.2306101,3.2306101
54,John McGinn,36,84,5.0,5.0,1.2301195,3.7698805
54,John McGinn,37,89,6.0,6.0,2.6448538,3.3551462
54,John McGinn,38,4,1.0,1.0,2.3807266,1.3807266
55,Ross Barkley,34,16,1.0,1.0,2.3190286,1.3190286
55,Ross Barkley,35,84,1.0,1.0,1.5618004,0.56180036
55,Ross Barkley,36,79,9.0,9.0,2.5880105,6.411989
55,Ross Barkley,37,45,1.0,1.0,3.9147363,2.9147363
55,Ross Barkley,38,85,5.0,5.0,1.5248321,3.4751678
56,Enzo Barrenechea,34,0,0.0,0.0,0.05699599,0.05699599
56,Enzo Barrenechea,35,0,0.0,0.0,0.14117214,0.14117214
56,Enzo Barrenechea,36,0,0.0,0.0,0.12796721,0.12796721
56,Enzo Barrenechea,37,0,0.0,0.0,0.11544338,0.11544338
56,Enzo Barrenechea,38,0,0.0,0.0,0.07391168,0.07391168
57,Lewis Dobbin,34,0,0.0,0.0,0.05699599,0.05699599
57,Lewis Dobbin,35,0,0.0,0.0,0.14117214,0.14117214
57,Lewis Dobbin,36,0,0.0,0.0,0.12796721,0.12796721
57,Lewis Dobbin,37,0,0.0,0.0,0.11544338,0.11544338
57,Lewis Dobbin,38,0,0.0,0.0,0.07391168,0.07391168
58,Boubacar Kamara,34,0,0.0,0.0,0.051817287,0.051817287
58,Boubacar Kamara,35,0,0.0,0.0,0.12810482,0.12810482
58,Boubacar Kamara,36,0,0.0,0.0,0.11351749,0.11351749
58,Boubacar Kamara,37,0,0.0,0.0,0.10398419,0.10398419
58,Boubacar Kamara,38,0,0.0,0.0,0.06856184,0.06856184
59,Amadou Onana,34,0,0.0,0.0,3.2380016,3.2380016
59,Amadou Onana,35,0,0.0,0.0,2.0776246,2.0776246
59,Amadou Onana,36,0,0.0,0.0,1.2081188,1.2081188
59,Amadou Onana,37,0,0.0,0.0,0.45484158,0.45484158
59,Amadou Onana,38,17,1.0,1.0,0.24455972,0.7554403
60,Ben Broggio,34,0,0.0,0.0,0.023914147,0.023914147
60,Ben Broggio,35,0,0.0,0.0,0.050760243,0.050760243
60,Ben Broggio,36,0,0.0,0.0,0.037963185,0.037963185
60,Ben Broggio,37,0,0.0,0.0,0.04825336,0.04825336
60,Ben Broggio,38,0,0.0,0.0,0.06615944,0.06615944
61,Leander Dendoncker,34,0,0.0,0.0,0.027854193,0.027854193
61,Leander Dendoncker,35,0,0.0,0.0,0.066229135,0.066229135
61,Leander Dendoncker,36,0,0.0,0.0,0.05128478,0.05128478
61,Leander Dendoncker,37,0,0.0,0.0,0.056985695,0.056985695
61,Leander Dendoncker,38,0,0.0,0.0,0.06447156,0.06447156
62,Jamaldeen Jimoh-Aloba,34,0,0.0,0.0,0.027854193,0.027854193
62,Jamaldeen Jimoh-Aloba,35,0,0.0,0.0,0.066229135,0.066229135
62,Jamaldeen Jimoh-Aloba,36,0,0.0,0.0,0.05128478,0.05128478
62,Jamaldeen Jimoh-Aloba,37,0,0.0,0.0,0.056985695,0.056985695
62,Jamaldeen Jimoh-Aloba,38,0,0.0,0.0,0.06447156,0.06447156
63,Kadan Young,34,0,0.0,0.0,0.02062555,0.02062555
63,Kadan Young,35,0,0.0,0.0,0.037293006,0.037293006
63,Kadan Young,36,0,0.0,0.0,0.0247829,0.0247829
63,Kadan Young,37,0,0.0,0.0,0.0402343,0.0402343
63,Kadan Young,38,0,0.0,0.0,0.06784731,0.06784731
64,Ollie Watkins,34,79,2.0,2.0,4.9131527,2.9131527
64,Ollie Watkins,35,30,1.0,1.0,5.016869,4.016869
64,Ollie Watkins,36,90,9.0,9.0,3.0455558,5.954444
64,Ollie Watkins,37,90,15.0,15.0,5.096562,9.903439
64,Ollie Watkins,38,90,13.0,13.0,3.6676962,9.332304
65,Zépiqueno Redmond,34,0,0.0,0.0,0.03795411,0.03795411
65,Zépiqueno Redmond,35,0,0.0,0.0,0.05312829,0.05312829
65,Zépiqueno Redmond,36,0,0.0,0.0,0.05960994,0.05960994
65,Zépiqueno Redmond,37,0,0.0,0.0,0.0687615,0.0687615
65,Zépiqueno Redmond,38,0,0.0,0.0,0.030075807,0.030075807
83,Dango Ouattara,34,90,1.0,1.0,3.4891753,2.4891753
83,Dango Ouattara,35,89,6.0,6.0,4.3761106,1.6238894
83,Dango Ouattara,36,22,1.0,1.0,3.1658347,2.1658347
83,Dango Ouattara,37,90,15.0,15.0,3.6907938,11.309206
83,Dango Ouattara,38,90,2.0,2.0,4.975098,2.9750981
101,Caoimhín Kelleher,34,90,2.0,2.0,3.280083,1.280083
101,Caoimhín Kelleher,35,90,8.0,8.0,4.092827,3.9071732
101,Caoimhín Kelleher,36,90,3.0,3.0,2.649583,0.3504169
101,Caoimhín Kelleher,37,90,2.0,2.0,3.436608,1.4366081
101,Caoimhín Kelleher,38,90,6.0,6.0,3.594404,2.405596
102,Ellery Balcombe,34,0,0.0,0.0,0.06506717,0.06506717
102,Ellery Balcombe,35,0,0.0,0.0,0.06566024,0.06566024
102,Ellery Balcombe,36,0,0.0,0.0,0.060596522,0.060596522
102,Ellery Balcombe,37,0,0.0,0.0,0.014714491,0.014714491
102,Ellery Balcombe,38,0,0.0,0.0,0.07332645,0.07332645
103,Matthew Cox,34,0,0.0,0.0,0.06506717,0.06506717
103,Matthew Cox,35,0,0.0,0.0,0.06566024,0.06566024
103,Matthew Cox,36,0,0.0,0.0,0.060596522,0.060596522
103,Matthew Cox,37,0,0.0,0.0,0.014714491,0.014714491
103,Matthew Cox,38,0,0.0,0.0,0.07332645,0.07332645
104,Julian Eyestone,34,0,0.0,0.0,0.06506717,0.06506717
104,Julian Eyestone,35,0,0.0,0.0,0.06566024,0.06566024
104,Julian Eyestone,36,0,0.0,0.0,0.060596522,0.060596522
104,Julian Eyestone,37,0,0.0,0.0,0.014714491,0.014714491
104,Julian Eyestone,38,0,0.0,0.0,0.07332645,0.07332645
105,Hákon Rafn Valdimarsson,34,0,0.0,0.0,0.060144674,0.060144674
105,Hákon Rafn Valdimarsson,35,0,0.0,0.0,0.053949747,0.053949747
105,Hákon Rafn Valdimarsson,36,0,0.0,0.0,0.0578256,0.0578256
105,Hákon Rafn Valdimarsson,37,0,0.0,0.0,0.007981587,0.007981587
105,Hákon Rafn Valdimarsson,38,0,0.0,0.0,0.06788629,0.06788629
106,Nathan Collins,34,90,2.0,2.0,3.6794293,1.6794293
106,Nathan Collins,35,90,6.0,6.0,4.2839494,1.7160506
106,Nathan Collins,36,90,1.0,1.0,3.1876748,2.1876748
106,Nathan Collins,37,90,3.0,3.0,3.7386196,0.73861957
106,Nathan Collins,38,90,3.0,3.0,4.2874913,1.2874913
107,Keane Lewis-Potter,34,90,1.0,1.0,3.1321075,2.1321075
107,Keane Lewis-Potter,35,90,11.0,11.0,4.252952,6.747048
107,Keane Lewis-Potter,36,90,1.0,1.0,2.677188,1.6771879
107,Keane Lewis-Potter,37,90,1.0,1.0,3.6524734,2.6524734
107,Keane Lewis-Potter,38,88,5.0,5.0,3.3512456,1.6487544
108,Kristoffer Ajer,34,0,0.0,0.0,0.21350317,0.21350317
108,Kristoffer Ajer,35,10,1.0,1.0,0.29720324,0.70279676
108,Kristoffer Ajer,36,90,2.0,2.0,0.22237597,1.777624
108,Kristoffer Ajer,37,81,3.0,3.0,3.2238986,0.22389865
108,Kristoffer Ajer,38,0,0.0,0.0,3.4111822,3.4111822
109,Rico Henry,34,0,0.0,0.0,0.07772103,0.07772103
109,Rico Henry,35,0,0.0,0.0,0.1467568,0.1467568
109,Rico Henry,36,0,0.0,0.0,0.07654157,0.07654157
109,Rico Henry,37,0,0.0,0.0,0.12422809,0.12422809
109,Rico Henry,38,0,0.0,0.0,0.1369094,0.1369094
110,Michael Kayode,34,90,1.0,1.0,3.2690399,2.2690399
110,Michael Kayode,35,90,5.0,5.0,4.4118476,0.5881524
110,Michael Kayode,36,90,1.0,1.0,2.5786393,1.5786393
110,Michael Kayode,37,90,0.0,0.0,3.5876677,3.5876677
110,Michael Kayode,38,90,2.0,2.0,2.972809,0.9728091
111,Ethan Pinnock,34,0,0.0,0.0,0.36623842,0.36623842
111,Ethan Pinnock,35,0,0.0,0.0,0.3030501,0.3030501
111,Ethan Pinnock,36,0,0.0,0.0,0.13577929,0.13577929
111,Ethan Pinnock,37,0,0.0,0.0,0.11038929,0.11038929
111,Ethan Pinnock,38,0,0.0,0.0,0.12392497,0.12392497
112,Mads Roerslev Rasmussen,34,0,0.0,0.0,0.09250268,0.09250268
112,Mads Roerslev Rasmussen,35,0,0.0,0.0,0.18209556,0.18209556
112,Mads Roerslev Rasmussen,36,0,0.0,0.0,0.08920741,0.08920741
112,Mads Roerslev Rasmussen,37,0,0.0,0.0,0.15992932,0.15992932
112,Mads Roerslev Rasmussen,38,0,0.0,0.0,0.16436973,0.16436973
113,Sepp van den Berg,34,90,0.0,0.0,3.2579527,3.2579527
113,Sepp van den Berg,35,90,6.0,6.0,4.132995,1.8670049
113,Sepp van den Berg,36,0,0.0,0.0,2.8826954,2.8826954
113,Sepp van den Berg,37,8,4.0,4.0,2.818549,1.1814511
113,Sepp van den Berg,38,90,4.0,4.0,2.0941768,1.9058232
114,Benjamin Arthur,34,0,0.0,0.0,0.05804502,0.05804502
114,Benjamin Arthur,35,0,0.0,0.0,0.060601924,0.060601924
114,Benjamin Arthur,36,0,0.0,0.0,0.06268041,0.06268041
114,Benjamin Arthur,37,0,0.0,0.0,0.058451716,0.058451716
114,Benjamin Arthur,38,0,0.0,0.0,0.07597193,0.07597193
115,Benjamin Fredrick,34,0,0.0,0.0,0.06789006,0.06789006
115,Benjamin Fredrick,35,0,0.0,0.0,0.09374872,0.09374872
115,Benjamin Fredrick,36,0,0.0,0.0,0.0682223,0.0682223
115,Benjamin Fredrick,37,0,0.0,0.0,0.08442049,0.08442049
115,Benjamin Fredrick,38,0,0.0,0.0,0.097956195,0.097956195
116,Aaron Hickey,34,0,0.0,0.0,0.06789006,0.06789006
116,Aaron Hickey,35,1,1.0,1.0,0.09374872,0.9062513
116,Aaron Hickey,36,60,2.0,2.0,0.22202629,1.7779737
116,Aaron Hickey,37,0,0.0,0.0,2.876671,2.876671
116,Aaron Hickey,38,30,1.0,1.0,0.9290136,0.07098639
117,Kim Ji-soo,34,0,0.0,0.0,0.062967524,0.062967524
117,Kim Ji-soo,35,0,0.0,0.0,0.077269346,0.077269346
117,Kim Ji-soo,36,0,0.0,0.0,0.06545134,0.06545134
117,Kim Ji-soo,37,0,0.0,0.0,0.07143609,0.07143609
117,Kim Ji-soo,38,0,0.0,0.0,0.084974036,0.084974036
118,Jayden Meghoma,34,0,0.0,0.0,0.06789006,0.06789006
118,Jayden Meghoma,35,0,0.0,0.0,0.09374872,0.09374872
118,Jayden Meghoma,36,0,0.0,0.0,0.0682223,0.0682223
118,Jayden Meghoma,37,0,0.0,0.0,0.08442049,0.08442049
118,Jayden Meghoma,38,0,0.0,0.0,0.097956195,0.097956195
119,Bryan Mbeumo,34,73,3.0,3.0,4.3540025,1.3540025
119,Bryan Mbeumo,35,74,2.0,2.0,3.863691,1.8636911
119,Bryan Mbeumo,36,15,1.0,1.0,4.4425507,3.4425507
119,Bryan Mbeumo,37,79,7.0,7.0,1.9461341,5.053866
119,Bryan Mbeumo,38,73,9.0,9.0,4.9639606,4.0360394
120,Kevin Schade,34,72,2.0,2.0,4.35951,2.35951
120,Kevin Schade,35,79,3.0,3.0,3.1078055,0.10780549
120,Kevin Schade,36,90,2.0,2.0,3.041434,1.041434
120,Kevin Schade,37,27,1.0,1.0,3.4970443,2.4970443
120,Kevin Schade,38,90,7.0,7.0,2.4363463,4.563654
121,Mikkel Damsgaard,34,90,2.0,2.0,3.0312512,1.0312512
121,Mikkel Damsgaard,35,90,11.0,11.0,4.0714426,6.9285574
121,Mikkel Damsgaard,36,68,4.0,4.0,3.8031852,0.19681478
121,Mikkel Damsgaard,37,90,2.0,2.0,3.8931472,1.8931472
121,Mikkel Damsgaard,38,7,1.0,1.0,4.0952353,3.0952353
122,Antoni Milambo,34,0,0.0,0.0,0.055385668,0.055385668
122,Antoni Milambo,35,0,0.0,0.0,0.15031317,0.15031317
122,Antoni Milambo,36,0,0.0,0.0,0.054572556,0.054572556
122,Antoni Milambo,37,0,0.0,0.0,0.16797294,0.16797294
122,Antoni Milambo,38,0,0.0,0.0,0.10657659,0.10657659
123,Fábio Freitas Gouveia Carvalho,34,0,0.0,0.0,0.020792205,0.020792205
123,Fábio Freitas Gouveia Carvalho,35,0,0.0,0.0,0.061429594,0.061429594
123,Fábio Freitas Gouveia Carvalho,36,0,0.0,0.0,0.027748827,0.027748827
123,Fábio Freitas Gouveia Carvalho,37,0,0.0,0.0,0.05786263,0.05786263
123,Fábio Freitas Gouveia Carvalho,38,0,0.0,0.0,0.045205582,0.045205582
124,Jordan Henderson,34,0,0.0,0.0,0.46923143,0.46923143
124,Jordan Henderson,35,0,0.0,0.0,0.249193,0.249193
124,Jordan Henderson,36,11,0.0,0.0,0.09095344,0.09095344
124,Jordan Henderson,37,27,1.0,1.0,1.208838,0.20883799
124,Jordan Henderson,38,59,0.0,0.0,1.3502109,1.3502109
125,Vitaly Janelt,34,0,0.0,0.0,0.03361391,0.03361391
125,Vitaly Janelt,35,0,0.0,0.0,0.11341968,0.11341968
125,Vitaly Janelt,36,29,1.0,1.0,0.036061663,0.96393836
125,Vitaly Janelt,37,62,2.0,2.0,1.6314373,0.3685627
125,Vitaly Janelt,38,90,1.0,1.0,2.4242027,1.4242027
126,Mathias Jensen,34,90,10.0,10.0,2.956061,7.043939
126,Mathias Jensen,35,90,3.0,3.0,4.424142,1.4241419
126,Mathias Jensen,36,90,4.0,4.0,2.7249367,1.2750633
126,Mathias Jensen,37,62,2.0,2.0,3.932026,1.9320259
126,Mathias Jensen,38,82,2.0,2.0,3.035002,1.035002
127,Gustavo Nunes Fernandes Gomes,34,0,0.0,0.0,0.03361391,0.03361391
127,Gustavo Nunes Fernandes Gomes,35,0,0.0,0.0,0.11341968,0.11341968
127,Gustavo Nunes Fernandes Gomes,36,0,0.0,0.0,0.036061663,0.036061663
127,Gustavo Nunes Fernandes Gomes,37,0,0.0,0.0,0.11496486,0.11496486
127,Gustavo Nunes Fernandes Gomes,38,0,0.0,0.0,0.07045601,0.07045601
128,Frank Onyeka,34,0,0.0,0.0,0.027293596,0.027293596
128,Frank Onyeka,35,0,0.0,0.0,0.09676829,0.09676829
128,Frank Onyeka,36,0,0.0,0.0,0.033290718,0.033290718
128,Frank Onyeka,37,0,0.0,0.0,0.09729548,0.09729548
128,Frank Onyeka,38,0,0.0,0.0,0.06295675,0.06295675
129,Yehor Yarmoliuk,34,90,4.0,4.0,2.8188615,1.1811385
129,Yehor Yarmoliuk,35,90,3.0,3.0,4.173569,1.1735692
129,Yehor Yarmoliuk,36,78,2.0,2.0,3.1129105,1.1129105
129,Yehor Yarmoliuk,37,88,8.0,8.0,3.6442492,4.355751
129,Yehor Yarmoliuk,38,0,0.0,0.0,3.8940866,3.8940866
130,Romelle Donovan,34,0,0.0,0.0,0.014290798,0.014290798
130,Romelle Donovan,35,0,0.0,0.0,0.02743167,0.02743167
130,Romelle Donovan,36,0,0.0,0.0,0.022206906,0.022206906
130,Romelle Donovan,37,0,0.0,0.0,0.01919629,0.01919629
130,Romelle Donovan,38,0,0.0,0.0,0.029275287,0.029275287
131,Yunus Emre Konak,34,0,0.0,0.0,0.01104014,0.01104014
131,Yunus Emre Konak,35,0,0.0,0.0,0.012263138,0.012263138
131,Yunus Emre Konak,36,0,0.0,0.0,0.01943596,0.01943596
131,Yunus Emre Konak,37,0,0.0,0.0,0.003923852,0.003923852
131,Yunus Emre Konak,38,0,0.0,0.0,0.021651227,0.021651227
132,Paris Maghoma,34,0,0.0,0.0,0.017541531,0.017541531
132,Paris Maghoma,35,0,0.0,0.0,0.0437602,0.0437602
132,Paris Maghoma,36,0,0.0,0.0,0.024977881,0.024977881
132,Paris Maghoma,37,0,0.0,0.0,0.038411427,0.038411427
132,Paris Maghoma,38,0,0.0,0.0,0.037025902,0.037025902
133,Myles Peart-Harris,34,0,0.0,0.0,0.014290798,0.014290798
133,Myles Peart-Harris,35,0,0.0,0.0,0.02743167,0.02743167
133,Myles Peart-Harris,36,0,0.0,0.0,0.022206906,0.022206906
133,Myles Peart-Harris,37,0,0.0,0.0,0.01919629,0.01919629
133,Myles Peart-Harris,38,0,0.0,0.0,0.029275287,0.029275287
134,Ryan Trevitt,34,0,0.0,0.0,0.017541531,0.017541531
134,Ryan Trevitt,35,0,0.0,0.0,0.0437602,0.0437602
134,Ryan Trevitt,36,0,0.0,0.0,0.024977881,0.024977881
134,Ryan Trevitt,37,0,0.0,0.0,0.038411427,0.038411427
134,Ryan Trevitt,38,0,0.0,0.0,0.037025902,0.037025902
135,Yoane Wissa,34,24,1.0,1.0,0.37894967,0.62105036
135,Yoane Wissa,35,22,3.0,3.0,1.8502584,1.1497416
135,Yoane Wissa,36,19,1.0,1.0,2.3357587,1.3357587
135,Yoane Wissa,37,5,1.0,1.0,2.0731063,1.0731063
135,Yoane Wissa,38,24,0.0,0.0,1.3674512,1.3674512
136,Igor Thiago Nascimento Rodrigues,34,90,1.0,1.0,4.0921636,3.0921636
136,Igor Thiago Nascimento Rodrigues,35,90,6.0,6.0,5.3555064,0.6444936
136,Igor Thiago Nascimento Rodrigues,36,90,2.0,2.0,4.4954,2.4954
136,Igor Thiago Nascimento Rodrigues,37,90,2.0,2.0,4.898483,2.8984828
136,Igor Thiago Nascimento Rodrigues,38,90,2.0,2.0,4.8209443,2.8209443
137,Iwan Morgan,34,0,0.0,0.0,0.0035314895,0.0035314895
137,Iwan Morgan,35,0,0.0,0.0,-0.051378753,0.051378753
137,Iwan Morgan,36,0,0.0,0.0,-0.010016743,0.010016743
137,Iwan Morgan,37,0,0.0,0.0,0.019306336,0.019306336
137,Iwan Morgan,38,0,0.0,0.0,0.039632026,0.039632026
242,Kiernan Dewsbury-Hall,34,90,8.0,8.0,3.5546114,4.445389
242,Kiernan Dewsbury-Hall,35,90,2.0,2.0,4.040672,2.0406718
242,Kiernan Dewsbury-Hall,36,90,5.0,5.0,3.177343,1.8226571
242,Kiernan Dewsbury-Hall,37,90,2.0,2.0,3.6734762,1.6734762
242,Kiernan Dewsbury-Hall,38,83,2.0,2.0,4.276565,2.276565
243,Tyrique George,34,25,1.0,1.0,1.7376437,0.7376437
243,Tyrique George,35,0,0.0,0.0,1.7096726,1.7096726
243,Tyrique George,36,10,1.0,1.0,1.0103055,0.010305524
243,Tyrique George,37,17,1.0,1.0,1.6838654,0.6838654
243,Tyrique George,38,28,1.0,1.0,1.5583727,0.55837274
253,Dean Henderson,37,90,0.0,0.0,3.59812,3.59812
253,Dean Henderson,38,90,2.0,2.0,2.9351795,0.9351795
254,Walter Benítez,37,0,0.0,0.0,0.066595614,0.066595614
254,Walter Benítez,38,0,0.0,0.0,0.102425024,0.102425024
255,Remi Matthews,37,0,0.0,0.0,0.066595614,0.066595614
255,Remi Matthews,38,0,0.0,0.0,0.102425024,0.102425024
256,Daniel Muñoz Mejía,37,90,6.0,6.0,4.272141,1.727859
256,Daniel Muñoz Mejía,38,45,1.0,1.0,3.6202462,2.6202462
257,Maxence Lacroix,37,60,2.0,2.0,4.5233254,2.5233254
257,Maxence Lacroix,38,0,0.0,0.0,3.2353923,3.2353923
258,Tyrick Mitchell,37,90,1.0,1.0,3.7019484,2.7019484
258,Tyrick Mitchell,38,45,1.0,1.0,3.3934398,2.3934398
259,Borna Sosa,37,0,0.0,0.0,0.49893788,0.49893788
259,Borna Sosa,38,0,0.0,0.0,0.3215112,0.3215112
261,Chris Richards,37,29,0.0,0.0,3.6788409,3.6788409
261,Chris Richards,38,0,0.0,0.0,1.9775007,1.9775007
262,Chadi Riad Dnanou,37,73,2.0,2.0,0.9385695,1.0614305
262,Chadi Riad Dnanou,38,90,3.0,3.0,1.8083757,1.1916243
263,Nathaniel Clyne,37,0,0.0,0.0,0.5707854,0.5707854
263,Nathaniel Clyne,38,90,1.0,1.0,0.26217186,0.73782814
264,Rob Holding,37,0,0.0,0.0,0.096446276,0.096446276
264,Rob Holding,38,0,0.0,0.0,0.12079154,0.12079154
265,Caleb Kporha,37,0,0.0,0.0,0.096446276,0.096446276
265,Caleb Kporha,38,0,0.0,0.0,0.12079154,0.12079154
266,Eberechi Eze,37,72,3.0,3.0,4.351111,1.3511109
266,Eberechi Eze,38,15,1.0,1.0,4.4237885,3.4237885
267,Ismaïla Sarr,37,90,7.0,7.0,4.523896,2.4761038
267,Ismaïla Sarr,38,45,1.0,1.0,3.9319031,2.9319031
268,Cheick Doucouré,37,0,0.0,0.0,0.05198543,0.05198543
268,Cheick Doucouré,38,0,0.0,0.0,0.053630996,0.053630996
269,Romain Esse,37,0,0.0,0.0,0.043559838,0.043559838
269,Romain Esse,38,0,0.0,0.0,0.059500072,0.059500072
270,Will Hughes,37,0,0.0,0.0,1.9154932,1.9154932
270,Will Hughes,38,90,2.0,2.0,0.2556956,1.7443044
271,Daichi Kamada,37,90,4.0,4.0,2.8569593,1.1430407
271,Daichi Kamada,38,45,1.0,1.0,2.7467706,1.7467706
272,Jefferson Lerma Solís,37,16,0.0,0.0,3.1503625,3.1503625
272,Jefferson Lerma Solís,38,90,4.0,4.0,1.561145,2.4388552
273,Adam Wharton,37,90,11.0,11.0,3.3076525,7.6923475
273,Adam Wharton,38,16,1.0,1.0,2.9979217,1.9979217
274,Asher Agbinone,37,0,0.0,0.0,0.035230335,0.035230335
274,Asher Agbinone,38,0,0.0,0.0,0.07123828,0.07123828
275,Naouirou Ahamada,37,0,0.0,0.0,0.035230335,0.035230335
275,Naouirou Ahamada,38,0,0.0,0.0,0.07123828,0.07123828
276,Justin Devenny,37,0,0.0,0.0,0.80892074,0.80892074
276,Justin Devenny,38,90,2.0,2.0,0.2034168,1.7965832
277,Malcolm Ebiowei,37,0,0.0,0.0,0.04032633,0.04032633
277,Malcolm Ebiowei,38,0,0.0,0.0,0.06536923,0.06536923
278,Jesurun Rak-Sakyi,37,0,0.0,0.0,0.038518954,0.038518954
278,Jesurun Rak-Sakyi,38,0,0.0,0.0,0.068303764,0.068303764
279,Matheus França de Oliveira,37,0,0.0,0.0,0.04032633,0.04032633
279,Matheus França de Oliveira,38,0,0.0,0.0,0.06536923,0.06536923
280,David Ozoh,37,0,0.0,0.0,0.04032633,0.04032633
280,David Ozoh,38,0,0.0,0.0,0.06536923,0.06536923
281,Kaden Rodney,37,0,0.0,0.0,0.038518954,0.038518954
281,Kaden Rodney,38,0,0.0,0.0,0.068303764,0.068303764
282,Franco Umeh-Chibueze,37,0,0.0,0.0,0.04032633,0.04032633
282,Franco Umeh-Chibueze,38,0,0.0,0.0,0.06536923,0.06536923
283,Jean-Philippe Mateta,37,29,1.0,1.0,4.433157,3.433157
283,Jean-Philippe Mateta,38,13,6.0,6.0,1.5786135,4.4213867
284,Eddie Nketiah,37,0,0.0,0.0,0.12926826,0.12926826
284,Eddie Nketiah,38,0,0.0,0.0,0.12208569,0.12208569
285,Odsonne Édouard,37,0,0.0,0.0,0.09007509,0.09007509
285,Odsonne Édouard,38,0,0.0,0.0,0.10112961,0.10112961
286,Zach Marsh,37,0,0.0,0.0,0.034798164,0.034798164
286,Zach Marsh,38,0,0.0,0.0,0.05794472,0.05794472
287,Jordan Pickford,34,90,1.0,1.0,3.4810607,2.4810607
287,Jordan Pickford,35,90,1.0,1.0,3.66128,2.66128
287,Jordan Pickford,36,90,3.0,3.0,4.11181,1.1118102
287,Jordan Pickford,37,90,1.0,1.0,3.905007,2.905007
287,Jordan Pickford,38,90,2.0,2.0,4.7640734,2.7640734
288,Mark Travers,34,0,0.0,0.0,0.05743182,0.05743182
288,Mark Travers,35,0,0.0,0.0,0.032503027,0.032503027
288,Mark Travers,36,0,0.0,0.0,0.05032121,0.05032121
288,Mark Travers,37,0,0.0,0.0,0.09758186,0.09758186
288,Mark Travers,38,0,0.0,0.0,0.048586983,0.048586983
289,Harry Tyrer,34,0,0.0,0.0,0.041832853,0.041832853
289,Harry Tyrer,35,0,0.0,0.0,0.016182508,0.016182508
289,Harry Tyrer,36,0,0.0,0.0,0.034000706,0.034000706
289,Harry Tyrer,37,0,0.0,0.0,0.053912994,0.053912994
289,Harry Tyrer,38,0,0.0,0.0,0.031160463,0.031160463
290,Jarrad Branthwaite,34,0,0.0,0.0,3.653248,3.653248
290,Jarrad Branthwaite,35,0,0.0,0.0,1.7199904,1.7199904
290,Jarrad Branthwaite,36,0,0.0,0.0,1.1765186,1.1765186
290,Jarrad Branthwaite,37,0,0.0,0.0,0.557215,0.557215
290,Jarrad Branthwaite,38,0,0.0,0.0,0.43903527,0.43903527
291,James Tarkowski,34,90,3.0,3.0,4.062394,1.0623941
291,James Tarkowski,35,90,0.0,0.0,3.5734842,3.5734842
291,James Tarkowski,36,90,15.0,15.0,4.1161685,10.883831
291,James Tarkowski,37,90,3.0,3.0,4.289931,1.2899308
291,James Tarkowski,38,90,3.0,3.0,4.537469,1.5374689
292,Vitalii Mykolenko,34,90,1.0,1.0,4.05177,3.0517702
292,Vitalii Mykolenko,35,90,1.0,1.0,3.6507428,2.6507428
292,Vitalii Mykolenko,36,90,0.0,0.0,3.6936092,3.6936092
292,Vitalii Mykolenko,37,90,1.0,1.0,3.5538366,2.5538366
292,Vitalii Mykolenko,38,90,2.0,2.0,4.1216407,2.1216407
293,Jake O'Brien,34,64,1.0,1.0,4.398585,3.3985848
293,Jake O'Brien,35,90,6.0,6.0,2.79715,3.20285
293,Jake O'Brien,36,90,1.0,1.0,3.5023735,2.5023735
293,Jake O'Brien,37,87,0.0,0.0,3.375217,3.375217
293,Jake O'Brien,38,61,1.0,1.0,3.6186545,2.6186545
294,Séamus Coleman,34,0,0.0,0.0,0.07945408,0.07945408
294,Séamus Coleman,35,0,0.0,0.0,0.070257396,0.070257396
294,Séamus Coleman,36,0,0.0,0.0,0.09295198,0.09295198
294,Séamus Coleman,37,2,1.0,1.0,0.15851617,0.84148383
294,Séamus Coleman,38,6,1.0,1.0,0.43731216,0.5626879
295,Michael Keane,34,90,1.0,1.0,1.5535403,0.55354035
295,Michael Keane,35,90,2.0,2.0,2.4127119,0.41271186
295,Michael Keane,36,90,1.0,1.0,2.9268606,1.9268606
295,Michael Keane,37,90,4.0,4.0,3.6110506,0.3889494
295,Michael Keane,38,90,4.0,4.0,4.5277505,0.5277505
296,Nathan Patterson,34,0,0.0,0.0,0.114499524,0.114499524
296,Nathan Patterson,35,1,1.0,1.0,0.09171213,0.9082879
296,Nathan Patterson,36,0,0.0,0.0,0.34057125,0.34057125
296,Nathan Patterson,37,0,0.0,0.0,0.37299788,0.37299788
296,Nathan Patterson,38,0,0.0,0.0,0.2139702,0.2139702
297,Roman Dixon,34,0,0.0,0.0,0.03872456,0.03872456
297,Roman Dixon,35,0,0.0,0.0,0.042855214,0.042855214
297,Roman Dixon,36,0,0.0,0.0,0.06311835,0.06311835
297,Roman Dixon,37,0,0.0,0.0,0.09822309,0.09822309
297,Roman Dixon,38,0,0.0,0.0,0.065379485,0.065379485
298,Reece Welch,34,0,0.0,0.0,0.03872456,0.03872456
298,Reece Welch,35,0,0.0,0.0,0.042855214,0.042855214
298,Reece Welch,36,0,0.0,0.0,0.06311835,0.06311835
298,Reece Welch,37,0,0.0,0.0,0.09822309,0.09822309
298,Reece Welch,38,0,0.0,0.0,0.065379485,0.065379485
299,Iliman Ndiaye,34,90,2.0,2.0,4.2956114,2.2956114
299,Iliman Ndiaye,35,90,2.0,2.0,3.7560103,1.7560103
299,Iliman Ndiaye,36,90,2.0,2.0,4.6146207,2.6146207
299,Iliman Ndiaye,37,90,2.0,2.0,4.3714056,2.3714056
299,Iliman Ndiaye,38,90,2.0,2.0,4.2193522,2.2193522
300,Dwight McNeil,34,64,2.0,2.0,3.544852,1.544852
300,Dwight McNeil,35,0,0.0,0.0,3.2396595,3.2396595
300,Dwight McNeil,36,0,0.0,0.0,0.98453784,0.98453784
300,Dwight McNeil,37,2,1.0,1.0,0.6055081,0.3944919
300,Dwight McNeil,38,0,0.0,0.0,0.7871488,0.7871488
301,Carlos Alcaraz Durán,34,4,0.0,0.0,0.07319859,0.07319859
301,Carlos Alcaraz Durán,35,1,1.0,1.0,0.77380323,0.22619677
301,Carlos Alcaraz Durán,36,1,1.0,1.0,0.9612891,0.038710892
301,Carlos Alcaraz Durán,37,0,0.0,0.0,1.1129441,1.1129441
301,Carlos Alcaraz Durán,38,6,1.0,1.0,0.53261995,0.46738005
302,Idrissa Gana Gueye,34,85,2.0,2.0,3.6439686,1.6439686
302,Idrissa Gana Gueye,35,0,0.0,0.0,3.4781592,3.4781592
302,Idrissa Gana Gueye,36,0,0.0,0.0,1.241859,1.241859
302,Idrissa Gana Gueye,37,0,0.0,0.0,0.66957587,0.66957587
302,Idrissa Gana Gueye,38,0,0.0,0.0,0.3125367,0.3125367
303,James Garner,34,90,3.0,3.0,3.705019,0.705019
303,James Garner,35,90,5.0,5.0,3.491389,1.508611
303,James Garner,36,90,1.0,1.0,4.1404414,3.1404414
303,James Garner,37,90,1.0,1.0,3.6251545,2.6251545
303,James Garner,38,90,4.0,4.0,3.8821049,0.11789513
304,Tim Iroegbunam,34,25,1.0,1.0,0.63229877,0.36770123
304,Tim Iroegbunam,35,90,2.0,2.0,1.2486123,0.7513877
304,Tim Iroegbunam,36,90,2.0,2.0,3.035089,1.035089
304,Tim Iroegbunam,37,72,1.0,1.0,2.8983862,1.8983862
304,Tim Iroegbunam,38,83,4.0,4.0,3.0772135,0.9227865
305,Harrison Armstrong,34,0,0.0,0.0,0.124656394,0.124656394
305,Harrison Armstrong,35,1,1.0,1.0,0.06365207,0.93634796
305,Harrison Armstrong,36,0,0.0,0.0,0.17139158,0.17139158
305,Harrison Armstrong,37,0,0.0,0.0,0.16380739,0.16380739
305,Harrison Armstrong,38,28,1.0,1.0,0.079843864,0.9201561
306,Callum Bates,34,0,0.0,0.0,-0.019431744,0.019431744
306,Callum Bates,35,0,0.0,0.0,-0.019600611,0.019600611
306,Callum Bates,36,0,0.0,0.0,-0.004400205,0.004400205
306,Callum Bates,37,0,0.0,0.0,0.04151905,0.04151905
306,Callum Bates,38,0,0.0,0.0,-0.0002633743,0.0002633743
307,Coby Ebere,34,0,0.0,0.0,-0.01174796,0.01174796
307,Coby Ebere,35,0,0.0,0.0,-0.013733145,0.013733145
307,Coby Ebere,36,0,0.0,0.0,0.0007785,0.0007785
307,Coby Ebere,37,0,0.0,0.0,0.051527638,0.051527638
307,Coby Ebere,38,0,0.0,0.0,0.011245642,0.011245642
308,Isaac Heath,34,0,0.0,0.0,-0.005967062,0.005967062
308,Isaac Heath,35,0,0.0,0.0,-0.007865656,0.007865656
308,Isaac Heath,36,0,0.0,0.0,0.0059572197,0.0059572197
308,Isaac Heath,37,0,0.0,0.0,0.059986103,0.059986103
308,Isaac Heath,38,0,0.0,0.0,0.022754673,0.022754673
309,Jenson Metcalfe,34,0,0.0,0.0,-0.005967062,0.005967062
309,Jenson Metcalfe,35,0,0.0,0.0,-0.007865656,0.007865656
309,Jenson Metcalfe,36,0,0.0,0.0,0.0059572197,0.0059572197
309,Jenson Metcalfe,37,0,0.0,0.0,0.059986103,0.059986103
309,Jenson Metcalfe,38,0,0.0,0.0,0.022754673,0.022754673
310,Thierno Barry,34,90,2.0,2.0,1.77975,0.22025001
310,Thierno Barry,35,26,11.0,11.0,3.6949317,7.305068
310,Thierno Barry,36,20,1.0,1.0,4.089131,3.0891309
310,Thierno Barry,37,17,1.0,1.0,2.7643995,1.7643995
310,Thierno Barry,38,83,2.0,2.0,2.4126718,0.4126718
311,Norberto Bercique Gomes Betuncal,34,0,0.0,0.0,3.7821949,3.7821949
311,Norberto Bercique Gomes Betuncal,35,63,1.0,1.0,1.1766346,0.17663455
311,Norberto Bercique Gomes Betuncal,36,69,8.0,8.0,2.6153085,5.384691
311,Norberto Bercique Gomes Betuncal,37,72,2.0,2.0,3.8113396,1.8113396
311,Norberto Bercique Gomes Betuncal,38,6,1.0,1.0,2.9662957,1.9662957
312,Youssef Ramalho Chermiti,34,0,0.0,0.0,0.018416945,0.018416945
312,Youssef Ramalho Chermiti,35,0,0.0,0.0,0.04657707,0.04657707
312,Youssef Ramalho Chermiti,36,0,0.0,0.0,0.06778334,0.06778334
312,Youssef Ramalho Chermiti,37,0,0.0,0.0,0.028885532,0.028885532
312,Youssef Ramalho Chermiti,38,0,0.0,0.0,0.076660454,0.076660454
313,Martin Sherif,34,0,0.0,0.0,-0.018001448,0.018001448
313,Martin Sherif,35,0,0.0,0.0,0.0015664734,0.0015664734
313,Martin Sherif,36,0,0.0,0.0,0.024344165,0.024344165
313,Martin Sherif,37,0,0.0,0.0,0.009948973,0.009948973
313,Martin Sherif,38,0,0.0,0.0,0.0327801,0.0327801
314,Bernd Leno,34,90,7.0,7.0,3.035341,3.964659
314,Bernd Leno,35,90,3.0,3.0,2.7234907,0.27650928
314,Bernd Leno,36,90,3.0,3.0,3.017732,0.017731905
314,Bernd Leno,37,90,2.0,2.0,3.8927283,1.8927283
314,Bernd Leno,38,90,6.0,6.0,3.5989077,2.4010923
315,Steven Benda,34,0,0.0,0.0,0.16958876,0.16958876
315,Steven Benda,35,0,0.0,0.0,0.18209887,0.18209887
315,Steven Benda,36,0,0.0,0.0,0.12892605,0.12892605
315,Steven Benda,37,0,0.0,0.0,0.045812417,0.045812417
315,Steven Benda,38,0,0.0,0.0,0.12943956,0.12943956
316,Antonee Robinson,34,9,1.0,1.0,2.4544976,1.4544976
316,Antonee Robinson,35,90,1.0,1.0,1.1440564,0.14405644
316,Antonee Robinson,36,90,1.0,1.0,2.383257,1.3832569
316,Antonee Robinson,37,90,12.0,12.0,3.3893158,8.610684
316,Antonee Robinson,38,90,6.0,6.0,3.850603,2.149397
317,Joachim Andersen,34,90,11.0,11.0,3.2862365,7.713763
317,Joachim Andersen,35,90,3.0,3.0,2.245969,0.75403094
317,Joachim Andersen,36,51,-2.0,-2.0,3.5358305,5.5358305
317,Joachim Andersen,37,0,0.0,0.0,0.14219524,0.14219524
317,Joachim Andersen,38,0,0.0,0.0,1.7910749,1.7910749
318,Calvin Bassey,34,90,6.0,6.0,3.1236303,2.8763697
318,Calvin Bassey,35,90,1.0,1.0,2.2968135,1.2968135
318,Calvin Bassey,36,90,2.0,2.0,3.080829,1.0808289
318,Calvin Bassey,37,90,2.0,2.0,3.7294345,1.7294345
318,Calvin Bassey,38,90,6.0,6.0,3.3432791,2.6567209
319,Timothy Castagne,34,90,5.0,5.0,2.9405975,2.0594025
319,Timothy Castagne,35,90,1.0,1.0,1.8429729,0.8429729
319,Timothy Castagne,36,82,2.0,2.0,3.1505435,1.1505435
319,Timothy Castagne,37,90,5.0,5.0,3.5461476,1.4538524
319,Timothy Castagne,38,90,8.0,8.0,3.4298613,4.570139
320,Issa Diop,34,0,0.0,0.0,0.25938368,0.25938368
320,Issa Diop,35,0,0.0,0.0,0.20432104,0.20432104
320,Issa Diop,36,45,1.0,1.0,0.1981649,0.8018351
320,Issa Diop,37,90,2.0,2.0,1.3278371,0.6721629
320,Issa Diop,38,85,15.0,15.0,3.3809612,11.619039
321,Jorge Cuenca Barreno,34,0,0.0,0.0,0.20811018,0.20811018
321,Jorge Cuenca Barreno,35,0,0.0,0.0,0.20432104,0.20432104
321,Jorge Cuenca Barreno,36,0,0.0,0.0,0.1981649,0.1981649
321,Jorge Cuenca Barreno,37,0,0.0,0.0,0.13606644,0.13606644
321,Jorge Cuenca Barreno,38,4,0.0,0.0,0.21767142,0.21767142
322,Kenny Tete,34,0,0.0,0.0,0.3982326,0.3982326
322,Kenny Tete,35,0,0.0,0.0,0.26352358,0.26352358
322,Kenny Tete,36,0,0.0,0.0,0.22845359,0.22845359
322,Kenny Tete,37,0,0.0,0.0,0.17103045,0.17103045
322,Kenny Tete,38,0,0.0,0.0,0.24770303,0.24770303
323,Samuel Amissah,34,0,0.0,0.0,0.17107897,0.17107897
323,Samuel Amissah,35,0,0.0,0.0,0.18939076,0.18939076
323,Samuel Amissah,36,0,0.0,0.0,0.13393761,0.13393761
323,Samuel Amissah,37,0,0.0,0.0,0.06990189,0.06990189
323,Samuel Amissah,38,0,0.0,0.0,0.15579419,0.15579419
324,Alex Iwobi,34,0,0.0,0.0,2.8191206,2.8191206
324,Alex Iwobi,35,0,0.0,0.0,0.7724206,0.7724206
324,Alex Iwobi,36,0,0.0,0.0,1.1173118,1.1173118
324,Alex Iwobi,37,66,2.0,2.0,0.4391394,1.5608606
324,Alex Iwobi,38,90,3.0,3.0,3.3006432,0.3006432
325,Emile Smith Rowe,34,75,3.0,3.0,2.8083198,0.1916802
325,Emile Smith Rowe,35,77,2.0,2.0,1.835657,0.164343
325,Emile Smith Rowe,36,45,1.0,1.0,2.7559898,1.7559898
325,Emile Smith Rowe,37,78,2.0,2.0,2.4972522,0.49725223
325,Emile Smith Rowe,38,71,3.0,3.0,3.0800092,0.08000922
326,Adama Traoré Diarra,34,0,0.0,0.0,0.3476109,0.3476109
326,Adama Traoré Diarra,35,16,1.0,1.0,0.29546016,0.70453984
326,Adama Traoré Diarra,36,0,0.0,0.0,0.5002765,0.5002765
326,Adama Traoré Diarra,37,0,0.0,0.0,0.15932997,0.15932997
326,Adama Traoré Diarra,38,0,0.0,0.0,0.24913818,0.24913818
327,Andreas Hoelgebaum Pereira,34,0,0.0,0.0,0.21192326,0.21192326
327,Andreas Hoelgebaum Pereira,35,0,0.0,0.0,0.18447271,0.18447271
327,Andreas Hoelgebaum Pereira,36,0,0.0,0.0,0.24180765,0.24180765
327,Andreas Hoelgebaum Pereira,37,0,0.0,0.0,0.18795821,0.18795821
327,Andreas Hoelgebaum Pereira,38,0,0.0,0.0,0.2569299,0.2569299
328,Ryan Sessegnon,34,80,11.0,11.0,3.1226017,7.8773985
328,Ryan Sessegnon,35,0,0.0,0.0,2.7764418,2.7764418
328,Ryan Sessegnon,36,0,0.0,0.0,1.6736192,1.6736192
328,Ryan Sessegnon,37,0,0.0,0.0,0.9393079,0.9393079
328,Ryan Sessegnon,38,0,0.0,0.0,0.37375623,0.37375623
329,Harry Wilson,34,90,2.0,2.0,3.595745,1.5957451
329,Harry Wilson,35,63,2.0,2.0,2.8573186,0.85731864
329,Harry Wilson,36,61,2.0,2.0,3.3791661,1.3791661
329,Harry Wilson,37,11,1.0,1.0,3.433707,2.433707
329,Harry Wilson,38,18,4.0,4.0,1.584465,2.415535
330,Sander Berge,34,90,3.0,3.0,1.2816685,1.7183315
330,Sander Berge,35,0,0.0,0.0,2.0050864,2.0050864
330,Sander Berge,36,0,0.0,0.0,1.0657129,1.0657129
330,Sander Berge,37,45,1.0,1.0,0.53693634,0.46306366
330,Sander Berge,38,90,3.0,3.0,1.3770541,1.6229459
331,Tom Cairney,34,0,0.0,0.0,1.6704172,1.6704172
331,Tom Cairney,35,26,1.0,1.0,0.30510846,0.6948916
331,Tom Cairney,36,75,2.0,2.0,1.1232873,0.8767127
331,Tom Cairney,37,0,0.0,0.0,2.5286257,2.5286257
331,Tom Cairney,38,30,6.0,6.0,0.7598349,5.240165
332,Saša Lukić,34,90,6.0,6.0,2.1890638,3.8109362
332,Saša Lukić,35,90,1.0,1.0,2.1053123,1.1053123
332,Saša Lukić,36,90,1.0,1.0,3.0231597,2.0231597
332,Saša Lukić,37,90,5.0,5.0,3.479945,1.520055
332,Saša Lukić,38,0,0.0,0.0,3.5648868,3.5648868
333,Martial Godo,34,0,0.0,0.0,0.14225064,0.14225064
333,Martial Godo,35,0,0.0,0.0,0.19671613,0.19671613
333,Martial Godo,36,0,0.0,0.0,0.113381594,0.113381594
333,Martial Godo,37,0,0.0,0.0,0.044867937,0.044867937
333,Martial Godo,38,0,0.0,0.0,0.13268636,0.13268636
334,Luke Harris,34,0,0.0,0.0,0.14225064,0.14225064
334,Luke Harris,35,0,0.0,0.0,0.19671613,0.19671613
334,Luke Harris,36,0,0.0,0.0,0.113381594,0.113381594
334,Luke Harris,37,0,0.0,0.0,0.044867937,0.044867937
334,Luke Harris,38,0,0.0,0.0,0.13268636,0.13268636
335,Josh King,34,14,1.0,1.0,1.2402483,0.24024832
335,Josh King,35,26,1.0,1.0,0.61806005,0.38193995
335,Josh King,36,14,0.0,0.0,1.1956663,1.1956663
335,Josh King,37,23,1.0,1.0,1.8360791,0.8360791
335,Josh King,38,18,1.0,1.0,1.5406382,0.5406382
336,Harrison Reed,34,0,0.0,0.0,0.1958231,0.1958231
336,Harrison Reed,35,63,2.0,2.0,0.23172683,1.7682731
336,Harrison Reed,36,0,0.0,0.0,1.4828023,1.4828023
336,Harrison Reed,37,0,0.0,0.0,0.70218825,0.70218825
336,Harrison Reed,38,0,0.0,0.0,0.3810495,0.3810495
337,Raúl Jiménez Rodríguez,34,65,2.0,2.0,1.8324014,0.1675986
337,Raúl Jiménez Rodríguez,35,72,2.0,2.0,2.1172435,0.11724353
337,Raúl Jiménez Rodríguez,36,0,0.0,0.0,2.726807,2.726807
337,Raúl Jiménez Rodríguez,37,23,1.0,1.0,1.4505486,0.45054865
337,Raúl Jiménez Rodríguez,38,18,1.0,1.0,1.7357187,0.7357187
338,Rodrigo Muniz Carvalho,34,24,1.0,1.0,2.8238623,1.8238623
338,Rodrigo Muniz Carvalho,35,17,1.0,1.0,1.5322996,0.53229964
338,Rodrigo Muniz Carvalho,36,90,1.0,1.0,1.8220812,0.8220812
338,Rodrigo Muniz Carvalho,37,66,2.0,2.0,2.9658544,0.9658544
338,Rodrigo Muniz Carvalho,38,71,2.0,2.0,3.0651689,1.0651689
366,Alisson Becker,34,0,0.0,0.0,0.08911516,0.08911516
366,Alisson Becker,35,0,0.0,0.0,0.1439206,0.1439206
366,Alisson Becker,36,0,0.0,0.0,0.17910187,0.17910187
366,Alisson Becker,37,0,0.0,0.0,0.20398493,0.20398493
366,Alisson Becker,38,90,2.0,2.0,0.20719671,1.7928033
367,Giorgi Mamardashvili,34,0,0.0,0.0,2.7858946,2.7858946
367,Giorgi Mamardashvili,35,0,0.0,0.0,0.47881767,0.47881767
367,Giorgi Mamardashvili,36,90,2.0,2.0,0.31285447,1.6871455
367,Giorgi Mamardashvili,37,90,1.0,1.0,1.8351074,0.83510745
367,Giorgi Mamardashvili,38,0,0.0,0.0,2.6505861,2.6505861
368,Ármin Pécsi,34,0,0.0,0.0,0.0562406,0.0562406
368,Ármin Pécsi,35,0,0.0,0.0,0.13361804,0.13361804
368,Ármin Pécsi,36,0,0.0,0.0,0.12717731,0.12717731
368,Ármin Pécsi,37,0,0.0,0.0,0.15136752,0.15136752
368,Ármin Pécsi,38,0,0.0,0.0,0.042642426,0.042642426
369,Freddie Woodman,34,90,3.0,3.0,0.8992966,2.1007035
369,Freddie Woodman,35,90,2.0,2.0,1.8916659,0.108334064
369,Freddie Woodman,36,0,0.0,0.0,2.2007673,2.2007673
369,Freddie Woodman,37,0,0.0,0.0,0.8371808,0.8371808
369,Freddie Woodman,38,0,0.0,0.0,0.24791092,0.24791092
370,Jeremie Frimpong,34,31,1.0,1.0,2.1305964,1.1305964
370,Jeremie Frimpong,35,74,1.0,1.0,1.3283447,0.3283447
370,Jeremie Frimpong,36,90,2.0,2.0,1.59154,0.40846002
370,Jeremie Frimpong,37,0,0.0,0.0,2.644428,2.644428
370,Jeremie Frimpong,38,16,1.0,1.0,1.6120316,0.6120316
371,Milos Kerkez,34,3,1.0,1.0,1.127471,0.12747097
371,Milos Kerkez,35,31,1.0,1.0,0.6824885,0.3175115
371,Milos Kerkez,36,90,2.0,2.0,1.2748543,0.7251457
371,Milos Kerkez,37,90,0.0,0.0,2.5577018,2.5577018
371,Milos Kerkez,38,7,1.0,1.0,2.96055,1.9605501
372,Andrew Robertson,34,86,8.0,8.0,3.4972472,4.502753
372,Andrew Robertson,35,58,0.0,0.0,2.88914,2.88914
372,Andrew Robertson,36,0,0.0,0.0,1.6558942,1.6558942
372,Andrew Robertson,37,0,0.0,0.0,1.0645325,1.0645325
372,Andrew Robertson,38,82,2.0,2.0,0.7575505,1.2424495
373,Virgil van Dijk,34,90,4.0,4.0,5.113275,1.113275
373,Virgil van Dijk,35,90,1.0,1.0,3.1880836,2.1880836
373,Virgil van Dijk,36,90,2.0,2.0,3.7237847,1.7237847
373,Virgil van Dijk,37,90,14.0,14.0,4.0353684,9.964632
373,Virgil van Dijk,38,90,2.0,2.0,4.740647,2.7406468
374,Ibrahima Konaté,34,90,4.0,4.0,3.9324093,0.06759071
374,Ibrahima Konaté,35,86,1.0,1.0,2.9856222,1.9856222
374,Ibrahima Konaté,36,76,2.0,2.0,2.8922434,0.8922434
374,Ibrahima Konaté,37,90,0.0,0.0,2.9165285,2.9165285
374,Ibrahima Konaté,38,88,1.0,1.0,3.4462736,2.4462736
375,Conor Bradley,34,0,0.0,0.0,0.18943982,0.18943982
375,Conor Bradley,35,0,0.0,0.0,0.15697326,0.15697326
375,Conor Bradley,36,0,0.0,0.0,0.16347441,0.16347441
375,Conor Bradley,37,0,0.0,0.0,0.19604328,0.19604328
375,Conor Bradley,38,0,0.0,0.0,0.16694787,0.16694787
376,Joe Gomez,34,3,1.0,1.0,1.1493183,0.14931834
376,Joe Gomez,35,0,0.0,0.0,0.9445182,0.9445182
376,Joe Gomez,36,13,0.0,0.0,0.6104702,0.6104702
376,Joe Gomez,37,65,0.0,0.0,1.2421252,1.2421252
376,Joe Gomez,38,1,1.0,1.0,2.2871306,1.2871306
377,Konstantinos Tsimikas,34,0,0.0,0.0,0.17645541,0.17645541
377,Konstantinos Tsimikas,35,0,0.0,0.0,0.15535651,0.15535651
377,Konstantinos Tsimikas,36,0,0.0,0.0,0.16116887,0.16116887
377,Konstantinos Tsimikas,37,0,0.0,0.0,0.19275473,0.19275473
377,Konstantinos Tsimikas,38,0,0.0,0.0,0.15167542,0.15167542
378,Amara Nallo,34,0,0.0,0.0,0.07729851,0.07729851
378,Amara Nallo,35,0,0.0,0.0,0.14455973,0.14455973
378,Amara Nallo,36,0,0.0,0.0,0.1358081,0.1358081
378,Amara Nallo,37,0,0.0,0.0,0.15804097,0.15804097
378,Amara Nallo,38,0,0.0,0.0,0.0482166,0.0482166
379,Rhys Williams,34,0,0.0,0.0,0.07729851,0.07729851
379,Rhys Williams,35,0,0.0,0.0,0.14455973,0.14455973
379,Rhys Williams,36,0,0.0,0.0,0.1358081,0.1358081
379,Rhys Williams,37,0,0.0,0.0,0.15804097,0.15804097
379,Rhys Williams,38,0,0.0,0.0,0.0482166,0.0482166
380,Calvin Ramsay,34,0,0.0,0.0,0.07729851,0.07729851
380,Calvin Ramsay,35,0,0.0,0.0,0.14455973,0.14455973
380,Calvin Ramsay,36,0,0.0,0.0,0.1358081,0.1358081
380,Calvin Ramsay,37,0,0.0,0.0,0.15804097,0.15804097
380,Calvin Ramsay,38,0,0.0,0.0,0.0482166,0.0482166
381,Mohamed Salah,34,58,1.0,1.0,6.6460466,5.6460466
381,Mohamed Salah,35,0,0.0,0.0,2.6101387,2.6101387
381,Mohamed Salah,36,0,0.0,0.0,1.5574617,1.5574617
381,Mohamed Salah,37,16,1.0,1.0,1.1258036,0.12580359
381,Mohamed Salah,38,73,6.0,6.0,1.9657513,4.034249
382,Florian Wirtz,34,90,8.0,8.0,4.5980363,3.4019637
382,Florian Wirtz,35,90,2.0,2.0,4.0881968,2.0881968
382,Florian Wirtz,36,0,0.0,0.0,3.470051,3.470051
382,Florian Wirtz,37,24,1.0,1.0,0.9671898,0.03281021
382,Florian Wirtz,38,17,1.0,1.0,2.4426787,1.4426787
383,Luis Díaz Marulanda,34,0,0.0,0.0,0.3023412,0.3023412
383,Luis Díaz Marulanda,35,0,0.0,0.0,-0.09593248,0.09593248
383,Luis Díaz Marulanda,36,0,0.0,0.0,0.14657377,0.14657377
383,Luis Díaz Marulanda,37,0,0.0,0.0,0.15008469,0.15008469
383,Luis Díaz Marulanda,38,0,0.0,0.0,0.38368562,0.38368562
384,Cody Gakpo,34,90,2.0,2.0,4.3739123,2.3739123
384,Cody Gakpo,35,90,6.0,6.0,2.0953376,3.9046624
384,Cody Gakpo,36,76,2.0,2.0,3.6777318,1.6777318
384,Cody Gakpo,37,73,2.0,2.0,2.7489316,0.74893165
384,Cody Gakpo,38,90,2.0,2.0,4.0580416,2.0580416
385,Federico Chiesa,34,0,0.0,0.0,0.49847105,0.49847105
385,Federico Chiesa,35,3,1.0,1.0,0.042155925,0.9578441
385,Federico Chiesa,36,13,1.0,1.0,0.3974125,0.60258746
385,Federico Chiesa,37,24,1.0,1.0,0.53089345,0.46910655
385,Federico Chiesa,38,0,0.0,0.0,2.0591202,2.0591202
386,Alexis Mac Allister,34,90,13.0,13.0,1.6423465,11.357654
386,Alexis Mac Allister,35,90,2.0,2.0,1.5051191,0.4948809
386,Alexis Mac Allister,36,90,1.0,1.0,2.729427,1.7294271
386,Alexis Mac Allister,37,90,4.0,4.0,2.4846468,1.5153532
386,Alexis Mac Allister,38,90,1.0,1.0,3.8838058,2.8838058
387,Dominik Szoboszlai,34,90,1.0,1.0,4.6195507,3.6195507
387,Dominik Szoboszlai,35,90,13.0,13.0,3.4235942,9.576406
387,Dominik Szoboszlai,36,90,2.0,2.0,3.7803261,1.7803261
387,Dominik Szoboszlai,37,90,9.0,9.0,3.714084,5.2859163
387,Dominik Szoboszlai,38,90,2.0,2.0,3.658376,1.658376
388,Curtis Jones,34,86,7.0,7.0,3.9187365,3.0812635
388,Curtis Jones,35,90,1.0,1.0,2.5731752,1.5731752
388,Curtis Jones,36,90,2.0,2.0,2.9983356,0.9983356
388,Curtis Jones,37,90,2.0,2.0,3.232026,1.2320261
388,Curtis Jones,38,90,10.0,10.0,3.7156136,6.2843866
389,Harvey Elliott,34,0,0.0,0.0,0.06220806,0.06220806
389,Harvey Elliott,35,0,0.0,0.0,0.15282781,0.15282781
389,Harvey Elliott,36,0,0.0,0.0,0.14241695,0.14241695
389,Harvey Elliott,37,0,0.0,0.0,0.12690258,0.12690258
389,Harvey Elliott,38,0,0.0,0.0,0.08023426,0.08023426
390,Ryan Gravenberch,34,11,1.0,1.0,3.3854103,2.3854103
390,Ryan Gravenberch,35,90,2.0,2.0,0.7045711,1.2954289
390,Ryan Gravenberch,36,90,10.0,10.0,2.1191251,7.8808746
390,Ryan Gravenberch,37,65,2.0,2.0,3.336852,1.3368521
390,Ryan Gravenberch,38,82,2.0,2.0,2.0866685,0.08666849
392,Endo Wataru,34,0,0.0,0.0,0.067363635,0.067363635
392,Endo Wataru,35,0,0.0,0.0,0.08810009,0.08810009
392,Endo Wataru,36,0,0.0,0.0,0.10498549,0.10498549
392,Endo Wataru,37,0,0.0,0.0,0.13173339,0.13173339
392,Endo Wataru,38,0,0.0,0.0,0.07019481,0.07019481
393,Stefan Bajčetić Maquieira,34,0,0.0,0.0,0.012321208,0.012321208
393,Stefan Bajčetić Maquieira,35,0,0.0,0.0,0.09367314,0.09367314
393,Stefan Bajčetić Maquieira,36,0,0.0,0.0,0.09476574,0.09476574
393,Stefan Bajčetić Maquieira,37,0,0.0,0.0,0.11697754,0.11697754
393,Stefan Bajčetić Maquieira,38,0,0.0,0.0,-0.0036738254,0.0036738254
394,James McConnell,34,0,0.0,0.0,0.02580573,0.02580573
394,James McConnell,35,0,0.0,0.0,0.09390524,0.09390524
394,James McConnell,36,0,0.0,0.0,0.097972885,0.097972885
394,James McConnell,37,0,0.0,0.0,0.12055327,0.12055327
394,James McConnell,38,0,0.0,0.0,0.013743941,0.013743941
395,Tyler Morton,34,0,0.0,0.0,0.032656286,0.032656286
395,Tyler Morton,35,0,0.0,0.0,0.094021335,0.094021335
395,Tyler Morton,36,0,0.0,0.0,0.10027841,0.10027841
395,Tyler Morton,37,0,0.0,0.0,0.1225113,0.1225113
395,Tyler Morton,38,0,0.0,0.0,0.025034111,0.025034111
396,Trey Nyoni,34,0,0.0,0.0,0.11199726,0.11199726
396,Trey Nyoni,35,0,0.0,0.0,0.13813387,0.13813387
396,Trey Nyoni,36,0,0.0,0.0,0.10509983,0.10509983
396,Trey Nyoni,37,0,0.0,0.0,0.123826504,0.123826504
396,Trey Nyoni,38,7,1.0,1.0,0.0040544085,0.9959456
397,Darwin Núñez Ribeiro,34,0,0.0,0.0,0.18396722,0.18396722
397,Darwin Núñez Ribeiro,35,0,0.0,0.0,0.03325479,0.03325479
397,Darwin Núñez Ribeiro,36,0,0.0,0.0,0.17118071,0.17118071
397,Darwin Núñez Ribeiro,37,0,0.0,0.0,0.17800596,0.17800596
397,Darwin Núñez Ribeiro,38,0,0.0,0.0,0.22433054,0.22433054
398,Jayden Danns,34,0,0.0,0.0,0.03632692,0.03632692
398,Jayden Danns,35,0,0.0,0.0,0.045659054,0.045659054
398,Jayden Danns,36,0,0.0,0.0,0.037714604,0.037714604
398,Jayden Danns,37,0,0.0,0.0,0.057329763,0.057329763
398,Jayden Danns,38,0,0.0,0.0,0.0156171955,0.0156171955
400,Stefan Ortega Moreno,34,0,0.0,0.0,0.15802106,0.15802106
400,Stefan Ortega Moreno,35,0,0.0,0.0,0.17027366,0.17027366
400,Stefan Ortega Moreno,36,0,0.0,0.0,0.1080101,0.1080101
400,Stefan Ortega Moreno,37,0,0.0,0.0,0.15700328,0.15700328
400,Stefan Ortega Moreno,38,0,0.0,0.0,0.11324148,0.11324148
419,Jack Grealish,34,0,0.0,0.0,0.18867747,0.18867747
419,Jack Grealish,35,0,0.0,0.0,0.23487729,0.23487729
419,Jack Grealish,36,0,0.0,0.0,0.24913342,0.24913342
419,Jack Grealish,37,0,0.0,0.0,0.23146594,0.23146594
419,Jack Grealish,38,0,0.0,0.0,0.23621452,0.23621452
424,Oscar Bobb,34,14,1.0,1.0,1.5551449,0.5551449
424,Oscar Bobb,35,26,1.0,1.0,0.95829934,0.04170066
424,Oscar Bobb,36,28,1.0,1.0,1.883093,0.883093
424,Oscar Bobb,37,78,2.0,2.0,2.4238913,0.4238913
424,Oscar Bobb,38,71,3.0,3.0,2.9810185,0.018981457
426,James McAtee,34,0,0.0,0.0,0.120564714,0.120564714
426,James McAtee,35,90,2.0,2.0,0.13894932,1.8610507
426,James McAtee,36,7,4.0,4.0,3.1579227,0.84207726
426,James McAtee,37,6,1.0,1.0,0.7291813,0.2708187
426,James McAtee,38,12,1.0,1.0,1.7972167,0.79721665
431,Altay Bayındır,34,0,0.0,0.0,0.094058216,0.094058216
431,Altay Bayındır,35,0,0.0,0.0,0.12109627,0.12109627
431,Altay Bayındır,36,0,0.0,0.0,0.08473623,0.08473623
431,Altay Bayındır,37,0,0.0,0.0,0.19180353,0.19180353
431,Altay Bayındır,38,0,0.0,0.0,0.10457973,0.10457973
432,André Onana,34,0,0.0,0.0,0.12540063,0.12540063
432,André Onana,35,0,0.0,0.0,0.15164115,0.15164115
432,André Onana,36,0,0.0,0.0,0.09869264,0.09869264
432,André Onana,37,0,0.0,0.0,0.22714224,0.22714224
432,André Onana,38,0,0.0,0.0,0.12136984,0.12136984
433,Elyh Harrison,34,0,0.0,0.0,0.021482155,0.021482155
433,Elyh Harrison,35,0,0.0,0.0,0.04360677,0.04360677
433,Elyh Harrison,36,0,0.0,0.0,0.05164883,0.05164883
433,Elyh Harrison,37,0,0.0,0.0,0.079721004,0.079721004
433,Elyh Harrison,38,0,0.0,0.0,0.072623625,0.072623625
434,Tom Heaton,34,0,0.0,0.0,0.006025661,0.006025661
434,Tom Heaton,35,0,0.0,0.0,0.03272642,0.03272642
434,Tom Heaton,36,0,0.0,0.0,0.045071643,0.045071643
434,Tom Heaton,37,0,0.0,0.0,0.053893443,0.053893443
434,Tom Heaton,38,0,0.0,0.0,0.0660464,0.0660464
435,Dermot Mee,34,0,0.0,0.0,0.013753872,0.013753872
435,Dermot Mee,35,0,0.0,0.0,0.038166594,0.038166594
435,Dermot Mee,36,0,0.0,0.0,0.048360225,0.048360225
435,Dermot Mee,37,0,0.0,0.0,0.06411609,0.06411609
435,Dermot Mee,38,0,0.0,0.0,0.069335,0.069335
436,Matthijs de Ligt,34,0,0.0,0.0,0.19284262,0.19284262
436,Matthijs de Ligt,35,0,0.0,0.0,0.1923293,0.1923293
436,Matthijs de Ligt,36,0,0.0,0.0,0.16831155,0.16831155
436,Matthijs de Ligt,37,0,0.0,0.0,0.2186476,0.2186476
436,Matthijs de Ligt,38,0,0.0,0.0,0.16582902,0.16582902
437,Lisandro Martínez,34,0,0.0,0.0,1.8637296,1.8637296
437,Lisandro Martínez,35,0,0.0,0.0,1.6409284,1.6409284
437,Lisandro Martínez,36,90,6.0,6.0,1.5799404,4.4200597
437,Lisandro Martínez,37,90,3.0,3.0,4.38734,1.3873401
437,Lisandro Martínez,38,90,6.0,6.0,3.0430377,2.9569623
438,Noussair Mazraoui,34,45,1.0,1.0,3.2352142,2.2352142
438,Noussair Mazraoui,35,0,0.0,0.0,3.6598716,3.6598716
438,Noussair Mazraoui,36,90,11.0,11.0,1.7090325,9.290968
438,Noussair Mazraoui,37,0,0.0,0.0,2.958333,2.958333
438,Noussair Mazraoui,38,73,6.0,6.0,1.3540062,4.6459937
439,Diego León Blanco,34,0,0.0,0.0,0.05918682,0.05918682
439,Diego León Blanco,35,0,0.0,0.0,0.09567277,0.09567277
439,Diego León Blanco,36,0,0.0,0.0,0.08927332,0.08927332
439,Diego León Blanco,37,0,0.0,0.0,0.12539157,0.12539157
439,Diego León Blanco,38,0,0.0,0.0,0.08477497,0.08477497
440,Diogo Dalot Teixeira,34,90,4.0,4.0,3.420594,0.579406
440,Diogo Dalot Teixeira,35,90,1.0,1.0,4.1068835,3.1068835
440,Diogo Dalot Teixeira,36,0,0.0,0.0,3.5583546,3.5583546
440,Diogo Dalot Teixeira,37,90,1.0,1.0,2.023989,1.023989
440,Diogo Dalot Teixeira,38,0,0.0,0.0,2.5555,2.5555
441,Patrick Dorgu,34,0,0.0,0.0,0.05918682,0.05918682
441,Patrick Dorgu,35,15,1.0,1.0,0.09567277,0.9043272
441,Patrick Dorgu,36,25,1.0,1.0,0.28680596,0.713194
441,Patrick Dorgu,37,10,1.0,1.0,1.2470754,0.24707544
441,Patrick Dorgu,38,61,18.0,18.0,1.260892,16.739107
442,Harry Maguire,34,90,7.0,7.0,2.5437102,4.45629
442,Harry Maguire,35,90,1.0,1.0,4.5849643,3.5849643
442,Harry Maguire,36,90,10.0,10.0,3.320934,6.6790657
442,Harry Maguire,37,90,3.0,3.0,4.051128,1.0511279
442,Harry Maguire,38,90,6.0,6.0,3.6690853,2.3309147
443,Luke Shaw,34,72,5.0,5.0,3.7757072,1.2242928
443,Luke Shaw,35,90,2.0,2.0,2.827007,0.82700706
443,Luke Shaw,36,90,6.0,6.0,3.5127585,2.4872415
443,Luke Shaw,37,90,6.0,6.0,3.859194,2.140806
443,Luke Shaw,38,81,6.0,6.0,3.1391737,2.8608263
444,Leny Yoro,34,17,1.0,1.0,2.1670325,1.1670325
444,Leny Yoro,35,1,1.0,1.0,1.4938362,0.49383616
444,Leny Yoro,36,0,0.0,0.0,0.686527,0.686527
444,Leny Yoro,37,0,0.0,0.0,0.44592252,0.44592252
444,Leny Yoro,38,16,1.0,1.0,0.16949292,0.8305071
445,Harry Amass,34,0,0.0,0.0,0.04586524,0.04586524
445,Harry Amass,35,0,0.0,0.0,0.08667065,0.08667065
445,Harry Amass,36,0,0.0,0.0,0.08242281,0.08242281
445,Harry Amass,37,0,0.0,0.0,0.11081368,0.11081368
445,Harry Amass,38,0,0.0,0.0,0.08112492,0.08112492
446,Tyler Fredricson,34,0,0.0,0.0,0.010875948,0.010875948
446,Tyler Fredricson,35,0,0.0,0.0,0.05966432,0.05966432
446,Tyler Fredricson,36,0,0.0,0.0,0.061871205,0.061871205
446,Tyler Fredricson,37,0,0.0,0.0,0.06398907,0.06398907
446,Tyler Fredricson,38,0,0.0,0.0,0.07125917,0.07125917
447,Ayden Heaven,34,90,2.0,2.0,2.4873748,0.48737478
447,Ayden Heaven,35,90,1.0,1.0,2.2290814,1.2290814
447,Ayden Heaven,36,0,0.0,0.0,2.3668509,2.3668509
447,Ayden Heaven,37,0,0.0,0.0,1.5394334,1.5394334
447,Ayden Heaven,38,0,0.0,0.0,0.48267218,0.48267218
448,Tyrell Malacia,34,0,0.0,0.0,0.073122725,0.073122725
448,Tyrell Malacia,35,0,0.0,0.0,0.05966432,0.05966432
448,Tyrell Malacia,36,0,0.0,0.0,0.061871205,0.061871205
448,Tyrell Malacia,37,0,0.0,0.0,0.06398907,0.06398907
448,Tyrell Malacia,38,8,1.0,1.0,0.07125917,0.92874086
449,Bruno Borges Fernandes,34,90,5.0,5.0,5.589853,0.5898528
449,Bruno Borges Fernandes,35,90,5.0,5.0,5.770101,0.7701011
449,Bruno Borges Fernandes,36,90,3.0,3.0,5.19374,2.19374
449,Bruno Borges Fernandes,37,90,9.0,9.0,6.1888146,2.8111854
449,Bruno Borges Fernandes,38,90,14.0,14.0,4.898422,9.101578
450,Matheus Santos Carneiro da Cunha,34,0,0.0,0.0,5.1375074,5.1375074
450,Matheus Santos Carneiro da Cunha,35,86,7.0,7.0,2.3480814,4.6519184
450,Matheus Santos Carneiro da Cunha,36,90,2.0,2.0,4.960057,2.9600568
450,Matheus Santos Carneiro da Cunha,37,79,9.0,9.0,4.748773,4.251227
450,Matheus Santos Carneiro da Cunha,38,0,0.0,0.0,4.9808893,4.9808893
451,Marcus Rashford,34,0,0.0,0.0,0.47844216,0.47844216
451,Marcus Rashford,35,0,0.0,0.0,0.29387933,0.29387933
451,Marcus Rashford,36,0,0.0,0.0,0.20962803,0.20962803
451,Marcus Rashford,37,0,0.0,0.0,0.1873507,0.1873507
451,Marcus Rashford,38,0,0.0,0.0,0.3362204,0.3362204
452,Amad Diallo,34,45,1.0,1.0,2.22798,1.2279799
452,Amad Diallo,35,45,1.0,1.0,3.3551686,2.3551686
452,Amad Diallo,36,74,3.0,3.0,2.4527962,0.5472038
452,Amad Diallo,37,90,2.0,2.0,3.565062,1.565062
452,Amad Diallo,38,90,7.0,7.0,2.8278975,4.1721025
454,Antony dos Santos,34,0,0.0,0.0,0.2886171,0.2886171
454,Antony dos Santos,35,0,0.0,0.0,0.17199151,0.17199151
454,Antony dos Santos,36,0,0.0,0.0,0.14522886,0.14522886
454,Antony dos Santos,37,0,0.0,0.0,0.118860856,0.118860856
454,Antony dos Santos,38,0,0.0,0.0,0.19343196,0.19343196
455,Mason Mount,34,16,1.0,1.0,1.8060755,0.80607545
455,Mason Mount,35,0,0.0,0.0,2.0274901,2.0274901
455,Mason Mount,36,90,4.0,4.0,0.78425616,3.2157438
455,Mason Mount,37,9,1.0,1.0,3.6250722,2.6250722
455,Mason Mount,38,73,5.0,5.0,2.0898676,2.9101324
456,Jadon Sancho,34,16,1.0,1.0,1.0245451,0.024545074
456,Jadon Sancho,35,84,2.0,2.0,1.1253704,0.8746296
456,Jadon Sancho,36,0,0.0,0.0,2.7673352,2.7673352
456,Jadon Sancho,37,1,1.0,1.0,1.1324991,0.1324991
456,Jadon Sancho,38,0,0.0,0.0,0.8219625,0.8219625
457,Carlos Henrique Casimiro,34,90,12.0,12.0,4.2438374,7.7561626
457,Carlos Henrique Casimiro,35,90,4.0,4.0,4.554931,0.55493116
457,Carlos Henrique Casimiro,36,0,0.0,0.0,4.427895,4.427895
457,Carlos Henrique Casimiro,37,80,1.0,1.0,2.2576752,1.2576752
457,Carlos Henrique Casimiro,38,0,0.0,0.0,3.0617325,3.0617325
458,Kobbie Mainoo,34,90,4.0,4.0,2.9552464,1.0447536
458,Kobbie Mainoo,35,90,9.0,9.0,3.8779705,5.1220293
458,Kobbie Mainoo,36,90,5.0,5.0,3.690529,1.3094709
458,Kobbie Mainoo,37,90,4.0,4.0,4.0027423,0.0027422905
458,Kobbie Mainoo,38,90,2.0,2.0,3.7783053,1.7783053
459,Manuel Ugarte Ribeiro,34,0,0.0,0.0,1.2254924,1.2254924
459,Manuel Ugarte Ribeiro,35,0,0.0,0.0,0.4005964,0.4005964
459,Manuel Ugarte Ribeiro,36,0,0.0,0.0,0.10767116,0.10767116
459,Manuel Ugarte Ribeiro,37,0,0.0,0.0,-0.12952952,0.12952952
459,Manuel Ugarte Ribeiro,38,0,0.0,0.0,0.04918431,0.04918431
460,Toby Collyer,34,0,0.0,0.0,0.014755633,0.014755633
460,Toby Collyer,35,0,0.0,0.0,0.0012137778,0.0012137778
460,Toby Collyer,36,0,0.0,0.0,0.017228972,0.017228972
460,Toby Collyer,37,0,0.0,0.0,-0.025168043,0.025168043
460,Toby Collyer,38,0,0.0,0.0,0.034249667,0.034249667
461,Jayce Fitzgerald,34,0,0.0,0.0,-0.0116828345,0.0116828345
461,Jayce Fitzgerald,35,0,0.0,0.0,-0.012419317,0.012419317
461,Jayce Fitzgerald,36,0,0.0,0.0,0.0051746927,0.0051746927
461,Jayce Fitzgerald,37,0,0.0,0.0,-0.048222665,0.048222665
461,Jayce Fitzgerald,38,0,0.0,0.0,0.026149455,0.026149455
462,Jack Fletcher,34,0,0.0,0.0,-0.0116828345,0.0116828345
462,Jack Fletcher,35,0,0.0,0.0,-0.012419317,0.012419317
462,Jack Fletcher,36,0,0.0,0.0,0.0051746927,0.0051746927
462,Jack Fletcher,37,0,0.0,0.0,-0.048222665,0.048222665
462,Jack Fletcher,38,0,0.0,0.0,0.026149455,0.026149455
463,Sékou Koné,34,0,0.0,0.0,-0.0116828345,0.0116828345
463,Sékou Koné,35,0,0.0,0.0,-0.012419317,0.012419317
463,Sékou Koné,36,0,0.0,0.0,0.0051746927,0.0051746927
463,Sékou Koné,37,0,0.0,0.0,-0.048222665,0.048222665
463,Sékou Koné,38,0,0.0,0.0,0.026149455,0.026149455
464,Jack Moorhouse,34,0,0.0,0.0,0.014755633,0.014755633
464,Jack Moorhouse,35,0,0.0,0.0,0.0012137778,0.0012137778
464,Jack Moorhouse,36,0,0.0,0.0,0.017228972,0.017228972
464,Jack Moorhouse,37,0,0.0,0.0,-0.025168043,0.025168043
464,Jack Moorhouse,38,0,0.0,0.0,0.034249667,0.034249667
465,Rasmus Højlund,34,0,0.0,0.0,0.22749321,0.22749321
465,Rasmus Højlund,35,0,0.0,0.0,0.07976873,0.07976873
465,Rasmus Højlund,36,0,0.0,0.0,0.15411808,0.15411808
465,Rasmus Højlund,37,0,0.0,0.0,0.018529315,0.018529315
465,Rasmus Højlund,38,0,0.0,0.0,0.23638009,0.23638009
466,Joshua Zirkzee,34,2,0.0,0.0,0.7832884,0.7832884
466,Joshua Zirkzee,35,3,1.0,1.0,1.4142967,0.41429675
466,Joshua Zirkzee,36,64,1.0,1.0,0.9455966,0.054403424
466,Joshua Zirkzee,37,10,1.0,1.0,3.6416714,2.6416714
466,Joshua Zirkzee,38,16,1.0,1.0,2.1591718,1.1591718
467,Chido Obi,34,0,0.0,0.0,-0.03369179,0.03369179
467,Chido Obi,35,0,0.0,0.0,-0.025979754,0.025979754
467,Chido Obi,36,0,0.0,0.0,0.0018667243,0.0018667243
467,Chido Obi,37,0,0.0,0.0,-0.11072011,0.11072011
467,Chido Obi,38,0,0.0,0.0,-0.0033218972,0.0033218972
468,Ethan Wheatley,34,0,0.0,0.0,0.00017874315,0.00017874315
468,Ethan Wheatley,35,0,0.0,0.0,-0.01968747,0.01968747
468,Ethan Wheatley,36,0,0.0,0.0,0.028873075,0.028873075
468,Ethan Wheatley,37,0,0.0,0.0,-0.08524947,0.08524947
468,Ethan Wheatley,38,0,0.0,0.0,0.023243506,0.023243506
469,Nick Pope,34,90,2.0,2.0,0.15761359,1.8423864
469,Nick Pope,35,90,3.0,3.0,2.6636481,0.33635187
469,Nick Pope,36,90,3.0,3.0,3.2803235,0.2803235
469,Nick Pope,37,90,4.0,4.0,3.2911217,0.7088783
469,Nick Pope,38,90,2.0,2.0,2.6176064,0.6176064
471,Mark Gillespie,34,0,0.0,0.0,0.1449764,0.1449764
471,Mark Gillespie,35,0,0.0,0.0,0.09453279,0.09453279
471,Mark Gillespie,36,0,0.0,0.0,0.09004803,0.09004803
471,Mark Gillespie,37,0,0.0,0.0,0.06893824,0.06893824
471,Mark Gillespie,38,0,0.0,0.0,0.10551445,0.10551445
472,Odysseas Vlachodimos,34,0,0.0,0.0,0.14564542,0.14564542
472,Odysseas Vlachodimos,35,0,0.0,0.0,0.10181227,0.10181227
472,Odysseas Vlachodimos,36,0,0.0,0.0,0.100133196,0.100133196
472,Odysseas Vlachodimos,37,0,0.0,0.0,0.07902342,0.07902342
472,Odysseas Vlachodimos,38,0,0.0,0.0,0.10997471,0.10997471
473,Lewis Hall,34,0,0.0,0.0,1.3757585,1.3757585
473,Lewis Hall,35,22,1.0,1.0,1.3534011,0.35340106
473,Lewis Hall,36,90,2.0,2.0,1.7130854,0.2869146
473,Lewis Hall,37,90,1.0,1.0,3.3357909,2.3357909
473,Lewis Hall,38,90,1.0,1.0,2.356378,1.3563781
474,Fabian Schär,34,0,0.0,0.0,0.18348879,0.18348879
474,Fabian Schär,35,0,0.0,0.0,0.22631438,0.22631438
474,Fabian Schär,36,0,0.0,0.0,0.23831703,0.23831703
474,Fabian Schär,37,0,0.0,0.0,0.2291512,0.2291512
474,Fabian Schär,38,0,0.0,0.0,0.18378234,0.18378234
475,Sven Botman,34,90,4.0,4.0,1.9312838,2.068716
475,Sven Botman,35,90,4.0,4.0,4.0536175,0.053617477
475,Sven Botman,36,90,4.0,4.0,4.1098456,0.10984564
475,Sven Botman,37,90,4.0,4.0,4.667051,0.66705084
475,Sven Botman,38,90,3.0,3.0,3.9117022,0.91170216
476,Dan Burn,34,90,3.0,3.0,0.8305069,2.1694932
476,Dan Burn,35,90,7.0,7.0,2.8168323,4.1831675
476,Dan Burn,36,90,2.0,2.0,3.2569442,1.2569442
476,Dan Burn,37,15,1.0,1.0,3.5165398,2.5165398
476,Dan Burn,38,83,1.0,1.0,2.1014583,1.1014583
477,Tino Livramento,34,0,0.0,0.0,1.1955329,1.1955329
477,Tino Livramento,35,0,0.0,0.0,1.21987,1.21987
477,Tino Livramento,36,0,0.0,0.0,0.65817237,0.65817237
477,Tino Livramento,37,0,0.0,0.0,0.37932262,0.37932262
477,Tino Livramento,38,0,0.0,0.0,0.26305345,0.26305345
478,Kieran Trippier,34,0,0.0,0.0,0.7792554,0.7792554
478,Kieran Trippier,35,0,0.0,0.0,0.9053687,0.9053687
478,Kieran Trippier,36,1,1.0,1.0,0.7469119,0.25308812
478,Kieran Trippier,37,84,2.0,2.0,1.0001681,0.9998319
478,Kieran Trippier,38,0,0.0,0.0,2.4292684,2.4292684
479,Emil Krafth,34,0,0.0,0.0,0.15628257,0.15628257
479,Emil Krafth,35,0,0.0,0.0,0.13563068,0.13563068
479,Emil Krafth,36,0,0.0,0.0,0.13007705,0.13007705
479,Emil Krafth,37,0,0.0,0.0,0.098808646,0.098808646
479,Emil Krafth,38,0,0.0,0.0,0.13970898,0.13970898
480,Jamaal Lascelles,34,0,0.0,0.0,0.15628257,0.15628257
480,Jamaal Lascelles,35,0,0.0,0.0,0.13563068,0.13563068
480,Jamaal Lascelles,36,0,0.0,0.0,0.13007705,0.13007705
480,Jamaal Lascelles,37,0,0.0,0.0,0.098808646,0.098808646
480,Jamaal Lascelles,38,0,0.0,0.0,0.13970898,0.13970898
481,Alex Murphy,34,0,0.0,0.0,0.15293734,0.15293734
481,Alex Murphy,35,0,0.0,0.0,0.10260048,0.10260048
481,Alex Murphy,36,0,0.0,0.0,0.09066491,0.09066491
481,Alex Murphy,37,0,0.0,0.0,0.064226374,0.064226374
481,Alex Murphy,38,6,1.0,1.0,0.12051204,0.879488
482,Harrison Ashby,34,0,0.0,0.0,0.1536064,0.1536064
482,Harrison Ashby,35,0,0.0,0.0,0.108040616,0.108040616
482,Harrison Ashby,36,0,0.0,0.0,0.09515725,0.09515725
482,Harrison Ashby,37,0,0.0,0.0,0.07146406,0.07146406
482,Harrison Ashby,38,0,0.0,0.0,0.12563992,0.12563992
483,Miodrag Pivaš,34,0,0.0,0.0,0.15293734,0.15293734
483,Miodrag Pivaš,35,0,0.0,0.0,0.10260048,0.10260048
483,Miodrag Pivaš,36,0,0.0,0.0,0.09066491,0.09066491
483,Miodrag Pivaš,37,0,0.0,0.0,0.064226374,0.064226374
483,Miodrag Pivaš,38,0,0.0,0.0,0.12051204,0.12051204
484,Matt Targett,34,0,0.0,0.0,0.15427543,0.15427543
484,Matt Targett,35,0,0.0,0.0,0.11348079,0.11348079
484,Matt Targett,36,0,0.0,0.0,0.10307069,0.10307069
484,Matt Targett,37,0,0.0,0.0,0.07690422,0.07690422
484,Matt Targett,38,0,0.0,0.0,0.1298432,0.1298432
485,Anthony Gordon,34,0,0.0,0.0,1.1295246,1.1295246
485,Anthony Gordon,35,0,0.0,0.0,0.7370144,0.7370144
485,Anthony Gordon,36,0,0.0,0.0,-0.066424385,0.066424385
485,Anthony Gordon,37,0,0.0,0.0,0.21885757,0.21885757
485,Anthony Gordon,38,0,0.0,0.0,0.18471031,0.18471031
486,Anthony Elanga,34,4,1.0,1.0,1.2002759,0.2002759
486,Anthony Elanga,35,0,0.0,0.0,1.325326,1.325326
486,Anthony Elanga,36,0,0.0,0.0,0.5493258,0.5493258
486,Anthony Elanga,37,5,1.0,1.0,0.43529603,0.56470394
486,Anthony Elanga,38,24,1.0,1.0,0.79924417,0.20075583
487,Harvey Barnes,34,24,1.0,1.0,1.5762404,0.5762404
487,Harvey Barnes,35,22,6.0,6.0,2.0621083,3.9378917
487,Harvey Barnes,36,29,7.0,7.0,3.2601504,3.7398496
487,Harvey Barnes,37,74,5.0,5.0,3.3862965,1.6137035
487,Harvey Barnes,38,45,1.0,1.0,1.9860893,0.98608935
488,Bruno Guimarães Rodriguez Moura,34,74,2.0,2.0,1.8895282,0.110471845
488,Bruno Guimarães Rodriguez Moura,35,90,6.0,6.0,3.4014246,2.5985754
488,Bruno Guimarães Rodriguez Moura,36,90,6.0,6.0,3.3960469,2.6039531
488,Bruno Guimarães Rodriguez Moura,37,90,4.0,4.0,4.5414042,0.54140425
488,Bruno Guimarães Rodriguez Moura,38,65,1.0,1.0,3.8617206,2.8617206
489,Jacob Murphy,34,65,2.0,2.0,1.2593882,0.7406118
489,Jacob Murphy,35,67,8.0,8.0,2.3179,5.6821003
489,Jacob Murphy,36,60,3.0,3.0,2.881396,0.118603945
489,Jacob Murphy,37,15,1.0,1.0,2.563433,1.5634329
489,Jacob Murphy,38,45,1.0,1.0,1.9804033,0.9804033
490,Joelinton Cássio Apolinário de Lira,34,0,0.0,0.0,1.0121176,1.0121176
490,Joelinton Cássio Apolinário de Lira,35,90,4.0,4.0,0.90808463,3.0919154
490,Joelinton Cássio Apolinário de Lira,36,90,2.0,2.0,3.3630617,1.3630617
490,Joelinton Cássio Apolinário de Lira,37,0,0.0,0.0,3.4387033,3.4387033
490,Joelinton Cássio Apolinário de Lira,38,0,0.0,0.0,0.8890594,0.8890594
491,Sandro Tonali,34,90,2.0,2.0,1.122665,0.87733495
491,Sandro Tonali,35,90,1.0,1.0,3.0968642,2.0968642
491,Sandro Tonali,36,90,2.0,2.0,3.0837831,1.0837831
491,Sandro Tonali,37,52,1.0,1.0,3.679948,2.679948
491,Sandro Tonali,38,0,0.0,0.0,2.037635,2.037635
492,Antoñito Cordero Campillo,34,0,0.0,0.0,0.14308515,0.14308515
492,Antoñito Cordero Campillo,35,0,0.0,0.0,0.087459475,0.087459475
492,Antoñito Cordero Campillo,36,0,0.0,0.0,0.05939615,0.05939615
492,Antoñito Cordero Campillo,37,0,0.0,0.0,0.09057312,0.09057312
492,Antoñito Cordero Campillo,38,0,0.0,0.0,0.08361627,0.08361627
494,Joe Willock,34,85,2.0,2.0,0.3726442,1.6273558
494,Joe Willock,35,67,2.0,2.0,1.9326789,0.06732106
494,Joe Willock,36,0,0.0,0.0,2.1221137,2.1221137
494,Joe Willock,37,37,4.0,4.0,0.69136107,3.308639
494,Joe Willock,38,90,2.0,2.0,1.1450616,0.8549384
495,Isaac Hayden,34,0,0.0,0.0,0.15652403,0.15652403
495,Isaac Hayden,35,0,0.0,0.0,0.069557235,0.069557235
495,Isaac Hayden,36,0,0.0,0.0,0.03776477,0.03776477
495,Isaac Hayden,37,0,0.0,0.0,0.053457323,0.053457323
495,Isaac Hayden,38,0,0.0,0.0,0.07921983,0.07921983
496,Garang Kuol,34,0,0.0,0.0,0.15988378,0.15988378
496,Garang Kuol,35,0,0.0,0.0,0.065617785,0.065617785
496,Garang Kuol,36,0,0.0,0.0,0.03337678,0.03337678
496,Garang Kuol,37,0,0.0,0.0,0.045729112,0.045729112
496,Garang Kuol,38,0,0.0,0.0,0.078519866,0.078519866
497,Lewis Miley,34,90,2.0,2.0,0.91647893,1.0835211
497,Lewis Miley,35,90,2.0,2.0,2.5762105,0.5762105
497,Lewis Miley,36,0,0.0,0.0,2.8731563,2.8731563
497,Lewis Miley,37,0,0.0,0.0,0.9381784,0.9381784
497,Lewis Miley,38,0,0.0,0.0,0.34811598,0.34811598
498,Joe White,34,0,0.0,0.0,0.15652403,0.15652403
498,Joe White,35,0,0.0,0.0,0.069557235,0.069557235
498,Joe White,36,0,0.0,0.0,0.03776477,0.03776477
498,Joe White,37,0,0.0,0.0,0.053457323,0.053457323
498,Joe White,38,0,0.0,0.0,0.07921983,0.07921983
499,Alexander Isak,34,78,8.0,8.0,3.7903383,4.2096615
499,Alexander Isak,35,0,0.0,0.0,5.0749974,5.0749974
499,Alexander Isak,36,23,1.0,1.0,1.3589994,0.35899937
499,Alexander Isak,37,0,0.0,0.0,2.0484648,2.0484648
499,Alexander Isak,38,0,0.0,0.0,1.2428209,1.2428209
500,William Osula,34,65,2.0,2.0,2.4837973,0.4837973
500,William Osula,35,67,9.0,9.0,2.3315234,6.6684766
500,William Osula,36,70,2.0,2.0,3.3966026,1.3966026
500,William Osula,37,84,13.0,13.0,3.030434,9.969566
500,William Osula,38,65,2.0,2.0,3.8482623,1.8482623
501,Sean Neave,34,0,0.0,0.0,0.09242317,0.09242317
501,Sean Neave,35,0,0.0,0.0,0.052939508,0.052939508
501,Sean Neave,36,0,0.0,0.0,0.03796347,0.03796347
501,Sean Neave,37,0,0.0,0.0,0.012214828,0.012214828
501,Sean Neave,38,13,1.0,1.0,0.04426552,0.9557345
502,Matz Sels,34,90,7.0,7.0,3.29852,3.70148
502,Matz Sels,35,90,8.0,8.0,2.0663183,5.9336815
502,Matz Sels,36,90,3.0,3.0,2.974354,0.025645971
502,Matz Sels,37,90,2.0,2.0,3.3761075,1.3761075
502,Matz Sels,38,90,3.0,3.0,3.1208692,0.12086916
503,Carlos Miguel dos Santos Pereira,34,0,0.0,0.0,0.10720973,0.10720973
503,Carlos Miguel dos Santos Pereira,35,0,0.0,0.0,0.14941582,0.14941582
503,Carlos Miguel dos Santos Pereira,36,0,0.0,0.0,0.06408237,0.06408237
503,Carlos Miguel dos Santos Pereira,37,0,0.0,0.0,0.11016467,0.11016467
503,Carlos Miguel dos Santos Pereira,38,0,0.0,0.0,0.06996055,0.06996055
504,Matt Turner,34,0,0.0,0.0,0.10720973,0.10720973
504,Matt Turner,35,0,0.0,0.0,0.14941582,0.14941582
504,Matt Turner,36,0,0.0,0.0,0.06408237,0.06408237
504,Matt Turner,37,0,0.0,0.0,0.11016467,0.11016467
504,Matt Turner,38,0,0.0,0.0,0.06996055,0.06996055
505,Nikola Milenković,34,90,8.0,8.0,3.686288,4.313712
505,Nikola Milenković,35,45,1.0,1.0,2.7884839,1.7884839
505,Nikola Milenković,36,90,2.0,2.0,3.722626,1.722626
505,Nikola Milenković,37,90,1.0,1.0,2.9176219,1.9176219
505,Nikola Milenković,38,90,4.0,4.0,2.6446345,1.3553655
506,Murillo Costa dos Santos,34,0,0.0,0.0,3.1375906,3.1375906
506,Murillo Costa dos Santos,35,0,0.0,0.0,0.70991325,0.70991325
506,Murillo Costa dos Santos,36,0,0.0,0.0,0.39269286,0.39269286
506,Murillo Costa dos Santos,37,0,0.0,0.0,0.055951554,0.055951554
506,Murillo Costa dos Santos,38,0,0.0,0.0,0.3729745,0.3729745
507,Ola Aina,34,90,9.0,9.0,3.4534383,5.5465617
507,Ola Aina,35,0,0.0,0.0,2.3602848,2.3602848
507,Ola Aina,36,0,0.0,0.0,2.4495578,2.4495578
507,Ola Aina,37,0,0.0,0.0,0.42127553,0.42127553
507,Ola Aina,38,0,0.0,0.0,0.39851925,0.39851925
508,Neco Williams,34,90,5.0,5.0,2.823742,2.176258
508,Neco Williams,35,45,1.0,1.0,2.3253279,1.3253279
508,Neco Williams,36,90,2.0,2.0,3.1859934,1.1859934
508,Neco Williams,37,90,1.0,1.0,3.0799582,2.0799582
508,Neco Williams,38,90,2.0,2.0,3.0365505,1.0365505
509,David Mota Veiga Teixeira do Carmo,34,0,0.0,0.0,0.16694237,0.16694237
509,David Mota Veiga Teixeira do Carmo,35,0,0.0,0.0,0.1765989,0.1765989
509,David Mota Veiga Teixeira do Carmo,36,0,0.0,0.0,0.11646922,0.11646922
509,David Mota Veiga Teixeira do Carmo,37,0,0.0,0.0,0.14104581,0.14104581
509,David Mota Veiga Teixeira do Carmo,38,0,0.0,0.0,0.14090198,0.14090198
510,Jair Paula da Cunha Filho,34,49,1.0,1.0,1.8217694,0.82176936
510,Jair Paula da Cunha Filho,35,45,1.0,1.0,1.0405966,0.040596604
510,Jair Paula da Cunha Filho,36,90,2.0,2.0,1.5444881,0.45551193
510,Jair Paula da Cunha Filho,37,6,1.0,1.0,2.0150163,1.0150163
510,Jair Paula da Cunha Filho,38,62,2.0,2.0,1.9237611,0.07623887
511,Felipe Rodrigues da Silva,34,40,1.0,1.0,0.28501213,0.7149879
511,Felipe Rodrigues da Silva,35,90,1.0,1.0,1.1290786,0.12907863
511,Felipe Rodrigues da Silva,36,90,2.0,2.0,2.446943,0.44694304
511,Felipe Rodrigues da Silva,37,90,9.0,9.0,2.4616406,6.5383596
511,Felipe Rodrigues da Silva,38,90,4.0,4.0,3.0262806,0.97371936
512,Omar Richards,34,0,0.0,0.0,0.16694237,0.16694237
512,Omar Richards,35,0,0.0,0.0,0.1765989,0.1765989
512,Omar Richards,36,0,0.0,0.0,0.11646922,0.11646922
512,Omar Richards,37,0,0.0,0.0,0.14104581,0.14104581
512,Omar Richards,38,0,0.0,0.0,0.14090198,0.14090198
513,Zach Abbott,34,0,0.0,0.0,0.10910067,0.10910067
513,Zach Abbott,35,45,1.0,1.0,0.15931895,0.8406811
513,Zach Abbott,36,0,0.0,0.0,1.0274864,1.0274864
513,Zach Abbott,37,0,0.0,0.0,0.22219351,0.22219351
513,Zach Abbott,38,0,0.0,0.0,0.18332268,0.18332268
514,Willy Boly,34,0,0.0,0.0,0.10910067,0.10910067
514,Willy Boly,35,0,0.0,0.0,0.15931895,0.15931895
514,Willy Boly,36,0,0.0,0.0,0.07247861,0.07247861
514,Willy Boly,37,0,0.0,0.0,0.11255121,0.11255121
514,Willy Boly,38,0,0.0,0.0,0.06698462,0.06698462
515,Morgan Gibbs-White,34,90,13.0,13.0,5.3789544,7.6210456
515,Morgan Gibbs-White,35,20,4.0,4.0,3.2780645,0.7219355
515,Morgan Gibbs-White,36,0,0.0,0.0,2.7905235,2.7905235
515,Morgan Gibbs-White,37,90,7.0,7.0,0.94356006,6.05644
515,Morgan Gibbs-White,38,90,9.0,9.0,4.3577785,4.6422215
516,Callum Hudson-Odoi,34,0,0.0,0.0,0.44263348,0.44263348
516,Callum Hudson-Odoi,35,0,0.0,0.0,0.13817413,0.13817413
516,Callum Hudson-Odoi,36,0,0.0,0.0,-0.06505528,0.06505528
516,Callum Hudson-Odoi,37,0,0.0,0.0,-0.07367621,0.07367621
516,Callum Hudson-Odoi,38,0,0.0,0.0,0.22069329,0.22069329
517,Elliot Anderson,34,90,9.0,9.0,3.6840541,5.3159456
517,Elliot Anderson,35,45,1.0,1.0,3.0872118,2.0872118
517,Elliot Anderson,36,90,12.0,12.0,3.2774854,8.722515
517,Elliot Anderson,37,90,12.0,12.0,3.6570249,8.342976
517,Elliot Anderson,38,64,2.0,2.0,3.0328507,1.0328507
518,João Pedro Ferreira da Silva,34,0,0.0,0.0,0.10424416,0.10424416
518,João Pedro Ferreira da Silva,35,0,0.0,0.0,0.118450314,0.118450314
518,João Pedro Ferreira da Silva,36,0,0.0,0.0,0.056244675,0.056244675
518,João Pedro Ferreira da Silva,37,0,0.0,0.0,0.090106085,0.090106085
518,João Pedro Ferreira da Silva,38,0,0.0,0.0,0.16336958,0.16336958
519,Nicolás Domínguez,34,45,0.0,0.0,1.260229,1.260229
519,Nicolás Domínguez,35,45,1.0,1.0,1.3540987,0.35409868
519,Nicolás Domínguez,36,45,1.0,1.0,2.5042446,1.5042446
519,Nicolás Domínguez,37,69,2.0,2.0,1.1951727,0.80482733
519,Nicolás Domínguez,38,25,1.0,1.0,2.9861085,1.9861085
520,Lewis O'Brien,34,0,0.0,0.0,0.0792491,0.0792491
520,Lewis O'Brien,35,0,0.0,0.0,0.11591555,0.11591555
520,Lewis O'Brien,36,0,0.0,0.0,0.027322967,0.027322967
520,Lewis O'Brien,37,0,0.0,0.0,0.08005072,0.08005072
520,Lewis O'Brien,38,0,0.0,0.0,0.095486134,0.095486134
521,Ibrahim Sangaré,34,45,1.0,1.0,3.6170657,2.6170657
521,Ibrahim Sangaré,35,0,0.0,0.0,1.8529489,1.8529489
521,Ibrahim Sangaré,36,0,0.0,0.0,0.95627016,0.95627016
521,Ibrahim Sangaré,37,20,1.0,1.0,0.14102878,0.85897124
521,Ibrahim Sangaré,38,64,4.0,4.0,1.5249989,2.475001
522,Ryan Yates,34,23,0.0,0.0,0.8094724,0.8094724
522,Ryan Yates,35,90,4.0,4.0,1.0246929,2.975307
522,Ryan Yates,36,45,0.0,0.0,3.1542122,3.1542122
522,Ryan Yates,37,0,0.0,0.0,1.4892923,1.4892923
522,Ryan Yates,38,25,1.0,1.0,1.2203811,0.22038114
523,Eric da Silva Moreira,34,0,0.0,0.0,0.06600654,0.06600654
523,Eric da Silva Moreira,35,0,0.0,0.0,0.12394939,0.12394939
523,Eric da Silva Moreira,36,0,0.0,0.0,-0.020274516,0.020274516
523,Eric da Silva Moreira,37,0,0.0,0.0,0.06821245,0.06821245
523,Eric da Silva Moreira,38,0,0.0,0.0,0.034920003,0.034920003
524,Marko Stamenić,34,0,0.0,0.0,0.06600654,0.06600654
524,Marko Stamenić,35,0,0.0,0.0,0.12394939,0.12394939
524,Marko Stamenić,36,0,0.0,0.0,-0.020274516,0.020274516
524,Marko Stamenić,37,0,0.0,0.0,0.06821245,0.06821245
524,Marko Stamenić,38,0,0.0,0.0,0.034920003,0.034920003
525,Chris Wood,34,87,7.0,7.0,3.177092,3.822908
525,Chris Wood,35,24,1.0,1.0,4.071143,3.0711432
525,Chris Wood,36,17,1.0,1.0,2.6618888,1.6618888
525,Chris Wood,37,69,2.0,2.0,1.3864316,0.6135684
525,Chris Wood,38,61,2.0,2.0,2.708149,0.70814896
526,Igor Jesus Maciel da Cruz,34,66,14.0,14.0,3.5284436,10.471557
526,Igor Jesus Maciel da Cruz,35,45,5.0,5.0,1.7140888,3.285911
526,Igor Jesus Maciel da Cruz,36,82,1.0,1.0,4.2843213,3.2843213
526,Igor Jesus Maciel da Cruz,37,83,2.0,2.0,2.4451287,0.44512868
526,Igor Jesus Maciel da Cruz,38,90,2.0,2.0,3.426466,1.426466
527,Taiwo Awoniyi,34,2,4.0,4.0,0.5488002,3.4511998
527,Taiwo Awoniyi,35,90,16.0,16.0,0.60872173,15.391278
527,Taiwo Awoniyi,36,72,2.0,2.0,3.396521,1.3965211
527,Taiwo Awoniyi,37,20,1.0,1.0,1.972205,0.97220504
527,Taiwo Awoniyi,38,28,0.0,0.0,2.1573818,2.1573818
528,Anthony Patterson,34,0,0.0,0.0,0.14586344,0.14586344
528,Anthony Patterson,35,0,0.0,0.0,-0.007073555,0.007073555
528,Anthony Patterson,36,0,0.0,0.0,0.08040206,0.08040206
528,Anthony Patterson,37,0,0.0,0.0,0.0871872,0.0871872
528,Anthony Patterson,38,0,0.0,0.0,0.09529279,0.09529279
529,Simon Moore,34,0,0.0,0.0,0.09894958,0.09894958
529,Simon Moore,35,0,0.0,0.0,-0.0493732,0.0493732
529,Simon Moore,36,0,0.0,0.0,0.06408158,0.06408158
529,Simon Moore,37,0,0.0,0.0,0.07063115,0.07063115
529,Simon Moore,38,0,0.0,0.0,0.0750573,0.0750573
530,Blondy Nna Noukeu,34,0,0.0,0.0,0.09894958,0.09894958
530,Blondy Nna Noukeu,35,0,0.0,0.0,-0.0493732,0.0493732
530,Blondy Nna Noukeu,36,0,0.0,0.0,0.06408158,0.06408158
530,Blondy Nna Noukeu,37,0,0.0,0.0,0.07063115,0.07063115
530,Blondy Nna Noukeu,38,0,0.0,0.0,0.0750573,0.0750573
531,Daniel Ballard,34,90,0.0,0.0,1.8962468,1.8962468
531,Daniel Ballard,35,23,-2.0,-2.0,3.6075785,5.6075783
531,Daniel Ballard,36,0,0.0,0.0,-0.16053757,0.16053757
531,Daniel Ballard,37,0,0.0,0.0,1.3742793,1.3742793
531,Daniel Ballard,38,0,0.0,0.0,1.1950003,1.1950003
532,Trai Hume,34,90,-2.0,-2.0,3.7037458,5.703746
532,Trai Hume,35,90,2.0,2.0,3.6834104,1.6834104
532,Trai Hume,36,89,6.0,6.0,3.6147525,2.3852475
532,Trai Hume,37,59,1.0,1.0,3.0082066,2.0082066
532,Trai Hume,38,90,8.0,8.0,2.0226777,5.9773226
533,Aji Alese,34,0,0.0,0.0,0.08744235,0.08744235
533,Aji Alese,35,0,0.0,0.0,0.023820397,0.023820397
533,Aji Alese,36,0,0.0,0.0,0.076486886,0.076486886
533,Aji Alese,37,0,0.0,0.0,0.08355144,0.08355144
533,Aji Alese,38,0,0.0,0.0,0.08323933,0.08323933
534,Joe Anderson,34,0,0.0,0.0,0.07654548,0.07654548
534,Joe Anderson,35,0,0.0,0.0,-0.0066041388,0.0066041388
534,Joe Anderson,36,0,0.0,0.0,0.060188312,0.060188312
534,Joe Anderson,37,0,0.0,0.0,0.066737905,0.066737905
534,Joe Anderson,38,0,0.0,0.0,0.074325114,0.074325114
535,Dennis Cirkin,34,0,0.0,0.0,0.10930014,0.10930014
535,Dennis Cirkin,35,18,0.0,0.0,0.05211931,0.05211931
535,Dennis Cirkin,36,0,0.0,0.0,0.75477636,0.75477636
535,Dennis Cirkin,37,0,0.0,0.0,0.31974778,0.31974778
535,Dennis Cirkin,38,0,0.0,0.0,0.192045,0.192045
536,Leo Fuhr Hjelde,34,0,0.0,0.0,0.08744235,0.08744235
536,Leo Fuhr Hjelde,35,0,0.0,0.0,0.023820397,0.023820397
536,Leo Fuhr Hjelde,36,0,0.0,0.0,0.076486886,0.076486886
536,Leo Fuhr Hjelde,37,0,0.0,0.0,0.08355144,0.08355144
536,Leo Fuhr Hjelde,38,0,0.0,0.0,0.08323933,0.08323933
537,Niall Huggins,34,0,0.0,0.0,0.08744235,0.08744235
537,Niall Huggins,35,0,0.0,0.0,0.023820397,0.023820397
537,Niall Huggins,36,0,0.0,0.0,0.076486886,0.076486886
537,Niall Huggins,37,0,0.0,0.0,0.08355144,0.08355144
537,Niall Huggins,38,0,0.0,0.0,0.08323933,0.08323933
538,Zak Johnson,34,0,0.0,0.0,0.07654548,0.07654548
538,Zak Johnson,35,0,0.0,0.0,-0.0066041388,0.0066041388
538,Zak Johnson,36,0,0.0,0.0,0.060188312,0.060188312
538,Zak Johnson,37,0,0.0,0.0,0.066737905,0.066737905
538,Zak Johnson,38,0,0.0,0.0,0.074325114,0.074325114
539,Luke O'Nien,34,0,0.0,0.0,3.3819823,3.3819823
539,Luke O'Nien,35,0,0.0,0.0,1.7130351,1.7130351
539,Luke O'Nien,36,0,0.0,0.0,0.3827758,0.3827758
539,Luke O'Nien,37,67,4.0,4.0,0.18414806,3.815852
539,Luke O'Nien,38,90,6.0,6.0,2.6757996,3.3242004
540,Timothée Pembélé,34,0,0.0,0.0,0.08344254,0.08344254
540,Timothée Pembélé,35,0,0.0,0.0,0.008608136,0.008608136
540,Timothée Pembélé,36,0,0.0,0.0,0.067484766,0.067484766
540,Timothée Pembélé,37,0,0.0,0.0,0.07393254,0.07393254
540,Timothée Pembélé,38,0,0.0,0.0,0.078782216,0.078782216
541,Reinildo Mandava,34,45,1.0,1.0,2.800277,1.800277
541,Reinildo Mandava,35,71,2.0,2.0,2.6761944,0.6761944
541,Reinildo Mandava,36,90,8.0,8.0,2.0561936,5.9438066
541,Reinildo Mandava,37,90,2.0,2.0,2.9009683,0.9009683
541,Reinildo Mandava,38,90,2.0,2.0,2.902304,0.90230393
542,Jenson Seelt,34,0,0.0,0.0,0.08744235,0.08744235
542,Jenson Seelt,35,0,0.0,0.0,0.023820397,0.023820397
542,Jenson Seelt,36,0,0.0,0.0,0.076486886,0.076486886
542,Jenson Seelt,37,0,0.0,0.0,0.08355144,0.08355144
542,Jenson Seelt,38,0,0.0,0.0,0.08323933,0.08323933
543,Simon Adingra,34,0,0.0,0.0,-0.083446905,0.083446905
543,Simon Adingra,35,0,0.0,0.0,-0.034896147,0.034896147
543,Simon Adingra,36,0,0.0,0.0,-0.011887725,0.011887725
543,Simon Adingra,37,0,0.0,0.0,0.0966095,0.0966095
543,Simon Adingra,38,0,0.0,0.0,0.06727107,0.06727107
544,Habib Diarra,34,64,1.0,1.0,4.668164,3.6681638
544,Habib Diarra,35,18,1.0,1.0,3.571551,2.571551
544,Habib Diarra,36,0,0.0,0.0,1.929274,1.929274
544,Habib Diarra,37,13,4.0,4.0,0.8758948,3.1241052
544,Habib Diarra,38,29,0.0,0.0,1.011456,1.011456
545,Patrick Roberts,34,0,0.0,0.0,-0.074060276,0.074060276
545,Patrick Roberts,35,0,0.0,0.0,0.0036739893,0.0036739893
545,Patrick Roberts,36,0,0.0,0.0,-0.031395268,0.031395268
545,Patrick Roberts,37,0,0.0,0.0,0.09779173,0.09779173
545,Patrick Roberts,38,0,0.0,0.0,0.094002664,0.094002664
546,Milan Aleksić,34,0,0.0,0.0,-0.083446905,0.083446905
546,Milan Aleksić,35,0,0.0,0.0,-0.034896147,0.034896147
546,Milan Aleksić,36,0,0.0,0.0,-0.011887725,0.011887725
546,Milan Aleksić,37,0,0.0,0.0,0.0966095,0.0966095
546,Milan Aleksić,38,0,0.0,0.0,0.06727107,0.06727107
547,Enzo Le Fée,34,90,2.0,2.0,3.4417086,1.4417086
547,Enzo Le Fée,35,90,4.0,4.0,4.2041287,0.20412874
547,Enzo Le Fée,36,90,3.0,3.0,3.1036038,0.10360384
547,Enzo Le Fée,37,90,13.0,13.0,3.8182795,9.181721
547,Enzo Le Fée,38,90,5.0,5.0,3.2137465,1.7862535
548,Romaine Mundle,34,0,0.0,0.0,-0.083446905,0.083446905
548,Romaine Mundle,35,0,0.0,0.0,-0.034896147,0.034896147
548,Romaine Mundle,36,0,0.0,0.0,-0.011887725,0.011887725
548,Romaine Mundle,37,0,0.0,0.0,0.0966095,0.0966095
548,Romaine Mundle,38,0,0.0,0.0,0.06727107,0.06727107
549,Dan Neil,34,0,0.0,0.0,-0.08901319,0.08901319
549,Dan Neil,35,0,0.0,0.0,-0.045649882,0.045649882
549,Dan Neil,36,0,0.0,0.0,-0.010018762,0.010018762
549,Dan Neil,37,0,0.0,0.0,0.08876209,0.08876209
549,Dan Neil,38,0,0.0,0.0,0.062197763,0.062197763
550,Ian Poveda-Ocampo,34,0,0.0,0.0,-0.09457941,0.09457941
550,Ian Poveda-Ocampo,35,0,0.0,0.0,-0.056296367,0.056296367
550,Ian Poveda-Ocampo,36,0,0.0,0.0,-0.007680949,0.007680949
550,Ian Poveda-Ocampo,37,0,0.0,0.0,0.078991756,0.078991756
550,Ian Poveda-Ocampo,38,0,0.0,0.0,0.05712441,0.05712441
551,Chris Rigg,34,45,1.0,1.0,4.2650285,3.2650285
551,Chris Rigg,35,0,0.0,0.0,2.7014062,2.7014062
551,Chris Rigg,36,0,0.0,0.0,0.6675693,0.6675693
551,Chris Rigg,37,13,4.0,4.0,0.46809247,3.5319076
551,Chris Rigg,38,1,1.0,1.0,0.84622765,0.15377235
552,Noah Sadiki,34,90,2.0,2.0,3.7895257,1.7895257
552,Noah Sadiki,35,71,2.0,2.0,4.3561473,2.3561473
552,Noah Sadiki,36,90,5.0,5.0,2.8918135,2.1081865
552,Noah Sadiki,37,76,2.0,2.0,4.0331693,2.0331693
552,Noah Sadiki,38,90,1.0,1.0,2.407922,1.407922
553,Chemsdine Talbi,34,0,0.0,0.0,1.6971688,1.6971688
553,Chemsdine Talbi,35,90,2.0,2.0,0.7320322,1.2679678
553,Chemsdine Talbi,36,78,3.0,3.0,2.0806794,0.9193206
553,Chemsdine Talbi,37,30,1.0,1.0,2.5540507,1.5540507
553,Chemsdine Talbi,38,0,0.0,0.0,1.2939237,1.2939237
554,Abdoullah Ba,34,0,0.0,0.0,-0.10678317,0.10678317
554,Abdoullah Ba,35,0,0.0,0.0,-0.083382234,0.083382234
554,Abdoullah Ba,36,0,0.0,0.0,-0.013062175,0.013062175
554,Abdoullah Ba,37,0,0.0,0.0,0.035698343,0.035698343
554,Abdoullah Ba,38,0,0.0,0.0,0.036831085,0.036831085
555,Alan Browne,34,0,0.0,0.0,-0.1025687,0.1025687
555,Alan Browne,35,0,0.0,0.0,-0.069839284,0.069839284
555,Alan Browne,36,0,0.0,0.0,-0.014168795,0.014168795
555,Alan Browne,37,0,0.0,0.0,0.05517784,0.05517784
555,Alan Browne,38,0,0.0,0.0,0.046977762,0.046977762
556,Pierre Ekwah Elimby,34,0,0.0,0.0,-0.1025687,0.1025687
556,Pierre Ekwah Elimby,35,0,0.0,0.0,-0.069839284,0.069839284
556,Pierre Ekwah Elimby,36,0,0.0,0.0,-0.014168795,0.014168795
556,Pierre Ekwah Elimby,37,0,0.0,0.0,0.05517784,0.05517784
556,Pierre Ekwah Elimby,38,0,0.0,0.0,0.046977762,0.046977762
557,Harrison Jones,34,0,0.0,0.0,-0.10678317,0.10678317
557,Harrison Jones,35,0,0.0,0.0,-0.083382234,0.083382234
557,Harrison Jones,36,0,0.0,0.0,-0.013062175,0.013062175
557,Harrison Jones,37,0,0.0,0.0,0.035698343,0.035698343
557,Harrison Jones,38,0,0.0,0.0,0.036831085,0.036831085
558,Jay Matete,34,0,0.0,0.0,-0.10678317,0.10678317
558,Jay Matete,35,0,0.0,0.0,-0.083382234,0.083382234
558,Jay Matete,36,0,0.0,0.0,-0.013062175,0.013062175
558,Jay Matete,37,0,0.0,0.0,0.035698343,0.035698343
558,Jay Matete,38,0,0.0,0.0,0.036831085,0.036831085
559,Nectarios Triantis,34,0,0.0,0.0,-0.10583396,0.10583396
559,Nectarios Triantis,35,0,0.0,0.0,-0.07661073,0.07661073
559,Nectarios Triantis,36,0,0.0,0.0,-0.014607798,0.014607798
559,Nectarios Triantis,37,0,0.0,0.0,0.04531728,0.04531728
559,Nectarios Triantis,38,0,0.0,0.0,0.04190441,0.04190441
560,Wilson Isidor,34,25,1.0,1.0,2.5087388,1.5087388
560,Wilson Isidor,35,18,1.0,1.0,1.9464335,0.94643354
560,Wilson Isidor,36,0,0.0,0.0,1.2074722,1.2074722
560,Wilson Isidor,37,13,5.0,5.0,0.7042145,4.2957854
560,Wilson Isidor,38,29,1.0,1.0,1.9931817,0.9931817
561,Eliezer Mayenda Dossou,34,0,0.0,0.0,-0.19320415,0.19320415
561,Eliezer Mayenda Dossou,35,0,0.0,0.0,-0.02815647,0.02815647
561,Eliezer Mayenda Dossou,36,1,1.0,1.0,-0.010924201,1.0109242
561,Eliezer Mayenda Dossou,37,0,0.0,0.0,0.21617801,0.21617801
561,Eliezer Mayenda Dossou,38,0,0.0,0.0,0.10883875,0.10883875
562,Ahmed Abdullahi,34,0,0.0,0.0,-0.14522535,0.14522535
562,Ahmed Abdullahi,35,0,0.0,0.0,-0.106795356,0.106795356
562,Ahmed Abdullahi,36,0,0.0,0.0,-0.02426229,0.02426229
562,Ahmed Abdullahi,37,0,0.0,0.0,-0.005814325,0.005814325
562,Ahmed Abdullahi,38,0,0.0,0.0,0.0018240847,0.0018240847
563,Luís Hemir Silva Semedo,34,0,0.0,0.0,-0.1512915,0.1512915
563,Luís Hemir Silva Semedo,35,0,0.0,0.0,-0.084803656,0.084803656
563,Luís Hemir Silva Semedo,36,0,0.0,0.0,-0.021525588,0.021525588
563,Luís Hemir Silva Semedo,37,0,0.0,0.0,0.00406282,0.00406282
563,Luís Hemir Silva Semedo,38,0,0.0,0.0,0.017862234,0.017862234
564,Nazarii Rusyn,34,0,0.0,0.0,-0.1512915,0.1512915
564,Nazarii Rusyn,35,0,0.0,0.0,-0.084803656,0.084803656
564,Nazarii Rusyn,36,0,0.0,0.0,-0.021525588,0.021525588
564,Nazarii Rusyn,37,0,0.0,0.0,0.00406282,0.00406282
564,Nazarii Rusyn,38,0,0.0,0.0,0.017862234,0.017862234
565,Guglielmo Vicario,34,0,0.0,0.0,0.29068154,0.29068154
565,Guglielmo Vicario,35,0,0.0,0.0,0.24757771,0.24757771
565,Guglielmo Vicario,36,0,0.0,0.0,0.1072796,0.1072796
565,Guglielmo Vicario,37,0,0.0,0.0,0.19754209,0.19754209
565,Guglielmo Vicario,38,0,0.0,0.0,0.117267,0.117267
566,Brandon Austin,34,0,0.0,0.0,-0.040598,0.040598
566,Brandon Austin,35,0,0.0,0.0,0.1716591,0.1716591
566,Brandon Austin,36,0,0.0,0.0,0.06696212,0.06696212
566,Brandon Austin,37,0,0.0,0.0,0.21496855,0.21496855
566,Brandon Austin,38,0,0.0,0.0,0.07117404,0.07117404
567,Antonín Kinský,34,90,6.0,6.0,3.0993721,2.9006279
567,Antonín Kinský,35,90,2.0,2.0,2.3039196,0.30391955
567,Antonín Kinský,36,90,3.0,3.0,2.8005002,0.19949985
567,Antonín Kinský,37,90,1.0,1.0,1.4033228,0.40332282
567,Antonín Kinský,38,90,5.0,5.0,2.7142704,2.2857296
568,Pedro Porro Sauceda,34,90,8.0,8.0,4.140702,3.8592982
568,Pedro Porro Sauceda,35,90,4.0,4.0,2.3782568,1.6217432
568,Pedro Porro Sauceda,36,90,1.0,1.0,4.272473,3.2724729
568,Pedro Porro Sauceda,37,90,0.0,0.0,2.3085692,2.3085692
568,Pedro Porro Sauceda,38,90,10.0,10.0,3.4043114,6.595689
569,Cristian Romero,34,0,0.0,0.0,1.7981659,1.7981659
569,Cristian Romero,35,0,0.0,0.0,0.73065567,0.73065567
569,Cristian Romero,36,0,0.0,0.0,0.6721176,0.6721176
569,Cristian Romero,37,0,0.0,0.0,0.34220412,0.34220412
569,Cristian Romero,38,0,0.0,0.0,0.152295,0.152295
570,Kevin Danso,34,90,5.0,5.0,3.5760872,1.4239128
570,Kevin Danso,35,90,3.0,3.0,2.2648242,0.73517585
570,Kevin Danso,36,90,3.0,3.0,3.193723,0.19372296
570,Kevin Danso,37,90,3.0,3.0,2.198333,0.801667
570,Kevin Danso,38,90,8.0,8.0,3.7700489,4.229951
571,Ben Davies,34,0,0.0,0.0,0.02353428,0.02353428
571,Ben Davies,35,0,0.0,0.0,0.18243074,0.18243074
571,Ben Davies,36,0,0.0,0.0,0.14482233,0.14482233
571,Ben Davies,37,0,0.0,0.0,0.20063265,0.20063265
571,Ben Davies,38,0,0.0,0.0,0.092829734,0.092829734
572,Radu Drăgușin,34,1,1.0,1.0,0.25134534,0.74865466
572,Radu Drăgușin,35,0,0.0,0.0,0.3812873,0.3812873
572,Radu Drăgușin,36,0,0.0,0.0,0.3167942,0.3167942
572,Radu Drăgușin,37,0,0.0,0.0,0.2543071,0.2543071
572,Radu Drăgușin,38,1,1.0,1.0,0.1550138,0.8449862
573,Djed Spence,34,90,8.0,8.0,1.0803851,6.919615
573,Djed Spence,35,23,1.0,1.0,1.7984241,0.7984241
573,Djed Spence,36,5,1.0,1.0,1.4999497,0.4999497
573,Djed Spence,37,21,1.0,1.0,0.504518,0.49548203
573,Djed Spence,38,90,6.0,6.0,0.80351627,5.1964836
574,Destiny Udogie,34,0,0.0,0.0,2.5427186,2.5427186
574,Destiny Udogie,35,90,2.0,2.0,0.93702364,1.0629764
574,Destiny Udogie,36,84,2.0,2.0,2.599145,0.59914494
574,Destiny Udogie,37,68,0.0,0.0,1.5918912,1.5918912
574,Destiny Udogie,38,89,7.0,7.0,2.3385584,4.661442
575,Micky van de Ven,34,90,6.0,6.0,3.191989,2.808011
575,Micky van de Ven,35,90,2.0,2.0,2.274379,0.27437901
575,Micky van de Ven,36,90,2.0,2.0,3.2400072,1.2400072
575,Micky van de Ven,37,90,0.0,0.0,1.7412893,1.7412893
575,Micky van de Ven,38,90,6.0,6.0,2.764169,3.235831
576,Ashley Phillips,34,0,0.0,0.0,0.0029826425,0.0029826425
576,Ashley Phillips,35,0,0.0,0.0,0.17256497,0.17256497
576,Ashley Phillips,36,0,0.0,0.0,0.11781599,0.11781599
576,Ashley Phillips,37,0,0.0,0.0,0.20915888,0.20915888
576,Ashley Phillips,38,0,0.0,0.0,0.082964,0.082964
577,Takai Kōta,34,0,0.0,0.0,0.0029826425,0.0029826425
577,Takai Kōta,35,0,0.0,0.0,0.17256497,0.17256497
577,Takai Kōta,36,0,0.0,0.0,0.11781599,0.11781599
577,Takai Kōta,37,0,0.0,0.0,0.20915888,0.20915888
577,Takai Kōta,38,0,0.0,0.0,0.082964,0.082964
578,Luka Vušković,34,0,0.0,0.0,-0.0038678683,0.0038678683
578,Luka Vušković,35,0,0.0,0.0,0.16927639,0.16927639
578,Luka Vušković,36,0,0.0,0.0,0.110446006,0.110446006
578,Luka Vušković,37,0,0.0,0.0,0.21217799,0.21217799
578,Luka Vušković,38,0,0.0,0.0,0.079675406,0.079675406
579,Son Heung-min,34,0,0.0,0.0,0.25851956,0.25851956
579,Son Heung-min,35,0,0.0,0.0,0.13832314,0.13832314
579,Son Heung-min,36,0,0.0,0.0,0.45932403,0.45932403
579,Son Heung-min,37,0,0.0,0.0,0.03802057,0.03802057
579,Son Heung-min,38,0,0.0,0.0,0.2038516,0.2038516
580,Brennan Johnson,37,45,1.0,1.0,4.693584,3.693584
580,Brennan Johnson,38,0,0.0,0.0,1.8382062,1.8382062
581,James Maddison,34,0,0.0,0.0,0.06471211,0.06471211
581,James Maddison,35,0,0.0,0.0,0.11415984,0.11415984
581,James Maddison,36,5,1.0,1.0,0.31528905,0.684711
581,James Maddison,37,21,1.0,1.0,0.3689299,0.63107014
581,James Maddison,38,8,1.0,1.0,1.7528895,0.7528895
582,Mohammed Kudus,34,0,0.0,0.0,0.03511985,0.03511985
582,Mohammed Kudus,35,0,0.0,0.0,0.104381785,0.104381785
582,Mohammed Kudus,36,0,0.0,0.0,0.28081936,0.28081936
582,Mohammed Kudus,37,0,0.0,0.0,0.07797097,0.07797097
582,Mohammed Kudus,38,0,0.0,0.0,0.17499287,0.17499287
583,Dejan Kulusevski,34,0,0.0,0.0,0.03511985,0.03511985
583,Dejan Kulusevski,35,0,0.0,0.0,0.104381785,0.104381785
583,Dejan Kulusevski,36,0,0.0,0.0,0.28081936,0.28081936
583,Dejan Kulusevski,37,0,0.0,0.0,0.07797097,0.07797097
583,Dejan Kulusevski,38,0,0.0,0.0,0.17499287,0.17499287
584,Mathys Tel,34,45,1.0,1.0,2.2919781,1.2919781
584,Mathys Tel,35,90,5.0,5.0,2.2079518,2.7920482
584,Mathys Tel,36,84,9.0,9.0,2.9080472,6.091953
584,Mathys Tel,37,90,2.0,2.0,3.4759,1.4758999
584,Mathys Tel,38,72,3.0,3.0,3.1838107,0.18381071
585,Rodrigo Bentancur,34,90,4.0,4.0,2.9844313,1.0155687
585,Rodrigo Bentancur,35,66,2.0,2.0,2.262705,0.2627051
585,Rodrigo Bentancur,36,80,5.0,5.0,3.1968718,1.8031282
585,Rodrigo Bentancur,37,90,2.0,2.0,2.6358764,0.6358764
585,Rodrigo Bentancur,38,81,5.0,5.0,3.4656506,1.5343494
586,Lucas Bergvall,34,27,1.0,1.0,1.7280322,0.72803223
586,Lucas Bergvall,35,1,1.0,1.0,1.2530895,0.25308955
586,Lucas Bergvall,36,9,1.0,1.0,1.1328689,0.13286889
586,Lucas Bergvall,37,0,0.0,0.0,0.5381139,0.5381139
586,Lucas Bergvall,38,0,0.0,0.0,0.30966485,0.30966485
587,Yves Bissouma,34,61,3.0,3.0,1.6207745,1.3792255
587,Yves Bissouma,35,23,1.0,1.0,1.5335783,0.5335783
587,Yves Bissouma,36,0,0.0,0.0,1.363403,1.363403
587,Yves Bissouma,37,0,0.0,0.0,0.3525395,0.3525395
587,Yves Bissouma,38,0,0.0,0.0,0.19215296,0.19215296
588,Wilson Odobert,34,0,0.0,0.0,-0.015799787,0.015799787
588,Wilson Odobert,35,0,0.0,0.0,0.12737675,0.12737675
588,Wilson Odobert,36,0,0.0,0.0,0.1255422,0.1255422
588,Wilson Odobert,37,0,0.0,0.0,0.13392754,0.13392754
588,Wilson Odobert,38,0,0.0,0.0,0.07206704,0.07206704
589,Manor Solomon,34,0,0.0,0.0,-0.011695366,0.011695366
589,Manor Solomon,35,0,0.0,0.0,0.122765735,0.122765735
589,Manor Solomon,36,0,0.0,0.0,0.14153844,0.14153844
589,Manor Solomon,37,0,0.0,0.0,0.1274351,0.1274351
589,Manor Solomon,38,0,0.0,0.0,0.07797505,0.07797505
590,Bryan Gil Salvatierra,34,0,0.0,0.0,-0.056364503,0.056364503
590,Bryan Gil Salvatierra,35,0,0.0,0.0,0.13574633,0.13574633
590,Bryan Gil Salvatierra,36,0,0.0,0.0,0.088426515,0.088426515
590,Bryan Gil Salvatierra,37,0,0.0,0.0,0.15221055,0.15221055
590,Bryan Gil Salvatierra,38,0,0.0,0.0,0.0552042,0.0552042
591,Archie Gray,34,0,0.0,0.0,2.09155,2.09155
591,Archie Gray,35,0,0.0,0.0,0.6154177,0.6154177
591,Archie Gray,36,0,0.0,0.0,0.527003,0.527003
591,Archie Gray,37,0,0.0,0.0,0.28839466,0.28839466
591,Archie Gray,38,8,1.0,1.0,0.09039524,0.9096048
592,Mikey Moore,34,0,0.0,0.0,-0.047004845,0.047004845
592,Mikey Moore,35,0,0.0,0.0,0.13371277,0.13371277
592,Mikey Moore,36,0,0.0,0.0,0.095756754,0.095756754
592,Mikey Moore,37,0,0.0,0.0,0.14885084,0.14885084
592,Mikey Moore,38,0,0.0,0.0,0.059840966,0.059840966
593,Pape Matar Sarr,34,0,0.0,0.0,0.8773074,0.8773074
593,Pape Matar Sarr,35,1,1.0,1.0,0.345398,0.654602
593,Pape Matar Sarr,36,0,0.0,0.0,0.37053347,0.37053347
593,Pape Matar Sarr,37,21,4.0,4.0,0.22676156,3.7732384
593,Pape Matar Sarr,38,17,0.0,0.0,1.1297675,1.1297675
594,Yang Min-hyeok,34,0,0.0,0.0,-0.07448934,0.07448934
594,Yang Min-hyeok,35,0,0.0,0.0,0.13508227,0.13508227
594,Yang Min-hyeok,36,0,0.0,0.0,0.053238455,0.053238455
594,Yang Min-hyeok,37,0,0.0,0.0,0.16564946,0.16564946
594,Yang Min-hyeok,38,0,0.0,0.0,0.03456569,0.03456569
595,Callum Olusesi,34,0,0.0,0.0,-0.035814185,0.035814185
595,Callum Olusesi,35,0,0.0,0.0,0.15921871,0.15921871
595,Callum Olusesi,36,0,0.0,0.0,0.03872769,0.03872769
595,Callum Olusesi,37,0,0.0,0.0,0.17236888,0.17236888
595,Callum Olusesi,38,0,0.0,0.0,0.027988512,0.027988512
596,Dominic Solanke-Mitchell,34,39,1.0,1.0,4.241442,3.2414422
596,Dominic Solanke-Mitchell,35,0,0.0,0.0,2.5026667,2.5026667
596,Dominic Solanke-Mitchell,36,0,0.0,0.0,1.302159,1.302159
596,Dominic Solanke-Mitchell,37,0,0.0,0.0,0.39051482,0.39051482
596,Dominic Solanke-Mitchell,38,0,0.0,0.0,0.34743565,0.34743565
597,Richarlison de Andrade,34,50,4.0,4.0,1.0397499,2.9602501
597,Richarlison de Andrade,35,90,9.0,9.0,1.9561721,7.043828
597,Richarlison de Andrade,36,90,2.0,2.0,4.7149653,2.7149653
597,Richarlison de Andrade,37,90,7.0,7.0,2.5499303,4.4500694
597,Richarlison de Andrade,38,72,2.0,2.0,4.105262,2.1052618
598,Will Lankshear,34,0,0.0,0.0,-0.05674466,0.05674466
598,Will Lankshear,35,0,0.0,0.0,0.07334636,0.07334636
598,Will Lankshear,36,0,0.0,0.0,0.07621448,0.07621448
598,Will Lankshear,37,0,0.0,0.0,0.10317063,0.10317063
598,Will Lankshear,38,0,0.0,0.0,0.007376317,0.007376317
599,Dane Scarlett,34,0,0.0,0.0,-0.07325505,0.07325505
599,Dane Scarlett,35,0,0.0,0.0,0.07146853,0.07146853
599,Dane Scarlett,36,0,0.0,0.0,0.058210243,0.058210243
599,Dane Scarlett,37,0,0.0,0.0,0.109890044,0.109890044
599,Dane Scarlett,38,0,0.0,0.0,-0.0044450574,0.0044450574
600,Alphonse Areola,34,0,0.0,0.0,0.085492566,0.085492566
600,Alphonse Areola,35,0,0.0,0.0,0.07739861,0.07739861
600,Alphonse Areola,36,0,0.0,0.0,0.10508011,0.10508011
600,Alphonse Areola,37,0,0.0,0.0,0.08106384,0.08106384
600,Alphonse Areola,38,0,0.0,0.0,0.08372085,0.08372085
601,Wes Foderingham,34,0,0.0,0.0,0.074612245,0.074612245
601,Wes Foderingham,35,0,0.0,0.0,0.06730968,0.06730968
601,Wes Foderingham,36,0,0.0,0.0,0.10150434,0.10150434
601,Wes Foderingham,37,0,0.0,0.0,0.0701835,0.0701835
601,Wes Foderingham,38,0,0.0,0.0,0.07284053,0.07284053
602,Krisztián Hegyi,34,0,0.0,0.0,0.06917204,0.06917204
602,Krisztián Hegyi,35,0,0.0,0.0,0.06313339,0.06313339
602,Krisztián Hegyi,36,0,0.0,0.0,0.09971644,0.09971644
602,Krisztián Hegyi,37,0,0.0,0.0,0.064743325,0.064743325
602,Krisztián Hegyi,38,0,0.0,0.0,0.06740032,0.06740032
603,El Hadji Malick Diouf,34,90,2.0,2.0,2.7133508,0.7133508
603,El Hadji Malick Diouf,35,73,1.0,1.0,2.9356906,1.9356906
603,El Hadji Malick Diouf,36,90,2.0,2.0,2.0650947,0.06509471
603,El Hadji Malick Diouf,37,90,0.0,0.0,3.1695354,3.1695354
603,El Hadji Malick Diouf,38,90,6.0,6.0,2.7352965,3.2647035
604,Emerson Palmieri dos Santos,34,0,0.0,0.0,0.093958795,0.093958795
604,Emerson Palmieri dos Santos,35,0,0.0,0.0,0.09380722,0.09380722
604,Emerson Palmieri dos Santos,36,0,0.0,0.0,0.11594565,0.11594565
604,Emerson Palmieri dos Santos,37,0,0.0,0.0,0.09593791,0.09593791
604,Emerson Palmieri dos Santos,38,0,0.0,0.0,0.15986536,0.15986536
605,Maximilian Kilman,34,0,0.0,0.0,0.081599236,0.081599236
605,Maximilian Kilman,35,0,0.0,0.0,0.079099566,0.079099566
605,Maximilian Kilman,36,0,0.0,0.0,0.110582024,0.110582024
605,Maximilian Kilman,37,0,0.0,0.0,0.08037132,0.08037132
605,Maximilian Kilman,38,0,0.0,0.0,0.11158909,0.11158909
606,Konstantinos Mavropanos,34,90,4.0,4.0,3.5803857,0.41961432
606,Konstantinos Mavropanos,35,90,-1.0,-1.0,4.0737004,5.0737004
606,Konstantinos Mavropanos,36,90,4.0,4.0,2.5112267,1.4887733
606,Konstantinos Mavropanos,37,90,3.0,3.0,4.3372073,1.3372073
606,Konstantinos Mavropanos,38,90,8.0,8.0,3.5356522,4.464348
607,Nayef Aguerd,34,0,0.0,0.0,0.093958795,0.093958795
607,Nayef Aguerd,35,0,0.0,0.0,0.09380722,0.09380722
607,Nayef Aguerd,36,0,0.0,0.0,0.11594565,0.11594565
607,Nayef Aguerd,37,0,0.0,0.0,0.09593791,0.09593791
607,Nayef Aguerd,38,0,0.0,0.0,0.15986536,0.15986536
608,Ollie Scarles,34,0,0.0,0.0,0.08870283,0.08870283
608,Ollie Scarles,35,2,0.0,0.0,0.08609626,0.08609626
608,Ollie Scarles,36,0,0.0,0.0,0.36639646,0.36639646
608,Ollie Scarles,37,0,0.0,0.0,0.32817447,0.32817447
608,Ollie Scarles,38,0,0.0,0.0,0.3345788,0.3345788
609,Jean-Clair Todibo,34,1,1.0,1.0,0.076624155,0.92337584
609,Jean-Clair Todibo,35,0,0.0,0.0,0.3122885,0.3122885
609,Jean-Clair Todibo,36,90,1.0,1.0,0.17586137,0.82413864
609,Jean-Clair Todibo,37,25,0.0,0.0,2.036606,2.036606
609,Jean-Clair Todibo,38,0,0.0,0.0,1.3171544,1.3171544
610,Aaron Wan-Bissaka,34,0,0.0,0.0,0.5283645,0.5283645
610,Aaron Wan-Bissaka,35,25,1.0,1.0,0.26406556,0.73593444
610,Aaron Wan-Bissaka,36,90,2.0,2.0,0.6933421,1.3066579
610,Aaron Wan-Bissaka,37,62,1.0,1.0,2.7553546,1.7553546
610,Aaron Wan-Bissaka,38,0,0.0,0.0,2.1959102,2.1959102
611,Kaelan Casey,34,0,0.0,0.0,0.07615909,0.07615909
611,Kaelan Casey,35,0,0.0,0.0,0.075811,0.075811
611,Kaelan Casey,36,0,0.0,0.0,0.10879412,0.10879412
611,Kaelan Casey,37,0,0.0,0.0,0.07518244,0.07518244
611,Kaelan Casey,38,0,0.0,0.0,0.11158909,0.11158909
612,Lucas Tolentino Coelho de Lima,34,0,0.0,0.0,0.058368105,0.058368105
612,Lucas Tolentino Coelho de Lima,35,0,0.0,0.0,0.1635033,0.1635033
612,Lucas Tolentino Coelho de Lima,36,0,0.0,0.0,0.07307409,0.07307409
612,Lucas Tolentino Coelho de Lima,37,0,0.0,0.0,0.051988292,0.051988292
612,Lucas Tolentino Coelho de Lima,38,0,0.0,0.0,0.23769985,0.23769985
613,Tomáš Souček,34,90,10.0,10.0,3.7063298,6.29367
613,Tomáš Souček,35,90,2.0,2.0,4.27465,2.27465
613,Tomáš Souček,36,90,2.0,2.0,2.606642,0.606642
613,Tomáš Souček,37,62,1.0,1.0,3.2053714,2.2053714
613,Tomáš Souček,38,90,3.0,3.0,3.250538,0.2505381
615,Crysencio Summerville,34,90,2.0,2.0,3.0268242,1.0268242
615,Crysencio Summerville,35,87,1.0,1.0,3.2252479,2.2252479
615,Crysencio Summerville,36,90,1.0,1.0,2.2496462,1.2496462
615,Crysencio Summerville,37,90,2.0,2.0,3.2004669,1.2004669
615,Crysencio Summerville,38,90,6.0,6.0,3.7273312,2.2726688
616,Edson Álvarez Velázquez,34,0,0.0,0.0,-0.0028282963,0.0028282963
616,Edson Álvarez Velázquez,35,0,0.0,0.0,0.047763083,0.047763083
616,Edson Álvarez Velázquez,36,0,0.0,0.0,0.07531959,0.07531959
616,Edson Álvarez Velázquez,37,0,0.0,0.0,-0.014363583,0.014363583
616,Edson Álvarez Velázquez,38,0,0.0,0.0,0.09518199,0.09518199
617,Maxwel Cornet,34,0,0.0,0.0,-0.0028282963,0.0028282963
617,Maxwel Cornet,35,0,0.0,0.0,0.047763083,0.047763083
617,Maxwel Cornet,36,0,0.0,0.0,0.07531959,0.07531959
617,Maxwel Cornet,37,0,0.0,0.0,-0.014363583,0.014363583
617,Maxwel Cornet,38,0,0.0,0.0,0.09518199,0.09518199
618,Guido Rodríguez,34,0,0.0,0.0,-0.007573914,0.007573914
618,Guido Rodríguez,35,0,0.0,0.0,0.039385084,0.039385084
618,Guido Rodríguez,36,0,0.0,0.0,0.07520357,0.07520357
618,Guido Rodríguez,37,0,0.0,0.0,-0.017033648,0.017033648
618,Guido Rodríguez,38,0,0.0,0.0,0.083782956,0.083782956
619,Luis Guilherme Lira dos Santos,34,0,0.0,0.0,-0.0028282963,0.0028282963
619,Luis Guilherme Lira dos Santos,35,0,0.0,0.0,0.047763083,0.047763083
619,Luis Guilherme Lira dos Santos,36,0,0.0,0.0,0.07531959,0.07531959
619,Luis Guilherme Lira dos Santos,37,0,0.0,0.0,-0.014363583,0.014363583
619,Luis Guilherme Lira dos Santos,38,0,0.0,0.0,0.09518199,0.09518199
620,George Earthy,34,0,0.0,0.0,-0.017308574,0.017308574
620,George Earthy,35,0,0.0,0.0,0.027412709,0.027412709
620,George Earthy,36,0,0.0,0.0,0.07150173,0.07150173
620,George Earthy,37,0,0.0,0.0,-0.01716825,0.01716825
620,George Earthy,38,0,0.0,0.0,0.05548914,0.05548914
621,Andy Irving,34,0,0.0,0.0,-0.022737008,0.022737008
621,Andy Irving,35,0,0.0,0.0,0.020835537,0.020835537
621,Andy Irving,36,0,0.0,0.0,0.06792593,0.06792593
621,Andy Irving,37,0,0.0,0.0,-0.020422112,0.020422112
621,Andy Irving,38,0,0.0,0.0,0.032996107,0.032996107
622,Lewis Orford,34,0,0.0,0.0,-0.02002279,0.02002279
622,Lewis Orford,35,0,0.0,0.0,0.024124142,0.024124142
622,Lewis Orford,36,0,0.0,0.0,0.069713846,0.069713846
622,Lewis Orford,37,0,0.0,0.0,-0.018795189,0.018795189
622,Lewis Orford,38,0,0.0,0.0,0.04612154,0.04612154
623,Freddie Potts,34,11,1.0,1.0,0.061656464,0.9383435
623,Freddie Potts,35,0,0.0,0.0,0.6923024,0.6923024
623,Freddie Potts,36,0,0.0,0.0,0.27604428,0.27604428
623,Freddie Potts,37,0,0.0,0.0,0.07575697,0.07575697
623,Freddie Potts,38,0,0.0,0.0,0.12635039,0.12635039
624,Jarrod Bowen,34,90,10.0,10.0,5.5143685,4.4856315
624,Jarrod Bowen,35,87,2.0,2.0,3.9043791,1.9043791
624,Jarrod Bowen,36,90,2.0,2.0,4.025013,2.025013
624,Jarrod Bowen,37,90,2.0,2.0,3.670482,1.6704819
624,Jarrod Bowen,38,90,12.0,12.0,4.3234515,7.6765485
625,Niclas Füllkrug,34,0,0.0,0.0,-0.0504284,0.0504284
625,Niclas Füllkrug,35,0,0.0,0.0,0.137841,0.137841
625,Niclas Füllkrug,36,0,0.0,0.0,0.10067105,0.10067105
625,Niclas Füllkrug,37,0,0.0,0.0,-0.002490323,0.002490323
625,Niclas Füllkrug,38,0,0.0,0.0,0.15047677,0.15047677
626,Callum Marshall,34,0,0.0,0.0,-0.083012834,0.083012834
626,Callum Marshall,35,0,0.0,0.0,-0.0018069707,0.0018069707
626,Callum Marshall,36,0,0.0,0.0,0.02741592,0.02741592
626,Callum Marshall,37,0,0.0,0.0,-0.02946962,0.02946962
626,Callum Marshall,38,0,0.0,0.0,0.0416216,0.0416216
627,Sam Johnstone,37,0,0.0,0.0,0.107361734,0.107361734
627,Sam Johnstone,38,0,0.0,0.0,0.12500179,0.12500179
628,José Malheiro de Sá,37,90,3.0,3.0,0.18186578,2.8181343
628,José Malheiro de Sá,38,90,6.0,6.0,2.4480922,3.5519078
629,Daniel Bentley,37,0,0.0,0.0,2.5703819,2.5703819
629,Daniel Bentley,38,0,0.0,0.0,0.98095214,0.98095214
630,Tom King,34,0,0.0,0.0,0.041832853,0.041832853
630,Tom King,35,0,0.0,0.0,0.016182508,0.016182508
630,Tom King,36,0,0.0,0.0,0.034000706,0.034000706
630,Tom King,37,0,0.0,0.0,0.053912994,0.053912994
630,Tom King,38,0,0.0,0.0,0.031160463,0.031160463
631,Emmanuel Agbadou,37,0,0.0,0.0,0.12962371,0.12962371
631,Emmanuel Agbadou,38,0,0.0,0.0,0.14275584,0.14275584
632,Matt Doherty,37,0,0.0,0.0,0.421968,0.421968
632,Matt Doherty,38,0,0.0,0.0,0.3283333,0.3283333
633,Hugo Bueno López,37,5,1.0,1.0,2.1967275,1.1967275
633,Hugo Bueno López,38,16,1.0,1.0,1.6823779,0.68237793
634,Yerson Mosquera Valdelamar,37,90,2.0,2.0,3.1808362,1.1808362
634,Yerson Mosquera Valdelamar,38,90,3.0,3.0,3.2560968,0.25609684
635,Rodrigo Martins Gomes,37,84,2.0,2.0,1.5240754,0.4759246
635,Rodrigo Martins Gomes,38,81,2.0,2.0,2.6191986,0.61919856
636,Santiago Ignacio Bueno,37,90,2.0,2.0,2.6378286,0.6378286
636,Santiago Ignacio Bueno,38,90,2.0,2.0,3.5335214,1.5335214
637,Toti Gomes,37,0,0.0,0.0,3.5969684,3.5969684
637,Toti Gomes,38,24,1.0,1.0,1.8804052,0.8804052
638,Ki-Jana Hoever,37,0,0.0,0.0,0.10222158,0.10222158
638,Ki-Jana Hoever,38,0,0.0,0.0,0.11535369,0.11535369
639,Bastien Meupiyou Menadjou,37,0,0.0,0.0,0.115922645,0.115922645
639,Bastien Meupiyou Menadjou,38,0,0.0,0.0,0.12905477,0.12905477
640,Pedro Cardoso de Lima,37,5,1.0,1.0,1.914738,0.91473806
640,Pedro Cardoso de Lima,38,8,1.0,1.0,1.5881096,0.5881096
641,Alfie Pond,37,0,0.0,0.0,0.109072074,0.109072074
641,Alfie Pond,38,0,0.0,0.0,0.122204214,0.122204214
642,Hwang Hee-chan,37,78,5.0,5.0,2.216741,2.783259
642,Hwang Hee-chan,38,90,1.0,1.0,3.1737452,2.1737452
643,André Trindade da Costa Neto,37,90,3.0,3.0,3.0248668,0.02486682
643,André Trindade da Costa Neto,38,90,4.0,4.0,3.2388673,0.7611327
644,Jean-Ricner Bellegarde,37,11,1.0,1.0,1.3110524,0.31105244
644,Jean-Ricner Bellegarde,38,0,0.0,0.0,1.2396389,1.2396389
645,Fer López González,37,0,0.0,0.0,0.06699428,0.06699428
645,Fer López González,38,0,0.0,0.0,0.0789274,0.0789274
646,João Victor Gomes da Silva,37,90,2.0,2.0,3.2243729,1.2243729
646,João Victor Gomes da Silva,38,0,0.0,0.0,4.031746,4.031746
647,Gonçalo Manuel Ganchinho Guedes,37,0,0.0,0.0,0.09151219,0.09151219
647,Gonçalo Manuel Ganchinho Guedes,38,0,0.0,0.0,0.07909022,0.07909022
648,Marshall Munetsi,37,0,0.0,0.0,0.082221895,0.082221895
648,Marshall Munetsi,38,0,0.0,0.0,0.079201564,0.079201564
649,Boubacar Traoré,37,0,0.0,0.0,0.061450083,0.061450083
649,Boubacar Traoré,38,0,0.0,0.0,0.07597187,0.07597187
650,Tawanda Chirewa,37,0,0.0,0.0,0.050120775,0.050120775
650,Tawanda Chirewa,38,0,0.0,0.0,0.06584264,0.06584264
651,Tom Edozie,37,0,0.0,0.0,0.100263774,0.100263774
651,Tom Edozie,38,0,0.0,0.0,0.081453785,0.081453785
652,Enso González Medina,37,0,0.0,0.0,0.050120775,0.050120775
652,Enso González Medina,38,0,0.0,0.0,0.06584264,0.06584264
653,Joe Hodge,37,0,0.0,0.0,0.051388178,0.051388178
653,Joe Hodge,38,0,0.0,0.0,0.06287904,0.06287904
654,Jørgen Strand Larsen,37,60,2.0,2.0,3.0025826,1.0025826
654,Jørgen Strand Larsen,38,76,2.0,2.0,2.1858425,0.18584251
655,Fábio Soares Silva,37,0,0.0,0.0,0.07298711,0.07298711
655,Fábio Soares Silva,38,0,0.0,0.0,0.09656118,0.09656118
656,Saša Kalajdžić,37,0,0.0,0.0,0.07298711,0.07298711
656,Saša Kalajdžić,38,0,0.0,0.0,0.09656118,0.09656118
657,Leon Chiwome,37,0,0.0,0.0,0.0470427,0.0470427
657,Leon Chiwome,38,0,0.0,0.0,0.062174622,0.062174622
658,Nathan Fraser,37,0,0.0,0.0,0.03371245,0.03371245
658,Nathan Fraser,38,0,0.0,0.0,0.044170354,0.044170354
659,Kyle Walker-Peters,34,90,2.0,2.0,2.3980813,0.3980813
659,Kyle Walker-Peters,35,64,1.0,1.0,2.696152,1.696152
659,Kyle Walker-Peters,36,0,0.0,0.0,1.2948589,1.2948589
659,Kyle Walker-Peters,37,0,0.0,0.0,1.1111544,1.1111544
659,Kyle Walker-Peters,38,90,6.0,6.0,0.57162625,5.428374
661,Hugo Ekitiké,34,0,0.0,0.0,0.5735841,0.5735841
661,Hugo Ekitiké,35,0,0.0,0.0,-0.20225339,0.20225339
661,Hugo Ekitiké,36,0,0.0,0.0,0.025063831,0.025063831
661,Hugo Ekitiké,37,0,0.0,0.0,0.12886418,0.12886418
661,Hugo Ekitiké,38,0,0.0,0.0,0.32141122,0.32141122
662,Cristhian Mosquera,37,90,6.0,6.0,2.8783622,3.1216378
662,Cristhian Mosquera,38,90,4.0,4.0,3.195575,0.804425
663,Jhon Arias,37,0,0.0,0.0,0.058264975,0.058264975
663,Jhon Arias,38,0,0.0,0.0,0.072797686,0.072797686
664,Benjamin Lecomte,34,0,0.0,0.0,0.16179164,0.16179164
664,Benjamin Lecomte,35,0,0.0,0.0,0.18142979,0.18142979
664,Benjamin Lecomte,36,0,0.0,0.0,0.12112892,0.12112892
664,Benjamin Lecomte,37,0,0.0,0.0,0.038015295,0.038015295
664,Benjamin Lecomte,38,0,0.0,0.0,0.1193544,0.1193544
666,Viktor Gyökeres,37,17,1.0,1.0,5.429151,4.429151
666,Viktor Gyökeres,38,7,1.0,1.0,2.643491,1.643491
667,Adam Aznou,34,0,0.0,0.0,0.07945408,0.07945408
667,Adam Aznou,35,0,0.0,0.0,0.070257396,0.070257396
667,Adam Aznou,36,0,0.0,0.0,0.09295198,0.09295198
667,Adam Aznou,37,0,0.0,0.0,0.15851617,0.15851617
667,Adam Aznou,38,0,0.0,0.0,0.10138793,0.10138793
668,Granit Xhaka,34,90,1.0,1.0,4.196858,3.196858
668,Granit Xhaka,35,90,9.0,9.0,4.187946,4.812054
668,Granit Xhaka,36,90,5.0,5.0,3.0602915,1.9397085
668,Granit Xhaka,37,90,2.0,2.0,3.8730757,1.8730757
668,Granit Xhaka,38,90,1.0,1.0,3.1179817,2.1179817
669,Dan Ndoye,34,0,0.0,0.0,0.25613078,0.25613078
669,Dan Ndoye,35,0,0.0,0.0,0.2000017,0.2000017
669,Dan Ndoye,36,0,0.0,0.0,0.059006203,0.059006203
669,Dan Ndoye,37,0,0.0,0.0,0.08671619,0.08671619
669,Dan Ndoye,38,0,0.0,0.0,0.18485217,0.18485217
670,Robin Roefs,34,90,0.0,0.0,3.7081914,3.7081914
670,Robin Roefs,35,90,3.0,3.0,3.8955343,0.8955343
670,Robin Roefs,36,90,6.0,6.0,2.5269604,3.4730396
670,Robin Roefs,37,90,3.0,3.0,3.9233053,0.9233053
670,Robin Roefs,38,90,2.0,2.0,3.37838,1.3783801
671,Callum Wilson,34,9,4.0,4.0,0.8055513,3.1944487
671,Callum Wilson,35,25,1.0,1.0,2.1871138,1.1871138
671,Callum Wilson,36,5,1.0,1.0,1.4467407,0.44674075
671,Callum Wilson,37,90,2.0,2.0,1.550029,0.44997096
671,Callum Wilson,38,45,5.0,5.0,2.841024,2.158976
673,João Maria Lobo Alves Palhares Costa Palhinha Gonçalves,34,28,9.0,9.0,1.721527,7.278473
673,João Maria Lobo Alves Palhares Costa Palhinha Gonçalves,35,90,2.0,2.0,3.194855,1.194855
673,João Maria Lobo Alves Palhares Costa Palhinha Gonçalves,36,90,3.0,3.0,3.0554383,0.05543828
673,João Maria Lobo Alves Palhares Costa Palhinha Gonçalves,37,68,4.0,4.0,2.2090857,1.7909143
673,João Maria Lobo Alves Palhares Costa Palhinha Gonçalves,38,90,12.0,12.0,3.8093452,8.190655
674,Aaron Ramsdale,34,0,0.0,0.0,1.918875,1.918875
674,Aaron Ramsdale,35,0,0.0,0.0,1.3781635,1.3781635
674,Aaron Ramsdale,36,0,0.0,0.0,0.18236583,0.18236583
674,Aaron Ramsdale,37,0,0.0,0.0,0.124494046,0.124494046
674,Aaron Ramsdale,38,0,0.0,0.0,0.17046231,0.17046231
675,Angus Gunn,34,0,0.0,0.0,0.10720973,0.10720973
675,Angus Gunn,35,0,0.0,0.0,0.14941582,0.14941582
675,Angus Gunn,36,0,0.0,0.0,0.06408237,0.06408237
675,Angus Gunn,37,0,0.0,0.0,0.11016467,0.11016467
675,Angus Gunn,38,0,0.0,0.0,0.06996055,0.06996055
677,Evann Guessand,37,1,1.0,1.0,0.2618481,0.7381519
677,Evann Guessand,38,28,1.0,1.0,0.3558531,0.6441469
678,Arthur Masuaku,34,0,0.0,0.0,0.08344254,0.08344254
678,Arthur Masuaku,35,0,0.0,0.0,0.008608136,0.008608136
678,Arthur Masuaku,36,0,0.0,0.0,0.067484766,0.067484766
678,Arthur Masuaku,37,0,0.0,0.0,0.07393254,0.07393254
678,Arthur Masuaku,38,0,0.0,0.0,0.078782216,0.078782216
679,Mads Hermansen,34,90,2.0,2.0,3.3494475,1.3494475
679,Mads Hermansen,35,90,2.0,2.0,3.0769742,1.0769742
679,Mads Hermansen,36,90,2.0,2.0,2.1373308,0.13733077
679,Mads Hermansen,37,90,5.0,5.0,3.1939929,1.8060071
679,Mads Hermansen,38,90,7.0,7.0,3.2562869,3.7437131
681,Benjamin Sesko,34,87,8.0,8.0,4.327446,3.672554
681,Benjamin Sesko,35,45,5.0,5.0,5.0897927,0.08979273
681,Benjamin Sesko,36,0,0.0,0.0,3.74144,3.74144
681,Benjamin Sesko,37,0,0.0,0.0,2.09583,2.09583
681,Benjamin Sesko,38,0,0.0,0.0,1.1663718,1.1663718
682,David Møller Wolfe,37,84,2.0,2.0,0.81038296,1.189617
682,David Møller Wolfe,38,73,2.0,2.0,1.9040719,0.09592807
683,Omar Alderete,34,90,0.0,0.0,3.9972124,3.9972124
683,Omar Alderete,35,90,4.0,4.0,4.013505,0.013504982
683,Omar Alderete,36,90,8.0,8.0,3.6983569,4.3016434
683,Omar Alderete,37,22,1.0,1.0,3.6767774,2.6767774
683,Omar Alderete,38,0,0.0,0.0,2.125995,2.125995
684,Malick Thiaw,34,90,2.0,2.0,2.0476415,0.047641516
684,Malick Thiaw,35,90,2.0,2.0,3.6100605,1.6100605
684,Malick Thiaw,36,90,2.0,2.0,3.6920254,1.6920254
684,Malick Thiaw,37,90,2.0,2.0,3.7354639,1.7354639
684,Malick Thiaw,38,90,1.0,1.0,3.0953968,2.0953968
686,Rio Ngumoha,34,0,0.0,0.0,1.0975136,1.0975136
686,Rio Ngumoha,35,15,1.0,1.0,0.17471981,0.8252802
686,Rio Ngumoha,36,66,6.0,6.0,0.4924136,5.5075865
686,Rio Ngumoha,37,90,2.0,2.0,1.1929597,0.80704033
686,Rio Ngumoha,38,72,2.0,2.0,2.4325697,0.43256974
688,James Wright,34,0,0.0,0.0,0.06381109,0.06381109
688,James Wright,35,0,0.0,0.0,0.052712608,0.052712608
688,James Wright,36,0,0.0,0.0,0.0564274,0.0564274
688,James Wright,37,0,0.0,0.0,0.05697352,0.05697352
688,James Wright,38,0,0.0,0.0,0.098322585,0.098322585
689,Seung-Soo Park,34,0,0.0,0.0,0.16324347,0.16324347
689,Seung-Soo Park,35,0,0.0,0.0,0.0616783,0.0616783
689,Seung-Soo Park,36,0,0.0,0.0,0.032163355,0.032163355
689,Seung-Soo Park,37,0,0.0,0.0,0.038000878,0.038000878
689,Seung-Soo Park,38,0,0.0,0.0,0.08089654,0.08089654
690,Rio Cardines,37,0,0.0,0.0,0.038518954,0.038518954
690,Rio Cardines,38,90,2.0,2.0,0.068303764,1.9316962
692,Giovanni Leoni,34,0,0.0,0.0,0.18943982,0.18943982
692,Giovanni Leoni,35,0,0.0,0.0,0.15697326,0.15697326
692,Giovanni Leoni,36,0,0.0,0.0,0.16347441,0.16347441
692,Giovanni Leoni,37,0,0.0,0.0,0.19604328,0.19604328
692,Giovanni Leoni,38,0,0.0,0.0,0.16694787,0.16694787
693,Omari Hutchinson,34,66,3.0,3.0,2.7666175,0.23338246
693,Omari Hutchinson,35,10,1.0,1.0,2.4115038,1.4115038
693,Omari Hutchinson,36,26,1.0,1.0,1.4721836,0.4721836
693,Omari Hutchinson,37,69,2.0,2.0,1.4086804,0.59131956
693,Omari Hutchinson,38,77,5.0,5.0,2.3040884,2.6959116
694,Nordi Mukiele,34,90,0.0,0.0,3.1054451,3.1054451
694,Nordi Mukiele,35,90,11.0,11.0,3.6989295,7.30107
694,Nordi Mukiele,36,90,6.0,6.0,3.4220548,2.5779452
694,Nordi Mukiele,37,90,2.0,2.0,3.6539557,1.6539557
694,Nordi Mukiele,38,90,4.0,4.0,3.58313,0.41687012
695,Jackson Tchatchoua,37,0,0.0,0.0,0.3756513,0.3756513
695,Jackson Tchatchoua,38,0,0.0,0.0,0.25864926,0.25864926
696,Arnaud Kalimuendo,34,0,0.0,0.0,0.15717229,0.15717229
696,Arnaud Kalimuendo,35,0,0.0,0.0,0.13209608,0.13209608
696,Arnaud Kalimuendo,36,0,0.0,0.0,-0.013509553,0.013509553
696,Arnaud Kalimuendo,37,0,0.0,0.0,0.09442951,0.09442951
696,Arnaud Kalimuendo,38,0,0.0,0.0,0.21539782,0.21539782
699,Douglas Luiz Soares de Paulo,34,16,0.0,0.0,0.5923101,0.5923101
699,Douglas Luiz Soares de Paulo,35,0,0.0,0.0,1.3769196,1.3769196
699,Douglas Luiz Soares de Paulo,36,10,1.0,1.0,0.6281767,0.3718233
699,Douglas Luiz Soares de Paulo,37,1,1.0,1.0,1.4443257,0.4443257
699,Douglas Luiz Soares de Paulo,38,72,2.0,2.0,0.58985054,1.4101495
700,Max Dowman,37,0,0.0,0.0,0.4584082,0.4584082
700,Max Dowman,38,61,3.0,3.0,0.07297821,2.9270217
701,Triston Rowe,34,0,0.0,0.0,0.09304799,0.09304799
701,Triston Rowe,35,0,0.0,0.0,0.09472978,0.09472978
701,Triston Rowe,36,0,0.0,0.0,0.102502495,0.102502495
701,Triston Rowe,37,0,0.0,0.0,0.11877668,0.11877668
701,Triston Rowe,38,0,0.0,0.0,0.10227682,0.10227682
702,Bradley Burrowes,34,0,0.0,0.0,0.02062555,0.02062555
702,Bradley Burrowes,35,0,0.0,0.0,0.037293006,0.037293006
702,Bradley Burrowes,36,0,0.0,0.0,0.0247829,0.0247829
702,Bradley Burrowes,37,0,0.0,0.0,0.0402343,0.0402343
702,Bradley Burrowes,38,0,0.0,0.0,0.06784731,0.06784731
703,Sam Proctor,34,0,0.0,0.0,0.06381109,0.06381109
703,Sam Proctor,35,0,0.0,0.0,0.052712608,0.052712608
703,Sam Proctor,36,0,0.0,0.0,0.0564274,0.0564274
703,Sam Proctor,37,0,0.0,0.0,0.05697352,0.05697352
703,Sam Proctor,38,0,0.0,0.0,0.098322585,0.098322585
704,Tyler Onyango,34,0,0.0,0.0,-0.005967062,0.005967062
704,Tyler Onyango,35,0,0.0,0.0,-0.007865656,0.007865656
704,Tyler Onyango,36,0,0.0,0.0,0.0059572197,0.0059572197
704,Tyler Onyango,37,0,0.0,0.0,0.059986103,0.059986103
704,Tyler Onyango,38,0,0.0,0.0,0.022754673,0.022754673
705,Elijah Campbell,34,0,0.0,0.0,0.047404636,0.047404636
705,Elijah Campbell,35,0,0.0,0.0,0.04970574,0.04970574
705,Elijah Campbell,36,0,0.0,0.0,0.06996888,0.06996888
705,Elijah Campbell,37,0,0.0,0.0,0.113238916,0.113238916
705,Elijah Campbell,38,0,0.0,0.0,0.07438156,0.07438156
707,Tyler Dibling,34,0,0.0,0.0,0.10237938,0.10237938
707,Tyler Dibling,35,0,0.0,0.0,0.09658092,0.09658092
707,Tyler Dibling,36,0,0.0,0.0,0.119063005,0.119063005
707,Tyler Dibling,37,0,0.0,0.0,0.13972132,0.13972132
707,Tyler Dibling,38,0,0.0,0.0,0.12640905,0.12640905
708,Mateus Gonçalo Espanha Fernandes,34,90,2.0,2.0,3.3483653,1.3483653
708,Mateus Gonçalo Espanha Fernandes,35,90,4.0,4.0,3.3419333,0.65806675
708,Mateus Gonçalo Espanha Fernandes,36,90,2.0,2.0,2.7404165,0.7404165
708,Mateus Gonçalo Espanha Fernandes,37,90,4.0,4.0,3.971585,0.028414965
708,Mateus Gonçalo Espanha Fernandes,38,90,9.0,9.0,4.12958,4.87042
709,Ladislav Krejcí,37,90,2.0,2.0,0.24827264,1.7517273
709,Ladislav Krejcí,38,65,6.0,6.0,2.683036,3.316964
710,Travis Patterson,34,0,0.0,0.0,0.086197466,0.086197466
710,Travis Patterson,35,0,0.0,0.0,0.08572766,0.08572766
710,Travis Patterson,36,0,0.0,0.0,0.09146896,0.09146896
710,Travis Patterson,37,0,0.0,0.0,0.109774515,0.109774515
710,Travis Patterson,38,0,0.0,0.0,0.09594393,0.09594393
711,Andre Harriman-Annous,37,0,0.0,0.0,0.0140806325,0.0140806325
711,Andre Harriman-Annous,38,0,0.0,0.0,-0.026623946,0.026623946
712,Yéremy Pino Santos,37,45,1.0,1.0,2.3360252,1.3360252
712,Yéremy Pino Santos,38,45,4.0,4.0,1.6722963,2.3277037
714,Nick Woltemade,34,15,1.0,1.0,0.8603062,0.1396938
714,Nick Woltemade,35,0,0.0,0.0,1.4795332,1.4795332
714,Nick Woltemade,36,60,2.0,2.0,0.576201,1.423799
714,Nick Woltemade,37,74,8.0,8.0,3.4074996,4.5925007
714,Nick Woltemade,38,77,2.0,2.0,3.3311498,1.3311498
715,John Victor Maciel Furtado,34,0,0.0,0.0,0.10720973,0.10720973
715,John Victor Maciel Furtado,35,0,0.0,0.0,0.14941582,0.14941582
715,John Victor Maciel Furtado,36,0,0.0,0.0,0.06408237,0.06408237
715,John Victor Maciel Furtado,37,0,0.0,0.0,0.11016467,0.11016467
715,John Victor Maciel Furtado,38,0,0.0,0.0,0.06996055,0.06996055
716,Nicolò Savona,34,0,0.0,0.0,0.16694237,0.16694237
716,Nicolò Savona,35,0,0.0,0.0,0.1765989,0.1765989
716,Nicolò Savona,36,0,0.0,0.0,0.11646922,0.11646922
716,Nicolò Savona,37,0,0.0,0.0,0.14104581,0.14104581
716,Nicolò Savona,38,0,0.0,0.0,0.14090198,0.14090198
717,Xavi Simons,34,62,3.0,3.0,3.0502295,0.05022955
717,Xavi Simons,35,0,0.0,0.0,2.9292555,2.9292555
717,Xavi Simons,36,0,0.0,0.0,1.2586704,1.2586704
717,Xavi Simons,37,0,0.0,0.0,0.25522974,0.25522974
717,Xavi Simons,38,0,0.0,0.0,0.039920617,0.039920617
718,Soungoutou Magassa,34,0,0.0,0.0,0.31177434,0.31177434
718,Soungoutou Magassa,35,2,1.0,1.0,0.29426366,0.70573634
718,Soungoutou Magassa,36,0,0.0,0.0,0.24194296,0.24194296
718,Soungoutou Magassa,37,0,0.0,0.0,0.09605725,0.09605725
718,Soungoutou Magassa,38,0,0.0,0.0,0.14866383,0.14866383
719,Victor Lindelöf,34,0,0.0,0.0,0.9436048,0.9436048
719,Victor Lindelöf,35,90,1.0,1.0,0.65782285,0.34217715
719,Victor Lindelöf,36,73,1.0,1.0,3.2054427,2.2054427
719,Victor Lindelöf,37,45,1.0,1.0,2.004586,1.004586
719,Victor Lindelöf,38,72,2.0,2.0,0.9987326,1.0012674
720,Tolu Arokodare,37,18,1.0,1.0,1.0550097,0.055009723
720,Tolu Arokodare,38,24,1.0,1.0,2.0740225,1.0740225
723,Jaydee Canvot,37,90,3.0,3.0,4.338528,1.3385282
723,Jaydee Canvot,38,0,0.0,0.0,3.159544,3.159544
724,Lutsharel Geertruida,34,0,0.0,0.0,0.930535,0.930535
724,Lutsharel Geertruida,35,0,0.0,0.0,0.50549287,0.50549287
724,Lutsharel Geertruida,36,90,6.0,6.0,0.1932303,5.80677
724,Lutsharel Geertruida,37,90,2.0,2.0,3.3688817,1.3688817
724,Lutsharel Geertruida,38,90,1.0,1.0,2.3906853,1.3906853
725,Piero Hincapié,37,18,1.0,1.0,1.3052179,0.30521786
725,Piero Hincapié,38,90,2.0,2.0,1.2872341,0.71276593
726,Randal Kolo Muani,34,45,1.0,1.0,2.3453953,1.3453953
726,Randal Kolo Muani,35,66,1.0,1.0,2.0315423,1.0315423
726,Randal Kolo Muani,36,90,2.0,2.0,3.539797,1.5397971
726,Randal Kolo Muani,37,68,2.0,2.0,2.5577505,0.55775046
726,Randal Kolo Muani,38,17,1.0,1.0,2.3268385,1.3268385
727,Samuel Chukwueze,34,75,3.0,3.0,1.7959641,1.2040359
727,Samuel Chukwueze,35,63,2.0,2.0,1.6001626,0.39983737
727,Samuel Chukwueze,36,61,2.0,2.0,1.8494464,0.15055358
727,Samuel Chukwueze,37,11,1.0,1.0,1.9572674,0.9572674
727,Samuel Chukwueze,38,0,0.0,0.0,1.4691644,1.4691644
728,Merlin Röhl,34,0,0.0,0.0,0.43359262,0.43359262
728,Merlin Röhl,35,90,5.0,5.0,0.2912187,4.7087812
728,Merlin Röhl,36,79,2.0,2.0,2.3572128,0.35721278
728,Merlin Röhl,37,87,9.0,9.0,2.4282932,6.571707
728,Merlin Röhl,38,61,2.0,2.0,4.022702,2.0227022
729,Luis Eduardo Soares da Silva,34,0,0.0,0.0,0.16694237,0.16694237
729,Luis Eduardo Soares da Silva,35,0,0.0,0.0,0.1765989,0.1765989
729,Luis Eduardo Soares da Silva,36,0,0.0,0.0,0.11646922,0.11646922
729,Luis Eduardo Soares da Silva,37,0,0.0,0.0,0.14104581,0.14104581
729,Luis Eduardo Soares da Silva,38,0,0.0,0.0,0.14090198,0.14090198
730,Brian Brobbey,34,90,2.0,2.0,4.3858857,2.3858857
730,Brian Brobbey,35,71,1.0,1.0,3.7944312,2.7944312
730,Brian Brobbey,36,90,2.0,2.0,2.6851494,0.68514943
730,Brian Brobbey,37,76,7.0,7.0,3.6291597,3.3708403
730,Brian Brobbey,38,60,5.0,5.0,3.1498857,1.8501143
731,Kevin Santos Lopes de Macedo,34,0,0.0,0.0,0.27866998,0.27866998
731,Kevin Santos Lopes de Macedo,35,0,0.0,0.0,0.18760404,0.18760404
731,Kevin Santos Lopes de Macedo,36,28,1.0,1.0,0.32773817,0.67226183
731,Kevin Santos Lopes de Macedo,37,45,1.0,1.0,2.1887677,1.1887677
731,Kevin Santos Lopes de Macedo,38,59,4.0,4.0,2.293967,1.706033
732,Christantus Uche,37,0,0.0,0.0,0.14280872,0.14280872
732,Christantus Uche,38,0,0.0,0.0,0.12486467,0.12486467
733,Senne Lammens,34,90,3.0,3.0,3.8835852,0.8835852
733,Senne Lammens,35,90,2.0,2.0,3.6733608,1.6733608
733,Senne Lammens,36,90,9.0,9.0,3.7652133,5.234787
733,Senne Lammens,37,90,1.0,1.0,3.9376872,2.9376872
733,Senne Lammens,38,90,6.0,6.0,3.3938105,2.6061895
734,Dilane Bakwa,34,0,0.0,0.0,1.5605859,1.5605859
734,Dilane Bakwa,35,79,7.0,7.0,0.3296246,6.6703753
734,Dilane Bakwa,36,63,3.0,3.0,2.3993752,0.6006248
734,Dilane Bakwa,37,20,1.0,1.0,1.6752514,0.67525136
734,Dilane Bakwa,38,0,0.0,0.0,1.6909016,1.6909016
735,Bertrand Traoré,34,0,0.0,0.0,-0.07805003,0.07805003
735,Bertrand Traoré,35,0,0.0,0.0,0.008686576,0.008686576
735,Bertrand Traoré,36,0,0.0,0.0,-0.034050714,0.034050714
735,Bertrand Traoré,37,0,0.0,0.0,0.0978234,0.0978234
735,Bertrand Traoré,38,0,0.0,0.0,0.09775965,0.09775965
737,Jonah Kusi-Asare,34,0,0.0,0.0,0.13950235,0.13950235
737,Jonah Kusi-Asare,35,12,1.0,1.0,0.14579852,0.8542015
737,Jonah Kusi-Asare,36,7,1.0,1.0,0.42976362,0.5702364
737,Jonah Kusi-Asare,37,0,0.0,0.0,0.6471939,0.6471939
737,Jonah Kusi-Asare,38,0,0.0,0.0,0.30230662,0.30230662
738,Lukasz Fabianski,34,0,0.0,0.0,0.10181305,0.10181305
738,Lukasz Fabianski,35,0,0.0,0.0,0.09371911,0.09371911
738,Lukasz Fabianski,36,0,0.0,0.0,0.1137066,0.1137066
738,Lukasz Fabianski,37,0,0.0,0.0,0.09738433,0.09738433
738,Lukasz Fabianski,38,0,0.0,0.0,0.10381676,0.10381676
745,Jun'ai Byfield,34,0,0.0,0.0,0.0029826425,0.0029826425
745,Jun'ai Byfield,35,0,0.0,0.0,0.17256497,0.17256497
745,Jun'ai Byfield,36,0,0.0,0.0,0.11781599,0.11781599
745,Jun'ai Byfield,37,0,0.0,0.0,0.20915888,0.20915888
745,Jun'ai Byfield,38,0,0.0,0.0,0.082964,0.082964
746,Kieran Morrison,34,0,0.0,0.0,0.032656286,0.032656286
746,Kieran Morrison,35,0,0.0,0.0,0.094021335,0.094021335
746,Kieran Morrison,36,0,0.0,0.0,0.10027841,0.10027841
746,Kieran Morrison,37,0,0.0,0.0,0.1225113,0.1225113
746,Kieran Morrison,38,0,0.0,0.0,0.025034111,0.025034111
747,Ezra Mayers,34,0,0.0,0.0,0.07615909,0.07615909
747,Ezra Mayers,35,0,0.0,0.0,0.075811,0.075811
747,Ezra Mayers,36,0,0.0,0.0,0.10879412,0.10879412
747,Ezra Mayers,37,0,0.0,0.0,0.07518244,0.07518244
747,Ezra Mayers,38,0,0.0,0.0,0.11158909,0.11158909
748,Josh Dasilva,34,0,0.0,0.0,0.03361391,0.03361391
748,Josh Dasilva,35,1,1.0,1.0,0.11341968,0.88658035
748,Josh Dasilva,36,0,0.0,0.0,0.1068514,0.1068514
748,Josh Dasilva,37,1,1.0,1.0,0.18750484,0.8124952
748,Josh Dasilva,38,0,0.0,0.0,0.55402696,0.55402696
749,Mateus Mané,37,90,11.0,11.0,1.890445,9.109555
749,Mateus Mané,38,90,2.0,2.0,3.4570563,1.4570563
750,James Rowswell,34,0,0.0,0.0,0.030655589,0.030655589
750,James Rowswell,35,0,0.0,0.0,0.18970075,0.18970075
750,James Rowswell,36,0,0.0,0.0,0.11781599,0.11781599
750,James Rowswell,37,0,0.0,0.0,0.20915888,0.20915888
750,James Rowswell,38,0,0.0,0.0,0.082964,0.082964
751,Yusuf Akhamrich,34,0,0.0,0.0,-0.07448934,0.07448934
751,Yusuf Akhamrich,35,0,0.0,0.0,0.13508227,0.13508227
751,Yusuf Akhamrich,36,0,0.0,0.0,0.053238455,0.053238455
751,Yusuf Akhamrich,37,0,0.0,0.0,0.16564946,0.16564946
751,Yusuf Akhamrich,38,0,0.0,0.0,0.03456569,0.03456569
752,Airidas Golambeckis,34,0,0.0,0.0,0.07615909,0.07615909
752,Airidas Golambeckis,35,0,0.0,0.0,0.075811,0.075811
752,Airidas Golambeckis,36,0,0.0,0.0,0.10879412,0.10879412
752,Airidas Golambeckis,37,0,0.0,0.0,0.07518244,0.07518244
752,Airidas Golambeckis,38,0,0.0,0.0,0.11158909,0.11158909
753,John Ruddy,34,0,0.0,0.0,0.14564542,0.14564542
753,John Ruddy,35,0,0.0,0.0,0.10181227,0.10181227
753,John Ruddy,36,0,0.0,0.0,0.100133196,0.100133196
753,John Ruddy,37,0,0.0,0.0,0.07902342,0.07902342
753,John Ruddy,38,0,0.0,0.0,0.10997471,0.10997471
754,George Hemmings,34,0,0.0,0.0,0.027854193,0.027854193
754,George Hemmings,35,0,0.0,0.0,0.066229135,0.066229135
754,George Hemmings,36,0,0.0,0.0,0.05128478,0.05128478
754,George Hemmings,37,0,0.0,0.0,0.056985695,0.056985695
754,George Hemmings,38,0,0.0,0.0,0.06447156,0.06447156
755,Shea Lacey,34,0,0.0,0.0,0.014755633,0.014755633
755,Shea Lacey,35,0,0.0,0.0,0.0012137778,0.0012137778
755,Shea Lacey,36,0,0.0,0.0,0.017228972,0.017228972
755,Shea Lacey,37,0,0.0,0.0,-0.025168043,0.025168043
755,Shea Lacey,38,28,1.0,1.0,0.034249667,0.96575034
757,Ronnie Hollingshead,34,0,0.0,0.0,0.06709969,0.06709969
757,Ronnie Hollingshead,35,0,0.0,0.0,0.06400281,0.06400281
757,Ronnie Hollingshead,36,0,0.0,0.0,0.06415567,0.06415567
757,Ronnie Hollingshead,37,0,0.0,0.0,0.065975666,0.065975666
757,Ronnie Hollingshead,38,0,0.0,0.0,0.098204,0.098204
758,Mohamadou Kanté,34,0,0.0,0.0,0.77735734,0.77735734
758,Mohamadou Kanté,35,0,0.0,0.0,0.31082648,0.31082648
758,Mohamadou Kanté,36,0,0.0,0.0,0.187896,0.187896
758,Mohamadou Kanté,37,27,0.0,0.0,0.024120707,0.024120707
758,Mohamadou Kanté,38,2,1.0,1.0,1.0472006,0.04720056
759,Marli Salmon,37,0,0.0,0.0,0.1345731,0.1345731
759,Marli Salmon,38,0,0.0,0.0,0.04016905,0.04016905
760,Wellity Lucky,34,0,0.0,0.0,0.097850114,0.097850114
760,Wellity Lucky,35,0,0.0,0.0,0.14992337,0.14992337
760,Wellity Lucky,36,0,0.0,0.0,0.14272466,0.14272466
760,Wellity Lucky,37,0,0.0,0.0,0.16644602,0.16644602
760,Wellity Lucky,38,0,0.0,0.0,0.07522294,0.07522294
762,Joél Drakes-Thomas,37,0,0.0,0.0,0.04032633,0.04032633
762,Joél Drakes-Thomas,38,0,0.0,0.0,0.06536923,0.06536923
765,Leo Shahar,34,0,0.0,0.0,0.15427543,0.15427543
765,Leo Shahar,35,0,0.0,0.0,0.11348079,0.11348079
765,Leo Shahar,36,0,0.0,0.0,0.10307069,0.10307069
765,Leo Shahar,37,0,0.0,0.0,0.07690422,0.07690422
765,Leo Shahar,38,0,0.0,0.0,0.1298432,0.1298432
766,Saheed Olagunju,37,0,0.0,0.0,0.115922645,0.115922645
766,Saheed Olagunju,38,0,0.0,0.0,0.12905477,0.12905477
767,Luke Rawlings,37,0,0.0,0.0,0.051388178,0.051388178
767,Luke Rawlings,38,0,0.0,0.0,0.06287904,0.06287904
768,Leon Routh,34,0,0.0,0.0,0.09304799,0.09304799
768,Leon Routh,35,0,0.0,0.0,0.09472978,0.09472978
768,Leon Routh,36,0,0.0,0.0,0.102502495,0.102502495
768,Leon Routh,37,0,0.0,0.0,0.11877668,0.11877668
768,Leon Routh,38,0,0.0,0.0,0.10227682,0.10227682
769,Bendito Mantato,34,0,0.0,0.0,0.014755633,0.014755633
769,Bendito Mantato,35,0,0.0,0.0,0.0012137778,0.0012137778
769,Bendito Mantato,36,0,0.0,0.0,0.017228972,0.017228972
769,Bendito Mantato,37,0,0.0,0.0,-0.025168043,0.025168043
769,Bendito Mantato,38,0,0.0,0.0,0.034249667,0.034249667
770,Seth Ridgeon,34,0,0.0,0.0,0.14225064,0.14225064
770,Seth Ridgeon,35,0,0.0,0.0,0.19671613,0.19671613
770,Seth Ridgeon,36,0,0.0,0.0,0.113381594,0.113381594
770,Seth Ridgeon,37,0,0.0,0.0,0.044867937,0.044867937
770,Seth Ridgeon,38,0,0.0,0.0,0.13268636,0.13268636
771,Tyler Fletcher,34,0,0.0,0.0,-0.00039268658,0.00039268658
771,Tyler Fletcher,35,0,0.0,0.0,-0.005132545,0.005132545
771,Tyler Fletcher,36,0,0.0,0.0,0.010378417,0.010378417
771,Tyler Fletcher,37,0,0.0,0.0,-0.036695372,0.036695372
771,Tyler Fletcher,38,16,1.0,1.0,0.029438023,0.970562
772,Sam Alabi,34,0,0.0,0.0,0.15652403,0.15652403
772,Sam Alabi,35,0,0.0,0.0,0.069557235,0.069557235
772,Sam Alabi,36,0,0.0,0.0,0.03776477,0.03776477
772,Sam Alabi,37,0,0.0,0.0,0.053457323,0.053457323
772,Sam Alabi,38,0,0.0,0.0,0.07921983,0.07921983
773,Dean Benamar,37,0,0.0,0.0,0.096446276,0.096446276
773,Dean Benamar,38,0,0.0,0.0,0.12079154,0.12079154
774,Jenson Jones,34,0,0.0,0.0,0.08744235,0.08744235
774,Jenson Jones,35,0,0.0,0.0,0.023820397,0.023820397
774,Jenson Jones,36,0,0.0,0.0,0.076486886,0.076486886
774,Jenson Jones,37,0,0.0,0.0,0.08355144,0.08355144
774,Jenson Jones,38,0,0.0,0.0,0.08323933,0.08323933
775,Tymur Tutierov,34,0,0.0,0.0,-0.1025687,0.1025687
775,Tymur Tutierov,35,0,0.0,0.0,-0.069839284,0.069839284
775,Tymur Tutierov,36,0,0.0,0.0,-0.014168795,0.014168795
775,Tymur Tutierov,37,0,0.0,0.0,0.05517784,0.05517784
775,Tymur Tutierov,38,0,0.0,0.0,0.046977762,0.046977762
777,Temple Ojinnaka,37,0,0.0,0.0,0.051388178,0.051388178
777,Temple Ojinnaka,38,0,0.0,0.0,0.06287904,0.06287904
778,Ethan Sutherland,37,0,0.0,0.0,0.051388178,0.051388178
778,Ethan Sutherland,38,0,0.0,0.0,0.06287904,0.06287904
779,Braiden Graham,34,0,0.0,0.0,-0.014484372,0.014484372
779,Braiden Graham,35,0,0.0,0.0,0.010568593,0.010568593
779,Braiden Graham,36,0,0.0,0.0,0.0333463,0.0333463
779,Braiden Graham,37,0,0.0,0.0,0.014077816,0.014077816
779,Braiden Graham,38,0,0.0,0.0,0.04178225,0.04178225
780,Ben Casey,37,0,0.0,0.0,0.043800298,0.043800298
780,Ben Casey,38,0,0.0,0.0,0.06544615,0.06544615
781,TJ Carroll,34,0,0.0,0.0,0.09304799,0.09304799
781,TJ Carroll,35,0,0.0,0.0,0.09472978,0.09472978
781,TJ Carroll,36,0,0.0,0.0,0.102502495,0.102502495
781,TJ Carroll,37,0,0.0,0.0,0.11877668,0.11877668
781,TJ Carroll,38,0,0.0,0.0,0.10227682,0.10227682
785,Pablo Felipe Pereira de Jesus,34,80,2.0,2.0,3.3147197,1.3147197
785,Pablo Felipe Pereira de Jesus,35,90,2.0,2.0,2.877554,0.87755394
785,Pablo Felipe Pereira de Jesus,36,23,1.0,1.0,2.6127927,1.6127927
785,Pablo Felipe Pereira de Jesus,37,27,1.0,1.0,1.7757541,0.7757541
785,Pablo Felipe Pereira de Jesus,38,45,1.0,1.0,2.4249475,1.4249475
786,Alfie McNally,34,0,0.0,0.0,0.16958876,0.16958876
786,Alfie McNally,35,0,0.0,0.0,0.18209887,0.18209887
786,Alfie McNally,36,0,0.0,0.0,0.12892605,0.12892605
786,Alfie McNally,37,0,0.0,0.0,0.045812417,0.045812417
786,Alfie McNally,38,0,0.0,0.0,0.12943956,0.12943956
788,Godwill Kukonki,34,0,0.0,0.0,0.04586524,0.04586524
788,Godwill Kukonki,35,0,0.0,0.0,0.08667065,0.08667065
788,Godwill Kukonki,36,0,0.0,0.0,0.08242281,0.08242281
788,Godwill Kukonki,37,0,0.0,0.0,0.11081368,0.11081368
788,Godwill Kukonki,38,0,0.0,0.0,0.08112492,0.08112492
790,Lucá Williams-Barnett,34,0,0.0,0.0,-0.07448934,0.07448934
790,Lucá Williams-Barnett,35,0,0.0,0.0,0.13508227,0.13508227
790,Lucá Williams-Barnett,36,0,0.0,0.0,0.053238455,0.053238455
790,Lucá Williams-Barnett,37,0,0.0,0.0,0.16564946,0.16564946
790,Lucá Williams-Barnett,38,0,0.0,0.0,0.03456569,0.03456569
791,Valentín Castellanos,34,78,1.0,1.0,3.3128011,2.3128011
791,Valentín Castellanos,35,64,1.0,1.0,3.0389435,2.0389435
791,Valentín Castellanos,36,66,1.0,1.0,2.6308706,1.6308706
791,Valentín Castellanos,37,64,6.0,6.0,3.3813226,2.6186774
791,Valentín Castellanos,38,87,8.0,8.0,3.7926047,4.2073956
792,Alysson Edward Franco da Rocha dos Santos,34,0,0.0,0.0,0.1397746,0.1397746
792,Alysson Edward Franco da Rocha dos Santos,35,0,0.0,0.0,0.14117214,0.14117214
792,Alysson Edward Franco da Rocha dos Santos,36,0,0.0,0.0,0.12796721,0.12796721
792,Alysson Edward Franco da Rocha dos Santos,37,0,0.0,0.0,0.11544338,0.11544338
792,Alysson Edward Franco da Rocha dos Santos,38,0,0.0,0.0,0.07391168,0.07391168
793,George King,37,0,0.0,0.0,0.096446276,0.096446276
793,George King,38,0,0.0,0.0,0.12079154,0.12079154
796,Conor Gallagher,34,90,4.0,4.0,2.6078575,1.3921425
796,Conor Gallagher,35,90,9.0,9.0,2.0271168,6.972883
796,Conor Gallagher,36,90,2.0,2.0,3.396528,1.396528
796,Conor Gallagher,37,90,2.0,2.0,1.9642078,0.03579223
796,Conor Gallagher,38,81,3.0,3.0,3.970256,0.9702561
797,Kaye Furo,34,0,0.0,0.0,0.012015987,0.012015987
797,Kaye Furo,35,1,1.0,1.0,-0.042814504,1.0428145
797,Kaye Furo,36,0,0.0,0.0,0.07234061,0.07234061
797,Kaye Furo,37,0,0.0,0.0,0.06438498,0.06438498
797,Kaye Furo,38,0,0.0,0.0,0.06157567,0.06157567
798,Danny Imray,37,0,0.0,0.0,0.096446276,0.096446276
798,Danny Imray,38,0,0.0,0.0,0.12079154,0.12079154
800,Djiamgone Jocelin Ta Bi,34,0,0.0,0.0,-0.083446905,0.083446905
800,Djiamgone Jocelin Ta Bi,35,0,0.0,0.0,-0.034896147,0.034896147
800,Djiamgone Jocelin Ta Bi,36,0,0.0,0.0,-0.011887725,0.011887725
800,Djiamgone Jocelin Ta Bi,37,0,0.0,0.0,0.0966095,0.0966095
800,Djiamgone Jocelin Ta Bi,38,0,0.0,0.0,0.06727107,0.06727107
802,Keiber Lamadrid,34,0,0.0,0.0,0.0019173212,0.0019173212
802,Keiber Lamadrid,35,0,0.0,0.0,0.05571014,0.05571014
802,Keiber Lamadrid,36,0,0.0,0.0,0.07543562,0.07543562
802,Keiber Lamadrid,37,0,0.0,0.0,-0.013897147,0.013897147
802,Keiber Lamadrid,38,0,0.0,0.0,0.10658102,0.10658102
804,João Victor de Souza Menezes,34,0,0.0,0.0,0.14986412,0.14986412
804,João Victor de Souza Menezes,35,0,0.0,0.0,0.21909839,0.21909839
804,João Victor de Souza Menezes,36,0,0.0,0.0,0.11781599,0.11781599
804,João Victor de Souza Menezes,37,0,0.0,0.0,0.20915888,0.20915888
804,João Victor de Souza Menezes,38,0,0.0,0.0,0.082964,0.082964
805,Lorenzo Lucca,34,0,0.0,0.0,0.12954304,0.12954304
805,Lorenzo Lucca,35,0,0.0,0.0,0.09436737,0.09436737
805,Lorenzo Lucca,36,7,1.0,1.0,-0.04165123,1.0416512
805,Lorenzo Lucca,37,0,0.0,0.0,0.37456152,0.37456152
805,Lorenzo Lucca,38,0,0.0,0.0,0.29278195,0.29278195
808,Tammy Abraham,34,10,1.0,1.0,2.7413468,1.7413468
808,Tammy Abraham,35,59,1.0,1.0,2.085076,1.0850761
808,Tammy Abraham,36,0,0.0,0.0,2.7527826,2.7527826
808,Tammy Abraham,37,0,0.0,0.0,1.1571019,1.1571019
808,Tammy Abraham,38,0,0.0,0.0,0.6204544,0.6204544
809,Jerome Abbey,37,0,0.0,0.0,0.051388178,0.051388178
809,Jerome Abbey,38,16,1.0,1.0,0.06287904,0.937121
810,Luka Bentt,34,0,0.0,0.0,0.017541531,0.017541531
810,Luka Bentt,35,0,0.0,0.0,0.0437602,0.0437602
810,Luka Bentt,36,0,0.0,0.0,0.024977881,0.024977881
810,Luka Bentt,37,0,0.0,0.0,0.038411427,0.038411427
810,Luka Bentt,38,0,0.0,0.0,0.037025902,0.037025902
811,Rio Kyerematen,34,0,0.0,0.0,-0.07448934,0.07448934
811,Rio Kyerematen,35,0,0.0,0.0,0.13508227,0.13508227
811,Rio Kyerematen,36,0,0.0,0.0,0.053238455,0.053238455
811,Rio Kyerematen,37,0,0.0,0.0,0.16564946,0.16564946
811,Rio Kyerematen,38,0,0.0,0.0,0.03456569,0.03456569
812,Melker Ellborg,34,0,0.0,0.0,0.28419194,0.28419194
812,Melker Ellborg,35,0,0.0,0.0,-0.20800816,0.20800816
812,Melker Ellborg,36,0,0.0,0.0,0.033848707,0.033848707
812,Melker Ellborg,37,0,0.0,0.0,0.07607134,0.07607134
812,Melker Ellborg,38,0,0.0,0.0,0.0818025,0.0818025
813,Nilson Angulo,34,0,0.0,0.0,-0.27230045,0.27230045
813,Nilson Angulo,35,0,0.0,0.0,-0.025416818,0.025416818
813,Nilson Angulo,36,11,1.0,1.0,-0.015789252,1.0157893
813,Nilson Angulo,37,76,2.0,2.0,0.44688165,1.5531183
813,Nilson Angulo,38,60,1.0,1.0,1.5643755,0.5643755
814,Luca Netz,34,23,1.0,1.0,0.16694237,0.83305764
814,Luca Netz,35,90,4.0,4.0,0.71035665,3.2896433
814,Luca Netz,36,82,2.0,2.0,3.019539,1.0195391
814,Luca Netz,37,83,1.0,1.0,2.2635572,1.2635572
814,Luca Netz,38,27,1.0,1.0,2.2631848,1.2631848
815,Axel Disasi,34,90,3.0,3.0,3.3516548,0.35165477
815,Axel Disasi,35,90,1.0,1.0,3.0817544,2.0817544
815,Axel Disasi,36,84,2.0,2.0,2.2557585,0.25575852
815,Axel Disasi,37,90,1.0,1.0,3.077667,2.077667
815,Axel Disasi,38,90,6.0,6.0,3.2176683,2.7823317
816,Angel Gomes,37,0,0.0,0.0,0.47626418,0.47626418
816,Angel Gomes,38,65,2.0,2.0,0.26850548,1.7314945
817,Adam Armstrong,37,71,2.0,2.0,2.4745834,0.4745834
817,Adam Armstrong,38,73,7.0,7.0,2.7477417,4.2522583
818,James Wilson,34,0,0.0,0.0,-0.05674466,0.05674466
818,James Wilson,35,0,0.0,0.0,0.07334636,0.07334636
818,James Wilson,36,0,0.0,0.0,0.07621448,0.07621448
818,James Wilson,37,0,0.0,0.0,0.10317063,0.10317063
818,James Wilson,38,0,0.0,0.0,0.007376317,0.007376317
819,Ollie Shield,34,0,0.0,0.0,0.06789006,0.06789006
819,Ollie Shield,35,0,0.0,0.0,0.09374872,0.09374872
819,Ollie Shield,36,0,0.0,0.0,0.0682223,0.0682223
819,Ollie Shield,37,0,0.0,0.0,0.08442049,0.08442049
819,Ollie Shield,38,0,0.0,0.0,0.097956195,0.097956195
821,Jack Whittaker,35,0,0.0,0.0,-0.069839284,0.069839284
821,Jack Whittaker,36,0,0.0,0.0,-0.014168795,0.014168795
821,Jack Whittaker,37,0,0.0,0.0,0.05517784,0.05517784
821,Jack Whittaker,38,0,0.0,0.0,0.046977762,0.046977762
822,Jaydon Jones,35,0,0.0,0.0,-0.069839284,0.069839284
822,Jaydon Jones,36,0,0.0,0.0,-0.014168795,0.014168795
822,Jaydon Jones,37,0,0.0,0.0,0.05517784,0.05517784
822,Jaydon Jones,38,0,0.0,0.0,0.046977762,0.046977762
823,Joshua Stephenson,36,0,0.0,0.0,0.0682223,0.0682223
823,Joshua Stephenson,37,0,0.0,0.0,0.08442049,0.08442049
823,Joshua Stephenson,38,0,0.0,0.0,0.097956195,0.097956195
824,Conor McManus,36,0,0.0,0.0,0.0682223,0.0682223
824,Conor McManus,37,0,0.0,0.0,0.08442049,0.08442049
824,Conor McManus,38,0,0.0,0.0,0.097956195,0.097956195
825,Finlay Herrick,36,0,0.0,0.0,0.10150434,0.10150434
825,Finlay Herrick,37,0,0.0,0.0,0.0701835,0.0701835
825,Finlay Herrick,38,0,0.0,0.0,0.07284053,0.07284053
826,Riley Owen,37,0,0.0,0.0,0.038411427,0.038411427
826,Riley Owen,38,0,0.0,0.0,0.037025902,0.037025902
827,Jim Thwaites,38,0,0.0,0.0,0.034249667,0.034249667
828,Alfie Brooks,38,0,0.0,0.0,0.11184743,0.11184743
