element,name,target_gw,target_minutes,target_points,actual_points,predicted_points,absolute_error
1,David Raya Martín,37,90,6.0,6.0,4.402602,1.5973978
1,David Raya Martín,38,0,0.0,0.0,4.9356136,4.9356136
2,Kepa Arrizabalaga Revuelta,37,0,0.0,0.0,0.1306434,0.1306434
2,Kepa Arrizabalaga Revuelta,38,90,2.0,2.0,0.1306434,1.8693566
3,Karl Hein,37,0,0.0,0.0,0.1306434,0.1306434
3,Karl Hein,38,0,0.0,0.0,0.1306434,0.1306434
4,Tommy Setford,37,0,0.0,0.0,0.1306434,0.1306434
4,Tommy Setford,38,0,0.0,0.0,0.1306434,0.1306434
5,Gabriel dos Santos Magalhães,37,90,6.0,6.0,5.8421783,0.15782166
5,Gabriel dos Santos Magalhães,38,45,1.0,1.0,5.876626,4.876626
6,William Saliba,37,90,8.0,8.0,4.6829534,3.3170466
6,William Saliba,38,0,0.0,0.0,5.1933813,5.1933813
7,Riccardo Calafiori,37,71,8.0,8.0,4.2490826,3.7509174
7,Riccardo Calafiori,38,45,1.0,1.0,4.4401474,3.4401474
8,Jurriën Timber,37,0,0.0,0.0,0.31053424,0.31053424
8,Jurriën Timber,38,0,0.0,0.0,0.31053424,0.31053424
9,Jakub Kiwior,37,0,0.0,0.0,0.31053424,0.31053424
9,Jakub Kiwior,38,0,0.0,0.0,0.31053424,0.31053424
10,Myles Lewis-Skelly,37,17,1.0,1.0,4.258031,3.258031
10,Myles Lewis-Skelly,38,90,2.0,2.0,2.7564938,0.7564938
11,Benjamin White,37,0,0.0,0.0,2.9269783,2.9269783
11,Benjamin White,38,0,0.0,0.0,1.4493268,1.4493268
12,Oleksandr Zinchenko,34,0,0.0,0.0,0.31053424,0.31053424
12,Oleksandr Zinchenko,35,0,0.0,0.0,0.31053424,0.31053424
12,Oleksandr Zinchenko,36,0,0.0,0.0,0.31053424,0.31053424
12,Oleksandr Zinchenko,37,0,0.0,0.0,0.31053424,0.31053424
12,Oleksandr Zinchenko,38,0,0.0,0.0,0.31053424,0.31053424
13,Brayden Clarke,37,0,0.0,0.0,0.31053424,0.31053424
13,Brayden Clarke,38,0,0.0,0.0,0.31053424,0.31053424
14,Maldini Kacurri,37,0,0.0,0.0,0.31053424,0.31053424
14,Maldini Kacurri,38,0,0.0,0.0,0.31053424,0.31053424
15,Josh Nichols,37,0,0.0,0.0,0.31053424,0.31053424
15,Josh Nichols,38,0,0.0,0.0,0.31053424,0.31053424
16,Bukayo Saka,37,90,10.0,10.0,4.939191,5.060809
16,Bukayo Saka,38,0,0.0,0.0,5.7512517,5.7512517
17,Martin Ødegaard,37,90,3.0,3.0,2.5448134,0.4551866
17,Martin Ødegaard,38,0,0.0,0.0,4.655122,4.655122
18,Noni Madueke,37,0,0.0,0.0,2.2052207,2.2052207
18,Noni Madueke,38,83,11.0,11.0,1.4622027,9.537797
19,Gabriel Martinelli Silva,37,1,1.0,1.0,1.4812522,0.4812522
19,Gabriel Martinelli Silva,38,90,7.0,7.0,1.4680343,5.5319657
20,Leandro Trossard,37,90,3.0,3.0,6.186208,3.1862078
20,Leandro Trossard,38,0,0.0,0.0,5.9945836,5.9945836
21,Declan Rice,37,90,5.0,5.0,5.07985,0.0798502
21,Declan Rice,38,0,0.0,0.0,5.148734,5.148734
22,Mikel Merino Zazón,37,0,0.0,0.0,0.20978417,0.20978417
22,Mikel Merino Zazón,38,28,1.0,1.0,0.20978417,0.79021585
23,Fábio Ferreira Vieira,37,0,0.0,0.0,0.20978417,0.20978417
23,Fábio Ferreira Vieira,38,0,0.0,0.0,0.20978417,0.20978417
24,Christian Nørgaard,37,0,0.0,0.0,0.20978417,0.20978417
24,Christian Nørgaard,38,45,1.0,1.0,0.20978417,0.79021585
25,Ethan Nwaneri,37,0,0.0,0.0,0.20978417,0.20978417
25,Ethan Nwaneri,38,0,0.0,0.0,0.20978417,0.20978417
26,Martín Zubimendi Ibáñez,37,1,1.0,1.0,2.5703304,1.5703304
26,Martín Zubimendi Ibáñez,38,90,2.0,2.0,1.6392386,0.3607614
27,Reiss Nelson,34,17,4.0,4.0,1.3543599,2.6456401
27,Reiss Nelson,35,0,0.0,0.0,2.3621092,2.3621092
27,Reiss Nelson,36,0,0.0,0.0,1.0556817,1.0556817
27,Reiss Nelson,37,0,0.0,0.0,0.5124072,0.5124072
27,Reiss Nelson,38,1,1.0,1.0,0.03122437,0.96877563
28,Ismeal Kabia,37,0,0.0,0.0,0.20978417,0.20978417
28,Ismeal Kabia,38,0,0.0,0.0,0.20978417,0.20978417
29,Albert Sambi Lokonga,37,0,0.0,0.0,0.20978417,0.20978417
29,Albert Sambi Lokonga,38,0,0.0,0.0,0.20978417,0.20978417
30,Kai Havertz,37,72,8.0,8.0,2.919822,5.0801783
30,Kai Havertz,38,45,4.0,4.0,4.8453,0.8453002
31,Gabriel Fernando de Jesus,37,0,0.0,0.0,0.7296827,0.7296827
31,Gabriel Fernando de Jesus,38,74,5.0,5.0,0.27233148,4.727669
32,Emiliano Martínez Romero,34,90,3.0,3.0,3.6169288,0.6169288
32,Emiliano Martínez Romero,35,90,2.0,2.0,3.8463962,1.8463962
32,Emiliano Martínez Romero,36,90,6.0,6.0,4.528426,1.4715738
32,Emiliano Martínez Romero,37,90,2.0,2.0,3.9731967,1.9731967
32,Emiliano Martínez Romero,38,0,0.0,0.0,4.802763,4.802763
33,Marco Bizot,34,0,0.0,0.0,1.2654778,1.2654778
33,Marco Bizot,35,0,0.0,0.0,0.35397285,0.35397285
33,Marco Bizot,36,0,0.0,0.0,0.0028327852,0.0028327852
33,Marco Bizot,37,0,0.0,0.0,-0.013841823,0.013841823
33,Marco Bizot,38,90,2.0,2.0,0.1306434,1.8693566
34,Joe Gauci,34,0,0.0,0.0,0.1306434,0.1306434
34,Joe Gauci,35,0,0.0,0.0,0.1306434,0.1306434
34,Joe Gauci,36,0,0.0,0.0,0.1306434,0.1306434
34,Joe Gauci,37,0,0.0,0.0,0.1306434,0.1306434
34,Joe Gauci,38,0,0.0,0.0,0.1306434,0.1306434
35,Filip Marschall,34,0,0.0,0.0,0.1306434,0.1306434
35,Filip Marschall,35,0,0.0,0.0,0.1306434,0.1306434
35,Filip Marschall,36,0,0.0,0.0,0.1306434,0.1306434
35,Filip Marschall,37,0,0.0,0.0,0.1306434,0.1306434
35,Filip Marschall,38,0,0.0,0.0,0.1306434,0.1306434
36,Matty Cash,34,90,2.0,2.0,4.344721,2.3447208
36,Matty Cash,35,90,5.0,5.0,4.7649155,0.23508453
36,Matty Cash,36,79,1.0,1.0,4.754922,3.754922
36,Matty Cash,37,90,0.0,0.0,4.3610516,4.3610516
36,Matty Cash,38,45,1.0,1.0,4.197157,3.197157
37,Lucas Digne,34,90,2.0,2.0,3.8902981,1.8902981
37,Lucas Digne,35,0,0.0,0.0,4.743819,4.743819
37,Lucas Digne,36,16,1.0,1.0,2.3710825,1.3710825
37,Lucas Digne,37,90,4.0,4.0,2.490501,1.5094991
37,Lucas Digne,38,0,0.0,0.0,4.742959,4.742959
38,Ezri Konsa Ngoyo,34,90,2.0,2.0,3.3263738,1.3263738
38,Ezri Konsa Ngoyo,35,0,0.0,0.0,3.8008463,3.8008463
38,Ezri Konsa Ngoyo,36,90,1.0,1.0,1.9146276,0.91462755
38,Ezri Konsa Ngoyo,37,90,1.0,1.0,3.4791188,2.4791188
38,Ezri Konsa Ngoyo,38,0,0.0,0.0,3.6687376,3.6687376
39,Ian Maatsen,34,0,0.0,0.0,3.8049216,3.8049216
39,Ian Maatsen,35,90,1.0,1.0,2.428569,1.4285691
39,Ian Maatsen,36,73,1.0,1.0,3.7945676,2.7945676
39,Ian Maatsen,37,5,1.0,1.0,4.758913,3.758913
39,Ian Maatsen,38,90,5.0,5.0,2.5437224,2.4562776
40,Tyrone Mings,34,0,0.0,0.0,3.9701314,3.9701314
40,Tyrone Mings,35,90,1.0,1.0,1.9070454,0.90704536
40,Tyrone Mings,36,90,0.0,0.0,4.4153433,4.4153433
40,Tyrone Mings,37,0,0.0,0.0,4.2778196,4.2778196
40,Tyrone Mings,38,90,4.0,4.0,2.3772767,1.6227233
41,Pau Torres,34,90,1.0,1.0,1.949693,0.94969296
41,Pau Torres,35,0,0.0,0.0,3.2186413,3.2186413
41,Pau Torres,36,0,0.0,0.0,1.7483188,1.7483188
41,Pau Torres,37,90,4.0,4.0,1.1277133,2.8722868
41,Pau Torres,38,17,1.0,1.0,4.214367,3.214367
42,Andrés García,34,0,0.0,0.0,0.5781092,0.5781092
42,Andrés García,35,0,0.0,0.0,0.49383163,0.49383163
42,Andrés García,36,0,0.0,0.0,0.35202044,0.35202044
42,Andrés García,37,0,0.0,0.0,0.3372842,0.3372842
42,Andrés García,38,45,1.0,1.0,0.31053424,0.68946576
43,Álex Moreno Lopera,34,0,0.0,0.0,0.31053424,0.31053424
43,Álex Moreno Lopera,35,0,0.0,0.0,0.31053424,0.31053424
43,Álex Moreno Lopera,36,0,0.0,0.0,0.31053424,0.31053424
43,Álex Moreno Lopera,37,0,0.0,0.0,0.31053424,0.31053424
43,Álex Moreno Lopera,38,0,0.0,0.0,0.31053424,0.31053424
44,Lamare Bogarde,34,73,2.0,2.0,1.0408833,0.9591167
44,Lamare Bogarde,35,90,1.0,1.0,3.2150168,2.2150168
44,Lamare Bogarde,36,10,1.0,1.0,4.1992617,3.1992617
44,Lamare Bogarde,37,0,0.0,0.0,2.6595044,2.6595044
44,Lamare Bogarde,38,72,2.0,2.0,1.6401803,0.35981965
45,Lino da Cruz Sousa,34,0,0.0,0.0,0.31053424,0.31053424
45,Lino da Cruz Sousa,35,0,0.0,0.0,0.31053424,0.31053424
45,Lino da Cruz Sousa,36,0,0.0,0.0,0.31053424,0.31053424
45,Lino da Cruz Sousa,37,0,0.0,0.0,0.31053424,0.31053424
45,Lino da Cruz Sousa,38,0,0.0,0.0,0.31053424,0.31053424
46,Yasin Özcan,34,0,0.0,0.0,0.31053424,0.31053424
46,Yasin Özcan,35,0,0.0,0.0,0.31053424,0.31053424
46,Yasin Özcan,36,0,0.0,0.0,0.31053424,0.31053424
46,Yasin Özcan,37,0,0.0,0.0,0.31053424,0.31053424
46,Yasin Özcan,38,0,0.0,0.0,0.31053424,0.31053424
47,Morgan Rogers,34,90,2.0,2.0,6.1834784,4.1834784
47,Morgan Rogers,35,90,1.0,1.0,5.5682583,4.5682583
47,Morgan Rogers,36,90,2.0,2.0,5.3851833,3.3851833
47,Morgan Rogers,37,90,12.0,12.0,4.7905216,7.2094784
47,Morgan Rogers,38,0,0.0,0.0,4.930746,4.930746
48,Youri Tielemans,34,73,2.0,2.0,4.598939,2.598939
48,Youri Tielemans,35,90,2.0,2.0,4.5202694,2.5202694
48,Youri Tielemans,36,90,4.0,4.0,4.5762444,0.57624435
48,Youri Tielemans,37,89,2.0,2.0,4.7448797,2.7448797
48,Youri Tielemans,38,17,1.0,1.0,3.9863482,2.9863482
49,Leon Bailey,34,16,1.0,1.0,1.5260718,0.5260718
49,Leon Bailey,35,5,1.0,1.0,2.5475125,1.5475125
49,Leon Bailey,36,5,1.0,1.0,1.8845954,0.8845954
49,Leon Bailey,37,0,0.0,0.0,2.2803574,2.2803574
49,Leon Bailey,38,90,5.0,5.0,1.4173563,3.5826437
50,Emiliano Buendía Stati,34,73,2.0,2.0,3.0761182,1.0761182
50,Emiliano Buendía Stati,35,5,6.0,6.0,3.90713,2.09287
50,Emiliano Buendía Stati,36,16,1.0,1.0,3.9229016,2.9229016
50,Emiliano Buendía Stati,37,84,2.0,2.0,3.2679806,1.2679806
50,Emiliano Buendía Stati,38,90,6.0,6.0,4.4824305,1.5175695
51,Samuel Iling-Junior,34,0,0.0,0.0,0.20978417,0.20978417
51,Samuel Iling-Junior,35,0,0.0,0.0,0.20978417,0.20978417
51,Samuel Iling-Junior,36,0,0.0,0.0,0.20978417,0.20978417
51,Samuel Iling-Junior,37,0,0.0,0.0,0.20978417,0.20978417
51,Samuel Iling-Junior,38,0,0.0,0.0,0.20978417,0.20978417
52,Jacob Ramsey,34,90,2.0,2.0,4.016716,2.016716
52,Jacob Ramsey,35,1,1.0,1.0,4.037151,3.0371509
52,Jacob Ramsey,36,29,4.0,4.0,2.0119731,1.9880269
52,Jacob Ramsey,37,90,9.0,9.0,3.1884959,5.8115044
52,Jacob Ramsey,38,90,4.0,4.0,4.5531545,0.55315447
53,Donyell Malen,34,0,0.0,0.0,0.20978417,0.20978417
53,Donyell Malen,35,0,0.0,0.0,0.20978417,0.20978417
53,Donyell Malen,36,0,0.0,0.0,0.20978417,0.20978417
53,Donyell Malen,37,0,0.0,0.0,0.20978417,0.20978417
53,Donyell Malen,38,0,0.0,0.0,0.20978417,0.20978417
54,John McGinn,34,73,2.0,2.0,4.810113,2.810113
54,John McGinn,35,0,0.0,0.0,5.0145054,5.0145054
54,John McGinn,36,84,5.0,5.0,2.8606856,2.1393144
54,John McGinn,37,89,6.0,6.0,5.261612,0.73838806
54,John McGinn,38,4,1.0,1.0,5.46764,4.46764
55,Ross Barkley,34,16,1.0,1.0,4.291293,3.2912931
55,Ross Barkley,35,84,1.0,1.0,2.547284,1.5472839
55,Ross Barkley,36,79,9.0,9.0,3.4424872,5.5575128
55,Ross Barkley,37,45,1.0,1.0,5.12941,4.12941
55,Ross Barkley,38,85,5.0,5.0,3.8724475,1.1275525
56,Enzo Barrenechea,34,0,0.0,0.0,0.20978417,0.20978417
56,Enzo Barrenechea,35,0,0.0,0.0,0.20978417,0.20978417
56,Enzo Barrenechea,36,0,0.0,0.0,0.20978417,0.20978417
56,Enzo Barrenechea,37,0,0.0,0.0,0.20978417,0.20978417
56,Enzo Barrenechea,38,0,0.0,0.0,0.20978417,0.20978417
57,Lewis Dobbin,34,0,0.0,0.0,0.20978417,0.20978417
57,Lewis Dobbin,35,0,0.0,0.0,0.20978417,0.20978417
57,Lewis Dobbin,36,0,0.0,0.0,0.20978417,0.20978417
57,Lewis Dobbin,37,0,0.0,0.0,0.20978417,0.20978417
57,Lewis Dobbin,38,0,0.0,0.0,0.20978417,0.20978417
58,Boubacar Kamara,34,0,0.0,0.0,0.20978417,0.20978417
58,Boubacar Kamara,35,0,0.0,0.0,0.20978417,0.20978417
58,Boubacar Kamara,36,0,0.0,0.0,0.20978417,0.20978417
58,Boubacar Kamara,37,0,0.0,0.0,0.20978417,0.20978417
58,Boubacar Kamara,38,0,0.0,0.0,0.20978417,0.20978417
59,Amadou Onana,34,0,0.0,0.0,4.6938725,4.6938725
59,Amadou Onana,35,0,0.0,0.0,3.2453215,3.2453215
59,Amadou Onana,36,0,0.0,0.0,2.2195613,2.2195613
59,Amadou Onana,37,0,0.0,0.0,1.22921,1.22921
59,Amadou Onana,38,17,1.0,1.0,0.75699914,0.24300086
60,Ben Broggio,34,0,0.0,0.0,0.20978417,0.20978417
60,Ben Broggio,35,0,0.0,0.0,0.20978417,0.20978417
60,Ben Broggio,36,0,0.0,0.0,0.20978417,0.20978417
60,Ben Broggio,37,0,0.0,0.0,0.20978417,0.20978417
60,Ben Broggio,38,0,0.0,0.0,0.20978417,0.20978417
61,Leander Dendoncker,34,0,0.0,0.0,0.20978417,0.20978417
61,Leander Dendoncker,35,0,0.0,0.0,0.20978417,0.20978417
61,Leander Dendoncker,36,0,0.0,0.0,0.20978417,0.20978417
61,Leander Dendoncker,37,0,0.0,0.0,0.20978417,0.20978417
61,Leander Dendoncker,38,0,0.0,0.0,0.20978417,0.20978417
62,Jamaldeen Jimoh-Aloba,34,0,0.0,0.0,0.20978417,0.20978417
62,Jamaldeen Jimoh-Aloba,35,0,0.0,0.0,0.20978417,0.20978417
62,Jamaldeen Jimoh-Aloba,36,0,0.0,0.0,0.20978417,0.20978417
62,Jamaldeen Jimoh-Aloba,37,0,0.0,0.0,0.20978417,0.20978417
62,Jamaldeen Jimoh-Aloba,38,0,0.0,0.0,0.20978417,0.20978417
63,Kadan Young,34,0,0.0,0.0,0.20978417,0.20978417
63,Kadan Young,35,0,0.0,0.0,0.20978417,0.20978417
63,Kadan Young,36,0,0.0,0.0,0.20978417,0.20978417
63,Kadan Young,37,0,0.0,0.0,0.20978417,0.20978417
63,Kadan Young,38,0,0.0,0.0,0.20978417,0.20978417
64,Ollie Watkins,34,79,2.0,2.0,6.1468873,4.1468873
64,Ollie Watkins,35,30,1.0,1.0,6.3453298,5.3453298
64,Ollie Watkins,36,90,9.0,9.0,3.9340727,5.0659275
64,Ollie Watkins,37,90,15.0,15.0,5.198124,9.801876
64,Ollie Watkins,38,90,13.0,13.0,5.8588753,7.1411247
65,Zépiqueno Redmond,34,0,0.0,0.0,0.1322251,0.1322251
65,Zépiqueno Redmond,35,0,0.0,0.0,0.1322251,0.1322251
65,Zépiqueno Redmond,36,0,0.0,0.0,0.1322251,0.1322251
65,Zépiqueno Redmond,37,0,0.0,0.0,0.1322251,0.1322251
65,Zépiqueno Redmond,38,0,0.0,0.0,0.1322251,0.1322251
83,Dango Ouattara,34,90,1.0,1.0,5.72291,4.72291
83,Dango Ouattara,35,89,6.0,6.0,6.397917,0.3979168
83,Dango Ouattara,36,22,1.0,1.0,5.675374,4.675374
83,Dango Ouattara,37,90,15.0,15.0,5.0793266,9.920673
83,Dango Ouattara,38,90,2.0,2.0,6.5632377,4.5632377
101,Caoimhín Kelleher,34,90,2.0,2.0,4.8353863,2.8353863
101,Caoimhín Kelleher,35,90,8.0,8.0,4.8773155,3.1226845
101,Caoimhín Kelleher,36,90,3.0,3.0,4.289859,1.2898588
101,Caoimhín Kelleher,37,90,2.0,2.0,4.1038756,2.1038756
101,Caoimhín Kelleher,38,90,6.0,6.0,4.718967,1.281033
102,Ellery Balcombe,34,0,0.0,0.0,0.1306434,0.1306434
102,Ellery Balcombe,35,0,0.0,0.0,0.1306434,0.1306434
102,Ellery Balcombe,36,0,0.0,0.0,0.1306434,0.1306434
102,Ellery Balcombe,37,0,0.0,0.0,0.1306434,0.1306434
102,Ellery Balcombe,38,0,0.0,0.0,0.1306434,0.1306434
103,Matthew Cox,34,0,0.0,0.0,0.1306434,0.1306434
103,Matthew Cox,35,0,0.0,0.0,0.1306434,0.1306434
103,Matthew Cox,36,0,0.0,0.0,0.1306434,0.1306434
103,Matthew Cox,37,0,0.0,0.0,0.1306434,0.1306434
103,Matthew Cox,38,0,0.0,0.0,0.1306434,0.1306434
104,Julian Eyestone,34,0,0.0,0.0,0.1306434,0.1306434
104,Julian Eyestone,35,0,0.0,0.0,0.1306434,0.1306434
104,Julian Eyestone,36,0,0.0,0.0,0.1306434,0.1306434
104,Julian Eyestone,37,0,0.0,0.0,0.1306434,0.1306434
104,Julian Eyestone,38,0,0.0,0.0,0.1306434,0.1306434
105,Hákon Rafn Valdimarsson,34,0,0.0,0.0,0.1306434,0.1306434
105,Hákon Rafn Valdimarsson,35,0,0.0,0.0,0.1306434,0.1306434
105,Hákon Rafn Valdimarsson,36,0,0.0,0.0,0.1306434,0.1306434
105,Hákon Rafn Valdimarsson,37,0,0.0,0.0,0.1306434,0.1306434
105,Hákon Rafn Valdimarsson,38,0,0.0,0.0,0.1306434,0.1306434
106,Nathan Collins,34,90,2.0,2.0,5.71589,3.71589
106,Nathan Collins,35,90,6.0,6.0,5.4736795,0.52632046
106,Nathan Collins,36,90,1.0,1.0,5.341872,4.341872
106,Nathan Collins,37,90,3.0,3.0,4.8293276,1.8293276
106,Nathan Collins,38,90,3.0,3.0,5.4356894,2.4356894
107,Keane Lewis-Potter,34,90,1.0,1.0,5.9737024,4.9737024
107,Keane Lewis-Potter,35,90,11.0,11.0,5.9627705,5.0372295
107,Keane Lewis-Potter,36,90,1.0,1.0,5.3650417,4.3650417
107,Keane Lewis-Potter,37,90,1.0,1.0,5.147137,4.147137
107,Keane Lewis-Potter,38,88,5.0,5.0,4.7719793,0.22802067
108,Kristoffer Ajer,34,0,0.0,0.0,0.14213476,0.14213476
108,Kristoffer Ajer,35,10,1.0,1.0,0.3672123,0.6327877
108,Kristoffer Ajer,36,90,2.0,2.0,0.6800897,1.3199103
108,Kristoffer Ajer,37,81,3.0,3.0,3.8124092,0.81240916
108,Kristoffer Ajer,38,0,0.0,0.0,4.412202,4.412202
109,Rico Henry,34,0,0.0,0.0,0.33756006,0.33756006
109,Rico Henry,35,0,0.0,0.0,0.31053424,0.31053424
109,Rico Henry,36,0,0.0,0.0,0.31053424,0.31053424
109,Rico Henry,37,0,0.0,0.0,0.31053424,0.31053424
109,Rico Henry,38,0,0.0,0.0,0.31053424,0.31053424
110,Michael Kayode,34,90,1.0,1.0,5.357932,4.357932
110,Michael Kayode,35,90,5.0,5.0,6.3918953,1.3918953
110,Michael Kayode,36,90,1.0,1.0,4.8706,3.8706002
110,Michael Kayode,37,90,0.0,0.0,5.0340996,5.0340996
110,Michael Kayode,38,90,2.0,2.0,4.2179136,2.2179136
111,Ethan Pinnock,34,0,0.0,0.0,1.0123849,1.0123849
111,Ethan Pinnock,35,0,0.0,0.0,0.39402193,0.39402193
111,Ethan Pinnock,36,0,0.0,0.0,0.25290313,0.25290313
111,Ethan Pinnock,37,0,0.0,0.0,0.31053424,0.31053424
111,Ethan Pinnock,38,0,0.0,0.0,0.31053424,0.31053424
112,Mads Roerslev Rasmussen,34,0,0.0,0.0,0.31053424,0.31053424
112,Mads Roerslev Rasmussen,35,0,0.0,0.0,0.31053424,0.31053424
112,Mads Roerslev Rasmussen,36,0,0.0,0.0,0.31053424,0.31053424
112,Mads Roerslev Rasmussen,37,0,0.0,0.0,0.31053424,0.31053424
112,Mads Roerslev Rasmussen,38,0,0.0,0.0,0.31053424,0.31053424
113,Sepp van den Berg,34,90,0.0,0.0,5.261604,5.261604
113,Sepp van den Berg,35,90,6.0,6.0,5.2042856,0.7957144
113,Sepp van den Berg,36,0,0.0,0.0,5.633705,5.633705
113,Sepp van den Berg,37,8,4.0,4.0,3.4926217,0.50737834
113,Sepp van den Berg,38,90,4.0,4.0,3.9199715,0.080028534
114,Benjamin Arthur,34,0,0.0,0.0,0.31053424,0.31053424
114,Benjamin Arthur,35,0,0.0,0.0,0.31053424,0.31053424
114,Benjamin Arthur,36,0,0.0,0.0,0.31053424,0.31053424
114,Benjamin Arthur,37,0,0.0,0.0,0.31053424,0.31053424
114,Benjamin Arthur,38,0,0.0,0.0,0.31053424,0.31053424
115,Benjamin Fredrick,34,0,0.0,0.0,0.31053424,0.31053424
115,Benjamin Fredrick,35,0,0.0,0.0,0.31053424,0.31053424
115,Benjamin Fredrick,36,0,0.0,0.0,0.31053424,0.31053424
115,Benjamin Fredrick,37,0,0.0,0.0,0.31053424,0.31053424
115,Benjamin Fredrick,38,0,0.0,0.0,0.31053424,0.31053424
116,Aaron Hickey,34,0,0.0,0.0,0.31053424,0.31053424
116,Aaron Hickey,35,1,1.0,1.0,0.31053424,0.68946576
116,Aaron Hickey,36,60,2.0,2.0,0.88941735,1.1105826
116,Aaron Hickey,37,0,0.0,0.0,3.6096833,3.6096833
116,Aaron Hickey,38,30,1.0,1.0,1.7467799,0.7467799
117,Kim Ji-soo,34,0,0.0,0.0,0.31053424,0.31053424
117,Kim Ji-soo,35,0,0.0,0.0,0.31053424,0.31053424
117,Kim Ji-soo,36,0,0.0,0.0,0.31053424,0.31053424
117,Kim Ji-soo,37,0,0.0,0.0,0.31053424,0.31053424
117,Kim Ji-soo,38,0,0.0,0.0,0.31053424,0.31053424
118,Jayden Meghoma,34,0,0.0,0.0,0.31053424,0.31053424
118,Jayden Meghoma,35,0,0.0,0.0,0.31053424,0.31053424
118,Jayden Meghoma,36,0,0.0,0.0,0.31053424,0.31053424
118,Jayden Meghoma,37,0,0.0,0.0,0.31053424,0.31053424
118,Jayden Meghoma,38,0,0.0,0.0,0.31053424,0.31053424
119,Bryan Mbeumo,34,73,3.0,3.0,3.9159033,0.91590333
119,Bryan Mbeumo,35,74,2.0,2.0,4.166379,2.166379
119,Bryan Mbeumo,36,15,1.0,1.0,5.520504,4.520504
119,Bryan Mbeumo,37,79,7.0,7.0,3.1677444,3.8322556
119,Bryan Mbeumo,38,73,9.0,9.0,6.0073237,2.9926763
120,Kevin Schade,34,72,2.0,2.0,5.581173,3.581173
120,Kevin Schade,35,79,3.0,3.0,4.3912277,1.3912277
120,Kevin Schade,36,90,2.0,2.0,4.314393,2.314393
120,Kevin Schade,37,27,1.0,1.0,4.0796266,3.0796266
120,Kevin Schade,38,90,7.0,7.0,2.8583713,4.1416287
121,Mikkel Damsgaard,34,90,2.0,2.0,4.4475174,2.4475174
121,Mikkel Damsgaard,35,90,11.0,11.0,5.176657,5.823343
121,Mikkel Damsgaard,36,68,4.0,4.0,5.569106,1.5691061
121,Mikkel Damsgaard,37,90,2.0,2.0,5.1342306,3.1342306
121,Mikkel Damsgaard,38,7,1.0,1.0,5.4168215,4.4168215
122,Antoni Milambo,34,0,0.0,0.0,0.20978417,0.20978417
122,Antoni Milambo,35,0,0.0,0.0,0.20978417,0.20978417
122,Antoni Milambo,36,0,0.0,0.0,0.20978417,0.20978417
122,Antoni Milambo,37,0,0.0,0.0,0.20978417,0.20978417
122,Antoni Milambo,38,0,0.0,0.0,0.20978417,0.20978417
123,Fábio Freitas Gouveia Carvalho,34,0,0.0,0.0,0.20978417,0.20978417
123,Fábio Freitas Gouveia Carvalho,35,0,0.0,0.0,0.20978417,0.20978417
123,Fábio Freitas Gouveia Carvalho,36,0,0.0,0.0,0.20978417,0.20978417
123,Fábio Freitas Gouveia Carvalho,37,0,0.0,0.0,0.20978417,0.20978417
123,Fábio Freitas Gouveia Carvalho,38,0,0.0,0.0,0.20978417,0.20978417
124,Jordan Henderson,34,0,0.0,0.0,1.345734,1.345734
124,Jordan Henderson,35,0,0.0,0.0,0.87112176,0.87112176
124,Jordan Henderson,36,11,0.0,0.0,0.21015236,0.21015236
124,Jordan Henderson,37,27,1.0,1.0,0.93191004,0.06808996
124,Jordan Henderson,38,59,0.0,0.0,1.6116903,1.6116903
125,Vitaly Janelt,34,0,0.0,0.0,0.20978417,0.20978417
125,Vitaly Janelt,35,0,0.0,0.0,0.20978417,0.20978417
125,Vitaly Janelt,36,29,1.0,1.0,0.20978417,0.79021585
125,Vitaly Janelt,37,62,2.0,2.0,1.4749136,0.5250864
125,Vitaly Janelt,38,90,1.0,1.0,3.4518955,2.4518955
126,Mathias Jensen,34,90,10.0,10.0,5.0286307,4.9713693
126,Mathias Jensen,35,90,3.0,3.0,5.0954156,2.0954156
126,Mathias Jensen,36,90,4.0,4.0,5.3430905,1.3430905
126,Mathias Jensen,37,62,2.0,2.0,5.0301065,3.0301065
126,Mathias Jensen,38,82,2.0,2.0,4.0790234,2.0790234
127,Gustavo Nunes Fernandes Gomes,34,0,0.0,0.0,0.20978417,0.20978417
127,Gustavo Nunes Fernandes Gomes,35,0,0.0,0.0,0.20978417,0.20978417
127,Gustavo Nunes Fernandes Gomes,36,0,0.0,0.0,0.20978417,0.20978417
127,Gustavo Nunes Fernandes Gomes,37,0,0.0,0.0,0.20978417,0.20978417
127,Gustavo Nunes Fernandes Gomes,38,0,0.0,0.0,0.20978417,0.20978417
128,Frank Onyeka,34,0,0.0,0.0,0.20978417,0.20978417
128,Frank Onyeka,35,0,0.0,0.0,0.20978417,0.20978417
128,Frank Onyeka,36,0,0.0,0.0,0.20978417,0.20978417
128,Frank Onyeka,37,0,0.0,0.0,0.20978417,0.20978417
128,Frank Onyeka,38,0,0.0,0.0,0.20978417,0.20978417
129,Yehor Yarmoliuk,34,90,4.0,4.0,4.184284,0.18428421
129,Yehor Yarmoliuk,35,90,3.0,3.0,4.666147,1.6661472
129,Yehor Yarmoliuk,36,78,2.0,2.0,4.2706537,2.2706537
129,Yehor Yarmoliuk,37,88,8.0,8.0,4.0408554,3.9591446
129,Yehor Yarmoliuk,38,0,0.0,0.0,4.005612,4.005612
130,Romelle Donovan,34,0,0.0,0.0,0.20978417,0.20978417
130,Romelle Donovan,35,0,0.0,0.0,0.20978417,0.20978417
130,Romelle Donovan,36,0,0.0,0.0,0.20978417,0.20978417
130,Romelle Donovan,37,0,0.0,0.0,0.20978417,0.20978417
130,Romelle Donovan,38,0,0.0,0.0,0.20978417,0.20978417
131,Yunus Emre Konak,34,0,0.0,0.0,0.20978417,0.20978417
131,Yunus Emre Konak,35,0,0.0,0.0,0.20978417,0.20978417
131,Yunus Emre Konak,36,0,0.0,0.0,0.20978417,0.20978417
131,Yunus Emre Konak,37,0,0.0,0.0,0.20978417,0.20978417
131,Yunus Emre Konak,38,0,0.0,0.0,0.20978417,0.20978417
132,Paris Maghoma,34,0,0.0,0.0,0.20978417,0.20978417
132,Paris Maghoma,35,0,0.0,0.0,0.20978417,0.20978417
132,Paris Maghoma,36,0,0.0,0.0,0.20978417,0.20978417
132,Paris Maghoma,37,0,0.0,0.0,0.20978417,0.20978417
132,Paris Maghoma,38,0,0.0,0.0,0.20978417,0.20978417
133,Myles Peart-Harris,34,0,0.0,0.0,0.20978417,0.20978417
133,Myles Peart-Harris,35,0,0.0,0.0,0.20978417,0.20978417
133,Myles Peart-Harris,36,0,0.0,0.0,0.20978417,0.20978417
133,Myles Peart-Harris,37,0,0.0,0.0,0.20978417,0.20978417
133,Myles Peart-Harris,38,0,0.0,0.0,0.20978417,0.20978417
134,Ryan Trevitt,34,0,0.0,0.0,0.20978417,0.20978417
134,Ryan Trevitt,35,0,0.0,0.0,0.20978417,0.20978417
134,Ryan Trevitt,36,0,0.0,0.0,0.20978417,0.20978417
134,Ryan Trevitt,37,0,0.0,0.0,0.20978417,0.20978417
134,Ryan Trevitt,38,0,0.0,0.0,0.20978417,0.20978417
135,Yoane Wissa,34,24,1.0,1.0,0.60375744,0.39624256
135,Yoane Wissa,35,22,3.0,3.0,2.454362,0.5456381
135,Yoane Wissa,36,19,1.0,1.0,3.318456,2.318456
135,Yoane Wissa,37,5,1.0,1.0,1.7998624,0.7998624
135,Yoane Wissa,38,24,0.0,0.0,1.3123287,1.3123287
136,Igor Thiago Nascimento Rodrigues,34,90,1.0,1.0,6.4776473,5.4776473
136,Igor Thiago Nascimento Rodrigues,35,90,6.0,6.0,5.874651,0.12534904
136,Igor Thiago Nascimento Rodrigues,36,90,2.0,2.0,6.7009554,4.7009554
136,Igor Thiago Nascimento Rodrigues,37,90,2.0,2.0,6.2369685,4.2369685
136,Igor Thiago Nascimento Rodrigues,38,90,2.0,2.0,5.217254,3.2172542
137,Iwan Morgan,34,0,0.0,0.0,0.1322251,0.1322251
137,Iwan Morgan,35,0,0.0,0.0,0.1322251,0.1322251
137,Iwan Morgan,36,0,0.0,0.0,0.1322251,0.1322251
137,Iwan Morgan,37,0,0.0,0.0,0.1322251,0.1322251
137,Iwan Morgan,38,0,0.0,0.0,0.1322251,0.1322251
242,Kiernan Dewsbury-Hall,34,90,8.0,8.0,5.3330503,2.6669497
242,Kiernan Dewsbury-Hall,35,90,2.0,2.0,5.5456777,3.5456777
242,Kiernan Dewsbury-Hall,36,90,5.0,5.0,5.4038124,0.4038124
242,Kiernan Dewsbury-Hall,37,90,2.0,2.0,5.528511,3.528511
242,Kiernan Dewsbury-Hall,38,83,2.0,2.0,5.67406,3.6740599
243,Tyrique George,34,25,1.0,1.0,2.7973096,1.7973096
243,Tyrique George,35,0,0.0,0.0,3.6929696,3.6929696
243,Tyrique George,36,10,1.0,1.0,2.3518696,1.3518696
243,Tyrique George,37,17,1.0,1.0,2.8331316,1.8331316
243,Tyrique George,38,28,1.0,1.0,3.352463,2.352463
253,Dean Henderson,37,90,0.0,0.0,4.413515,4.413515
253,Dean Henderson,38,90,2.0,2.0,4.442134,2.442134
254,Walter Benítez,37,0,0.0,0.0,0.1306434,0.1306434
254,Walter Benítez,38,0,0.0,0.0,0.1306434,0.1306434
255,Remi Matthews,37,0,0.0,0.0,0.1306434,0.1306434
255,Remi Matthews,38,0,0.0,0.0,0.1306434,0.1306434
256,Daniel Muñoz Mejía,37,90,6.0,6.0,5.4152274,0.5847726
256,Daniel Muñoz Mejía,38,45,1.0,1.0,5.366472,4.366472
257,Maxence Lacroix,37,60,2.0,2.0,5.6452436,3.6452436
257,Maxence Lacroix,38,0,0.0,0.0,5.29867,5.29867
258,Tyrick Mitchell,37,90,1.0,1.0,5.136865,4.136865
258,Tyrick Mitchell,38,45,1.0,1.0,5.5372753,4.5372753
259,Borna Sosa,37,0,0.0,0.0,0.8700445,0.8700445
259,Borna Sosa,38,0,0.0,0.0,0.69807386,0.69807386
261,Chris Richards,37,29,0.0,0.0,5.4573135,5.4573135
261,Chris Richards,38,0,0.0,0.0,3.5049582,3.5049582
262,Chadi Riad Dnanou,37,73,2.0,2.0,1.7650377,0.23496234
262,Chadi Riad Dnanou,38,90,3.0,3.0,3.7195919,0.71959186
263,Nathaniel Clyne,37,0,0.0,0.0,1.547431,1.547431
263,Nathaniel Clyne,38,90,1.0,1.0,1.0010493,0.0010492802
264,Rob Holding,37,0,0.0,0.0,0.31053424,0.31053424
264,Rob Holding,38,0,0.0,0.0,0.31053424,0.31053424
265,Caleb Kporha,37,0,0.0,0.0,0.31053424,0.31053424
265,Caleb Kporha,38,0,0.0,0.0,0.31053424,0.31053424
266,Eberechi Eze,37,72,3.0,3.0,4.448707,1.4487071
266,Eberechi Eze,38,15,1.0,1.0,5.6045103,4.6045103
267,Ismaïla Sarr,37,90,7.0,7.0,6.988373,0.011627197
267,Ismaïla Sarr,38,45,1.0,1.0,7.180706,6.180706
268,Cheick Doucouré,37,0,0.0,0.0,0.20978417,0.20978417
268,Cheick Doucouré,38,0,0.0,0.0,0.20978417,0.20978417
269,Romain Esse,37,0,0.0,0.0,0.20978417,0.20978417
269,Romain Esse,38,0,0.0,0.0,0.20978417,0.20978417
270,Will Hughes,37,0,0.0,0.0,3.4628372,3.4628372
270,Will Hughes,38,90,2.0,2.0,1.5319331,0.46806693
271,Daichi Kamada,37,90,4.0,4.0,4.3880377,0.38803768
271,Daichi Kamada,38,45,1.0,1.0,4.924752,3.9247522
272,Jefferson Lerma Solís,37,16,0.0,0.0,4.103832,4.103832
272,Jefferson Lerma Solís,38,90,4.0,4.0,2.2033312,1.7966688
273,Adam Wharton,37,90,11.0,11.0,5.1196876,5.8803124
273,Adam Wharton,38,16,1.0,1.0,5.3283024,4.3283024
274,Asher Agbinone,37,0,0.0,0.0,0.20978417,0.20978417
274,Asher Agbinone,38,0,0.0,0.0,0.20978417,0.20978417
275,Naouirou Ahamada,37,0,0.0,0.0,0.20978417,0.20978417
275,Naouirou Ahamada,38,0,0.0,0.0,0.20978417,0.20978417
276,Justin Devenny,37,0,0.0,0.0,1.4267583,1.4267583
276,Justin Devenny,38,90,2.0,2.0,0.8051075,1.1948925
277,Malcolm Ebiowei,37,0,0.0,0.0,0.20978417,0.20978417
277,Malcolm Ebiowei,38,0,0.0,0.0,0.20978417,0.20978417
278,Jesurun Rak-Sakyi,37,0,0.0,0.0,0.20978417,0.20978417
278,Jesurun Rak-Sakyi,38,0,0.0,0.0,0.20978417,0.20978417
279,Matheus França de Oliveira,37,0,0.0,0.0,0.20978417,0.20978417
279,Matheus França de Oliveira,38,0,0.0,0.0,0.20978417,0.20978417
280,David Ozoh,37,0,0.0,0.0,0.20978417,0.20978417
280,David Ozoh,38,0,0.0,0.0,0.20978417,0.20978417
281,Kaden Rodney,37,0,0.0,0.0,0.20978417,0.20978417
281,Kaden Rodney,38,0,0.0,0.0,0.20978417,0.20978417
282,Franco Umeh-Chibueze,37,0,0.0,0.0,0.20978417,0.20978417
282,Franco Umeh-Chibueze,38,0,0.0,0.0,0.20978417,0.20978417
283,Jean-Philippe Mateta,37,29,1.0,1.0,5.5152907,4.5152907
283,Jean-Philippe Mateta,38,13,6.0,6.0,3.3174102,2.6825898
284,Eddie Nketiah,37,0,0.0,0.0,0.1322251,0.1322251
284,Eddie Nketiah,38,0,0.0,0.0,0.1322251,0.1322251
285,Odsonne Édouard,37,0,0.0,0.0,0.1322251,0.1322251
285,Odsonne Édouard,38,0,0.0,0.0,0.1322251,0.1322251
286,Zach Marsh,37,0,0.0,0.0,0.1322251,0.1322251
286,Zach Marsh,38,0,0.0,0.0,0.1322251,0.1322251
287,Jordan Pickford,34,90,1.0,1.0,4.026088,3.0260882
287,Jordan Pickford,35,90,1.0,1.0,4.6719313,3.6719313
287,Jordan Pickford,36,90,3.0,3.0,4.9050064,1.9050064
287,Jordan Pickford,37,90,1.0,1.0,3.9955442,2.9955442
287,Jordan Pickford,38,90,2.0,2.0,5.281673,3.281673
288,Mark Travers,34,0,0.0,0.0,0.1306434,0.1306434
288,Mark Travers,35,0,0.0,0.0,0.1306434,0.1306434
288,Mark Travers,36,0,0.0,0.0,0.1306434,0.1306434
288,Mark Travers,37,0,0.0,0.0,0.1306434,0.1306434
288,Mark Travers,38,0,0.0,0.0,0.1306434,0.1306434
289,Harry Tyrer,34,0,0.0,0.0,0.1306434,0.1306434
289,Harry Tyrer,35,0,0.0,0.0,0.1306434,0.1306434
289,Harry Tyrer,36,0,0.0,0.0,0.1306434,0.1306434
289,Harry Tyrer,37,0,0.0,0.0,0.1306434,0.1306434
289,Harry Tyrer,38,0,0.0,0.0,0.1306434,0.1306434
290,Jarrad Branthwaite,34,0,0.0,0.0,4.385502,4.385502
290,Jarrad Branthwaite,35,0,0.0,0.0,2.5037215,2.5037215
290,Jarrad Branthwaite,36,0,0.0,0.0,1.4451993,1.4451993
290,Jarrad Branthwaite,37,0,0.0,0.0,0.7611543,0.7611543
290,Jarrad Branthwaite,38,0,0.0,0.0,0.58149403,0.58149403
291,James Tarkowski,34,90,3.0,3.0,5.299032,2.2990322
291,James Tarkowski,35,90,0.0,0.0,4.549895,4.549895
291,James Tarkowski,36,90,15.0,15.0,5.1236086,9.876391
291,James Tarkowski,37,90,3.0,3.0,5.1300526,2.1300526
291,James Tarkowski,38,90,3.0,3.0,6.1421175,3.1421175
292,Vitalii Mykolenko,34,90,1.0,1.0,5.061631,4.061631
292,Vitalii Mykolenko,35,90,1.0,1.0,4.6471243,3.6471243
292,Vitalii Mykolenko,36,90,0.0,0.0,4.755998,4.755998
292,Vitalii Mykolenko,37,90,1.0,1.0,3.6617804,2.6617804
292,Vitalii Mykolenko,38,90,2.0,2.0,4.250655,2.2506552
293,Jake O'Brien,34,64,1.0,1.0,4.8798904,3.8798904
293,Jake O'Brien,35,90,6.0,6.0,3.810323,2.189677
293,Jake O'Brien,36,90,1.0,1.0,4.851101,3.851101
293,Jake O'Brien,37,87,0.0,0.0,4.054158,4.054158
293,Jake O'Brien,38,61,1.0,1.0,5.547778,4.547778
294,Séamus Coleman,34,0,0.0,0.0,0.31053424,0.31053424
294,Séamus Coleman,35,0,0.0,0.0,0.31053424,0.31053424
294,Séamus Coleman,36,0,0.0,0.0,0.31053424,0.31053424
294,Séamus Coleman,37,2,1.0,1.0,0.31053424,0.68946576
294,Séamus Coleman,38,6,1.0,1.0,0.9844296,0.015570402
295,Michael Keane,34,90,1.0,1.0,2.2467473,1.2467473
295,Michael Keane,35,90,2.0,2.0,3.4215689,1.4215689
295,Michael Keane,36,90,1.0,1.0,4.014182,3.014182
295,Michael Keane,37,90,4.0,4.0,5.043954,1.0439539
295,Michael Keane,38,90,4.0,4.0,4.703713,0.70371294
296,Nathan Patterson,34,0,0.0,0.0,0.31053424,0.31053424
296,Nathan Patterson,35,1,1.0,1.0,0.31053424,0.68946576
296,Nathan Patterson,36,0,0.0,0.0,0.74744534,0.74744534
296,Nathan Patterson,37,0,0.0,0.0,0.56378245,0.56378245
296,Nathan Patterson,38,0,0.0,0.0,0.5012494,0.5012494
297,Roman Dixon,34,0,0.0,0.0,0.31053424,0.31053424
297,Roman Dixon,35,0,0.0,0.0,0.31053424,0.31053424
297,Roman Dixon,36,0,0.0,0.0,0.31053424,0.31053424
297,Roman Dixon,37,0,0.0,0.0,0.31053424,0.31053424
297,Roman Dixon,38,0,0.0,0.0,0.31053424,0.31053424
298,Reece Welch,34,0,0.0,0.0,0.31053424,0.31053424
298,Reece Welch,35,0,0.0,0.0,0.31053424,0.31053424
298,Reece Welch,36,0,0.0,0.0,0.31053424,0.31053424
298,Reece Welch,37,0,0.0,0.0,0.31053424,0.31053424
298,Reece Welch,38,0,0.0,0.0,0.31053424,0.31053424
299,Iliman Ndiaye,34,90,2.0,2.0,5.368286,3.3682861
299,Iliman Ndiaye,35,90,2.0,2.0,4.6919136,2.6919136
299,Iliman Ndiaye,36,90,2.0,2.0,6.206907,4.206907
299,Iliman Ndiaye,37,90,2.0,2.0,5.2711897,3.2711897
299,Iliman Ndiaye,38,90,2.0,2.0,4.428112,2.428112
300,Dwight McNeil,34,64,2.0,2.0,4.9984426,2.9984426
300,Dwight McNeil,35,0,0.0,0.0,4.6571355,4.6571355
300,Dwight McNeil,36,0,0.0,0.0,2.3077507,2.3077507
300,Dwight McNeil,37,2,1.0,1.0,1.5966395,0.5966395
300,Dwight McNeil,38,0,0.0,0.0,1.5052369,1.5052369
301,Carlos Alcaraz Durán,34,4,0.0,0.0,0.20978417,0.20978417
301,Carlos Alcaraz Durán,35,1,1.0,1.0,0.9301665,0.06983352
301,Carlos Alcaraz Durán,36,1,1.0,1.0,0.98710215,0.012897849
301,Carlos Alcaraz Durán,37,0,0.0,0.0,1.162421,1.162421
301,Carlos Alcaraz Durán,38,6,1.0,1.0,0.667309,0.332691
302,Idrissa Gana Gueye,34,85,2.0,2.0,5.1591063,3.1591063
302,Idrissa Gana Gueye,35,0,0.0,0.0,5.4435544,5.4435544
302,Idrissa Gana Gueye,36,0,0.0,0.0,2.7735925,2.7735925
302,Idrissa Gana Gueye,37,0,0.0,0.0,2.0406122,2.0406122
302,Idrissa Gana Gueye,38,0,0.0,0.0,0.9095969,0.9095969
303,James Garner,34,90,3.0,3.0,4.9035463,1.9035463
303,James Garner,35,90,5.0,5.0,4.5079956,0.4920044
303,James Garner,36,90,1.0,1.0,5.053773,4.053773
303,James Garner,37,90,1.0,1.0,4.6781435,3.6781435
303,James Garner,38,90,4.0,4.0,5.1935744,1.1935744
304,Tim Iroegbunam,34,25,1.0,1.0,1.2499192,0.24991918
304,Tim Iroegbunam,35,90,2.0,2.0,2.327841,0.32784104
304,Tim Iroegbunam,36,90,2.0,2.0,4.641922,2.641922
304,Tim Iroegbunam,37,72,1.0,1.0,3.9101188,2.9101188
304,Tim Iroegbunam,38,83,4.0,4.0,3.8225372,0.17746282
305,Harrison Armstrong,34,0,0.0,0.0,0.42827857,0.42827857
305,Harrison Armstrong,35,1,1.0,1.0,0.36104357,0.6389564
305,Harrison Armstrong,36,0,0.0,0.0,0.49013174,0.49013174
305,Harrison Armstrong,37,0,0.0,0.0,0.35605735,0.35605735
305,Harrison Armstrong,38,28,1.0,1.0,0.31872046,0.68127954
306,Callum Bates,34,0,0.0,0.0,0.20978417,0.20978417
306,Callum Bates,35,0,0.0,0.0,0.20978417,0.20978417
306,Callum Bates,36,0,0.0,0.0,0.20978417,0.20978417
306,Callum Bates,37,0,0.0,0.0,0.20978417,0.20978417
306,Callum Bates,38,0,0.0,0.0,0.20978417,0.20978417
307,Coby Ebere,34,0,0.0,0.0,0.20978417,0.20978417
307,Coby Ebere,35,0,0.0,0.0,0.20978417,0.20978417
307,Coby Ebere,36,0,0.0,0.0,0.20978417,0.20978417
307,Coby Ebere,37,0,0.0,0.0,0.20978417,0.20978417
307,Coby Ebere,38,0,0.0,0.0,0.20978417,0.20978417
308,Isaac Heath,34,0,0.0,0.0,0.20978417,0.20978417
308,Isaac Heath,35,0,0.0,0.0,0.20978417,0.20978417
308,Isaac Heath,36,0,0.0,0.0,0.20978417,0.20978417
308,Isaac Heath,37,0,0.0,0.0,0.20978417,0.20978417
308,Isaac Heath,38,0,0.0,0.0,0.20978417,0.20978417
309,Jenson Metcalfe,34,0,0.0,0.0,0.20978417,0.20978417
309,Jenson Metcalfe,35,0,0.0,0.0,0.20978417,0.20978417
309,Jenson Metcalfe,36,0,0.0,0.0,0.20978417,0.20978417
309,Jenson Metcalfe,37,0,0.0,0.0,0.20978417,0.20978417
309,Jenson Metcalfe,38,0,0.0,0.0,0.20978417,0.20978417
310,Thierno Barry,34,90,2.0,2.0,2.456639,0.45663905
310,Thierno Barry,35,26,11.0,11.0,5.648901,5.351099
310,Thierno Barry,36,20,1.0,1.0,5.9634533,4.9634533
310,Thierno Barry,37,17,1.0,1.0,4.2307053,3.2307053
310,Thierno Barry,38,83,2.0,2.0,3.3801477,1.3801477
311,Norberto Bercique Gomes Betuncal,34,0,0.0,0.0,6.6689754,6.6689754
311,Norberto Bercique Gomes Betuncal,35,63,1.0,1.0,4.1646004,3.1646004
311,Norberto Bercique Gomes Betuncal,36,69,8.0,8.0,4.860695,3.139305
311,Norberto Bercique Gomes Betuncal,37,72,2.0,2.0,5.1467724,3.1467724
311,Norberto Bercique Gomes Betuncal,38,6,1.0,1.0,4.8745327,3.8745327
312,Youssef Ramalho Chermiti,34,0,0.0,0.0,0.1322251,0.1322251
312,Youssef Ramalho Chermiti,35,0,0.0,0.0,0.1322251,0.1322251
312,Youssef Ramalho Chermiti,36,0,0.0,0.0,0.1322251,0.1322251
312,Youssef Ramalho Chermiti,37,0,0.0,0.0,0.1322251,0.1322251
312,Youssef Ramalho Chermiti,38,0,0.0,0.0,0.1322251,0.1322251
313,Martin Sherif,34,0,0.0,0.0,0.1322251,0.1322251
313,Martin Sherif,35,0,0.0,0.0,0.1322251,0.1322251
313,Martin Sherif,36,0,0.0,0.0,0.1322251,0.1322251
313,Martin Sherif,37,0,0.0,0.0,0.1322251,0.1322251
313,Martin Sherif,38,0,0.0,0.0,0.1322251,0.1322251
314,Bernd Leno,34,90,7.0,7.0,4.1716194,2.8283806
314,Bernd Leno,35,90,3.0,3.0,4.816308,1.816308
314,Bernd Leno,36,90,3.0,3.0,4.1483145,1.1483145
314,Bernd Leno,37,90,2.0,2.0,4.448479,2.4484792
314,Bernd Leno,38,90,6.0,6.0,4.642684,1.357316
315,Steven Benda,34,0,0.0,0.0,0.1306434,0.1306434
315,Steven Benda,35,0,0.0,0.0,0.1306434,0.1306434
315,Steven Benda,36,0,0.0,0.0,0.1306434,0.1306434
315,Steven Benda,37,0,0.0,0.0,0.1306434,0.1306434
315,Steven Benda,38,0,0.0,0.0,0.1306434,0.1306434
316,Antonee Robinson,34,9,1.0,1.0,3.7733614,2.7733614
316,Antonee Robinson,35,90,1.0,1.0,2.928737,1.9287369
316,Antonee Robinson,36,90,1.0,1.0,3.9318106,2.9318106
316,Antonee Robinson,37,90,12.0,12.0,4.058275,7.941725
316,Antonee Robinson,38,90,6.0,6.0,5.3374734,0.6625266
317,Joachim Andersen,34,90,11.0,11.0,5.1464987,5.8535013
317,Joachim Andersen,35,90,3.0,3.0,5.1674156,2.1674156
317,Joachim Andersen,36,51,-2.0,-2.0,5.199194,7.199194
317,Joachim Andersen,37,0,0.0,0.0,0.90304816,0.90304816
317,Joachim Andersen,38,0,0.0,0.0,2.712426,2.712426
318,Calvin Bassey,34,90,6.0,6.0,5.086616,0.91338396
318,Calvin Bassey,35,90,1.0,1.0,5.138792,4.138792
318,Calvin Bassey,36,90,2.0,2.0,4.8432927,2.8432927
318,Calvin Bassey,37,90,2.0,2.0,4.4549727,2.4549727
318,Calvin Bassey,38,90,6.0,6.0,4.7270346,1.2729654
319,Timothy Castagne,34,90,5.0,5.0,5.001619,0.0016188622
319,Timothy Castagne,35,90,1.0,1.0,5.036603,4.036603
319,Timothy Castagne,36,82,2.0,2.0,5.432824,3.4328241
319,Timothy Castagne,37,90,5.0,5.0,4.986044,0.01395607
319,Timothy Castagne,38,90,8.0,8.0,4.9544725,3.0455275
320,Issa Diop,34,0,0.0,0.0,0.5922452,0.5922452
320,Issa Diop,35,0,0.0,0.0,0.31053424,0.31053424
320,Issa Diop,36,45,1.0,1.0,0.31053424,0.68946576
320,Issa Diop,37,90,2.0,2.0,1.767169,0.232831
320,Issa Diop,38,85,15.0,15.0,4.3254714,10.674528
321,Jorge Cuenca Barreno,34,0,0.0,0.0,0.31053424,0.31053424
321,Jorge Cuenca Barreno,35,0,0.0,0.0,0.31053424,0.31053424
321,Jorge Cuenca Barreno,36,0,0.0,0.0,0.31053424,0.31053424
321,Jorge Cuenca Barreno,37,0,0.0,0.0,0.31053424,0.31053424
321,Jorge Cuenca Barreno,38,4,0.0,0.0,0.31053424,0.31053424
322,Kenny Tete,34,0,0.0,0.0,0.8925736,0.8925736
322,Kenny Tete,35,0,0.0,0.0,0.2572972,0.2572972
322,Kenny Tete,36,0,0.0,0.0,0.31053424,0.31053424
322,Kenny Tete,37,0,0.0,0.0,0.31053424,0.31053424
322,Kenny Tete,38,0,0.0,0.0,0.31053424,0.31053424
323,Samuel Amissah,34,0,0.0,0.0,0.31053424,0.31053424
323,Samuel Amissah,35,0,0.0,0.0,0.31053424,0.31053424
323,Samuel Amissah,36,0,0.0,0.0,0.31053424,0.31053424
323,Samuel Amissah,37,0,0.0,0.0,0.31053424,0.31053424
323,Samuel Amissah,38,0,0.0,0.0,0.31053424,0.31053424
324,Alex Iwobi,34,0,0.0,0.0,4.701467,4.701467
324,Alex Iwobi,35,0,0.0,0.0,2.894004,2.894004
324,Alex Iwobi,36,0,0.0,0.0,2.2649014,2.2649014
324,Alex Iwobi,37,66,2.0,2.0,1.4538031,0.54619694
324,Alex Iwobi,38,90,3.0,3.0,4.6041493,1.6041493
325,Emile Smith Rowe,34,75,3.0,3.0,4.698613,1.6986132
325,Emile Smith Rowe,35,77,2.0,2.0,4.7861404,2.7861404
325,Emile Smith Rowe,36,45,1.0,1.0,4.309078,3.3090782
325,Emile Smith Rowe,37,78,2.0,2.0,3.7361848,1.7361848
325,Emile Smith Rowe,38,71,3.0,3.0,4.216373,1.216373
326,Adama Traoré Diarra,34,0,0.0,0.0,1.4011034,1.4011034
326,Adama Traoré Diarra,35,16,1.0,1.0,1.0572964,0.057296395
326,Adama Traoré Diarra,36,0,0.0,0.0,1.7683678,1.7683678
326,Adama Traoré Diarra,37,0,0.0,0.0,0.7710608,0.7710608
326,Adama Traoré Diarra,38,0,0.0,0.0,0.5424904,0.5424904
327,Andreas Hoelgebaum Pereira,34,0,0.0,0.0,0.20978417,0.20978417
327,Andreas Hoelgebaum Pereira,35,0,0.0,0.0,0.20978417,0.20978417
327,Andreas Hoelgebaum Pereira,36,0,0.0,0.0,0.20978417,0.20978417
327,Andreas Hoelgebaum Pereira,37,0,0.0,0.0,0.20978417,0.20978417
327,Andreas Hoelgebaum Pereira,38,0,0.0,0.0,0.20978417,0.20978417
328,Ryan Sessegnon,34,80,11.0,11.0,5.076982,5.923018
328,Ryan Sessegnon,35,0,0.0,0.0,5.3011637,5.3011637
328,Ryan Sessegnon,36,0,0.0,0.0,3.2945833,3.2945833
328,Ryan Sessegnon,37,0,0.0,0.0,2.1519368,2.1519368
328,Ryan Sessegnon,38,0,0.0,0.0,1.3187648,1.3187648
329,Harry Wilson,34,90,2.0,2.0,5.5129676,3.5129676
329,Harry Wilson,35,63,2.0,2.0,5.4565105,3.4565105
329,Harry Wilson,36,61,2.0,2.0,4.759551,2.759551
329,Harry Wilson,37,11,1.0,1.0,4.2744756,3.2744756
329,Harry Wilson,38,18,4.0,4.0,2.7436516,1.2563484
330,Sander Berge,34,90,3.0,3.0,2.5982883,0.4017117
330,Sander Berge,35,0,0.0,0.0,4.3465767,4.3465767
330,Sander Berge,36,0,0.0,0.0,1.9319025,1.9319025
330,Sander Berge,37,45,1.0,1.0,1.0764165,0.07641649
330,Sander Berge,38,90,3.0,3.0,2.4089882,0.59101176
331,Tom Cairney,34,0,0.0,0.0,3.1999986,3.1999986
331,Tom Cairney,35,26,1.0,1.0,1.3972428,0.39724278
331,Tom Cairney,36,75,2.0,2.0,1.6488135,0.3511865
331,Tom Cairney,37,0,0.0,0.0,3.825414,3.825414
331,Tom Cairney,38,30,6.0,6.0,1.8512368,4.148763
332,Saša Lukić,34,90,6.0,6.0,4.375944,1.6240559
332,Saša Lukić,35,90,1.0,1.0,5.5509753,4.5509753
332,Saša Lukić,36,90,1.0,1.0,5.067501,4.067501
332,Saša Lukić,37,90,5.0,5.0,5.0723352,0.07233524
332,Saša Lukić,38,0,0.0,0.0,5.231147,5.231147
333,Martial Godo,34,0,0.0,0.0,0.20978417,0.20978417
333,Martial Godo,35,0,0.0,0.0,0.20978417,0.20978417
333,Martial Godo,36,0,0.0,0.0,0.20978417,0.20978417
333,Martial Godo,37,0,0.0,0.0,0.20978417,0.20978417
333,Martial Godo,38,0,0.0,0.0,0.20978417,0.20978417
334,Luke Harris,34,0,0.0,0.0,0.20978417,0.20978417
334,Luke Harris,35,0,0.0,0.0,0.20978417,0.20978417
334,Luke Harris,36,0,0.0,0.0,0.20978417,0.20978417
334,Luke Harris,37,0,0.0,0.0,0.20978417,0.20978417
334,Luke Harris,38,0,0.0,0.0,0.20978417,0.20978417
335,Josh King,34,14,1.0,1.0,3.1902335,2.1902335
335,Josh King,35,26,1.0,1.0,3.064655,2.064655
335,Josh King,36,14,0.0,0.0,2.3854105,2.3854105
335,Josh King,37,23,1.0,1.0,2.9901206,1.9901206
335,Josh King,38,18,1.0,1.0,2.5865314,1.5865314
336,Harrison Reed,34,0,0.0,0.0,0.4526394,0.4526394
336,Harrison Reed,35,63,2.0,2.0,0.38142213,1.6185778
336,Harrison Reed,36,0,0.0,0.0,2.7004287,2.7004287
336,Harrison Reed,37,0,0.0,0.0,0.9979755,0.9979755
336,Harrison Reed,38,0,0.0,0.0,0.6911981,0.6911981
337,Raúl Jiménez Rodríguez,34,65,2.0,2.0,2.4809926,0.48099256
337,Raúl Jiménez Rodríguez,35,72,2.0,2.0,4.0709224,2.0709224
337,Raúl Jiménez Rodríguez,36,0,0.0,0.0,4.172995,4.172995
337,Raúl Jiménez Rodríguez,37,23,1.0,1.0,2.2698507,1.2698507
337,Raúl Jiménez Rodríguez,38,18,1.0,1.0,2.4100225,1.4100225
338,Rodrigo Muniz Carvalho,34,24,1.0,1.0,4.2044983,3.2044983
338,Rodrigo Muniz Carvalho,35,17,1.0,1.0,4.1384153,3.1384153
338,Rodrigo Muniz Carvalho,36,90,1.0,1.0,2.9644487,1.9644487
338,Rodrigo Muniz Carvalho,37,66,2.0,2.0,4.700001,2.7000008
338,Rodrigo Muniz Carvalho,38,71,2.0,2.0,4.3413873,2.3413873
366,Alisson Becker,34,0,0.0,0.0,0.20763807,0.20763807
366,Alisson Becker,35,0,0.0,0.0,-0.026707098,0.026707098
366,Alisson Becker,36,0,0.0,0.0,0.1306434,0.1306434
366,Alisson Becker,37,0,0.0,0.0,0.1306434,0.1306434
366,Alisson Becker,38,90,2.0,2.0,0.1306434,1.8693566
367,Giorgi Mamardashvili,34,0,0.0,0.0,4.08045,4.08045
367,Giorgi Mamardashvili,35,0,0.0,0.0,2.033686,2.033686
367,Giorgi Mamardashvili,36,90,2.0,2.0,0.8057274,1.1942725
367,Giorgi Mamardashvili,37,90,1.0,1.0,2.5493674,1.5493674
367,Giorgi Mamardashvili,38,0,0.0,0.0,3.7944043,3.7944043
368,Ármin Pécsi,34,0,0.0,0.0,0.1306434,0.1306434
368,Ármin Pécsi,35,0,0.0,0.0,0.1306434,0.1306434
368,Ármin Pécsi,36,0,0.0,0.0,0.1306434,0.1306434
368,Ármin Pécsi,37,0,0.0,0.0,0.1306434,0.1306434
368,Ármin Pécsi,38,0,0.0,0.0,0.1306434,0.1306434
369,Freddie Woodman,34,90,3.0,3.0,1.4650317,1.5349683
369,Freddie Woodman,35,90,2.0,2.0,3.628485,1.628485
369,Freddie Woodman,36,0,0.0,0.0,4.2569103,4.2569103
369,Freddie Woodman,37,0,0.0,0.0,2.454254,2.454254
369,Freddie Woodman,38,0,0.0,0.0,1.0845596,1.0845596
370,Jeremie Frimpong,34,31,1.0,1.0,2.8615818,1.8615818
370,Jeremie Frimpong,35,74,1.0,1.0,2.7204297,1.7204297
370,Jeremie Frimpong,36,90,2.0,2.0,3.0657167,1.0657167
370,Jeremie Frimpong,37,0,0.0,0.0,4.4957404,4.4957404
370,Jeremie Frimpong,38,16,1.0,1.0,2.4887822,1.4887822
371,Milos Kerkez,34,3,1.0,1.0,1.4195528,0.4195528
371,Milos Kerkez,35,31,1.0,1.0,1.4753428,0.47534275
371,Milos Kerkez,36,90,2.0,2.0,2.1555855,0.15558553
371,Milos Kerkez,37,90,0.0,0.0,3.9855382,3.9855382
371,Milos Kerkez,38,7,1.0,1.0,4.266441,3.2664409
372,Andrew Robertson,34,86,8.0,8.0,4.7256985,3.2743015
372,Andrew Robertson,35,58,0.0,0.0,5.60392,5.60392
372,Andrew Robertson,36,0,0.0,0.0,4.1148453,4.1148453
372,Andrew Robertson,37,0,0.0,0.0,2.404381,2.404381
372,Andrew Robertson,38,82,2.0,2.0,1.513868,0.48613203
373,Virgil van Dijk,34,90,4.0,4.0,6.263913,2.2639132
373,Virgil van Dijk,35,90,1.0,1.0,5.448739,4.448739
373,Virgil van Dijk,36,90,2.0,2.0,5.4866004,3.4866004
373,Virgil van Dijk,37,90,14.0,14.0,5.6283293,8.371671
373,Virgil van Dijk,38,90,2.0,2.0,5.763132,3.763132
374,Ibrahima Konaté,34,90,4.0,4.0,5.017986,1.0179858
374,Ibrahima Konaté,35,86,1.0,1.0,4.830836,3.8308358
374,Ibrahima Konaté,36,76,2.0,2.0,4.5645394,2.5645394
374,Ibrahima Konaté,37,90,0.0,0.0,3.922755,3.922755
374,Ibrahima Konaté,38,88,1.0,1.0,4.1741686,3.1741686
375,Conor Bradley,34,0,0.0,0.0,0.31053424,0.31053424
375,Conor Bradley,35,0,0.0,0.0,0.31053424,0.31053424
375,Conor Bradley,36,0,0.0,0.0,0.31053424,0.31053424
375,Conor Bradley,37,0,0.0,0.0,0.31053424,0.31053424
375,Conor Bradley,38,0,0.0,0.0,0.31053424,0.31053424
376,Joe Gomez,34,3,1.0,1.0,1.8008982,0.8008982
376,Joe Gomez,35,0,0.0,0.0,2.2974532,2.2974532
376,Joe Gomez,36,13,0.0,0.0,1.602028,1.602028
376,Joe Gomez,37,65,0.0,0.0,2.2934046,2.2934046
376,Joe Gomez,38,1,1.0,1.0,3.2488914,2.2488914
377,Konstantinos Tsimikas,34,0,0.0,0.0,0.31053424,0.31053424
377,Konstantinos Tsimikas,35,0,0.0,0.0,0.31053424,0.31053424
377,Konstantinos Tsimikas,36,0,0.0,0.0,0.31053424,0.31053424
377,Konstantinos Tsimikas,37,0,0.0,0.0,0.31053424,0.31053424
377,Konstantinos Tsimikas,38,0,0.0,0.0,0.31053424,0.31053424
378,Amara Nallo,34,0,0.0,0.0,0.31053424,0.31053424
378,Amara Nallo,35,0,0.0,0.0,0.31053424,0.31053424
378,Amara Nallo,36,0,0.0,0.0,0.31053424,0.31053424
378,Amara Nallo,37,0,0.0,0.0,0.31053424,0.31053424
378,Amara Nallo,38,0,0.0,0.0,0.31053424,0.31053424
379,Rhys Williams,34,0,0.0,0.0,0.31053424,0.31053424
379,Rhys Williams,35,0,0.0,0.0,0.31053424,0.31053424
379,Rhys Williams,36,0,0.0,0.0,0.31053424,0.31053424
379,Rhys Williams,37,0,0.0,0.0,0.31053424,0.31053424
379,Rhys Williams,38,0,0.0,0.0,0.31053424,0.31053424
380,Calvin Ramsay,34,0,0.0,0.0,0.31053424,0.31053424
380,Calvin Ramsay,35,0,0.0,0.0,0.31053424,0.31053424
380,Calvin Ramsay,36,0,0.0,0.0,0.31053424,0.31053424
380,Calvin Ramsay,37,0,0.0,0.0,0.31053424,0.31053424
380,Calvin Ramsay,38,0,0.0,0.0,0.31053424,0.31053424
381,Mohamed Salah,34,58,1.0,1.0,5.957863,4.957863
381,Mohamed Salah,35,0,0.0,0.0,4.849099,4.849099
381,Mohamed Salah,36,0,0.0,0.0,2.9863183,2.9863183
381,Mohamed Salah,37,16,1.0,1.0,2.2709596,1.2709596
381,Mohamed Salah,38,73,6.0,6.0,1.7345463,4.265454
382,Florian Wirtz,34,90,8.0,8.0,5.523554,2.4764462
382,Florian Wirtz,35,90,2.0,2.0,5.6789975,3.6789975
382,Florian Wirtz,36,0,0.0,0.0,4.919199,4.919199
382,Florian Wirtz,37,24,1.0,1.0,2.7474115,1.7474115
382,Florian Wirtz,38,17,1.0,1.0,2.9253585,1.9253585
383,Luis Díaz Marulanda,34,0,0.0,0.0,0.20978417,0.20978417
383,Luis Díaz Marulanda,35,0,0.0,0.0,0.20978417,0.20978417
383,Luis Díaz Marulanda,36,0,0.0,0.0,0.20978417,0.20978417
383,Luis Díaz Marulanda,37,0,0.0,0.0,0.20978417,0.20978417
383,Luis Díaz Marulanda,38,0,0.0,0.0,0.20978417,0.20978417
384,Cody Gakpo,34,90,2.0,2.0,6.4448457,4.4448457
384,Cody Gakpo,35,90,6.0,6.0,4.997563,1.0024371
384,Cody Gakpo,36,76,2.0,2.0,5.7773714,3.7773714
384,Cody Gakpo,37,73,2.0,2.0,4.6303434,2.6303434
384,Cody Gakpo,38,90,2.0,2.0,5.20526,3.2052598
385,Federico Chiesa,34,0,0.0,0.0,0.88830376,0.88830376
385,Federico Chiesa,35,3,1.0,1.0,0.3866983,0.6133017
385,Federico Chiesa,36,13,1.0,1.0,0.43599302,0.564007
385,Federico Chiesa,37,24,1.0,1.0,0.7316359,0.26836407
385,Federico Chiesa,38,0,0.0,0.0,2.5597854,2.5597854
386,Alexis Mac Allister,34,90,13.0,13.0,2.547479,10.452521
386,Alexis Mac Allister,35,90,2.0,2.0,3.4156005,1.4156005
386,Alexis Mac Allister,36,90,1.0,1.0,4.47561,3.4756098
386,Alexis Mac Allister,37,90,4.0,4.0,3.4377184,0.5622816
386,Alexis Mac Allister,38,90,1.0,1.0,4.3434143,3.3434143
387,Dominik Szoboszlai,34,90,1.0,1.0,5.5450406,4.5450406
387,Dominik Szoboszlai,35,90,13.0,13.0,5.5223713,7.4776287
387,Dominik Szoboszlai,36,90,2.0,2.0,5.4910374,3.4910374
387,Dominik Szoboszlai,37,90,9.0,9.0,6.0885587,2.9114413
387,Dominik Szoboszlai,38,90,2.0,2.0,5.2442856,3.2442856
388,Curtis Jones,34,86,7.0,7.0,4.5944433,2.4055567
388,Curtis Jones,35,90,1.0,1.0,4.0102506,3.0102506
388,Curtis Jones,36,90,2.0,2.0,4.1007047,2.1007047
388,Curtis Jones,37,90,2.0,2.0,4.149365,2.149365
388,Curtis Jones,38,90,10.0,10.0,4.6876535,5.3123465
389,Harvey Elliott,34,0,0.0,0.0,0.20978417,0.20978417
389,Harvey Elliott,35,0,0.0,0.0,0.20978417,0.20978417
389,Harvey Elliott,36,0,0.0,0.0,0.20978417,0.20978417
389,Harvey Elliott,37,0,0.0,0.0,0.20978417,0.20978417
389,Harvey Elliott,38,0,0.0,0.0,0.20978417,0.20978417
390,Ryan Gravenberch,34,11,1.0,1.0,4.4157643,3.4157643
390,Ryan Gravenberch,35,90,2.0,2.0,2.4178202,0.41782022
390,Ryan Gravenberch,36,90,10.0,10.0,3.4811628,6.518837
390,Ryan Gravenberch,37,65,2.0,2.0,4.2201324,2.2201324
390,Ryan Gravenberch,38,82,2.0,2.0,3.8979213,1.8979213
392,Endo Wataru,34,0,0.0,0.0,0.20978417,0.20978417
392,Endo Wataru,35,0,0.0,0.0,0.20978417,0.20978417
392,Endo Wataru,36,0,0.0,0.0,0.20978417,0.20978417
392,Endo Wataru,37,0,0.0,0.0,0.20978417,0.20978417
392,Endo Wataru,38,0,0.0,0.0,0.20978417,0.20978417
393,Stefan Bajčetić Maquieira,34,0,0.0,0.0,0.20978417,0.20978417
393,Stefan Bajčetić Maquieira,35,0,0.0,0.0,0.20978417,0.20978417
393,Stefan Bajčetić Maquieira,36,0,0.0,0.0,0.20978417,0.20978417
393,Stefan Bajčetić Maquieira,37,0,0.0,0.0,0.20978417,0.20978417
393,Stefan Bajčetić Maquieira,38,0,0.0,0.0,0.20978417,0.20978417
394,James McConnell,34,0,0.0,0.0,0.20978417,0.20978417
394,James McConnell,35,0,0.0,0.0,0.20978417,0.20978417
394,James McConnell,36,0,0.0,0.0,0.20978417,0.20978417
394,James McConnell,37,0,0.0,0.0,0.20978417,0.20978417
394,James McConnell,38,0,0.0,0.0,0.20978417,0.20978417
395,Tyler Morton,34,0,0.0,0.0,0.20978417,0.20978417
395,Tyler Morton,35,0,0.0,0.0,0.20978417,0.20978417
395,Tyler Morton,36,0,0.0,0.0,0.20978417,0.20978417
395,Tyler Morton,37,0,0.0,0.0,0.20978417,0.20978417
395,Tyler Morton,38,0,0.0,0.0,0.20978417,0.20978417
396,Trey Nyoni,34,0,0.0,0.0,0.3971672,0.3971672
396,Trey Nyoni,35,0,0.0,0.0,0.33772027,0.33772027
396,Trey Nyoni,36,0,0.0,0.0,0.23624144,0.23624144
396,Trey Nyoni,37,0,0.0,0.0,0.22750416,0.22750416
396,Trey Nyoni,38,7,1.0,1.0,0.20978417,0.79021585
397,Darwin Núñez Ribeiro,34,0,0.0,0.0,0.1322251,0.1322251
397,Darwin Núñez Ribeiro,35,0,0.0,0.0,0.1322251,0.1322251
397,Darwin Núñez Ribeiro,36,0,0.0,0.0,0.1322251,0.1322251
397,Darwin Núñez Ribeiro,37,0,0.0,0.0,0.1322251,0.1322251
397,Darwin Núñez Ribeiro,38,0,0.0,0.0,0.1322251,0.1322251
398,Jayden Danns,34,0,0.0,0.0,0.1322251,0.1322251
398,Jayden Danns,35,0,0.0,0.0,0.1322251,0.1322251
398,Jayden Danns,36,0,0.0,0.0,0.1322251,0.1322251
398,Jayden Danns,37,0,0.0,0.0,0.1322251,0.1322251
398,Jayden Danns,38,0,0.0,0.0,0.1322251,0.1322251
400,Stefan Ortega Moreno,34,0,0.0,0.0,0.1306434,0.1306434
400,Stefan Ortega Moreno,35,0,0.0,0.0,0.1306434,0.1306434
400,Stefan Ortega Moreno,36,0,0.0,0.0,0.1306434,0.1306434
400,Stefan Ortega Moreno,37,0,0.0,0.0,0.1306434,0.1306434
400,Stefan Ortega Moreno,38,0,0.0,0.0,0.1306434,0.1306434
419,Jack Grealish,34,0,0.0,0.0,0.20978417,0.20978417
419,Jack Grealish,35,0,0.0,0.0,0.20978417,0.20978417
419,Jack Grealish,36,0,0.0,0.0,0.20978417,0.20978417
419,Jack Grealish,37,0,0.0,0.0,0.20978417,0.20978417
419,Jack Grealish,38,0,0.0,0.0,0.20978417,0.20978417
424,Oscar Bobb,34,14,1.0,1.0,3.0004556,2.0004556
424,Oscar Bobb,35,26,1.0,1.0,2.9776042,1.9776042
424,Oscar Bobb,36,28,1.0,1.0,2.7632492,1.7632492
424,Oscar Bobb,37,78,2.0,2.0,3.5488622,1.5488622
424,Oscar Bobb,38,71,3.0,3.0,5.036465,2.0364652
426,James McAtee,34,0,0.0,0.0,0.34444094,0.34444094
426,James McAtee,35,90,2.0,2.0,0.3015187,1.6984813
426,James McAtee,36,7,4.0,4.0,4.0710063,0.0710063
426,James McAtee,37,6,1.0,1.0,2.4654996,1.4654996
426,James McAtee,38,12,1.0,1.0,2.813083,1.8130829
431,Altay Bayındır,34,0,0.0,0.0,0.1306434,0.1306434
431,Altay Bayındır,35,0,0.0,0.0,0.1306434,0.1306434
431,Altay Bayındır,36,0,0.0,0.0,0.1306434,0.1306434
431,Altay Bayındır,37,0,0.0,0.0,0.1306434,0.1306434
431,Altay Bayındır,38,0,0.0,0.0,0.1306434,0.1306434
432,André Onana,34,0,0.0,0.0,0.1306434,0.1306434
432,André Onana,35,0,0.0,0.0,0.1306434,0.1306434
432,André Onana,36,0,0.0,0.0,0.1306434,0.1306434
432,André Onana,37,0,0.0,0.0,0.1306434,0.1306434
432,André Onana,38,0,0.0,0.0,0.1306434,0.1306434
433,Elyh Harrison,34,0,0.0,0.0,0.1306434,0.1306434
433,Elyh Harrison,35,0,0.0,0.0,0.1306434,0.1306434
433,Elyh Harrison,36,0,0.0,0.0,0.1306434,0.1306434
433,Elyh Harrison,37,0,0.0,0.0,0.1306434,0.1306434
433,Elyh Harrison,38,0,0.0,0.0,0.1306434,0.1306434
434,Tom Heaton,34,0,0.0,0.0,0.1306434,0.1306434
434,Tom Heaton,35,0,0.0,0.0,0.1306434,0.1306434
434,Tom Heaton,36,0,0.0,0.0,0.1306434,0.1306434
434,Tom Heaton,37,0,0.0,0.0,0.1306434,0.1306434
434,Tom Heaton,38,0,0.0,0.0,0.1306434,0.1306434
435,Dermot Mee,34,0,0.0,0.0,0.1306434,0.1306434
435,Dermot Mee,35,0,0.0,0.0,0.1306434,0.1306434
435,Dermot Mee,36,0,0.0,0.0,0.1306434,0.1306434
435,Dermot Mee,37,0,0.0,0.0,0.1306434,0.1306434
435,Dermot Mee,38,0,0.0,0.0,0.1306434,0.1306434
436,Matthijs de Ligt,34,0,0.0,0.0,0.31053424,0.31053424
436,Matthijs de Ligt,35,0,0.0,0.0,0.31053424,0.31053424
436,Matthijs de Ligt,36,0,0.0,0.0,0.31053424,0.31053424
436,Matthijs de Ligt,37,0,0.0,0.0,0.31053424,0.31053424
436,Matthijs de Ligt,38,0,0.0,0.0,0.31053424,0.31053424
437,Lisandro Martínez,34,0,0.0,0.0,1.0554864,1.0554864
437,Lisandro Martínez,35,0,0.0,0.0,1.3708019,1.3708019
437,Lisandro Martínez,36,90,6.0,6.0,1.6523151,4.347685
437,Lisandro Martínez,37,90,3.0,3.0,5.2832747,2.2832747
437,Lisandro Martínez,38,90,6.0,6.0,5.0637627,0.93623734
438,Noussair Mazraoui,34,45,1.0,1.0,3.606518,2.606518
438,Noussair Mazraoui,35,0,0.0,0.0,4.2712708,4.2712708
438,Noussair Mazraoui,36,90,11.0,11.0,2.0458093,8.954191
438,Noussair Mazraoui,37,0,0.0,0.0,3.7182262,3.7182262
438,Noussair Mazraoui,38,73,6.0,6.0,2.2333012,3.7666988
439,Diego León Blanco,34,0,0.0,0.0,0.31053424,0.31053424
439,Diego León Blanco,35,0,0.0,0.0,0.31053424,0.31053424
439,Diego León Blanco,36,0,0.0,0.0,0.31053424,0.31053424
439,Diego León Blanco,37,0,0.0,0.0,0.31053424,0.31053424
439,Diego León Blanco,38,0,0.0,0.0,0.31053424,0.31053424
440,Diogo Dalot Teixeira,34,90,4.0,4.0,4.629991,0.62999105
440,Diogo Dalot Teixeira,35,90,1.0,1.0,5.2813773,4.2813773
440,Diogo Dalot Teixeira,36,0,0.0,0.0,5.0194926,5.0194926
440,Diogo Dalot Teixeira,37,90,1.0,1.0,2.6666076,1.6666076
440,Diogo Dalot Teixeira,38,0,0.0,0.0,4.845786,4.845786
441,Patrick Dorgu,34,0,0.0,0.0,0.31053424,0.31053424
441,Patrick Dorgu,35,15,1.0,1.0,0.31053424,0.68946576
441,Patrick Dorgu,36,25,1.0,1.0,0.91626084,0.08373916
441,Patrick Dorgu,37,10,1.0,1.0,1.6444495,0.6444495
441,Patrick Dorgu,38,61,18.0,18.0,3.6774104,14.32259
442,Harry Maguire,34,90,7.0,7.0,3.1183317,3.8816683
442,Harry Maguire,35,90,1.0,1.0,6.1566863,5.1566863
442,Harry Maguire,36,90,10.0,10.0,6.206683,3.7933168
442,Harry Maguire,37,90,3.0,3.0,5.2188935,2.2188935
442,Harry Maguire,38,90,6.0,6.0,5.9705887,0.029411316
443,Luke Shaw,34,72,5.0,5.0,4.3691993,0.6308007
443,Luke Shaw,35,90,2.0,2.0,4.711399,2.711399
443,Luke Shaw,36,90,6.0,6.0,5.141676,0.85832405
443,Luke Shaw,37,90,6.0,6.0,5.166705,0.83329487
443,Luke Shaw,38,81,6.0,6.0,5.4823465,0.51765347
444,Leny Yoro,34,17,1.0,1.0,3.2821553,2.2821553
444,Leny Yoro,35,1,1.0,1.0,2.835766,1.8357661
444,Leny Yoro,36,0,0.0,0.0,1.569797,1.569797
444,Leny Yoro,37,0,0.0,0.0,1.1038187,1.1038187
444,Leny Yoro,38,16,1.0,1.0,0.5621007,0.4378993
445,Harry Amass,34,0,0.0,0.0,0.31053424,0.31053424
445,Harry Amass,35,0,0.0,0.0,0.31053424,0.31053424
445,Harry Amass,36,0,0.0,0.0,0.31053424,0.31053424
445,Harry Amass,37,0,0.0,0.0,0.31053424,0.31053424
445,Harry Amass,38,0,0.0,0.0,0.31053424,0.31053424
446,Tyler Fredricson,34,0,0.0,0.0,0.31053424,0.31053424
446,Tyler Fredricson,35,0,0.0,0.0,0.31053424,0.31053424
446,Tyler Fredricson,36,0,0.0,0.0,0.31053424,0.31053424
446,Tyler Fredricson,37,0,0.0,0.0,0.31053424,0.31053424
446,Tyler Fredricson,38,0,0.0,0.0,0.31053424,0.31053424
447,Ayden Heaven,34,90,2.0,2.0,3.6423833,1.6423833
447,Ayden Heaven,35,90,1.0,1.0,3.8801394,2.8801394
447,Ayden Heaven,36,0,0.0,0.0,4.312723,4.312723
447,Ayden Heaven,37,0,0.0,0.0,2.006266,2.006266
447,Ayden Heaven,38,0,0.0,0.0,1.2789831,1.2789831
448,Tyrell Malacia,34,0,0.0,0.0,0.4463668,0.4463668
448,Tyrell Malacia,35,0,0.0,0.0,0.31053424,0.31053424
448,Tyrell Malacia,36,0,0.0,0.0,0.31053424,0.31053424
448,Tyrell Malacia,37,0,0.0,0.0,0.31053424,0.31053424
448,Tyrell Malacia,38,8,1.0,1.0,0.31053424,0.68946576
449,Bruno Borges Fernandes,34,90,5.0,5.0,5.775629,0.77562904
449,Bruno Borges Fernandes,35,90,5.0,5.0,6.155328,1.1553278
449,Bruno Borges Fernandes,36,90,3.0,3.0,5.97826,2.97826
449,Bruno Borges Fernandes,37,90,9.0,9.0,6.253236,2.7467642
449,Bruno Borges Fernandes,38,90,14.0,14.0,6.0557394,7.9442606
450,Matheus Santos Carneiro da Cunha,34,0,0.0,0.0,5.5468597,5.5468597
450,Matheus Santos Carneiro da Cunha,35,86,7.0,7.0,4.042157,2.9578428
450,Matheus Santos Carneiro da Cunha,36,90,2.0,2.0,5.5466614,3.5466614
450,Matheus Santos Carneiro da Cunha,37,79,9.0,9.0,5.586439,3.4135609
450,Matheus Santos Carneiro da Cunha,38,0,0.0,0.0,5.9013004,5.9013004
451,Marcus Rashford,34,0,0.0,0.0,0.20978417,0.20978417
451,Marcus Rashford,35,0,0.0,0.0,0.20978417,0.20978417
451,Marcus Rashford,36,0,0.0,0.0,0.20978417,0.20978417
451,Marcus Rashford,37,0,0.0,0.0,0.20978417,0.20978417
451,Marcus Rashford,38,0,0.0,0.0,0.20978417,0.20978417
452,Amad Diallo,34,45,1.0,1.0,2.9758768,1.9758768
452,Amad Diallo,35,45,1.0,1.0,5.0373354,4.0373354
452,Amad Diallo,36,74,3.0,3.0,3.191284,0.19128394
452,Amad Diallo,37,90,2.0,2.0,3.6155596,1.6155596
452,Amad Diallo,38,90,7.0,7.0,4.817616,2.182384
454,Antony dos Santos,34,0,0.0,0.0,0.20978417,0.20978417
454,Antony dos Santos,35,0,0.0,0.0,0.20978417,0.20978417
454,Antony dos Santos,36,0,0.0,0.0,0.20978417,0.20978417
454,Antony dos Santos,37,0,0.0,0.0,0.20978417,0.20978417
454,Antony dos Santos,38,0,0.0,0.0,0.20978417,0.20978417
455,Mason Mount,34,16,1.0,1.0,1.4754881,0.47548807
455,Mason Mount,35,0,0.0,0.0,2.105434,2.105434
455,Mason Mount,36,90,4.0,4.0,1.208325,2.791675
455,Mason Mount,37,9,1.0,1.0,3.9956274,2.9956274
455,Mason Mount,38,73,5.0,5.0,3.1269386,1.8730614
456,Jadon Sancho,34,16,1.0,1.0,1.6457646,0.6457646
456,Jadon Sancho,35,84,2.0,2.0,1.1249223,0.8750777
456,Jadon Sancho,36,0,0.0,0.0,3.1182997,3.1182997
456,Jadon Sancho,37,1,1.0,1.0,1.52196,0.52196
456,Jadon Sancho,38,0,0.0,0.0,1.5305847,1.5305847
457,Carlos Henrique Casimiro,34,90,12.0,12.0,5.5372877,6.4627123
457,Carlos Henrique Casimiro,35,90,4.0,4.0,5.7897773,1.7897773
457,Carlos Henrique Casimiro,36,0,0.0,0.0,5.9016056,5.9016056
457,Carlos Henrique Casimiro,37,80,1.0,1.0,3.7680945,2.7680945
457,Carlos Henrique Casimiro,38,0,0.0,0.0,4.567775,4.567775
458,Kobbie Mainoo,34,90,4.0,4.0,3.637572,0.36242795
458,Kobbie Mainoo,35,90,9.0,9.0,4.8205447,4.1794553
458,Kobbie Mainoo,36,90,5.0,5.0,4.9232855,0.076714516
458,Kobbie Mainoo,37,90,4.0,4.0,5.2911654,1.2911654
458,Kobbie Mainoo,38,90,2.0,2.0,5.513159,3.5131588
459,Manuel Ugarte Ribeiro,34,0,0.0,0.0,2.214856,2.214856
459,Manuel Ugarte Ribeiro,35,0,0.0,0.0,1.20966,1.20966
459,Manuel Ugarte Ribeiro,36,0,0.0,0.0,0.6261463,0.6261463
459,Manuel Ugarte Ribeiro,37,0,0.0,0.0,0.2505593,0.2505593
459,Manuel Ugarte Ribeiro,38,0,0.0,0.0,0.20978417,0.20978417
460,Toby Collyer,34,0,0.0,0.0,0.20978417,0.20978417
460,Toby Collyer,35,0,0.0,0.0,0.20978417,0.20978417
460,Toby Collyer,36,0,0.0,0.0,0.20978417,0.20978417
460,Toby Collyer,37,0,0.0,0.0,0.20978417,0.20978417
460,Toby Collyer,38,0,0.0,0.0,0.20978417,0.20978417
461,Jayce Fitzgerald,34,0,0.0,0.0,0.20978417,0.20978417
461,Jayce Fitzgerald,35,0,0.0,0.0,0.20978417,0.20978417
461,Jayce Fitzgerald,36,0,0.0,0.0,0.20978417,0.20978417
461,Jayce Fitzgerald,37,0,0.0,0.0,0.20978417,0.20978417
461,Jayce Fitzgerald,38,0,0.0,0.0,0.20978417,0.20978417
462,Jack Fletcher,34,0,0.0,0.0,0.20978417,0.20978417
462,Jack Fletcher,35,0,0.0,0.0,0.20978417,0.20978417
462,Jack Fletcher,36,0,0.0,0.0,0.20978417,0.20978417
462,Jack Fletcher,37,0,0.0,0.0,0.20978417,0.20978417
462,Jack Fletcher,38,0,0.0,0.0,0.20978417,0.20978417
463,Sékou Koné,34,0,0.0,0.0,0.20978417,0.20978417
463,Sékou Koné,35,0,0.0,0.0,0.20978417,0.20978417
463,Sékou Koné,36,0,0.0,0.0,0.20978417,0.20978417
463,Sékou Koné,37,0,0.0,0.0,0.20978417,0.20978417
463,Sékou Koné,38,0,0.0,0.0,0.20978417,0.20978417
464,Jack Moorhouse,34,0,0.0,0.0,0.20978417,0.20978417
464,Jack Moorhouse,35,0,0.0,0.0,0.20978417,0.20978417
464,Jack Moorhouse,36,0,0.0,0.0,0.20978417,0.20978417
464,Jack Moorhouse,37,0,0.0,0.0,0.20978417,0.20978417
464,Jack Moorhouse,38,0,0.0,0.0,0.20978417,0.20978417
465,Rasmus Højlund,34,0,0.0,0.0,0.1322251,0.1322251
465,Rasmus Højlund,35,0,0.0,0.0,0.1322251,0.1322251
465,Rasmus Højlund,36,0,0.0,0.0,0.1322251,0.1322251
465,Rasmus Højlund,37,0,0.0,0.0,0.1322251,0.1322251
465,Rasmus Højlund,38,0,0.0,0.0,0.1322251,0.1322251
466,Joshua Zirkzee,34,2,0.0,0.0,0.98408824,0.98408824
466,Joshua Zirkzee,35,3,1.0,1.0,1.029524,0.029523969
466,Joshua Zirkzee,36,64,1.0,1.0,0.75665414,0.24334586
466,Joshua Zirkzee,37,10,1.0,1.0,3.0590086,2.0590086
466,Joshua Zirkzee,38,16,1.0,1.0,4.289715,3.2897148
467,Chido Obi,34,0,0.0,0.0,0.1322251,0.1322251
467,Chido Obi,35,0,0.0,0.0,0.1322251,0.1322251
467,Chido Obi,36,0,0.0,0.0,0.1322251,0.1322251
467,Chido Obi,37,0,0.0,0.0,0.1322251,0.1322251
467,Chido Obi,38,0,0.0,0.0,0.1322251,0.1322251
468,Ethan Wheatley,34,0,0.0,0.0,0.1322251,0.1322251
468,Ethan Wheatley,35,0,0.0,0.0,0.1322251,0.1322251
468,Ethan Wheatley,36,0,0.0,0.0,0.1322251,0.1322251
468,Ethan Wheatley,37,0,0.0,0.0,0.1322251,0.1322251
468,Ethan Wheatley,38,0,0.0,0.0,0.1322251,0.1322251
469,Nick Pope,34,90,2.0,2.0,0.1306434,1.8693566
469,Nick Pope,35,90,3.0,3.0,3.06568,0.06568003
469,Nick Pope,36,90,3.0,3.0,4.031092,1.0310922
469,Nick Pope,37,90,4.0,4.0,4.2056108,0.20561075
469,Nick Pope,38,90,2.0,2.0,4.10829,2.1082902
471,Mark Gillespie,34,0,0.0,0.0,0.1306434,0.1306434
471,Mark Gillespie,35,0,0.0,0.0,0.1306434,0.1306434
471,Mark Gillespie,36,0,0.0,0.0,0.1306434,0.1306434
471,Mark Gillespie,37,0,0.0,0.0,0.1306434,0.1306434
471,Mark Gillespie,38,0,0.0,0.0,0.1306434,0.1306434
472,Odysseas Vlachodimos,34,0,0.0,0.0,0.1306434,0.1306434
472,Odysseas Vlachodimos,35,0,0.0,0.0,0.1306434,0.1306434
472,Odysseas Vlachodimos,36,0,0.0,0.0,0.1306434,0.1306434
472,Odysseas Vlachodimos,37,0,0.0,0.0,0.1306434,0.1306434
472,Odysseas Vlachodimos,38,0,0.0,0.0,0.1306434,0.1306434
473,Lewis Hall,34,0,0.0,0.0,3.6913056,3.6913056
473,Lewis Hall,35,22,1.0,1.0,2.3647552,1.3647552
473,Lewis Hall,36,90,2.0,2.0,2.5551836,0.55518365
473,Lewis Hall,37,90,1.0,1.0,4.40807,3.40807
473,Lewis Hall,38,90,1.0,1.0,5.028449,4.028449
474,Fabian Schär,34,0,0.0,0.0,0.31053424,0.31053424
474,Fabian Schär,35,0,0.0,0.0,0.31053424,0.31053424
474,Fabian Schär,36,0,0.0,0.0,0.31053424,0.31053424
474,Fabian Schär,37,0,0.0,0.0,0.31053424,0.31053424
474,Fabian Schär,38,0,0.0,0.0,0.31053424,0.31053424
475,Sven Botman,34,90,4.0,4.0,4.619866,0.6198659
475,Sven Botman,35,90,4.0,4.0,5.6373763,1.6373763
475,Sven Botman,36,90,4.0,4.0,5.652256,1.652256
475,Sven Botman,37,90,4.0,4.0,5.6476374,1.6476374
475,Sven Botman,38,90,3.0,3.0,5.926979,2.926979
476,Dan Burn,34,90,3.0,3.0,3.1127055,0.11270547
476,Dan Burn,35,90,7.0,7.0,4.6118226,2.3881774
476,Dan Burn,36,90,2.0,2.0,5.205756,3.2057562
476,Dan Burn,37,15,1.0,1.0,5.5166845,4.5166845
476,Dan Burn,38,83,1.0,1.0,3.992521,2.992521
477,Tino Livramento,34,0,0.0,0.0,3.5620706,3.5620706
477,Tino Livramento,35,0,0.0,0.0,1.8131642,1.8131642
477,Tino Livramento,36,0,0.0,0.0,1.2570865,1.2570865
477,Tino Livramento,37,0,0.0,0.0,0.6266494,0.6266494
477,Tino Livramento,38,0,0.0,0.0,0.54695964,0.54695964
478,Kieran Trippier,34,0,0.0,0.0,2.5690835,2.5690835
478,Kieran Trippier,35,0,0.0,0.0,1.902889,1.902889
478,Kieran Trippier,36,1,1.0,1.0,1.7631999,0.7631999
478,Kieran Trippier,37,84,2.0,2.0,1.848365,0.15163505
478,Kieran Trippier,38,0,0.0,0.0,4.623579,4.623579
479,Emil Krafth,34,0,0.0,0.0,0.31053424,0.31053424
479,Emil Krafth,35,0,0.0,0.0,0.31053424,0.31053424
479,Emil Krafth,36,0,0.0,0.0,0.31053424,0.31053424
479,Emil Krafth,37,0,0.0,0.0,0.31053424,0.31053424
479,Emil Krafth,38,0,0.0,0.0,0.31053424,0.31053424
480,Jamaal Lascelles,34,0,0.0,0.0,0.31053424,0.31053424
480,Jamaal Lascelles,35,0,0.0,0.0,0.31053424,0.31053424
480,Jamaal Lascelles,36,0,0.0,0.0,0.31053424,0.31053424
480,Jamaal Lascelles,37,0,0.0,0.0,0.31053424,0.31053424
480,Jamaal Lascelles,38,0,0.0,0.0,0.31053424,0.31053424
481,Alex Murphy,34,0,0.0,0.0,0.31053424,0.31053424
481,Alex Murphy,35,0,0.0,0.0,0.31053424,0.31053424
481,Alex Murphy,36,0,0.0,0.0,0.31053424,0.31053424
481,Alex Murphy,37,0,0.0,0.0,0.31053424,0.31053424
481,Alex Murphy,38,6,1.0,1.0,0.31053424,0.68946576
482,Harrison Ashby,34,0,0.0,0.0,0.31053424,0.31053424
482,Harrison Ashby,35,0,0.0,0.0,0.31053424,0.31053424
482,Harrison Ashby,36,0,0.0,0.0,0.31053424,0.31053424
482,Harrison Ashby,37,0,0.0,0.0,0.31053424,0.31053424
482,Harrison Ashby,38,0,0.0,0.0,0.31053424,0.31053424
483,Miodrag Pivaš,34,0,0.0,0.0,0.31053424,0.31053424
483,Miodrag Pivaš,35,0,0.0,0.0,0.31053424,0.31053424
483,Miodrag Pivaš,36,0,0.0,0.0,0.31053424,0.31053424
483,Miodrag Pivaš,37,0,0.0,0.0,0.31053424,0.31053424
483,Miodrag Pivaš,38,0,0.0,0.0,0.31053424,0.31053424
484,Matt Targett,34,0,0.0,0.0,0.31053424,0.31053424
484,Matt Targett,35,0,0.0,0.0,0.31053424,0.31053424
484,Matt Targett,36,0,0.0,0.0,0.31053424,0.31053424
484,Matt Targett,37,0,0.0,0.0,0.31053424,0.31053424
484,Matt Targett,38,0,0.0,0.0,0.31053424,0.31053424
485,Anthony Gordon,34,0,0.0,0.0,3.7891436,3.7891436
485,Anthony Gordon,35,0,0.0,0.0,2.1504798,2.1504798
485,Anthony Gordon,36,0,0.0,0.0,0.8477657,0.8477657
485,Anthony Gordon,37,0,0.0,0.0,0.11727838,0.11727838
485,Anthony Gordon,38,0,0.0,0.0,0.20978417,0.20978417
486,Anthony Elanga,34,4,1.0,1.0,2.9697046,1.9697046
486,Anthony Elanga,35,0,0.0,0.0,1.7249503,1.7249503
486,Anthony Elanga,36,0,0.0,0.0,1.1856263,1.1856263
486,Anthony Elanga,37,5,1.0,1.0,0.7219236,0.2780764
486,Anthony Elanga,38,24,1.0,1.0,1.330264,0.33026397
487,Harvey Barnes,34,24,1.0,1.0,3.9196296,2.9196296
487,Harvey Barnes,35,22,6.0,6.0,2.3060627,3.6939373
487,Harvey Barnes,36,29,7.0,7.0,3.791268,3.208732
487,Harvey Barnes,37,74,5.0,5.0,4.5191956,0.48080444
487,Harvey Barnes,38,45,1.0,1.0,4.624715,3.6247149
488,Bruno Guimarães Rodriguez Moura,34,74,2.0,2.0,3.8384295,1.8384295
488,Bruno Guimarães Rodriguez Moura,35,90,6.0,6.0,4.9647427,1.0352573
488,Bruno Guimarães Rodriguez Moura,36,90,6.0,6.0,4.8134117,1.1865883
488,Bruno Guimarães Rodriguez Moura,37,90,4.0,4.0,6.294463,2.2944632
488,Bruno Guimarães Rodriguez Moura,38,65,1.0,1.0,6.150934,5.150934
489,Jacob Murphy,34,65,2.0,2.0,2.202123,0.20212293
489,Jacob Murphy,35,67,8.0,8.0,2.827123,5.1728773
489,Jacob Murphy,36,60,3.0,3.0,3.2986267,0.29862666
489,Jacob Murphy,37,15,1.0,1.0,3.669081,2.669081
489,Jacob Murphy,38,45,1.0,1.0,3.7687643,2.7687643
490,Joelinton Cássio Apolinário de Lira,34,0,0.0,0.0,2.2510445,2.2510445
490,Joelinton Cássio Apolinário de Lira,35,90,4.0,4.0,1.3522165,2.6477835
490,Joelinton Cássio Apolinário de Lira,36,90,2.0,2.0,3.9097784,1.9097784
490,Joelinton Cássio Apolinário de Lira,37,0,0.0,0.0,4.4969015,4.4969015
490,Joelinton Cássio Apolinário de Lira,38,0,0.0,0.0,2.3168943,2.3168943
491,Sandro Tonali,34,90,2.0,2.0,3.5365074,1.5365074
491,Sandro Tonali,35,90,1.0,1.0,4.061363,3.0613632
491,Sandro Tonali,36,90,2.0,2.0,3.7058308,1.7058308
491,Sandro Tonali,37,52,1.0,1.0,4.411895,3.4118948
491,Sandro Tonali,38,0,0.0,0.0,3.7562525,3.7562525
492,Antoñito Cordero Campillo,34,0,0.0,0.0,0.20978417,0.20978417
492,Antoñito Cordero Campillo,35,0,0.0,0.0,0.20978417,0.20978417
492,Antoñito Cordero Campillo,36,0,0.0,0.0,0.20978417,0.20978417
492,Antoñito Cordero Campillo,37,0,0.0,0.0,0.20978417,0.20978417
492,Antoñito Cordero Campillo,38,0,0.0,0.0,0.20978417,0.20978417
494,Joe Willock,34,85,2.0,2.0,1.6084017,0.39159834
494,Joe Willock,35,67,2.0,2.0,3.731613,1.7316129
494,Joe Willock,36,0,0.0,0.0,4.6725006,4.6725006
494,Joe Willock,37,37,4.0,4.0,2.3166974,1.6833026
494,Joe Willock,38,90,2.0,2.0,3.4348347,1.4348347
495,Isaac Hayden,34,0,0.0,0.0,0.20978417,0.20978417
495,Isaac Hayden,35,0,0.0,0.0,0.20978417,0.20978417
495,Isaac Hayden,36,0,0.0,0.0,0.20978417,0.20978417
495,Isaac Hayden,37,0,0.0,0.0,0.20978417,0.20978417
495,Isaac Hayden,38,0,0.0,0.0,0.20978417,0.20978417
496,Garang Kuol,34,0,0.0,0.0,0.20978417,0.20978417
496,Garang Kuol,35,0,0.0,0.0,0.20978417,0.20978417
496,Garang Kuol,36,0,0.0,0.0,0.20978417,0.20978417
496,Garang Kuol,37,0,0.0,0.0,0.20978417,0.20978417
496,Garang Kuol,38,0,0.0,0.0,0.20978417,0.20978417
497,Lewis Miley,34,90,2.0,2.0,3.036245,1.0362451
497,Lewis Miley,35,90,2.0,2.0,3.2450304,1.2450304
497,Lewis Miley,36,0,0.0,0.0,3.4263809,3.4263809
497,Lewis Miley,37,0,0.0,0.0,1.6163328,1.6163328
497,Lewis Miley,38,0,0.0,0.0,1.1839693,1.1839693
498,Joe White,34,0,0.0,0.0,0.20978417,0.20978417
498,Joe White,35,0,0.0,0.0,0.20978417,0.20978417
498,Joe White,36,0,0.0,0.0,0.20978417,0.20978417
498,Joe White,37,0,0.0,0.0,0.20978417,0.20978417
498,Joe White,38,0,0.0,0.0,0.20978417,0.20978417
499,Alexander Isak,34,78,8.0,8.0,3.0123203,4.9876795
499,Alexander Isak,35,0,0.0,0.0,5.138567,5.138567
499,Alexander Isak,36,23,1.0,1.0,2.6353323,1.6353323
499,Alexander Isak,37,0,0.0,0.0,2.5745032,2.5745032
499,Alexander Isak,38,0,0.0,0.0,1.6140856,1.6140856
500,William Osula,34,65,2.0,2.0,5.3177385,3.3177385
500,William Osula,35,67,9.0,9.0,4.2872763,4.7127237
500,William Osula,36,70,2.0,2.0,5.8213305,3.8213305
500,William Osula,37,84,13.0,13.0,6.3803964,6.6196036
500,William Osula,38,65,2.0,2.0,6.215123,4.215123
501,Sean Neave,34,0,0.0,0.0,0.1322251,0.1322251
501,Sean Neave,35,0,0.0,0.0,0.1322251,0.1322251
501,Sean Neave,36,0,0.0,0.0,0.1322251,0.1322251
501,Sean Neave,37,0,0.0,0.0,0.1322251,0.1322251
501,Sean Neave,38,13,1.0,1.0,0.1322251,0.8677749
502,Matz Sels,34,90,7.0,7.0,4.79414,2.2058601
502,Matz Sels,35,90,8.0,8.0,4.2573056,3.7426944
502,Matz Sels,36,90,3.0,3.0,3.4278545,0.42785454
502,Matz Sels,37,90,2.0,2.0,4.7887907,2.7887907
502,Matz Sels,38,90,3.0,3.0,4.4876246,1.4876246
503,Carlos Miguel dos Santos Pereira,34,0,0.0,0.0,0.1306434,0.1306434
503,Carlos Miguel dos Santos Pereira,35,0,0.0,0.0,0.1306434,0.1306434
503,Carlos Miguel dos Santos Pereira,36,0,0.0,0.0,0.1306434,0.1306434
503,Carlos Miguel dos Santos Pereira,37,0,0.0,0.0,0.1306434,0.1306434
503,Carlos Miguel dos Santos Pereira,38,0,0.0,0.0,0.1306434,0.1306434
504,Matt Turner,34,0,0.0,0.0,0.1306434,0.1306434
504,Matt Turner,35,0,0.0,0.0,0.1306434,0.1306434
504,Matt Turner,36,0,0.0,0.0,0.1306434,0.1306434
504,Matt Turner,37,0,0.0,0.0,0.1306434,0.1306434
504,Matt Turner,38,0,0.0,0.0,0.1306434,0.1306434
505,Nikola Milenković,34,90,8.0,8.0,4.597006,3.4029942
505,Nikola Milenković,35,45,1.0,1.0,5.42159,4.42159
505,Nikola Milenković,36,90,2.0,2.0,4.1410294,2.1410294
505,Nikola Milenković,37,90,1.0,1.0,4.6845045,3.6845045
505,Nikola Milenković,38,90,4.0,4.0,3.5357149,0.46428514
506,Murillo Costa dos Santos,34,0,0.0,0.0,3.807555,3.807555
506,Murillo Costa dos Santos,35,0,0.0,0.0,1.3356256,1.3356256
506,Murillo Costa dos Santos,36,0,0.0,0.0,0.31689024,0.31689024
506,Murillo Costa dos Santos,37,0,0.0,0.0,-0.26246303,0.26246303
506,Murillo Costa dos Santos,38,0,0.0,0.0,0.7651888,0.7651888
507,Ola Aina,34,90,9.0,9.0,4.9249315,4.0750685
507,Ola Aina,35,0,0.0,0.0,5.015731,5.015731
507,Ola Aina,36,0,0.0,0.0,3.6390224,3.6390224
507,Ola Aina,37,0,0.0,0.0,2.117832,2.117832
507,Ola Aina,38,0,0.0,0.0,0.7630558,0.7630558
508,Neco Williams,34,90,5.0,5.0,6.0105443,1.0105443
508,Neco Williams,35,45,1.0,1.0,5.6462045,4.6462045
508,Neco Williams,36,90,2.0,2.0,5.2708874,3.2708874
508,Neco Williams,37,90,1.0,1.0,5.332239,4.332239
508,Neco Williams,38,90,2.0,2.0,4.738123,2.738123
509,David Mota Veiga Teixeira do Carmo,34,0,0.0,0.0,0.31053424,0.31053424
509,David Mota Veiga Teixeira do Carmo,35,0,0.0,0.0,0.31053424,0.31053424
509,David Mota Veiga Teixeira do Carmo,36,0,0.0,0.0,0.31053424,0.31053424
509,David Mota Veiga Teixeira do Carmo,37,0,0.0,0.0,0.31053424,0.31053424
509,David Mota Veiga Teixeira do Carmo,38,0,0.0,0.0,0.31053424,0.31053424
510,Jair Paula da Cunha Filho,34,49,1.0,1.0,2.8024614,1.8024614
510,Jair Paula da Cunha Filho,35,45,1.0,1.0,3.0957375,2.0957375
510,Jair Paula da Cunha Filho,36,90,2.0,2.0,3.1692173,1.1692173
510,Jair Paula da Cunha Filho,37,6,1.0,1.0,4.947755,3.9477549
510,Jair Paula da Cunha Filho,38,62,2.0,2.0,3.0600312,1.0600312
511,Felipe Rodrigues da Silva,34,40,1.0,1.0,0.64282745,0.35717255
511,Felipe Rodrigues da Silva,35,90,1.0,1.0,2.7538383,1.7538383
511,Felipe Rodrigues da Silva,36,90,2.0,2.0,3.8922966,1.8922966
511,Felipe Rodrigues da Silva,37,90,9.0,9.0,4.6603127,4.3396873
511,Felipe Rodrigues da Silva,38,90,4.0,4.0,5.270438,1.2704382
512,Omar Richards,34,0,0.0,0.0,0.31053424,0.31053424
512,Omar Richards,35,0,0.0,0.0,0.31053424,0.31053424
512,Omar Richards,36,0,0.0,0.0,0.31053424,0.31053424
512,Omar Richards,37,0,0.0,0.0,0.31053424,0.31053424
512,Omar Richards,38,0,0.0,0.0,0.31053424,0.31053424
513,Zach Abbott,34,0,0.0,0.0,0.31053424,0.31053424
513,Zach Abbott,35,45,1.0,1.0,0.31053424,0.68946576
513,Zach Abbott,36,0,0.0,0.0,2.1446948,2.1446948
513,Zach Abbott,37,0,0.0,0.0,1.1207069,1.1207069
513,Zach Abbott,38,0,0.0,0.0,0.87200314,0.87200314
514,Willy Boly,34,0,0.0,0.0,0.31053424,0.31053424
514,Willy Boly,35,0,0.0,0.0,0.31053424,0.31053424
514,Willy Boly,36,0,0.0,0.0,0.31053424,0.31053424
514,Willy Boly,37,0,0.0,0.0,0.31053424,0.31053424
514,Willy Boly,38,0,0.0,0.0,0.31053424,0.31053424
515,Morgan Gibbs-White,34,90,13.0,13.0,6.3183517,6.6816483
515,Morgan Gibbs-White,35,20,4.0,4.0,5.693276,1.6932759
515,Morgan Gibbs-White,36,0,0.0,0.0,4.9623585,4.9623585
515,Morgan Gibbs-White,37,90,7.0,7.0,3.915433,3.084567
515,Morgan Gibbs-White,38,90,9.0,9.0,5.862403,3.137597
516,Callum Hudson-Odoi,34,0,0.0,0.0,2.818033,2.818033
516,Callum Hudson-Odoi,35,0,0.0,0.0,1.9336293,1.9336293
516,Callum Hudson-Odoi,36,0,0.0,0.0,1.3891649,1.3891649
516,Callum Hudson-Odoi,37,0,0.0,0.0,1.0716667,1.0716667
516,Callum Hudson-Odoi,38,0,0.0,0.0,0.20978417,0.20978417
517,Elliot Anderson,34,90,9.0,9.0,5.3016157,3.6983843
517,Elliot Anderson,35,45,1.0,1.0,5.789366,4.789366
517,Elliot Anderson,36,90,12.0,12.0,4.7450237,7.2549763
517,Elliot Anderson,37,90,12.0,12.0,5.133794,6.866206
517,Elliot Anderson,38,64,2.0,2.0,4.720502,2.720502
518,João Pedro Ferreira da Silva,34,0,0.0,0.0,0.20978417,0.20978417
518,João Pedro Ferreira da Silva,35,0,0.0,0.0,0.20978417,0.20978417
518,João Pedro Ferreira da Silva,36,0,0.0,0.0,0.20978417,0.20978417
518,João Pedro Ferreira da Silva,37,0,0.0,0.0,0.20978417,0.20978417
518,João Pedro Ferreira da Silva,38,0,0.0,0.0,0.20978417,0.20978417
519,Nicolás Domínguez,34,45,0.0,0.0,2.6176538,2.6176538
519,Nicolás Domínguez,35,45,1.0,1.0,3.0003307,2.0003307
519,Nicolás Domínguez,36,45,1.0,1.0,3.5778787,2.5778787
519,Nicolás Domínguez,37,69,2.0,2.0,3.3778474,1.3778474
519,Nicolás Domínguez,38,25,1.0,1.0,4.648076,3.648076
520,Lewis O'Brien,34,0,0.0,0.0,0.20978417,0.20978417
520,Lewis O'Brien,35,0,0.0,0.0,0.20978417,0.20978417
520,Lewis O'Brien,36,0,0.0,0.0,0.20978417,0.20978417
520,Lewis O'Brien,37,0,0.0,0.0,0.20978417,0.20978417
520,Lewis O'Brien,38,0,0.0,0.0,0.20978417,0.20978417
521,Ibrahim Sangaré,34,45,1.0,1.0,5.2043743,4.2043743
521,Ibrahim Sangaré,35,0,0.0,0.0,4.4206247,4.4206247
521,Ibrahim Sangaré,36,0,0.0,0.0,2.7719388,2.7719388
521,Ibrahim Sangaré,37,20,1.0,1.0,1.7116177,0.7116177
521,Ibrahim Sangaré,38,64,4.0,4.0,2.3880217,1.6119783
522,Ryan Yates,34,23,0.0,0.0,2.189603,2.189603
522,Ryan Yates,35,90,4.0,4.0,2.3519661,1.6480339
522,Ryan Yates,36,45,0.0,0.0,3.5788057,3.5788057
522,Ryan Yates,37,0,0.0,0.0,3.0513809,3.0513809
522,Ryan Yates,38,25,1.0,1.0,1.8268254,0.8268254
523,Eric da Silva Moreira,34,0,0.0,0.0,0.20978417,0.20978417
523,Eric da Silva Moreira,35,0,0.0,0.0,0.20978417,0.20978417
523,Eric da Silva Moreira,36,0,0.0,0.0,0.20978417,0.20978417
523,Eric da Silva Moreira,37,0,0.0,0.0,0.20978417,0.20978417
523,Eric da Silva Moreira,38,0,0.0,0.0,0.20978417,0.20978417
524,Marko Stamenić,34,0,0.0,0.0,0.20978417,0.20978417
524,Marko Stamenić,35,0,0.0,0.0,0.20978417,0.20978417
524,Marko Stamenić,36,0,0.0,0.0,0.20978417,0.20978417
524,Marko Stamenić,37,0,0.0,0.0,0.20978417,0.20978417
524,Marko Stamenić,38,0,0.0,0.0,0.20978417,0.20978417
525,Chris Wood,34,87,7.0,7.0,3.497161,3.502839
525,Chris Wood,35,24,1.0,1.0,5.9726644,4.9726644
525,Chris Wood,36,17,1.0,1.0,4.000943,3.0009432
525,Chris Wood,37,69,2.0,2.0,2.993807,0.9938071
525,Chris Wood,38,61,2.0,2.0,3.2912033,1.2912033
526,Igor Jesus Maciel da Cruz,34,66,14.0,14.0,5.634776,8.365224
526,Igor Jesus Maciel da Cruz,35,45,5.0,5.0,4.997484,0.0025157928
526,Igor Jesus Maciel da Cruz,36,82,1.0,1.0,6.829873,5.829873
526,Igor Jesus Maciel da Cruz,37,83,2.0,2.0,6.368114,4.368114
526,Igor Jesus Maciel da Cruz,38,90,2.0,2.0,5.2824717,3.2824717
527,Taiwo Awoniyi,34,2,4.0,4.0,1.5025153,2.4974847
527,Taiwo Awoniyi,35,90,16.0,16.0,1.8505421,14.149458
527,Taiwo Awoniyi,36,72,2.0,2.0,4.517638,2.5176382
527,Taiwo Awoniyi,37,20,1.0,1.0,4.73402,3.7340202
527,Taiwo Awoniyi,38,28,0.0,0.0,3.8481476,3.8481476
528,Anthony Patterson,34,0,0.0,0.0,0.1306434,0.1306434
528,Anthony Patterson,35,0,0.0,0.0,0.1306434,0.1306434
528,Anthony Patterson,36,0,0.0,0.0,0.1306434,0.1306434
528,Anthony Patterson,37,0,0.0,0.0,0.1306434,0.1306434
528,Anthony Patterson,38,0,0.0,0.0,0.1306434,0.1306434
529,Simon Moore,34,0,0.0,0.0,0.1306434,0.1306434
529,Simon Moore,35,0,0.0,0.0,0.1306434,0.1306434
529,Simon Moore,36,0,0.0,0.0,0.1306434,0.1306434
529,Simon Moore,37,0,0.0,0.0,0.1306434,0.1306434
529,Simon Moore,38,0,0.0,0.0,0.1306434,0.1306434
530,Blondy Nna Noukeu,34,0,0.0,0.0,0.1306434,0.1306434
530,Blondy Nna Noukeu,35,0,0.0,0.0,0.1306434,0.1306434
530,Blondy Nna Noukeu,36,0,0.0,0.0,0.1306434,0.1306434
530,Blondy Nna Noukeu,37,0,0.0,0.0,0.1306434,0.1306434
530,Blondy Nna Noukeu,38,0,0.0,0.0,0.1306434,0.1306434
531,Daniel Ballard,34,90,0.0,0.0,1.9445996,1.9445996
531,Daniel Ballard,35,23,-2.0,-2.0,4.1445236,6.1445236
531,Daniel Ballard,36,0,0.0,0.0,0.62986535,0.62986535
531,Daniel Ballard,37,0,0.0,0.0,2.390405,2.390405
531,Daniel Ballard,38,0,0.0,0.0,2.5027325,2.5027325
532,Trai Hume,34,90,-2.0,-2.0,4.450308,6.450308
532,Trai Hume,35,90,2.0,2.0,4.7373614,2.7373614
532,Trai Hume,36,89,6.0,6.0,4.737472,1.262528
532,Trai Hume,37,59,1.0,1.0,4.2664337,3.2664337
532,Trai Hume,38,90,8.0,8.0,3.3721511,4.6278486
533,Aji Alese,34,0,0.0,0.0,0.31053424,0.31053424
533,Aji Alese,35,0,0.0,0.0,0.31053424,0.31053424
533,Aji Alese,36,0,0.0,0.0,0.31053424,0.31053424
533,Aji Alese,37,0,0.0,0.0,0.31053424,0.31053424
533,Aji Alese,38,0,0.0,0.0,0.31053424,0.31053424
534,Joe Anderson,34,0,0.0,0.0,0.31053424,0.31053424
534,Joe Anderson,35,0,0.0,0.0,0.31053424,0.31053424
534,Joe Anderson,36,0,0.0,0.0,0.31053424,0.31053424
534,Joe Anderson,37,0,0.0,0.0,0.31053424,0.31053424
534,Joe Anderson,38,0,0.0,0.0,0.31053424,0.31053424
535,Dennis Cirkin,34,0,0.0,0.0,0.45663154,0.45663154
535,Dennis Cirkin,35,18,0.0,0.0,0.4178084,0.4178084
535,Dennis Cirkin,36,0,0.0,0.0,1.3990635,1.3990635
535,Dennis Cirkin,37,0,0.0,0.0,0.62579274,0.62579274
535,Dennis Cirkin,38,0,0.0,0.0,0.4016794,0.4016794
536,Leo Fuhr Hjelde,34,0,0.0,0.0,0.31053424,0.31053424
536,Leo Fuhr Hjelde,35,0,0.0,0.0,0.31053424,0.31053424
536,Leo Fuhr Hjelde,36,0,0.0,0.0,0.31053424,0.31053424
536,Leo Fuhr Hjelde,37,0,0.0,0.0,0.31053424,0.31053424
536,Leo Fuhr Hjelde,38,0,0.0,0.0,0.31053424,0.31053424
537,Niall Huggins,34,0,0.0,0.0,0.31053424,0.31053424
537,Niall Huggins,35,0,0.0,0.0,0.31053424,0.31053424
537,Niall Huggins,36,0,0.0,0.0,0.31053424,0.31053424
537,Niall Huggins,37,0,0.0,0.0,0.31053424,0.31053424
537,Niall Huggins,38,0,0.0,0.0,0.31053424,0.31053424
538,Zak Johnson,34,0,0.0,0.0,0.31053424,0.31053424
538,Zak Johnson,35,0,0.0,0.0,0.31053424,0.31053424
538,Zak Johnson,36,0,0.0,0.0,0.31053424,0.31053424
538,Zak Johnson,37,0,0.0,0.0,0.31053424,0.31053424
538,Zak Johnson,38,0,0.0,0.0,0.31053424,0.31053424
539,Luke O'Nien,34,0,0.0,0.0,4.287579,4.287579
539,Luke O'Nien,35,0,0.0,0.0,1.997016,1.997016
539,Luke O'Nien,36,0,0.0,0.0,1.1329898,1.1329898
539,Luke O'Nien,37,67,4.0,4.0,0.6038656,3.3961344
539,Luke O'Nien,38,90,6.0,6.0,3.801648,2.198352
540,Timothée Pembélé,34,0,0.0,0.0,0.31053424,0.31053424
540,Timothée Pembélé,35,0,0.0,0.0,0.31053424,0.31053424
540,Timothée Pembélé,36,0,0.0,0.0,0.31053424,0.31053424
540,Timothée Pembélé,37,0,0.0,0.0,0.31053424,0.31053424
540,Timothée Pembélé,38,0,0.0,0.0,0.31053424,0.31053424
541,Reinildo Mandava,34,45,1.0,1.0,3.837056,2.837056
541,Reinildo Mandava,35,71,2.0,2.0,3.3553777,1.3553777
541,Reinildo Mandava,36,90,8.0,8.0,3.7921371,4.207863
541,Reinildo Mandava,37,90,2.0,2.0,4.5320168,2.5320168
541,Reinildo Mandava,38,90,2.0,2.0,4.856883,2.856883
542,Jenson Seelt,34,0,0.0,0.0,0.31053424,0.31053424
542,Jenson Seelt,35,0,0.0,0.0,0.31053424,0.31053424
542,Jenson Seelt,36,0,0.0,0.0,0.31053424,0.31053424
542,Jenson Seelt,37,0,0.0,0.0,0.31053424,0.31053424
542,Jenson Seelt,38,0,0.0,0.0,0.31053424,0.31053424
543,Simon Adingra,34,0,0.0,0.0,0.20978417,0.20978417
543,Simon Adingra,35,0,0.0,0.0,0.20978417,0.20978417
543,Simon Adingra,36,0,0.0,0.0,0.20978417,0.20978417
543,Simon Adingra,37,0,0.0,0.0,0.20978417,0.20978417
543,Simon Adingra,38,0,0.0,0.0,0.20978417,0.20978417
544,Habib Diarra,34,64,1.0,1.0,6.578813,5.578813
544,Habib Diarra,35,18,1.0,1.0,4.2199287,3.2199287
544,Habib Diarra,36,0,0.0,0.0,3.286464,3.286464
544,Habib Diarra,37,13,4.0,4.0,2.1242824,1.8757176
544,Habib Diarra,38,29,0.0,0.0,2.25886,2.25886
545,Patrick Roberts,34,0,0.0,0.0,0.20978417,0.20978417
545,Patrick Roberts,35,0,0.0,0.0,0.20978417,0.20978417
545,Patrick Roberts,36,0,0.0,0.0,0.20978417,0.20978417
545,Patrick Roberts,37,0,0.0,0.0,0.20978417,0.20978417
545,Patrick Roberts,38,0,0.0,0.0,0.20978417,0.20978417
546,Milan Aleksić,34,0,0.0,0.0,0.20978417,0.20978417
546,Milan Aleksić,35,0,0.0,0.0,0.20978417,0.20978417
546,Milan Aleksić,36,0,0.0,0.0,0.20978417,0.20978417
546,Milan Aleksić,37,0,0.0,0.0,0.20978417,0.20978417
546,Milan Aleksić,38,0,0.0,0.0,0.20978417,0.20978417
547,Enzo Le Fée,34,90,2.0,2.0,4.7630444,2.7630444
547,Enzo Le Fée,35,90,4.0,4.0,6.043901,2.043901
547,Enzo Le Fée,36,90,3.0,3.0,5.1727996,2.1727996
547,Enzo Le Fée,37,90,13.0,13.0,5.603371,7.396629
547,Enzo Le Fée,38,90,5.0,5.0,5.1641545,0.16415453
548,Romaine Mundle,34,0,0.0,0.0,0.20978417,0.20978417
548,Romaine Mundle,35,0,0.0,0.0,0.20978417,0.20978417
548,Romaine Mundle,36,0,0.0,0.0,0.20978417,0.20978417
548,Romaine Mundle,37,0,0.0,0.0,0.20978417,0.20978417
548,Romaine Mundle,38,0,0.0,0.0,0.20978417,0.20978417
549,Dan Neil,34,0,0.0,0.0,0.20978417,0.20978417
549,Dan Neil,35,0,0.0,0.0,0.20978417,0.20978417
549,Dan Neil,36,0,0.0,0.0,0.20978417,0.20978417
549,Dan Neil,37,0,0.0,0.0,0.20978417,0.20978417
549,Dan Neil,38,0,0.0,0.0,0.20978417,0.20978417
550,Ian Poveda-Ocampo,34,0,0.0,0.0,0.20978417,0.20978417
550,Ian Poveda-Ocampo,35,0,0.0,0.0,0.20978417,0.20978417
550,Ian Poveda-Ocampo,36,0,0.0,0.0,0.20978417,0.20978417
550,Ian Poveda-Ocampo,37,0,0.0,0.0,0.20978417,0.20978417
550,Ian Poveda-Ocampo,38,0,0.0,0.0,0.20978417,0.20978417
551,Chris Rigg,34,45,1.0,1.0,5.309597,4.309597
551,Chris Rigg,35,0,0.0,0.0,4.484189,4.484189
551,Chris Rigg,36,0,0.0,0.0,2.5043838,2.5043838
551,Chris Rigg,37,13,4.0,4.0,1.894279,2.105721
551,Chris Rigg,38,1,1.0,1.0,1.7736738,0.7736738
552,Noah Sadiki,34,90,2.0,2.0,4.5315733,2.5315733
552,Noah Sadiki,35,71,2.0,2.0,5.341428,3.3414278
552,Noah Sadiki,36,90,5.0,5.0,4.663386,0.33661413
552,Noah Sadiki,37,76,2.0,2.0,5.9122396,3.9122396
552,Noah Sadiki,38,90,1.0,1.0,4.3122807,3.3122807
553,Chemsdine Talbi,34,0,0.0,0.0,2.9143622,2.9143622
553,Chemsdine Talbi,35,90,2.0,2.0,1.9401762,0.05982375
553,Chemsdine Talbi,36,78,3.0,3.0,4.0044518,1.0044518
553,Chemsdine Talbi,37,30,1.0,1.0,4.264106,3.2641058
553,Chemsdine Talbi,38,0,0.0,0.0,2.7487173,2.7487173
554,Abdoullah Ba,34,0,0.0,0.0,0.20978417,0.20978417
554,Abdoullah Ba,35,0,0.0,0.0,0.20978417,0.20978417
554,Abdoullah Ba,36,0,0.0,0.0,0.20978417,0.20978417
554,Abdoullah Ba,37,0,0.0,0.0,0.20978417,0.20978417
554,Abdoullah Ba,38,0,0.0,0.0,0.20978417,0.20978417
555,Alan Browne,34,0,0.0,0.0,0.20978417,0.20978417
555,Alan Browne,35,0,0.0,0.0,0.20978417,0.20978417
555,Alan Browne,36,0,0.0,0.0,0.20978417,0.20978417
555,Alan Browne,37,0,0.0,0.0,0.20978417,0.20978417
555,Alan Browne,38,0,0.0,0.0,0.20978417,0.20978417
556,Pierre Ekwah Elimby,34,0,0.0,0.0,0.20978417,0.20978417
556,Pierre Ekwah Elimby,35,0,0.0,0.0,0.20978417,0.20978417
556,Pierre Ekwah Elimby,36,0,0.0,0.0,0.20978417,0.20978417
556,Pierre Ekwah Elimby,37,0,0.0,0.0,0.20978417,0.20978417
556,Pierre Ekwah Elimby,38,0,0.0,0.0,0.20978417,0.20978417
557,Harrison Jones,34,0,0.0,0.0,0.20978417,0.20978417
557,Harrison Jones,35,0,0.0,0.0,0.20978417,0.20978417
557,Harrison Jones,36,0,0.0,0.0,0.20978417,0.20978417
557,Harrison Jones,37,0,0.0,0.0,0.20978417,0.20978417
557,Harrison Jones,38,0,0.0,0.0,0.20978417,0.20978417
558,Jay Matete,34,0,0.0,0.0,0.20978417,0.20978417
558,Jay Matete,35,0,0.0,0.0,0.20978417,0.20978417
558,Jay Matete,36,0,0.0,0.0,0.20978417,0.20978417
558,Jay Matete,37,0,0.0,0.0,0.20978417,0.20978417
558,Jay Matete,38,0,0.0,0.0,0.20978417,0.20978417
559,Nectarios Triantis,34,0,0.0,0.0,0.20978417,0.20978417
559,Nectarios Triantis,35,0,0.0,0.0,0.20978417,0.20978417
559,Nectarios Triantis,36,0,0.0,0.0,0.20978417,0.20978417
559,Nectarios Triantis,37,0,0.0,0.0,0.20978417,0.20978417
559,Nectarios Triantis,38,0,0.0,0.0,0.20978417,0.20978417
560,Wilson Isidor,34,25,1.0,1.0,3.134061,2.134061
560,Wilson Isidor,35,18,1.0,1.0,2.6124005,1.6124005
560,Wilson Isidor,36,0,0.0,0.0,2.0861998,2.0861998
560,Wilson Isidor,37,13,5.0,5.0,1.6772978,3.3227022
560,Wilson Isidor,38,29,1.0,1.0,4.4046917,3.4046917
561,Eliezer Mayenda Dossou,34,0,0.0,0.0,0.36061406,0.36061406
561,Eliezer Mayenda Dossou,35,0,0.0,0.0,0.2072553,0.2072553
561,Eliezer Mayenda Dossou,36,1,1.0,1.0,0.15979615,0.8402039
561,Eliezer Mayenda Dossou,37,0,0.0,0.0,0.33265167,0.33265167
561,Eliezer Mayenda Dossou,38,0,0.0,0.0,0.22487599,0.22487599
562,Ahmed Abdullahi,34,0,0.0,0.0,0.1322251,0.1322251
562,Ahmed Abdullahi,35,0,0.0,0.0,0.1322251,0.1322251
562,Ahmed Abdullahi,36,0,0.0,0.0,0.1322251,0.1322251
562,Ahmed Abdullahi,37,0,0.0,0.0,0.1322251,0.1322251
562,Ahmed Abdullahi,38,0,0.0,0.0,0.1322251,0.1322251
563,Luís Hemir Silva Semedo,34,0,0.0,0.0,0.1322251,0.1322251
563,Luís Hemir Silva Semedo,35,0,0.0,0.0,0.1322251,0.1322251
563,Luís Hemir Silva Semedo,36,0,0.0,0.0,0.1322251,0.1322251
563,Luís Hemir Silva Semedo,37,0,0.0,0.0,0.1322251,0.1322251
563,Luís Hemir Silva Semedo,38,0,0.0,0.0,0.1322251,0.1322251
564,Nazarii Rusyn,34,0,0.0,0.0,0.1322251,0.1322251
564,Nazarii Rusyn,35,0,0.0,0.0,0.1322251,0.1322251
564,Nazarii Rusyn,36,0,0.0,0.0,0.1322251,0.1322251
564,Nazarii Rusyn,37,0,0.0,0.0,0.1322251,0.1322251
564,Nazarii Rusyn,38,0,0.0,0.0,0.1322251,0.1322251
565,Guglielmo Vicario,34,0,0.0,0.0,1.0291939,1.0291939
565,Guglielmo Vicario,35,0,0.0,0.0,0.24262735,0.24262735
565,Guglielmo Vicario,36,0,0.0,0.0,-0.021005362,0.021005362
565,Guglielmo Vicario,37,0,0.0,0.0,0.1306434,0.1306434
565,Guglielmo Vicario,38,0,0.0,0.0,0.1306434,0.1306434
566,Brandon Austin,34,0,0.0,0.0,0.1306434,0.1306434
566,Brandon Austin,35,0,0.0,0.0,0.1306434,0.1306434
566,Brandon Austin,36,0,0.0,0.0,0.1306434,0.1306434
566,Brandon Austin,37,0,0.0,0.0,0.1306434,0.1306434
566,Brandon Austin,38,0,0.0,0.0,0.1306434,0.1306434
567,Antonín Kinský,34,90,6.0,6.0,3.988283,2.011717
567,Antonín Kinský,35,90,2.0,2.0,3.9844975,1.9844975
567,Antonín Kinský,36,90,3.0,3.0,4.181684,1.181684
567,Antonín Kinský,37,90,1.0,1.0,3.8664215,2.8664215
567,Antonín Kinský,38,90,5.0,5.0,4.157,0.84299994
568,Pedro Porro Sauceda,34,90,8.0,8.0,5.401879,2.5981212
568,Pedro Porro Sauceda,35,90,4.0,4.0,5.2822347,1.2822347
568,Pedro Porro Sauceda,36,90,1.0,1.0,6.126,5.126
568,Pedro Porro Sauceda,37,90,0.0,0.0,5.7563686,5.7563686
568,Pedro Porro Sauceda,38,90,10.0,10.0,5.3755975,4.6244025
569,Cristian Romero,34,0,0.0,0.0,2.6417677,2.6417677
569,Cristian Romero,35,0,0.0,0.0,1.6504989,1.6504989
569,Cristian Romero,36,0,0.0,0.0,1.0881548,1.0881548
569,Cristian Romero,37,0,0.0,0.0,0.88673365,0.88673365
569,Cristian Romero,38,0,0.0,0.0,0.31053424,0.31053424
570,Kevin Danso,34,90,5.0,5.0,4.675645,0.32435513
570,Kevin Danso,35,90,3.0,3.0,4.3262806,1.3262806
570,Kevin Danso,36,90,3.0,3.0,5.304758,2.304758
570,Kevin Danso,37,90,3.0,3.0,5.350239,2.3502388
570,Kevin Danso,38,90,8.0,8.0,5.8120947,2.1879053
571,Ben Davies,34,0,0.0,0.0,0.31053424,0.31053424
571,Ben Davies,35,0,0.0,0.0,0.31053424,0.31053424
571,Ben Davies,36,0,0.0,0.0,0.31053424,0.31053424
571,Ben Davies,37,0,0.0,0.0,0.31053424,0.31053424
571,Ben Davies,38,0,0.0,0.0,0.31053424,0.31053424
572,Radu Drăgușin,34,1,1.0,1.0,0.3734501,0.6265499
572,Radu Drăgușin,35,0,0.0,0.0,0.9304174,0.9304174
572,Radu Drăgușin,36,0,0.0,0.0,0.60335404,0.60335404
572,Radu Drăgușin,37,0,0.0,0.0,0.4951728,0.4951728
572,Radu Drăgușin,38,1,1.0,1.0,0.440459,0.559541
573,Djed Spence,34,90,8.0,8.0,2.1015887,5.8984113
573,Djed Spence,35,23,1.0,1.0,4.145276,3.145276
573,Djed Spence,36,5,1.0,1.0,3.022857,2.022857
573,Djed Spence,37,21,1.0,1.0,1.7515824,0.7515824
573,Djed Spence,38,90,6.0,6.0,1.4270387,4.5729613
574,Destiny Udogie,34,0,0.0,0.0,4.371672,4.371672
574,Destiny Udogie,35,90,2.0,2.0,2.4524815,0.4524815
574,Destiny Udogie,36,84,2.0,2.0,4.381717,2.3817172
574,Destiny Udogie,37,68,0.0,0.0,4.180046,4.180046
574,Destiny Udogie,38,89,7.0,7.0,4.2045546,2.7954454
575,Micky van de Ven,34,90,6.0,6.0,5.0359097,0.96409035
575,Micky van de Ven,35,90,2.0,2.0,4.5816717,2.5816717
575,Micky van de Ven,36,90,2.0,2.0,4.8052335,2.8052335
575,Micky van de Ven,37,90,0.0,0.0,4.4842453,4.4842453
575,Micky van de Ven,38,90,6.0,6.0,4.3557625,1.6442375
576,Ashley Phillips,34,0,0.0,0.0,0.31053424,0.31053424
576,Ashley Phillips,35,0,0.0,0.0,0.31053424,0.31053424
576,Ashley Phillips,36,0,0.0,0.0,0.31053424,0.31053424
576,Ashley Phillips,37,0,0.0,0.0,0.31053424,0.31053424
576,Ashley Phillips,38,0,0.0,0.0,0.31053424,0.31053424
577,Takai Kōta,34,0,0.0,0.0,0.31053424,0.31053424
577,Takai Kōta,35,0,0.0,0.0,0.31053424,0.31053424
577,Takai Kōta,36,0,0.0,0.0,0.31053424,0.31053424
577,Takai Kōta,37,0,0.0,0.0,0.31053424,0.31053424
577,Takai Kōta,38,0,0.0,0.0,0.31053424,0.31053424
578,Luka Vušković,34,0,0.0,0.0,0.31053424,0.31053424
578,Luka Vušković,35,0,0.0,0.0,0.31053424,0.31053424
578,Luka Vušković,36,0,0.0,0.0,0.31053424,0.31053424
578,Luka Vušković,37,0,0.0,0.0,0.31053424,0.31053424
578,Luka Vušković,38,0,0.0,0.0,0.31053424,0.31053424
579,Son Heung-min,34,0,0.0,0.0,0.20978417,0.20978417
579,Son Heung-min,35,0,0.0,0.0,0.20978417,0.20978417
579,Son Heung-min,36,0,0.0,0.0,0.20978417,0.20978417
579,Son Heung-min,37,0,0.0,0.0,0.20978417,0.20978417
579,Son Heung-min,38,0,0.0,0.0,0.20978417,0.20978417
580,Brennan Johnson,37,45,1.0,1.0,5.0930295,4.0930295
580,Brennan Johnson,38,0,0.0,0.0,3.518528,3.518528
581,James Maddison,34,0,0.0,0.0,0.20978417,0.20978417
581,James Maddison,35,0,0.0,0.0,0.20978417,0.20978417
581,James Maddison,36,5,1.0,1.0,0.20978417,0.79021585
581,James Maddison,37,21,1.0,1.0,0.87549603,0.12450397
581,James Maddison,38,8,1.0,1.0,2.2770643,1.2770643
582,Mohammed Kudus,34,0,0.0,0.0,0.20978417,0.20978417
582,Mohammed Kudus,35,0,0.0,0.0,0.20978417,0.20978417
582,Mohammed Kudus,36,0,0.0,0.0,0.20978417,0.20978417
582,Mohammed Kudus,37,0,0.0,0.0,0.20978417,0.20978417
582,Mohammed Kudus,38,0,0.0,0.0,0.20978417,0.20978417
583,Dejan Kulusevski,34,0,0.0,0.0,0.20978417,0.20978417
583,Dejan Kulusevski,35,0,0.0,0.0,0.20978417,0.20978417
583,Dejan Kulusevski,36,0,0.0,0.0,0.20978417,0.20978417
583,Dejan Kulusevski,37,0,0.0,0.0,0.20978417,0.20978417
583,Dejan Kulusevski,38,0,0.0,0.0,0.20978417,0.20978417
584,Mathys Tel,34,45,1.0,1.0,3.2866066,2.2866066
584,Mathys Tel,35,90,5.0,5.0,3.481291,1.518709
584,Mathys Tel,36,84,9.0,9.0,4.4858527,4.5141473
584,Mathys Tel,37,90,2.0,2.0,5.8867683,3.8867683
584,Mathys Tel,38,72,3.0,3.0,5.6425877,2.6425877
585,Rodrigo Bentancur,34,90,4.0,4.0,3.481614,0.5183859
585,Rodrigo Bentancur,35,66,2.0,2.0,4.495508,2.4955082
585,Rodrigo Bentancur,36,80,5.0,5.0,4.7657003,0.23429966
585,Rodrigo Bentancur,37,90,2.0,2.0,5.6869555,3.6869555
585,Rodrigo Bentancur,38,81,5.0,5.0,5.313699,0.31369877
586,Lucas Bergvall,34,27,1.0,1.0,2.8430433,1.8430433
586,Lucas Bergvall,35,1,1.0,1.0,2.3935084,1.3935084
586,Lucas Bergvall,36,9,1.0,1.0,1.6227305,0.6227305
586,Lucas Bergvall,37,0,0.0,0.0,1.218273,1.218273
586,Lucas Bergvall,38,0,0.0,0.0,0.66104186,0.66104186
587,Yves Bissouma,34,61,3.0,3.0,2.160869,0.8391311
587,Yves Bissouma,35,23,1.0,1.0,2.6365712,1.6365712
587,Yves Bissouma,36,0,0.0,0.0,1.7851629,1.7851629
587,Yves Bissouma,37,0,0.0,0.0,0.9324385,0.9324385
587,Yves Bissouma,38,0,0.0,0.0,0.671737,0.671737
588,Wilson Odobert,34,0,0.0,0.0,0.20978417,0.20978417
588,Wilson Odobert,35,0,0.0,0.0,0.20978417,0.20978417
588,Wilson Odobert,36,0,0.0,0.0,0.20978417,0.20978417
588,Wilson Odobert,37,0,0.0,0.0,0.20978417,0.20978417
588,Wilson Odobert,38,0,0.0,0.0,0.20978417,0.20978417
589,Manor Solomon,34,0,0.0,0.0,0.20978417,0.20978417
589,Manor Solomon,35,0,0.0,0.0,0.20978417,0.20978417
589,Manor Solomon,36,0,0.0,0.0,0.20978417,0.20978417
589,Manor Solomon,37,0,0.0,0.0,0.20978417,0.20978417
589,Manor Solomon,38,0,0.0,0.0,0.20978417,0.20978417
590,Bryan Gil Salvatierra,34,0,0.0,0.0,0.20978417,0.20978417
590,Bryan Gil Salvatierra,35,0,0.0,0.0,0.20978417,0.20978417
590,Bryan Gil Salvatierra,36,0,0.0,0.0,0.20978417,0.20978417
590,Bryan Gil Salvatierra,37,0,0.0,0.0,0.20978417,0.20978417
590,Bryan Gil Salvatierra,38,0,0.0,0.0,0.20978417,0.20978417
591,Archie Gray,34,0,0.0,0.0,3.5651424,3.5651424
591,Archie Gray,35,0,0.0,0.0,1.7412184,1.7412184
591,Archie Gray,36,0,0.0,0.0,1.3475416,1.3475416
591,Archie Gray,37,0,0.0,0.0,0.8541728,0.8541728
591,Archie Gray,38,8,1.0,1.0,0.5076363,0.4923637
592,Mikey Moore,34,0,0.0,0.0,0.20978417,0.20978417
592,Mikey Moore,35,0,0.0,0.0,0.20978417,0.20978417
592,Mikey Moore,36,0,0.0,0.0,0.20978417,0.20978417
592,Mikey Moore,37,0,0.0,0.0,0.20978417,0.20978417
592,Mikey Moore,38,0,0.0,0.0,0.20978417,0.20978417
593,Pape Matar Sarr,34,0,0.0,0.0,2.1963131,2.1963131
593,Pape Matar Sarr,35,1,1.0,1.0,1.2698503,0.26985025
593,Pape Matar Sarr,36,0,0.0,0.0,0.9865389,0.9865389
593,Pape Matar Sarr,37,21,4.0,4.0,0.47233164,3.5276685
593,Pape Matar Sarr,38,17,0.0,0.0,2.1895792,2.1895792
594,Yang Min-hyeok,34,0,0.0,0.0,0.20978417,0.20978417
594,Yang Min-hyeok,35,0,0.0,0.0,0.20978417,0.20978417
594,Yang Min-hyeok,36,0,0.0,0.0,0.20978417,0.20978417
594,Yang Min-hyeok,37,0,0.0,0.0,0.20978417,0.20978417
594,Yang Min-hyeok,38,0,0.0,0.0,0.20978417,0.20978417
595,Callum Olusesi,34,0,0.0,0.0,0.36826456,0.36826456
595,Callum Olusesi,35,0,0.0,0.0,0.32001358,0.32001358
595,Callum Olusesi,36,0,0.0,0.0,0.20978417,0.20978417
595,Callum Olusesi,37,0,0.0,0.0,0.20978417,0.20978417
595,Callum Olusesi,38,0,0.0,0.0,0.20978417,0.20978417
596,Dominic Solanke-Mitchell,34,39,1.0,1.0,5.1395707,4.1395707
596,Dominic Solanke-Mitchell,35,0,0.0,0.0,4.561724,4.561724
596,Dominic Solanke-Mitchell,36,0,0.0,0.0,2.8921115,2.8921115
596,Dominic Solanke-Mitchell,37,0,0.0,0.0,2.2823546,2.2823546
596,Dominic Solanke-Mitchell,38,0,0.0,0.0,1.6073011,1.6073011
597,Richarlison de Andrade,34,50,4.0,4.0,2.694273,1.305727
597,Richarlison de Andrade,35,90,9.0,9.0,3.7000825,5.299917
597,Richarlison de Andrade,36,90,2.0,2.0,5.76281,3.7628102
597,Richarlison de Andrade,37,90,7.0,7.0,6.2694063,0.7305937
597,Richarlison de Andrade,38,72,2.0,2.0,6.6372323,4.6372323
598,Will Lankshear,34,0,0.0,0.0,0.1322251,0.1322251
598,Will Lankshear,35,0,0.0,0.0,0.1322251,0.1322251
598,Will Lankshear,36,0,0.0,0.0,0.1322251,0.1322251
598,Will Lankshear,37,0,0.0,0.0,0.1322251,0.1322251
598,Will Lankshear,38,0,0.0,0.0,0.1322251,0.1322251
599,Dane Scarlett,34,0,0.0,0.0,0.1322251,0.1322251
599,Dane Scarlett,35,0,0.0,0.0,0.1322251,0.1322251
599,Dane Scarlett,36,0,0.0,0.0,0.1322251,0.1322251
599,Dane Scarlett,37,0,0.0,0.0,0.1322251,0.1322251
599,Dane Scarlett,38,0,0.0,0.0,0.1322251,0.1322251
600,Alphonse Areola,34,0,0.0,0.0,0.1306434,0.1306434
600,Alphonse Areola,35,0,0.0,0.0,0.1306434,0.1306434
600,Alphonse Areola,36,0,0.0,0.0,0.1306434,0.1306434
600,Alphonse Areola,37,0,0.0,0.0,0.1306434,0.1306434
600,Alphonse Areola,38,0,0.0,0.0,0.1306434,0.1306434
601,Wes Foderingham,34,0,0.0,0.0,0.1306434,0.1306434
601,Wes Foderingham,35,0,0.0,0.0,0.1306434,0.1306434
601,Wes Foderingham,36,0,0.0,0.0,0.1306434,0.1306434
601,Wes Foderingham,37,0,0.0,0.0,0.1306434,0.1306434
601,Wes Foderingham,38,0,0.0,0.0,0.1306434,0.1306434
602,Krisztián Hegyi,34,0,0.0,0.0,0.1306434,0.1306434
602,Krisztián Hegyi,35,0,0.0,0.0,0.1306434,0.1306434
602,Krisztián Hegyi,36,0,0.0,0.0,0.1306434,0.1306434
602,Krisztián Hegyi,37,0,0.0,0.0,0.1306434,0.1306434
602,Krisztián Hegyi,38,0,0.0,0.0,0.1306434,0.1306434
603,El Hadji Malick Diouf,34,90,2.0,2.0,4.509096,2.5090961
603,El Hadji Malick Diouf,35,73,1.0,1.0,5.0288744,4.0288744
603,El Hadji Malick Diouf,36,90,2.0,2.0,4.996954,2.996954
603,El Hadji Malick Diouf,37,90,0.0,0.0,5.1639547,5.1639547
603,El Hadji Malick Diouf,38,90,6.0,6.0,4.983922,1.016078
604,Emerson Palmieri dos Santos,34,0,0.0,0.0,0.31053424,0.31053424
604,Emerson Palmieri dos Santos,35,0,0.0,0.0,0.31053424,0.31053424
604,Emerson Palmieri dos Santos,36,0,0.0,0.0,0.31053424,0.31053424
604,Emerson Palmieri dos Santos,37,0,0.0,0.0,0.31053424,0.31053424
604,Emerson Palmieri dos Santos,38,0,0.0,0.0,0.31053424,0.31053424
605,Maximilian Kilman,34,0,0.0,0.0,0.31053424,0.31053424
605,Maximilian Kilman,35,0,0.0,0.0,0.31053424,0.31053424
605,Maximilian Kilman,36,0,0.0,0.0,0.31053424,0.31053424
605,Maximilian Kilman,37,0,0.0,0.0,0.31053424,0.31053424
605,Maximilian Kilman,38,0,0.0,0.0,0.31053424,0.31053424
606,Konstantinos Mavropanos,34,90,4.0,4.0,6.1819797,2.1819797
606,Konstantinos Mavropanos,35,90,-1.0,-1.0,6.128524,7.128524
606,Konstantinos Mavropanos,36,90,4.0,4.0,5.489276,1.4892759
606,Konstantinos Mavropanos,37,90,3.0,3.0,5.4992933,2.4992933
606,Konstantinos Mavropanos,38,90,8.0,8.0,5.271736,2.7282639
607,Nayef Aguerd,34,0,0.0,0.0,0.31053424,0.31053424
607,Nayef Aguerd,35,0,0.0,0.0,0.31053424,0.31053424
607,Nayef Aguerd,36,0,0.0,0.0,0.31053424,0.31053424
607,Nayef Aguerd,37,0,0.0,0.0,0.31053424,0.31053424
607,Nayef Aguerd,38,0,0.0,0.0,0.31053424,0.31053424
608,Ollie Scarles,34,0,0.0,0.0,0.31053424,0.31053424
608,Ollie Scarles,35,2,0.0,0.0,0.31053424,0.31053424
608,Ollie Scarles,36,0,0.0,0.0,1.5069549,1.5069549
608,Ollie Scarles,37,0,0.0,0.0,0.72754896,0.72754896
608,Ollie Scarles,38,0,0.0,0.0,0.45861012,0.45861012
609,Jean-Clair Todibo,34,1,1.0,1.0,0.6862833,0.3137167
609,Jean-Clair Todibo,35,0,0.0,0.0,0.7106916,0.7106916
609,Jean-Clair Todibo,36,90,1.0,1.0,0.46783024,0.53216976
609,Jean-Clair Todibo,37,25,0.0,0.0,3.1804507,3.1804507
609,Jean-Clair Todibo,38,0,0.0,0.0,2.5018067,2.5018067
610,Aaron Wan-Bissaka,34,0,0.0,0.0,1.6331253,1.6331253
610,Aaron Wan-Bissaka,35,25,1.0,1.0,0.61217064,0.38782936
610,Aaron Wan-Bissaka,36,90,2.0,2.0,2.0686855,0.06868553
610,Aaron Wan-Bissaka,37,62,1.0,1.0,4.412615,3.4126148
610,Aaron Wan-Bissaka,38,0,0.0,0.0,4.04797,4.04797
611,Kaelan Casey,34,0,0.0,0.0,0.31053424,0.31053424
611,Kaelan Casey,35,0,0.0,0.0,0.31053424,0.31053424
611,Kaelan Casey,36,0,0.0,0.0,0.31053424,0.31053424
611,Kaelan Casey,37,0,0.0,0.0,0.31053424,0.31053424
611,Kaelan Casey,38,0,0.0,0.0,0.31053424,0.31053424
612,Lucas Tolentino Coelho de Lima,34,0,0.0,0.0,0.20978417,0.20978417
612,Lucas Tolentino Coelho de Lima,35,0,0.0,0.0,0.20978417,0.20978417
612,Lucas Tolentino Coelho de Lima,36,0,0.0,0.0,0.20978417,0.20978417
612,Lucas Tolentino Coelho de Lima,37,0,0.0,0.0,0.20978417,0.20978417
612,Lucas Tolentino Coelho de Lima,38,0,0.0,0.0,0.20978417,0.20978417
613,Tomáš Souček,34,90,10.0,10.0,4.7202606,5.2797394
613,Tomáš Souček,35,90,2.0,2.0,4.979001,2.979001
613,Tomáš Souček,36,90,2.0,2.0,4.898036,2.898036
613,Tomáš Souček,37,62,1.0,1.0,4.3131666,3.3131666
613,Tomáš Souček,38,90,3.0,3.0,4.2973766,1.2973766
615,Crysencio Summerville,34,90,2.0,2.0,4.6807885,2.6807885
615,Crysencio Summerville,35,87,1.0,1.0,5.034922,4.034922
615,Crysencio Summerville,36,90,1.0,1.0,4.6628923,3.6628923
615,Crysencio Summerville,37,90,2.0,2.0,4.424487,2.424487
615,Crysencio Summerville,38,90,6.0,6.0,4.773665,1.226335
616,Edson Álvarez Velázquez,34,0,0.0,0.0,0.20978417,0.20978417
616,Edson Álvarez Velázquez,35,0,0.0,0.0,0.20978417,0.20978417
616,Edson Álvarez Velázquez,36,0,0.0,0.0,0.20978417,0.20978417
616,Edson Álvarez Velázquez,37,0,0.0,0.0,0.20978417,0.20978417
616,Edson Álvarez Velázquez,38,0,0.0,0.0,0.20978417,0.20978417
617,Maxwel Cornet,34,0,0.0,0.0,0.20978417,0.20978417
617,Maxwel Cornet,35,0,0.0,0.0,0.20978417,0.20978417
617,Maxwel Cornet,36,0,0.0,0.0,0.20978417,0.20978417
617,Maxwel Cornet,37,0,0.0,0.0,0.20978417,0.20978417
617,Maxwel Cornet,38,0,0.0,0.0,0.20978417,0.20978417
618,Guido Rodríguez,34,0,0.0,0.0,0.20978417,0.20978417
618,Guido Rodríguez,35,0,0.0,0.0,0.20978417,0.20978417
618,Guido Rodríguez,36,0,0.0,0.0,0.20978417,0.20978417
618,Guido Rodríguez,37,0,0.0,0.0,0.20978417,0.20978417
618,Guido Rodríguez,38,0,0.0,0.0,0.20978417,0.20978417
619,Luis Guilherme Lira dos Santos,34,0,0.0,0.0,0.20978417,0.20978417
619,Luis Guilherme Lira dos Santos,35,0,0.0,0.0,0.20978417,0.20978417
619,Luis Guilherme Lira dos Santos,36,0,0.0,0.0,0.20978417,0.20978417
619,Luis Guilherme Lira dos Santos,37,0,0.0,0.0,0.20978417,0.20978417
619,Luis Guilherme Lira dos Santos,38,0,0.0,0.0,0.20978417,0.20978417
620,George Earthy,34,0,0.0,0.0,0.20978417,0.20978417
620,George Earthy,35,0,0.0,0.0,0.20978417,0.20978417
620,George Earthy,36,0,0.0,0.0,0.20978417,0.20978417
620,George Earthy,37,0,0.0,0.0,0.20978417,0.20978417
620,George Earthy,38,0,0.0,0.0,0.20978417,0.20978417
621,Andy Irving,34,0,0.0,0.0,0.20978417,0.20978417
621,Andy Irving,35,0,0.0,0.0,0.20978417,0.20978417
621,Andy Irving,36,0,0.0,0.0,0.20978417,0.20978417
621,Andy Irving,37,0,0.0,0.0,0.20978417,0.20978417
621,Andy Irving,38,0,0.0,0.0,0.20978417,0.20978417
622,Lewis Orford,34,0,0.0,0.0,0.20978417,0.20978417
622,Lewis Orford,35,0,0.0,0.0,0.20978417,0.20978417
622,Lewis Orford,36,0,0.0,0.0,0.20978417,0.20978417
622,Lewis Orford,37,0,0.0,0.0,0.20978417,0.20978417
622,Lewis Orford,38,0,0.0,0.0,0.20978417,0.20978417
623,Freddie Potts,34,11,1.0,1.0,0.6441795,0.35582048
623,Freddie Potts,35,0,0.0,0.0,1.7082552,1.7082552
623,Freddie Potts,36,0,0.0,0.0,1.0118186,1.0118186
623,Freddie Potts,37,0,0.0,0.0,0.6517626,0.6517626
623,Freddie Potts,38,0,0.0,0.0,0.5038537,0.5038537
624,Jarrod Bowen,34,90,10.0,10.0,6.700136,3.2998638
624,Jarrod Bowen,35,87,2.0,2.0,5.7160425,3.7160425
624,Jarrod Bowen,36,90,2.0,2.0,6.4478483,4.4478483
624,Jarrod Bowen,37,90,2.0,2.0,5.545025,3.5450249
624,Jarrod Bowen,38,90,12.0,12.0,5.2167044,6.7832956
625,Niclas Füllkrug,34,0,0.0,0.0,0.1322251,0.1322251
625,Niclas Füllkrug,35,0,0.0,0.0,0.1322251,0.1322251
625,Niclas Füllkrug,36,0,0.0,0.0,0.1322251,0.1322251
625,Niclas Füllkrug,37,0,0.0,0.0,0.1322251,0.1322251
625,Niclas Füllkrug,38,0,0.0,0.0,0.1322251,0.1322251
626,Callum Marshall,34,0,0.0,0.0,0.1322251,0.1322251
626,Callum Marshall,35,0,0.0,0.0,0.1322251,0.1322251
626,Callum Marshall,36,0,0.0,0.0,0.1322251,0.1322251
626,Callum Marshall,37,0,0.0,0.0,0.1322251,0.1322251
626,Callum Marshall,38,0,0.0,0.0,0.1322251,0.1322251
627,Sam Johnstone,37,0,0.0,0.0,0.1306434,0.1306434
627,Sam Johnstone,38,0,0.0,0.0,0.1306434,0.1306434
628,José Malheiro de Sá,37,90,3.0,3.0,0.26827383,2.7317262
628,José Malheiro de Sá,38,90,6.0,6.0,3.0503347,2.9496653
629,Daniel Bentley,37,0,0.0,0.0,3.7463295,3.7463295
629,Daniel Bentley,38,0,0.0,0.0,1.8590717,1.8590717
630,Tom King,34,0,0.0,0.0,0.1306434,0.1306434
630,Tom King,35,0,0.0,0.0,0.1306434,0.1306434
630,Tom King,36,0,0.0,0.0,0.1306434,0.1306434
630,Tom King,37,0,0.0,0.0,0.1306434,0.1306434
630,Tom King,38,0,0.0,0.0,0.1306434,0.1306434
631,Emmanuel Agbadou,37,0,0.0,0.0,0.31053424,0.31053424
631,Emmanuel Agbadou,38,0,0.0,0.0,0.31053424,0.31053424
632,Matt Doherty,37,0,0.0,0.0,0.93650174,0.93650174
632,Matt Doherty,38,0,0.0,0.0,0.5798486,0.5798486
633,Hugo Bueno López,37,5,1.0,1.0,4.475261,3.4752612
633,Hugo Bueno López,38,16,1.0,1.0,3.1152709,2.1152709
634,Yerson Mosquera Valdelamar,37,90,2.0,2.0,5.391802,3.3918018
634,Yerson Mosquera Valdelamar,38,90,3.0,3.0,5.3851843,2.3851843
635,Rodrigo Martins Gomes,37,84,2.0,2.0,2.7025435,0.7025435
635,Rodrigo Martins Gomes,38,81,2.0,2.0,4.945928,2.945928
636,Santiago Ignacio Bueno,37,90,2.0,2.0,4.459633,2.4596329
636,Santiago Ignacio Bueno,38,90,2.0,2.0,4.7514715,2.7514715
637,Toti Gomes,37,0,0.0,0.0,5.144848,5.144848
637,Toti Gomes,38,24,1.0,1.0,2.7699234,1.7699234
638,Ki-Jana Hoever,37,0,0.0,0.0,0.31053424,0.31053424
638,Ki-Jana Hoever,38,0,0.0,0.0,0.31053424,0.31053424
639,Bastien Meupiyou Menadjou,37,0,0.0,0.0,0.31053424,0.31053424
639,Bastien Meupiyou Menadjou,38,0,0.0,0.0,0.31053424,0.31053424
640,Pedro Cardoso de Lima,37,5,1.0,1.0,4.010377,3.010377
640,Pedro Cardoso de Lima,38,8,1.0,1.0,2.7618341,1.7618341
641,Alfie Pond,37,0,0.0,0.0,0.31053424,0.31053424
641,Alfie Pond,38,0,0.0,0.0,0.31053424,0.31053424
642,Hwang Hee-chan,37,78,5.0,5.0,3.4613564,1.5386436
642,Hwang Hee-chan,38,90,1.0,1.0,3.9972994,2.9972994
643,André Trindade da Costa Neto,37,90,3.0,3.0,3.7550728,0.75507283
643,André Trindade da Costa Neto,38,90,4.0,4.0,3.8179805,0.18201947
644,Jean-Ricner Bellegarde,37,11,1.0,1.0,2.205207,1.2052071
644,Jean-Ricner Bellegarde,38,0,0.0,0.0,1.8274612,1.8274612
645,Fer López González,37,0,0.0,0.0,0.20978417,0.20978417
645,Fer López González,38,0,0.0,0.0,0.20978417,0.20978417
646,João Victor Gomes da Silva,37,90,2.0,2.0,4.3324933,2.3324933
646,João Victor Gomes da Silva,38,0,0.0,0.0,4.1976695,4.1976695
647,Gonçalo Manuel Ganchinho Guedes,37,0,0.0,0.0,0.20978417,0.20978417
647,Gonçalo Manuel Ganchinho Guedes,38,0,0.0,0.0,0.20978417,0.20978417
648,Marshall Munetsi,37,0,0.0,0.0,0.20978417,0.20978417
648,Marshall Munetsi,38,0,0.0,0.0,0.20978417,0.20978417
649,Boubacar Traoré,37,0,0.0,0.0,0.20978417,0.20978417
649,Boubacar Traoré,38,0,0.0,0.0,0.20978417,0.20978417
650,Tawanda Chirewa,37,0,0.0,0.0,0.20978417,0.20978417
650,Tawanda Chirewa,38,0,0.0,0.0,0.20978417,0.20978417
651,Tom Edozie,37,0,0.0,0.0,0.3556859,0.3556859
651,Tom Edozie,38,0,0.0,0.0,0.24885994,0.24885994
652,Enso González Medina,37,0,0.0,0.0,0.20978417,0.20978417
652,Enso González Medina,38,0,0.0,0.0,0.20978417,0.20978417
653,Joe Hodge,37,0,0.0,0.0,0.20978417,0.20978417
653,Joe Hodge,38,0,0.0,0.0,0.20978417,0.20978417
654,Jørgen Strand Larsen,37,60,2.0,2.0,4.7123766,2.7123766
654,Jørgen Strand Larsen,38,76,2.0,2.0,4.8447967,2.8447967
655,Fábio Soares Silva,37,0,0.0,0.0,0.1322251,0.1322251
655,Fábio Soares Silva,38,0,0.0,0.0,0.1322251,0.1322251
656,Saša Kalajdžić,37,0,0.0,0.0,0.1322251,0.1322251
656,Saša Kalajdžić,38,0,0.0,0.0,0.1322251,0.1322251
657,Leon Chiwome,37,0,0.0,0.0,0.1322251,0.1322251
657,Leon Chiwome,38,0,0.0,0.0,0.1322251,0.1322251
658,Nathan Fraser,37,0,0.0,0.0,0.1322251,0.1322251
658,Nathan Fraser,38,0,0.0,0.0,0.1322251,0.1322251
659,Kyle Walker-Peters,34,90,2.0,2.0,4.6065087,2.6065087
659,Kyle Walker-Peters,35,64,1.0,1.0,5.0699787,4.0699787
659,Kyle Walker-Peters,36,0,0.0,0.0,4.283023,4.283023
659,Kyle Walker-Peters,37,0,0.0,0.0,2.4724052,2.4724052
659,Kyle Walker-Peters,38,90,6.0,6.0,1.4058551,4.594145
661,Hugo Ekitiké,34,0,0.0,0.0,1.9615757,1.9615757
661,Hugo Ekitiké,35,0,0.0,0.0,0.951933,0.951933
661,Hugo Ekitiké,36,0,0.0,0.0,0.12883882,0.12883882
661,Hugo Ekitiké,37,0,0.0,0.0,0.1322251,0.1322251
661,Hugo Ekitiké,38,0,0.0,0.0,0.1322251,0.1322251
662,Cristhian Mosquera,37,90,6.0,6.0,2.5487404,3.4512596
662,Cristhian Mosquera,38,90,4.0,4.0,4.411485,0.4114852
663,Jhon Arias,37,0,0.0,0.0,0.20978417,0.20978417
663,Jhon Arias,38,0,0.0,0.0,0.20978417,0.20978417
664,Benjamin Lecomte,34,0,0.0,0.0,0.1306434,0.1306434
664,Benjamin Lecomte,35,0,0.0,0.0,0.1306434,0.1306434
664,Benjamin Lecomte,36,0,0.0,0.0,0.1306434,0.1306434
664,Benjamin Lecomte,37,0,0.0,0.0,0.1306434,0.1306434
664,Benjamin Lecomte,38,0,0.0,0.0,0.1306434,0.1306434
666,Viktor Gyökeres,37,17,1.0,1.0,5.6294923,4.6294923
666,Viktor Gyökeres,38,7,1.0,1.0,3.6791108,2.6791108
667,Adam Aznou,34,0,0.0,0.0,0.31053424,0.31053424
667,Adam Aznou,35,0,0.0,0.0,0.31053424,0.31053424
667,Adam Aznou,36,0,0.0,0.0,0.31053424,0.31053424
667,Adam Aznou,37,0,0.0,0.0,0.31053424,0.31053424
667,Adam Aznou,38,0,0.0,0.0,0.31053424,0.31053424
668,Granit Xhaka,34,90,1.0,1.0,4.598085,3.598085
668,Granit Xhaka,35,90,9.0,9.0,4.7162867,4.2837133
668,Granit Xhaka,36,90,5.0,5.0,4.150499,0.84950113
668,Granit Xhaka,37,90,2.0,2.0,5.2383842,3.2383842
668,Granit Xhaka,38,90,1.0,1.0,4.724846,3.724846
669,Dan Ndoye,34,0,0.0,0.0,0.6143926,0.6143926
669,Dan Ndoye,35,0,0.0,0.0,0.46896756,0.46896756
669,Dan Ndoye,36,0,0.0,0.0,0.3100515,0.3100515
669,Dan Ndoye,37,0,0.0,0.0,0.23008251,0.23008251
669,Dan Ndoye,38,0,0.0,0.0,0.20978417,0.20978417
670,Robin Roefs,34,90,0.0,0.0,4.0219746,4.0219746
670,Robin Roefs,35,90,3.0,3.0,4.23528,1.23528
670,Robin Roefs,36,90,6.0,6.0,3.4283922,2.5716078
670,Robin Roefs,37,90,3.0,3.0,4.5790644,1.5790644
670,Robin Roefs,38,90,2.0,2.0,4.7404504,2.7404504
671,Callum Wilson,34,9,4.0,4.0,2.2022202,1.7977798
671,Callum Wilson,35,25,1.0,1.0,4.204572,3.2045722
671,Callum Wilson,36,5,1.0,1.0,2.913183,1.913183
671,Callum Wilson,37,90,2.0,2.0,2.450096,0.4500959
671,Callum Wilson,38,45,5.0,5.0,4.3576345,0.64236546
673,João Maria Lobo Alves Palhares Costa Palhinha Gonçalves,34,28,9.0,9.0,2.286291,6.713709
673,João Maria Lobo Alves Palhares Costa Palhinha Gonçalves,35,90,2.0,2.0,5.170845,3.170845
673,João Maria Lobo Alves Palhares Costa Palhinha Gonçalves,36,90,3.0,3.0,5.1212664,2.1212664
673,João Maria Lobo Alves Palhares Costa Palhinha Gonçalves,37,68,4.0,4.0,5.1843567,1.1843567
673,João Maria Lobo Alves Palhares Costa Palhinha Gonçalves,38,90,12.0,12.0,5.1299405,6.8700595
674,Aaron Ramsdale,34,0,0.0,0.0,4.5373597,4.5373597
674,Aaron Ramsdale,35,0,0.0,0.0,2.64541,2.64541
674,Aaron Ramsdale,36,0,0.0,0.0,0.9309842,0.9309842
674,Aaron Ramsdale,37,0,0.0,0.0,0.13461639,0.13461639
674,Aaron Ramsdale,38,0,0.0,0.0,0.040285245,0.040285245
675,Angus Gunn,34,0,0.0,0.0,0.1306434,0.1306434
675,Angus Gunn,35,0,0.0,0.0,0.1306434,0.1306434
675,Angus Gunn,36,0,0.0,0.0,0.1306434,0.1306434
675,Angus Gunn,37,0,0.0,0.0,0.1306434,0.1306434
675,Angus Gunn,38,0,0.0,0.0,0.1306434,0.1306434
677,Evann Guessand,37,1,1.0,1.0,0.20978417,0.79021585
677,Evann Guessand,38,28,1.0,1.0,0.71021307,0.28978693
678,Arthur Masuaku,34,0,0.0,0.0,0.31053424,0.31053424
678,Arthur Masuaku,35,0,0.0,0.0,0.31053424,0.31053424
678,Arthur Masuaku,36,0,0.0,0.0,0.31053424,0.31053424
678,Arthur Masuaku,37,0,0.0,0.0,0.31053424,0.31053424
678,Arthur Masuaku,38,0,0.0,0.0,0.31053424,0.31053424
679,Mads Hermansen,34,90,2.0,2.0,4.7914696,2.7914696
679,Mads Hermansen,35,90,2.0,2.0,5.0134606,3.0134606
679,Mads Hermansen,36,90,2.0,2.0,4.51523,2.5152302
679,Mads Hermansen,37,90,5.0,5.0,4.7326527,0.26734734
679,Mads Hermansen,38,90,7.0,7.0,3.991048,3.008952
681,Benjamin Sesko,34,87,8.0,8.0,3.8411314,4.158869
681,Benjamin Sesko,35,45,5.0,5.0,5.386535,0.38653517
681,Benjamin Sesko,36,0,0.0,0.0,6.3268733,6.3268733
681,Benjamin Sesko,37,0,0.0,0.0,3.70039,3.70039
681,Benjamin Sesko,38,0,0.0,0.0,2.3402011,2.3402011
682,David Møller Wolfe,37,84,2.0,2.0,1.7924048,0.20759523
682,David Møller Wolfe,38,73,2.0,2.0,3.0967627,1.0967627
683,Omar Alderete,34,90,0.0,0.0,5.324272,5.324272
683,Omar Alderete,35,90,4.0,4.0,5.4243784,1.4243784
683,Omar Alderete,36,90,8.0,8.0,5.0936813,2.9063187
683,Omar Alderete,37,22,1.0,1.0,5.099694,4.099694
683,Omar Alderete,38,0,0.0,0.0,3.4581697,3.4581697
684,Malick Thiaw,34,90,2.0,2.0,5.0645175,3.0645175
684,Malick Thiaw,35,90,2.0,2.0,4.6188293,2.6188293
684,Malick Thiaw,36,90,2.0,2.0,5.7047725,3.7047725
684,Malick Thiaw,37,90,2.0,2.0,5.090795,3.090795
684,Malick Thiaw,38,90,1.0,1.0,5.2068543,4.2068543
686,Rio Ngumoha,34,0,0.0,0.0,3.7951748,3.7951748
686,Rio Ngumoha,35,15,1.0,1.0,2.354253,1.354253
686,Rio Ngumoha,36,66,6.0,6.0,2.4993253,3.5006747
686,Rio Ngumoha,37,90,2.0,2.0,3.7550275,1.7550275
686,Rio Ngumoha,38,72,2.0,2.0,4.886241,2.886241
688,James Wright,34,0,0.0,0.0,0.1306434,0.1306434
688,James Wright,35,0,0.0,0.0,0.1306434,0.1306434
688,James Wright,36,0,0.0,0.0,0.1306434,0.1306434
688,James Wright,37,0,0.0,0.0,0.1306434,0.1306434
688,James Wright,38,0,0.0,0.0,0.1306434,0.1306434
689,Seung-Soo Park,34,0,0.0,0.0,0.20978417,0.20978417
689,Seung-Soo Park,35,0,0.0,0.0,0.20978417,0.20978417
689,Seung-Soo Park,36,0,0.0,0.0,0.20978417,0.20978417
689,Seung-Soo Park,37,0,0.0,0.0,0.20978417,0.20978417
689,Seung-Soo Park,38,0,0.0,0.0,0.20978417,0.20978417
690,Rio Cardines,37,0,0.0,0.0,0.20978417,0.20978417
690,Rio Cardines,38,90,2.0,2.0,0.20978417,1.7902158
692,Giovanni Leoni,34,0,0.0,0.0,0.31053424,0.31053424
692,Giovanni Leoni,35,0,0.0,0.0,0.31053424,0.31053424
692,Giovanni Leoni,36,0,0.0,0.0,0.31053424,0.31053424
692,Giovanni Leoni,37,0,0.0,0.0,0.31053424,0.31053424
692,Giovanni Leoni,38,0,0.0,0.0,0.31053424,0.31053424
693,Omari Hutchinson,34,66,3.0,3.0,4.3496785,1.3496785
693,Omari Hutchinson,35,10,1.0,1.0,5.2269173,4.2269173
693,Omari Hutchinson,36,26,1.0,1.0,3.183568,2.183568
693,Omari Hutchinson,37,69,2.0,2.0,3.6838033,1.6838033
693,Omari Hutchinson,38,77,5.0,5.0,3.4660165,1.5339835
694,Nordi Mukiele,34,90,0.0,0.0,4.305601,4.305601
694,Nordi Mukiele,35,90,11.0,11.0,4.4976273,6.5023727
694,Nordi Mukiele,36,90,6.0,6.0,5.189619,0.81038094
694,Nordi Mukiele,37,90,2.0,2.0,5.1564016,3.1564016
694,Nordi Mukiele,38,90,4.0,4.0,5.2278757,1.2278757
695,Jackson Tchatchoua,37,0,0.0,0.0,1.0622634,1.0622634
695,Jackson Tchatchoua,38,0,0.0,0.0,0.6907401,0.6907401
696,Arnaud Kalimuendo,34,0,0.0,0.0,0.1322251,0.1322251
696,Arnaud Kalimuendo,35,0,0.0,0.0,0.1322251,0.1322251
696,Arnaud Kalimuendo,36,0,0.0,0.0,0.1322251,0.1322251
696,Arnaud Kalimuendo,37,0,0.0,0.0,0.1322251,0.1322251
696,Arnaud Kalimuendo,38,0,0.0,0.0,0.1322251,0.1322251
699,Douglas Luiz Soares de Paulo,34,16,0.0,0.0,1.0606571,1.0606571
699,Douglas Luiz Soares de Paulo,35,0,0.0,0.0,1.7967296,1.7967296
699,Douglas Luiz Soares de Paulo,36,10,1.0,1.0,0.76131326,0.23868674
699,Douglas Luiz Soares de Paulo,37,1,1.0,1.0,1.7383559,0.7383559
699,Douglas Luiz Soares de Paulo,38,72,2.0,2.0,1.1502203,0.8497797
700,Max Dowman,37,0,0.0,0.0,1.1912818,1.1912818
700,Max Dowman,38,61,3.0,3.0,0.517771,2.482229
701,Triston Rowe,34,0,0.0,0.0,0.31053424,0.31053424
701,Triston Rowe,35,0,0.0,0.0,0.31053424,0.31053424
701,Triston Rowe,36,0,0.0,0.0,0.31053424,0.31053424
701,Triston Rowe,37,0,0.0,0.0,0.31053424,0.31053424
701,Triston Rowe,38,0,0.0,0.0,0.31053424,0.31053424
702,Bradley Burrowes,34,0,0.0,0.0,0.20978417,0.20978417
702,Bradley Burrowes,35,0,0.0,0.0,0.20978417,0.20978417
702,Bradley Burrowes,36,0,0.0,0.0,0.20978417,0.20978417
702,Bradley Burrowes,37,0,0.0,0.0,0.20978417,0.20978417
702,Bradley Burrowes,38,0,0.0,0.0,0.20978417,0.20978417
703,Sam Proctor,34,0,0.0,0.0,0.1306434,0.1306434
703,Sam Proctor,35,0,0.0,0.0,0.1306434,0.1306434
703,Sam Proctor,36,0,0.0,0.0,0.1306434,0.1306434
703,Sam Proctor,37,0,0.0,0.0,0.1306434,0.1306434
703,Sam Proctor,38,0,0.0,0.0,0.1306434,0.1306434
704,Tyler Onyango,34,0,0.0,0.0,0.20978417,0.20978417
704,Tyler Onyango,35,0,0.0,0.0,0.20978417,0.20978417
704,Tyler Onyango,36,0,0.0,0.0,0.20978417,0.20978417
704,Tyler Onyango,37,0,0.0,0.0,0.20978417,0.20978417
704,Tyler Onyango,38,0,0.0,0.0,0.20978417,0.20978417
705,Elijah Campbell,34,0,0.0,0.0,0.31053424,0.31053424
705,Elijah Campbell,35,0,0.0,0.0,0.31053424,0.31053424
705,Elijah Campbell,36,0,0.0,0.0,0.31053424,0.31053424
705,Elijah Campbell,37,0,0.0,0.0,0.31053424,0.31053424
705,Elijah Campbell,38,0,0.0,0.0,0.31053424,0.31053424
707,Tyler Dibling,34,0,0.0,0.0,0.24959308,0.24959308
707,Tyler Dibling,35,0,0.0,0.0,0.20978417,0.20978417
707,Tyler Dibling,36,0,0.0,0.0,0.20978417,0.20978417
707,Tyler Dibling,37,0,0.0,0.0,0.20978417,0.20978417
707,Tyler Dibling,38,0,0.0,0.0,0.20978417,0.20978417
708,Mateus Gonçalo Espanha Fernandes,34,90,2.0,2.0,4.685105,2.6851048
708,Mateus Gonçalo Espanha Fernandes,35,90,4.0,4.0,4.9107895,0.9107895
708,Mateus Gonçalo Espanha Fernandes,36,90,2.0,2.0,4.7362823,2.7362823
708,Mateus Gonçalo Espanha Fernandes,37,90,4.0,4.0,5.8284483,1.8284483
708,Mateus Gonçalo Espanha Fernandes,38,90,9.0,9.0,5.139026,3.8609738
709,Ladislav Krejcí,37,90,2.0,2.0,1.1631973,0.8368027
709,Ladislav Krejcí,38,65,6.0,6.0,4.221666,1.7783341
710,Travis Patterson,34,0,0.0,0.0,0.31053424,0.31053424
710,Travis Patterson,35,0,0.0,0.0,0.31053424,0.31053424
710,Travis Patterson,36,0,0.0,0.0,0.31053424,0.31053424
710,Travis Patterson,37,0,0.0,0.0,0.31053424,0.31053424
710,Travis Patterson,38,0,0.0,0.0,0.31053424,0.31053424
711,Andre Harriman-Annous,37,0,0.0,0.0,0.20978417,0.20978417
711,Andre Harriman-Annous,38,0,0.0,0.0,0.20978417,0.20978417
712,Yéremy Pino Santos,37,45,1.0,1.0,3.7579384,2.7579384
712,Yéremy Pino Santos,38,45,4.0,4.0,3.5259821,0.47401786
714,Nick Woltemade,34,15,1.0,1.0,1.7215955,0.7215955
714,Nick Woltemade,35,0,0.0,0.0,2.0652187,2.0652187
714,Nick Woltemade,36,60,2.0,2.0,1.5621843,0.43781567
714,Nick Woltemade,37,74,8.0,8.0,3.9125679,4.087432
714,Nick Woltemade,38,77,2.0,2.0,5.327385,3.327385
715,John Victor Maciel Furtado,34,0,0.0,0.0,0.1306434,0.1306434
715,John Victor Maciel Furtado,35,0,0.0,0.0,0.1306434,0.1306434
715,John Victor Maciel Furtado,36,0,0.0,0.0,0.1306434,0.1306434
715,John Victor Maciel Furtado,37,0,0.0,0.0,0.1306434,0.1306434
715,John Victor Maciel Furtado,38,0,0.0,0.0,0.1306434,0.1306434
716,Nicolò Savona,34,0,0.0,0.0,0.31053424,0.31053424
716,Nicolò Savona,35,0,0.0,0.0,0.31053424,0.31053424
716,Nicolò Savona,36,0,0.0,0.0,0.31053424,0.31053424
716,Nicolò Savona,37,0,0.0,0.0,0.31053424,0.31053424
716,Nicolò Savona,38,0,0.0,0.0,0.31053424,0.31053424
717,Xavi Simons,34,62,3.0,3.0,5.0332537,2.0332537
717,Xavi Simons,35,0,0.0,0.0,5.4371443,5.4371443
717,Xavi Simons,36,0,0.0,0.0,3.0726635,3.0726635
717,Xavi Simons,37,0,0.0,0.0,2.0564353,2.0564353
717,Xavi Simons,38,0,0.0,0.0,1.4660213,1.4660213
718,Soungoutou Magassa,34,0,0.0,0.0,1.0208839,1.0208839
718,Soungoutou Magassa,35,2,1.0,1.0,0.5895496,0.4104504
718,Soungoutou Magassa,36,0,0.0,0.0,0.69836044,0.69836044
718,Soungoutou Magassa,37,0,0.0,0.0,0.43064654,0.43064654
718,Soungoutou Magassa,38,0,0.0,0.0,0.29969636,0.29969636
719,Victor Lindelöf,34,0,0.0,0.0,1.7621017,1.7621017
719,Victor Lindelöf,35,90,1.0,1.0,1.1526381,0.15263808
719,Victor Lindelöf,36,73,1.0,1.0,4.2286344,3.2286344
719,Victor Lindelöf,37,45,1.0,1.0,3.0424747,2.0424747
719,Victor Lindelöf,38,72,2.0,2.0,2.5232604,0.52326035
720,Tolu Arokodare,37,18,1.0,1.0,3.048576,2.048576
720,Tolu Arokodare,38,24,1.0,1.0,3.5556486,2.5556486
723,Jaydee Canvot,37,90,3.0,3.0,5.767509,2.767509
723,Jaydee Canvot,38,0,0.0,0.0,5.101945,5.101945
724,Lutsharel Geertruida,34,0,0.0,0.0,1.8334069,1.8334069
724,Lutsharel Geertruida,35,0,0.0,0.0,1.175264,1.175264
724,Lutsharel Geertruida,36,90,6.0,6.0,0.90000165,5.0999985
724,Lutsharel Geertruida,37,90,2.0,2.0,4.7663026,2.7663026
724,Lutsharel Geertruida,38,90,1.0,1.0,5.0284686,4.0284686
725,Piero Hincapié,37,18,1.0,1.0,1.6627866,0.6627866
725,Piero Hincapié,38,90,2.0,2.0,1.5831454,0.41685462
726,Randal Kolo Muani,34,45,1.0,1.0,4.125407,3.1254072
726,Randal Kolo Muani,35,66,1.0,1.0,4.0088935,3.0088935
726,Randal Kolo Muani,36,90,2.0,2.0,5.259328,3.259328
726,Randal Kolo Muani,37,68,2.0,2.0,4.7646337,2.7646337
726,Randal Kolo Muani,38,17,1.0,1.0,4.1118193,3.1118193
727,Samuel Chukwueze,34,75,3.0,3.0,2.8954775,0.10452247
727,Samuel Chukwueze,35,63,2.0,2.0,4.981372,2.9813719
727,Samuel Chukwueze,36,61,2.0,2.0,3.742747,1.7427471
727,Samuel Chukwueze,37,11,1.0,1.0,3.021662,2.021662
727,Samuel Chukwueze,38,0,0.0,0.0,2.1519263,2.1519263
728,Merlin Röhl,34,0,0.0,0.0,0.93759084,0.93759084
728,Merlin Röhl,35,90,5.0,5.0,0.73470294,4.265297
728,Merlin Röhl,36,79,2.0,2.0,2.7314913,0.7314913
728,Merlin Röhl,37,87,9.0,9.0,2.8670042,6.1329956
728,Merlin Röhl,38,61,2.0,2.0,3.9153855,1.9153855
729,Luis Eduardo Soares da Silva,34,0,0.0,0.0,0.31053424,0.31053424
729,Luis Eduardo Soares da Silva,35,0,0.0,0.0,0.31053424,0.31053424
729,Luis Eduardo Soares da Silva,36,0,0.0,0.0,0.31053424,0.31053424
729,Luis Eduardo Soares da Silva,37,0,0.0,0.0,0.31053424,0.31053424
729,Luis Eduardo Soares da Silva,38,0,0.0,0.0,0.31053424,0.31053424
730,Brian Brobbey,34,90,2.0,2.0,5.455369,3.455369
730,Brian Brobbey,35,71,1.0,1.0,4.9462557,3.9462557
730,Brian Brobbey,36,90,2.0,2.0,4.120134,2.1201339
730,Brian Brobbey,37,76,7.0,7.0,5.4924746,1.5075254
730,Brian Brobbey,38,60,5.0,5.0,5.3881416,0.38814163
731,Kevin Santos Lopes de Macedo,34,0,0.0,0.0,0.20978417,0.20978417
731,Kevin Santos Lopes de Macedo,35,0,0.0,0.0,0.20978417,0.20978417
731,Kevin Santos Lopes de Macedo,36,28,1.0,1.0,0.20978417,0.79021585
731,Kevin Santos Lopes de Macedo,37,45,1.0,1.0,2.4875255,1.4875255
731,Kevin Santos Lopes de Macedo,38,59,4.0,4.0,2.8463848,1.1536152
732,Christantus Uche,37,0,0.0,0.0,0.1322251,0.1322251
732,Christantus Uche,38,0,0.0,0.0,0.1322251,0.1322251
733,Senne Lammens,34,90,3.0,3.0,3.8784657,0.87846565
733,Senne Lammens,35,90,2.0,2.0,4.2776403,2.2776403
733,Senne Lammens,36,90,9.0,9.0,4.657506,4.342494
733,Senne Lammens,37,90,1.0,1.0,3.9662797,2.9662797
733,Senne Lammens,38,90,6.0,6.0,4.811103,1.1888971
734,Dilane Bakwa,34,0,0.0,0.0,2.5160468,2.5160468
734,Dilane Bakwa,35,79,7.0,7.0,1.0555784,5.944422
734,Dilane Bakwa,36,63,3.0,3.0,3.3923805,0.39238048
734,Dilane Bakwa,37,20,1.0,1.0,3.8206577,2.8206577
734,Dilane Bakwa,38,0,0.0,0.0,2.364598,2.364598
735,Bertrand Traoré,34,0,0.0,0.0,0.23550756,0.23550756
735,Bertrand Traoré,35,0,0.0,0.0,0.20978417,0.20978417
735,Bertrand Traoré,36,0,0.0,0.0,0.20978417,0.20978417
735,Bertrand Traoré,37,0,0.0,0.0,0.20978417,0.20978417
735,Bertrand Traoré,38,0,0.0,0.0,0.20978417,0.20978417
737,Jonah Kusi-Asare,34,0,0.0,0.0,0.1322251,0.1322251
737,Jonah Kusi-Asare,35,12,1.0,1.0,0.1322251,0.8677749
737,Jonah Kusi-Asare,36,7,1.0,1.0,0.7190796,0.2809204
737,Jonah Kusi-Asare,37,0,0.0,0.0,1.0671623,1.0671623
737,Jonah Kusi-Asare,38,0,0.0,0.0,0.638044,0.638044
738,Lukasz Fabianski,34,0,0.0,0.0,0.1306434,0.1306434
738,Lukasz Fabianski,35,0,0.0,0.0,0.1306434,0.1306434
738,Lukasz Fabianski,36,0,0.0,0.0,0.1306434,0.1306434
738,Lukasz Fabianski,37,0,0.0,0.0,0.1306434,0.1306434
738,Lukasz Fabianski,38,0,0.0,0.0,0.1306434,0.1306434
745,Jun'ai Byfield,34,0,0.0,0.0,0.31053424,0.31053424
745,Jun'ai Byfield,35,0,0.0,0.0,0.31053424,0.31053424
745,Jun'ai Byfield,36,0,0.0,0.0,0.31053424,0.31053424
745,Jun'ai Byfield,37,0,0.0,0.0,0.31053424,0.31053424
745,Jun'ai Byfield,38,0,0.0,0.0,0.31053424,0.31053424
746,Kieran Morrison,34,0,0.0,0.0,0.20978417,0.20978417
746,Kieran Morrison,35,0,0.0,0.0,0.20978417,0.20978417
746,Kieran Morrison,36,0,0.0,0.0,0.20978417,0.20978417
746,Kieran Morrison,37,0,0.0,0.0,0.20978417,0.20978417
746,Kieran Morrison,38,0,0.0,0.0,0.20978417,0.20978417
747,Ezra Mayers,34,0,0.0,0.0,0.31053424,0.31053424
747,Ezra Mayers,35,0,0.0,0.0,0.31053424,0.31053424
747,Ezra Mayers,36,0,0.0,0.0,0.31053424,0.31053424
747,Ezra Mayers,37,0,0.0,0.0,0.31053424,0.31053424
747,Ezra Mayers,38,0,0.0,0.0,0.31053424,0.31053424
748,Josh Dasilva,34,0,0.0,0.0,0.20978417,0.20978417
748,Josh Dasilva,35,1,1.0,1.0,0.20978417,0.79021585
748,Josh Dasilva,36,0,0.0,0.0,0.3819409,0.3819409
748,Josh Dasilva,37,1,1.0,1.0,0.2756403,0.7243597
748,Josh Dasilva,38,0,0.0,0.0,1.1105086,1.1105086
749,Mateus Mané,37,90,11.0,11.0,4.6853776,6.3146224
749,Mateus Mané,38,90,2.0,2.0,5.1424985,3.1424985
750,James Rowswell,34,0,0.0,0.0,0.37931323,0.37931323
750,James Rowswell,35,0,0.0,0.0,0.35562077,0.35562077
750,James Rowswell,36,0,0.0,0.0,0.31053424,0.31053424
750,James Rowswell,37,0,0.0,0.0,0.31053424,0.31053424
750,James Rowswell,38,0,0.0,0.0,0.31053424,0.31053424
751,Yusuf Akhamrich,34,0,0.0,0.0,0.20978417,0.20978417
751,Yusuf Akhamrich,35,0,0.0,0.0,0.20978417,0.20978417
751,Yusuf Akhamrich,36,0,0.0,0.0,0.20978417,0.20978417
751,Yusuf Akhamrich,37,0,0.0,0.0,0.20978417,0.20978417
751,Yusuf Akhamrich,38,0,0.0,0.0,0.20978417,0.20978417
752,Airidas Golambeckis,34,0,0.0,0.0,0.31053424,0.31053424
752,Airidas Golambeckis,35,0,0.0,0.0,0.31053424,0.31053424
752,Airidas Golambeckis,36,0,0.0,0.0,0.31053424,0.31053424
752,Airidas Golambeckis,37,0,0.0,0.0,0.31053424,0.31053424
752,Airidas Golambeckis,38,0,0.0,0.0,0.31053424,0.31053424
753,John Ruddy,34,0,0.0,0.0,0.1306434,0.1306434
753,John Ruddy,35,0,0.0,0.0,0.1306434,0.1306434
753,John Ruddy,36,0,0.0,0.0,0.1306434,0.1306434
753,John Ruddy,37,0,0.0,0.0,0.1306434,0.1306434
753,John Ruddy,38,0,0.0,0.0,0.1306434,0.1306434
754,George Hemmings,34,0,0.0,0.0,0.20978417,0.20978417
754,George Hemmings,35,0,0.0,0.0,0.20978417,0.20978417
754,George Hemmings,36,0,0.0,0.0,0.20978417,0.20978417
754,George Hemmings,37,0,0.0,0.0,0.20978417,0.20978417
754,George Hemmings,38,0,0.0,0.0,0.20978417,0.20978417
755,Shea Lacey,34,0,0.0,0.0,0.20978417,0.20978417
755,Shea Lacey,35,0,0.0,0.0,0.20978417,0.20978417
755,Shea Lacey,36,0,0.0,0.0,0.20978417,0.20978417
755,Shea Lacey,37,0,0.0,0.0,0.20978417,0.20978417
755,Shea Lacey,38,28,1.0,1.0,0.20978417,0.79021585
757,Ronnie Hollingshead,34,0,0.0,0.0,0.1306434,0.1306434
757,Ronnie Hollingshead,35,0,0.0,0.0,0.1306434,0.1306434
757,Ronnie Hollingshead,36,0,0.0,0.0,0.1306434,0.1306434
757,Ronnie Hollingshead,37,0,0.0,0.0,0.1306434,0.1306434
757,Ronnie Hollingshead,38,0,0.0,0.0,0.1306434,0.1306434
758,Mohamadou Kanté,34,0,0.0,0.0,1.4831748,1.4831748
758,Mohamadou Kanté,35,0,0.0,0.0,0.92574227,0.92574227
758,Mohamadou Kanté,36,0,0.0,0.0,0.6710983,0.6710983
758,Mohamadou Kanté,37,27,0.0,0.0,0.50398946,0.50398946
758,Mohamadou Kanté,38,2,1.0,1.0,1.4227611,0.42276108
759,Marli Salmon,37,0,0.0,0.0,0.31053424,0.31053424
759,Marli Salmon,38,0,0.0,0.0,0.31053424,0.31053424
760,Wellity Lucky,34,0,0.0,0.0,0.31053424,0.31053424
760,Wellity Lucky,35,0,0.0,0.0,0.31053424,0.31053424
760,Wellity Lucky,36,0,0.0,0.0,0.31053424,0.31053424
760,Wellity Lucky,37,0,0.0,0.0,0.31053424,0.31053424
760,Wellity Lucky,38,0,0.0,0.0,0.31053424,0.31053424
762,Joél Drakes-Thomas,37,0,0.0,0.0,0.20978417,0.20978417
762,Joél Drakes-Thomas,38,0,0.0,0.0,0.20978417,0.20978417
765,Leo Shahar,34,0,0.0,0.0,0.31053424,0.31053424
765,Leo Shahar,35,0,0.0,0.0,0.31053424,0.31053424
765,Leo Shahar,36,0,0.0,0.0,0.31053424,0.31053424
765,Leo Shahar,37,0,0.0,0.0,0.31053424,0.31053424
765,Leo Shahar,38,0,0.0,0.0,0.31053424,0.31053424
766,Saheed Olagunju,37,0,0.0,0.0,0.31053424,0.31053424
766,Saheed Olagunju,38,0,0.0,0.0,0.31053424,0.31053424
767,Luke Rawlings,37,0,0.0,0.0,0.20978417,0.20978417
767,Luke Rawlings,38,0,0.0,0.0,0.20978417,0.20978417
768,Leon Routh,34,0,0.0,0.0,0.31053424,0.31053424
768,Leon Routh,35,0,0.0,0.0,0.31053424,0.31053424
768,Leon Routh,36,0,0.0,0.0,0.31053424,0.31053424
768,Leon Routh,37,0,0.0,0.0,0.31053424,0.31053424
768,Leon Routh,38,0,0.0,0.0,0.31053424,0.31053424
769,Bendito Mantato,34,0,0.0,0.0,0.20978417,0.20978417
769,Bendito Mantato,35,0,0.0,0.0,0.20978417,0.20978417
769,Bendito Mantato,36,0,0.0,0.0,0.20978417,0.20978417
769,Bendito Mantato,37,0,0.0,0.0,0.20978417,0.20978417
769,Bendito Mantato,38,0,0.0,0.0,0.20978417,0.20978417
770,Seth Ridgeon,34,0,0.0,0.0,0.20978417,0.20978417
770,Seth Ridgeon,35,0,0.0,0.0,0.20978417,0.20978417
770,Seth Ridgeon,36,0,0.0,0.0,0.20978417,0.20978417
770,Seth Ridgeon,37,0,0.0,0.0,0.20978417,0.20978417
770,Seth Ridgeon,38,0,0.0,0.0,0.20978417,0.20978417
771,Tyler Fletcher,34,0,0.0,0.0,0.20978417,0.20978417
771,Tyler Fletcher,35,0,0.0,0.0,0.20978417,0.20978417
771,Tyler Fletcher,36,0,0.0,0.0,0.20978417,0.20978417
771,Tyler Fletcher,37,0,0.0,0.0,0.20978417,0.20978417
771,Tyler Fletcher,38,16,1.0,1.0,0.20978417,0.79021585
772,Sam Alabi,34,0,0.0,0.0,0.20978417,0.20978417
772,Sam Alabi,35,0,0.0,0.0,0.20978417,0.20978417
772,Sam Alabi,36,0,0.0,0.0,0.20978417,0.20978417
772,Sam Alabi,37,0,0.0,0.0,0.20978417,0.20978417
772,Sam Alabi,38,0,0.0,0.0,0.20978417,0.20978417
773,Dean Benamar,37,0,0.0,0.0,0.31053424,0.31053424
773,Dean Benamar,38,0,0.0,0.0,0.31053424,0.31053424
774,Jenson Jones,34,0,0.0,0.0,0.31053424,0.31053424
774,Jenson Jones,35,0,0.0,0.0,0.31053424,0.31053424
774,Jenson Jones,36,0,0.0,0.0,0.31053424,0.31053424
774,Jenson Jones,37,0,0.0,0.0,0.31053424,0.31053424
774,Jenson Jones,38,0,0.0,0.0,0.31053424,0.31053424
775,Tymur Tutierov,34,0,0.0,0.0,0.20978417,0.20978417
775,Tymur Tutierov,35,0,0.0,0.0,0.20978417,0.20978417
775,Tymur Tutierov,36,0,0.0,0.0,0.20978417,0.20978417
775,Tymur Tutierov,37,0,0.0,0.0,0.20978417,0.20978417
775,Tymur Tutierov,38,0,0.0,0.0,0.20978417,0.20978417
777,Temple Ojinnaka,37,0,0.0,0.0,0.20978417,0.20978417
777,Temple Ojinnaka,38,0,0.0,0.0,0.20978417,0.20978417
778,Ethan Sutherland,37,0,0.0,0.0,0.20978417,0.20978417
778,Ethan Sutherland,38,0,0.0,0.0,0.20978417,0.20978417
779,Braiden Graham,34,0,0.0,0.0,0.1322251,0.1322251
779,Braiden Graham,35,0,0.0,0.0,0.1322251,0.1322251
779,Braiden Graham,36,0,0.0,0.0,0.1322251,0.1322251
779,Braiden Graham,37,0,0.0,0.0,0.1322251,0.1322251
779,Braiden Graham,38,0,0.0,0.0,0.1322251,0.1322251
780,Ben Casey,37,0,0.0,0.0,0.1322251,0.1322251
780,Ben Casey,38,0,0.0,0.0,0.1322251,0.1322251
781,TJ Carroll,34,0,0.0,0.0,0.31053424,0.31053424
781,TJ Carroll,35,0,0.0,0.0,0.31053424,0.31053424
781,TJ Carroll,36,0,0.0,0.0,0.31053424,0.31053424
781,TJ Carroll,37,0,0.0,0.0,0.31053424,0.31053424
781,TJ Carroll,38,0,0.0,0.0,0.31053424,0.31053424
785,Pablo Felipe Pereira de Jesus,34,80,2.0,2.0,5.134186,3.1341858
785,Pablo Felipe Pereira de Jesus,35,90,2.0,2.0,4.3701696,2.3701696
785,Pablo Felipe Pereira de Jesus,36,23,1.0,1.0,5.430102,4.430102
785,Pablo Felipe Pereira de Jesus,37,27,1.0,1.0,3.611748,2.611748
785,Pablo Felipe Pereira de Jesus,38,45,1.0,1.0,3.712638,2.712638
786,Alfie McNally,34,0,0.0,0.0,0.1306434,0.1306434
786,Alfie McNally,35,0,0.0,0.0,0.1306434,0.1306434
786,Alfie McNally,36,0,0.0,0.0,0.1306434,0.1306434
786,Alfie McNally,37,0,0.0,0.0,0.1306434,0.1306434
786,Alfie McNally,38,0,0.0,0.0,0.1306434,0.1306434
788,Godwill Kukonki,34,0,0.0,0.0,0.31053424,0.31053424
788,Godwill Kukonki,35,0,0.0,0.0,0.31053424,0.31053424
788,Godwill Kukonki,36,0,0.0,0.0,0.31053424,0.31053424
788,Godwill Kukonki,37,0,0.0,0.0,0.31053424,0.31053424
788,Godwill Kukonki,38,0,0.0,0.0,0.31053424,0.31053424
790,Lucá Williams-Barnett,34,0,0.0,0.0,0.20978417,0.20978417
790,Lucá Williams-Barnett,35,0,0.0,0.0,0.20978417,0.20978417
790,Lucá Williams-Barnett,36,0,0.0,0.0,0.20978417,0.20978417
790,Lucá Williams-Barnett,37,0,0.0,0.0,0.20978417,0.20978417
790,Lucá Williams-Barnett,38,0,0.0,0.0,0.20978417,0.20978417
791,Valentín Castellanos,34,78,1.0,1.0,6.0701,5.0701
791,Valentín Castellanos,35,64,1.0,1.0,5.8495235,4.8495235
791,Valentín Castellanos,36,66,1.0,1.0,5.970932,4.970932
791,Valentín Castellanos,37,64,6.0,6.0,5.681943,0.31805706
791,Valentín Castellanos,38,87,8.0,8.0,6.2911196,1.7088804
792,Alysson Edward Franco da Rocha dos Santos,34,0,0.0,0.0,0.45665574,0.45665574
792,Alysson Edward Franco da Rocha dos Santos,35,0,0.0,0.0,0.20978417,0.20978417
792,Alysson Edward Franco da Rocha dos Santos,36,0,0.0,0.0,0.20978417,0.20978417
792,Alysson Edward Franco da Rocha dos Santos,37,0,0.0,0.0,0.20978417,0.20978417
792,Alysson Edward Franco da Rocha dos Santos,38,0,0.0,0.0,0.20978417,0.20978417
793,George King,37,0,0.0,0.0,0.31053424,0.31053424
793,George King,38,0,0.0,0.0,0.31053424,0.31053424
796,Conor Gallagher,34,90,4.0,4.0,4.281049,0.28104877
796,Conor Gallagher,35,90,9.0,9.0,4.366275,4.633725
796,Conor Gallagher,36,90,2.0,2.0,4.6674643,2.6674643
796,Conor Gallagher,37,90,2.0,2.0,5.096315,3.096315
796,Conor Gallagher,38,81,3.0,3.0,6.055974,3.055974
797,Kaye Furo,34,0,0.0,0.0,0.1322251,0.1322251
797,Kaye Furo,35,1,1.0,1.0,0.1322251,0.8677749
797,Kaye Furo,36,0,0.0,0.0,0.28175214,0.28175214
797,Kaye Furo,37,0,0.0,0.0,0.19225171,0.19225171
797,Kaye Furo,38,0,0.0,0.0,0.17383894,0.17383894
798,Danny Imray,37,0,0.0,0.0,0.31053424,0.31053424
798,Danny Imray,38,0,0.0,0.0,0.31053424,0.31053424
800,Djiamgone Jocelin Ta Bi,34,0,0.0,0.0,0.20978417,0.20978417
800,Djiamgone Jocelin Ta Bi,35,0,0.0,0.0,0.20978417,0.20978417
800,Djiamgone Jocelin Ta Bi,36,0,0.0,0.0,0.20978417,0.20978417
800,Djiamgone Jocelin Ta Bi,37,0,0.0,0.0,0.20978417,0.20978417
800,Djiamgone Jocelin Ta Bi,38,0,0.0,0.0,0.20978417,0.20978417
802,Keiber Lamadrid,34,0,0.0,0.0,0.20978417,0.20978417
802,Keiber Lamadrid,35,0,0.0,0.0,0.20978417,0.20978417
802,Keiber Lamadrid,36,0,0.0,0.0,0.20978417,0.20978417
802,Keiber Lamadrid,37,0,0.0,0.0,0.20978417,0.20978417
802,Keiber Lamadrid,38,0,0.0,0.0,0.20978417,0.20978417
804,João Victor de Souza Menezes,34,0,0.0,0.0,0.98661816,0.98661816
804,João Victor de Souza Menezes,35,0,0.0,0.0,0.70925695,0.70925695
804,João Victor de Souza Menezes,36,0,0.0,0.0,0.31053424,0.31053424
804,João Victor de Souza Menezes,37,0,0.0,0.0,0.31053424,0.31053424
804,João Victor de Souza Menezes,38,0,0.0,0.0,0.31053424,0.31053424
805,Lorenzo Lucca,34,0,0.0,0.0,0.1322251,0.1322251
805,Lorenzo Lucca,35,0,0.0,0.0,0.1322251,0.1322251
805,Lorenzo Lucca,36,7,1.0,1.0,0.1322251,0.8677749
805,Lorenzo Lucca,37,0,0.0,0.0,0.9193257,0.9193257
805,Lorenzo Lucca,38,0,0.0,0.0,0.45633185,0.45633185
808,Tammy Abraham,34,10,1.0,1.0,5.147092,4.147092
808,Tammy Abraham,35,59,1.0,1.0,3.4256806,2.4256806
808,Tammy Abraham,36,0,0.0,0.0,2.9474468,2.9474468
808,Tammy Abraham,37,0,0.0,0.0,1.887316,1.887316
808,Tammy Abraham,38,0,0.0,0.0,1.681127,1.681127
809,Jerome Abbey,37,0,0.0,0.0,0.20978417,0.20978417
809,Jerome Abbey,38,16,1.0,1.0,0.20978417,0.79021585
810,Luka Bentt,34,0,0.0,0.0,0.20978417,0.20978417
810,Luka Bentt,35,0,0.0,0.0,0.20978417,0.20978417
810,Luka Bentt,36,0,0.0,0.0,0.20978417,0.20978417
810,Luka Bentt,37,0,0.0,0.0,0.20978417,0.20978417
810,Luka Bentt,38,0,0.0,0.0,0.20978417,0.20978417
811,Rio Kyerematen,34,0,0.0,0.0,0.20978417,0.20978417
811,Rio Kyerematen,35,0,0.0,0.0,0.20978417,0.20978417
811,Rio Kyerematen,36,0,0.0,0.0,0.20978417,0.20978417
811,Rio Kyerematen,37,0,0.0,0.0,0.20978417,0.20978417
811,Rio Kyerematen,38,0,0.0,0.0,0.20978417,0.20978417
812,Melker Ellborg,34,0,0.0,0.0,1.3151681,1.3151681
812,Melker Ellborg,35,0,0.0,0.0,0.20662914,0.20662914
812,Melker Ellborg,36,0,0.0,0.0,-0.027206331,0.027206331
812,Melker Ellborg,37,0,0.0,0.0,0.1306434,0.1306434
812,Melker Ellborg,38,0,0.0,0.0,0.1306434,0.1306434
813,Nilson Angulo,34,0,0.0,0.0,0.15361044,0.15361044
813,Nilson Angulo,35,0,0.0,0.0,0.20978417,0.20978417
813,Nilson Angulo,36,11,1.0,1.0,0.20978417,0.79021585
813,Nilson Angulo,37,76,2.0,2.0,0.8621051,1.1378949
813,Nilson Angulo,38,60,1.0,1.0,2.6529887,1.6529887
814,Luca Netz,34,23,1.0,1.0,0.31053424,0.68946576
814,Luca Netz,35,90,4.0,4.0,2.1825573,1.8174427
814,Luca Netz,36,82,2.0,2.0,4.5870314,2.5870314
814,Luca Netz,37,83,1.0,1.0,4.8030844,3.8030844
814,Luca Netz,38,27,1.0,1.0,3.6971838,2.6971838
815,Axel Disasi,34,90,3.0,3.0,5.149334,2.149334
815,Axel Disasi,35,90,1.0,1.0,5.214673,4.214673
815,Axel Disasi,36,84,2.0,2.0,4.9742,2.9741998
815,Axel Disasi,37,90,1.0,1.0,4.6868515,3.6868515
815,Axel Disasi,38,90,6.0,6.0,4.6057515,1.3942485
816,Angel Gomes,37,0,0.0,0.0,1.7412,1.7412
816,Angel Gomes,38,65,2.0,2.0,0.7477513,1.2522488
817,Adam Armstrong,37,71,2.0,2.0,4.1900167,2.1900167
817,Adam Armstrong,38,73,7.0,7.0,4.582288,2.4177122
818,James Wilson,34,0,0.0,0.0,0.1322251,0.1322251
818,James Wilson,35,0,0.0,0.0,0.1322251,0.1322251
818,James Wilson,36,0,0.0,0.0,0.1322251,0.1322251
818,James Wilson,37,0,0.0,0.0,0.1322251,0.1322251
818,James Wilson,38,0,0.0,0.0,0.1322251,0.1322251
819,Ollie Shield,34,0,0.0,0.0,0.31053424,0.31053424
819,Ollie Shield,35,0,0.0,0.0,0.31053424,0.31053424
819,Ollie Shield,36,0,0.0,0.0,0.31053424,0.31053424
819,Ollie Shield,37,0,0.0,0.0,0.31053424,0.31053424
819,Ollie Shield,38,0,0.0,0.0,0.31053424,0.31053424
821,Jack Whittaker,35,0,0.0,0.0,0.20978417,0.20978417
821,Jack Whittaker,36,0,0.0,0.0,0.20978417,0.20978417
821,Jack Whittaker,37,0,0.0,0.0,0.20978417,0.20978417
821,Jack Whittaker,38,0,0.0,0.0,0.20978417,0.20978417
822,Jaydon Jones,35,0,0.0,0.0,0.20978417,0.20978417
822,Jaydon Jones,36,0,0.0,0.0,0.20978417,0.20978417
822,Jaydon Jones,37,0,0.0,0.0,0.20978417,0.20978417
822,Jaydon Jones,38,0,0.0,0.0,0.20978417,0.20978417
823,Joshua Stephenson,36,0,0.0,0.0,0.31053424,0.31053424
823,Joshua Stephenson,37,0,0.0,0.0,0.31053424,0.31053424
823,Joshua Stephenson,38,0,0.0,0.0,0.31053424,0.31053424
824,Conor McManus,36,0,0.0,0.0,0.31053424,0.31053424
824,Conor McManus,37,0,0.0,0.0,0.31053424,0.31053424
824,Conor McManus,38,0,0.0,0.0,0.31053424,0.31053424
825,Finlay Herrick,36,0,0.0,0.0,0.1306434,0.1306434
825,Finlay Herrick,37,0,0.0,0.0,0.1306434,0.1306434
825,Finlay Herrick,38,0,0.0,0.0,0.1306434,0.1306434
826,Riley Owen,37,0,0.0,0.0,0.20978417,0.20978417
826,Riley Owen,38,0,0.0,0.0,0.20978417,0.20978417
827,Jim Thwaites,38,0,0.0,0.0,0.20978417,0.20978417
828,Alfie Brooks,38,0,0.0,0.0,0.1306434,0.1306434
