name,GW,minutes,actual_points,predicted_points,absolute_error
David Raya Martín,34,90,10,3.2232945,6.776705503463745
David Raya Martín,35,90,6,2.973713,3.026287078857422
David Raya Martín,36,90,9,3.4977813,5.502218723297119
David Raya Martín,37,90,6,2.6841946,3.315805435180664
David Raya Martín,38,0,0,3.9503706,3.9503705501556396
Kepa Arrizabalaga Revuelta,34,0,0,0.060656514,0.06065651401877403
Kepa Arrizabalaga Revuelta,35,0,0,0.060656514,0.06065651401877403
Kepa Arrizabalaga Revuelta,36,0,0,0.060656514,0.06065651401877403
Kepa Arrizabalaga Revuelta,37,0,0,0.060656514,0.06065651401877403
Kepa Arrizabalaga Revuelta,38,90,2,0.060656514,1.939343485981226
Karl Hein,34,0,0,0.060656514,0.06065651401877403
Karl Hein,35,0,0,0.060656514,0.06065651401877403
Karl Hein,36,0,0,0.060656514,0.06065651401877403
Karl Hein,37,0,0,0.060656514,0.06065651401877403
Karl Hein,38,0,0,0.060656514,0.06065651401877403
Tommy Setford,34,0,0,0.060656514,0.06065651401877403
Tommy Setford,35,0,0,0.060656514,0.06065651401877403
Tommy Setford,36,0,0,0.060656514,0.06065651401877403
Tommy Setford,37,0,0,0.060656514,0.06065651401877403
Tommy Setford,38,0,0,0.060656514,0.06065651401877403
Gabriel dos Santos Magalhães,34,90,8,4.186305,3.813694953918457
Gabriel dos Santos Magalhães,35,90,6,4.832733,1.167266845703125
Gabriel dos Santos Magalhães,36,90,11,3.7781706,7.221829414367676
Gabriel dos Santos Magalhães,37,90,6,2.6988165,3.3011834621429443
Gabriel dos Santos Magalhães,38,45,1,3.3618414,2.3618414402008057
William Saliba,34,90,7,3.464056,3.5359439849853516
William Saliba,35,90,6,3.1445882,2.8554117679595947
William Saliba,36,90,5,3.9476318,1.0523681640625
William Saliba,37,90,8,3.7253933,4.274606704711914
William Saliba,38,0,0,3.968139,3.9681389331817627
Riccardo Calafiori,34,0,0,0.8705996,0.870599627494812
Riccardo Calafiori,35,90,6,0.4382642,5.561735808849335
Riccardo Calafiori,36,45,1,2.5873802,1.5873801708221436
Riccardo Calafiori,37,71,8,2.1982753,5.801724672317505
Riccardo Calafiori,38,45,1,2.1174614,1.1174614429473877
Jurriën Timber,34,0,0,1.1031394,1.1031394004821777
Jurriën Timber,35,0,0,0.34737924,0.34737923741340637
Jurriën Timber,36,0,0,0.26646334,0.26646333932876587
Jurriën Timber,37,0,0,0.060656514,0.06065651401877403
Jurriën Timber,38,0,0,0.060656514,0.06065651401877403
Jakub Kiwior,34,0,0,0.060656514,0.06065651401877403
Jakub Kiwior,35,0,0,0.060656514,0.06065651401877403
Jakub Kiwior,36,0,0,0.060656514,0.06065651401877403
Jakub Kiwior,37,0,0,0.060656514,0.06065651401877403
Jakub Kiwior,38,0,0,0.060656514,0.06065651401877403
Myles Lewis-Skelly,34,9,1,0.7447968,0.2552031874656677
Myles Lewis-Skelly,35,90,6,1.7222285,4.277771472930908
Myles Lewis-Skelly,36,90,6,2.545573,3.4544270038604736
Myles Lewis-Skelly,37,17,1,2.8582351,1.8582351207733154
Myles Lewis-Skelly,38,90,2,1.5447043,0.4552956819534302
Benjamin White,34,90,6,1.6846503,4.315349698066711
Benjamin White,35,82,6,2.7214797,3.278520345687866
Benjamin White,36,27,1,2.1452022,1.1452021598815918
Benjamin White,37,0,0,2.0465279,2.046527862548828
Benjamin White,38,0,0,1.0303923,1.0303922891616821
Oleksandr Zinchenko,34,0,0,0.060656514,0.06065651401877403
Oleksandr Zinchenko,35,0,0,0.060656514,0.06065651401877403
Oleksandr Zinchenko,36,0,0,0.060656514,0.06065651401877403
Oleksandr Zinchenko,37,0,0,0.060656514,0.06065651401877403
Oleksandr Zinchenko,38,0,0,0.060656514,0.06065651401877403
Brayden Clarke,34,0,0,0.060656514,0.06065651401877403
Brayden Clarke,35,0,0,0.060656514,0.06065651401877403
Brayden Clarke,36,0,0,0.060656514,0.06065651401877403
Brayden Clarke,37,0,0,0.060656514,0.06065651401877403
Brayden Clarke,38,0,0,0.060656514,0.06065651401877403
Maldini Kacurri,34,0,0,0.060656514,0.06065651401877403
Maldini Kacurri,35,0,0,0.060656514,0.06065651401877403
Maldini Kacurri,36,0,0,0.060656514,0.06065651401877403
Maldini Kacurri,37,0,0,0.060656514,0.06065651401877403
Maldini Kacurri,38,0,0,0.060656514,0.06065651401877403
Josh Nichols,34,0,0,0.060656514,0.06065651401877403
Josh Nichols,35,0,0,0.060656514,0.06065651401877403
Josh Nichols,36,0,0,0.060656514,0.06065651401877403
Josh Nichols,37,0,0,0.060656514,0.06065651401877403
Josh Nichols,38,0,0,0.060656514,0.06065651401877403
Bukayo Saka,34,9,1,1.1562219,0.15622186660766602
Bukayo Saka,35,45,11,1.2880136,9.711986422538757
Bukayo Saka,36,79,2,5.323991,3.323990821838379
Bukayo Saka,37,90,10,4.16966,5.8303399085998535
Bukayo Saka,38,0,0,4.8688097,4.868809700012207
Martin Ødegaard,34,90,3,2.5725956,0.42740440368652344
Martin Ødegaard,35,0,0,2.7626908,2.762690782546997
Martin Ødegaard,36,23,4,1.436785,2.5632150173187256
Martin Ødegaard,37,90,3,2.2974477,0.702552318572998
Martin Ødegaard,38,0,0,3.2490869,3.249086856842041
Noni Madueke,34,80,3,2.0434723,0.9565277099609375
Noni Madueke,35,45,1,2.8166013,1.816601276397705
Noni Madueke,36,10,1,2.34257,1.3425700664520264
Noni Madueke,37,0,0,1.39092,1.3909200429916382
Noni Madueke,38,83,11,0.80965656,10.19034343957901
Gabriel Martinelli Silva,34,37,0,1.8338655,1.8338655233383179
Gabriel Martinelli Silva,35,0,0,2.1873708,2.187370777130127
Gabriel Martinelli Silva,36,0,0,0.7665905,0.7665904760360718
Gabriel Martinelli Silva,37,1,1,0.8871229,0.11287707090377808
Gabriel Martinelli Silva,38,90,7,0.8271745,6.172825515270233
Leandro Trossard,34,0,0,1.488182,1.4881819486618042
Leandro Trossard,35,90,7,1.0047972,5.9952027797698975
Leandro Trossard,36,90,8,2.4642577,5.535742282867432
Leandro Trossard,37,90,3,3.653411,0.6534109115600586
Leandro Trossard,38,0,0,4.820198,4.820198059082031
Declan Rice,34,90,2,3.8385317,1.838531732559204
Declan Rice,35,63,5,3.4552097,1.544790267944336
Declan Rice,36,90,3,2.1722581,0.8277418613433838
Declan Rice,37,90,5,3.1467767,1.8532233238220215
Declan Rice,38,0,0,2.9594636,2.959463596343994
Mikel Merino Zazón,34,0,0,0.060656514,0.06065651401877403
Mikel Merino Zazón,35,0,0,0.060656514,0.06065651401877403
Mikel Merino Zazón,36,0,0,0.060656514,0.06065651401877403
Mikel Merino Zazón,37,0,0,0.060656514,0.06065651401877403
Mikel Merino Zazón,38,28,1,0.060656514,0.939343485981226
Fábio Ferreira Vieira,34,0,0,0.060656514,0.06065651401877403
Fábio Ferreira Vieira,35,0,0,0.060656514,0.06065651401877403
Fábio Ferreira Vieira,36,0,0,0.060656514,0.06065651401877403
Fábio Ferreira Vieira,37,0,0,0.060656514,0.06065651401877403
Fábio Ferreira Vieira,38,0,0,0.060656514,0.06065651401877403
Christian Nørgaard,34,0,0,0.19253387,0.19253386557102203
Christian Nørgaard,35,0,0,0.14782526,0.14782525599002838
Christian Nørgaard,36,0,0,0.060656514,0.06065651401877403
Christian Nørgaard,37,0,0,0.060656514,0.06065651401877403
Christian Nørgaard,38,45,1,0.060656514,0.939343485981226
Ethan Nwaneri,34,0,0,0.060656514,0.06065651401877403
Ethan Nwaneri,35,0,0,0.060656514,0.06065651401877403
Ethan Nwaneri,36,0,0,0.060656514,0.06065651401877403
Ethan Nwaneri,37,0,0,0.060656514,0.06065651401877403
Ethan Nwaneri,38,0,0,0.060656514,0.06065651401877403
Martín Zubimendi Ibáñez,34,80,5,2.7612946,2.2387053966522217
Martín Zubimendi Ibáñez,35,26,1,2.9525185,1.9525184631347656
Martín Zubimendi Ibáñez,36,39,1,2.435704,1.435703992843628
Martín Zubimendi Ibáñez,37,1,1,2.1023672,1.1023671627044678
Martín Zubimendi Ibáñez,38,90,2,0.95081955,1.0491804480552673
Reiss Nelson,34,17,4,0.7523169,3.247683107852936
Reiss Nelson,35,0,0,1.5303817,1.530381679534912
Reiss Nelson,36,0,0,0.8987456,0.898745596408844
Reiss Nelson,37,0,0,0.8987456,0.898745596408844
Reiss Nelson,38,1,1,0.27317593,0.7268240749835968
Ismeal Kabia,34,0,0,0.060656514,0.06065651401877403
Ismeal Kabia,35,0,0,0.060656514,0.06065651401877403
Ismeal Kabia,36,0,0,0.060656514,0.06065651401877403
Ismeal Kabia,37,0,0,0.060656514,0.06065651401877403
Ismeal Kabia,38,0,0,0.060656514,0.06065651401877403
Albert Sambi Lokonga,34,0,0,0.060656514,0.06065651401877403
Albert Sambi Lokonga,35,0,0,0.060656514,0.06065651401877403
Albert Sambi Lokonga,36,0,0,0.060656514,0.06065651401877403
Albert Sambi Lokonga,37,0,0,0.060656514,0.06065651401877403
Albert Sambi Lokonga,38,0,0,0.060656514,0.06065651401877403
Kai Havertz,34,33,4,4.7077703,0.7077703475952148
Kai Havertz,35,0,0,3.608404,3.6084039211273193
Kai Havertz,36,23,1,1.790953,0.7909530401229858
Kai Havertz,37,72,8,2.3733063,5.6266937255859375
Kai Havertz,38,45,4,3.100433,0.8995668888092041
Gabriel Fernando de Jesus,34,0,0,0.8099245,0.8099244832992554
Gabriel Fernando de Jesus,35,26,1,0.8099245,0.19007551670074463
Gabriel Fernando de Jesus,36,0,0,1.3676348,1.3676347732543945
Gabriel Fernando de Jesus,37,0,0,0.5067831,0.506783127784729
Gabriel Fernando de Jesus,38,74,5,0.3874487,4.612551301717758
Emiliano Martínez Romero,34,90,3,2.550266,0.4497339725494385
Emiliano Martínez Romero,35,90,2,2.4899683,0.48996829986572266
Emiliano Martínez Romero,36,90,6,3.2111938,2.788806200027466
Emiliano Martínez Romero,37,90,2,3.215938,1.2159380912780762
Emiliano Martínez Romero,38,0,0,3.5010617,3.5010616779327393
Marco Bizot,34,0,0,0.6567035,0.6567034721374512
Marco Bizot,35,0,0,0.6567035,0.6567034721374512
Marco Bizot,36,0,0,0.29055175,0.2905517518520355
Marco Bizot,37,0,0,0.29055175,0.2905517518520355
Marco Bizot,38,90,2,0.060656514,1.939343485981226
Joe Gauci,34,0,0,0.060656514,0.06065651401877403
Joe Gauci,35,0,0,0.060656514,0.06065651401877403
Joe Gauci,36,0,0,0.060656514,0.06065651401877403
Joe Gauci,37,0,0,0.060656514,0.06065651401877403
Joe Gauci,38,0,0,0.060656514,0.06065651401877403
Filip Marschall,34,0,0,0.060656514,0.06065651401877403
Filip Marschall,35,0,0,0.060656514,0.06065651401877403
Filip Marschall,36,0,0,0.060656514,0.06065651401877403
Filip Marschall,37,0,0,0.060656514,0.06065651401877403
Filip Marschall,38,0,0,0.060656514,0.06065651401877403
Matty Cash,34,90,2,2.8440182,0.8440182209014893
Matty Cash,35,90,5,3.74878,1.2512199878692627
Matty Cash,36,79,1,4.238042,3.238041877746582
Matty Cash,37,90,0,2.8511634,2.851163387298584
Matty Cash,38,45,1,2.8136466,1.8136465549468994
Lucas Digne,34,90,2,2.2436645,0.24366450309753418
Lucas Digne,35,0,0,3.0053844,3.0053844451904297
Lucas Digne,36,16,1,1.3254055,0.325405478477478
Lucas Digne,37,90,4,1.7118177,2.288182258605957
Lucas Digne,38,0,0,2.7086225,2.708622455596924
Ezri Konsa Ngoyo,34,90,2,2.7928183,0.7928183078765869
Ezri Konsa Ngoyo,35,0,0,2.7553446,2.7553446292877197
Ezri Konsa Ngoyo,36,90,1,1.1160831,0.11608314514160156
Ezri Konsa Ngoyo,37,90,1,2.5354068,1.5354068279266357
Ezri Konsa Ngoyo,38,0,0,2.7004113,2.700411319732666
Ian Maatsen,34,0,0,1.8123633,1.8123632669448853
Ian Maatsen,35,90,1,1.1226048,0.1226048469543457
Ian Maatsen,36,73,1,2.3633437,1.3633437156677246
Ian Maatsen,37,5,1,2.333276,1.3332760334014893
Ian Maatsen,38,90,5,1.3763723,3.6236276626586914
Tyrone Mings,34,0,0,2.5056152,2.505615234375
Tyrone Mings,35,90,1,0.96093935,0.03906065225601196
Tyrone Mings,36,90,0,3.4963439,3.4963438510894775
Tyrone Mings,37,0,0,2.573109,2.5731089115142822
Tyrone Mings,38,90,4,1.19121,2.8087899684906006
Pau Torres,34,90,1,1.334642,0.33464205265045166
Pau Torres,35,0,0,2.5414147,2.541414737701416
Pau Torres,36,0,0,0.50421065,0.5042106509208679
Pau Torres,37,90,4,0.6212906,3.378709375858307
Pau Torres,38,17,1,2.805956,1.8059558868408203
Andrés García,34,0,0,0.22193497,0.221934974193573
Andrés García,35,0,0,0.22193497,0.221934974193573
Andrés García,36,0,0,0.14279921,0.14279921352863312
Andrés García,37,0,0,0.14279921,0.14279921352863312
Andrés García,38,45,1,0.060656514,0.939343485981226
Álex Moreno Lopera,34,0,0,0.060656514,0.06065651401877403
Álex Moreno Lopera,35,0,0,0.060656514,0.06065651401877403
Álex Moreno Lopera,36,0,0,0.060656514,0.06065651401877403
Álex Moreno Lopera,37,0,0,0.060656514,0.06065651401877403
Álex Moreno Lopera,38,0,0,0.060656514,0.06065651401877403
Lamare Bogarde,34,73,2,0.2878273,1.7121726870536804
Lamare Bogarde,35,90,1,1.7360901,0.7360900640487671
Lamare Bogarde,36,10,1,2.6273139,1.6273138523101807
Lamare Bogarde,37,0,0,1.4602981,1.4602980613708496
Lamare Bogarde,38,72,2,0.89980847,1.1001915335655212
Lino da Cruz Sousa,34,0,0,0.060656514,0.06065651401877403
Lino da Cruz Sousa,35,0,0,0.060656514,0.06065651401877403
Lino da Cruz Sousa,36,0,0,0.060656514,0.06065651401877403
Lino da Cruz Sousa,37,0,0,0.060656514,0.06065651401877403
Lino da Cruz Sousa,38,0,0,0.060656514,0.06065651401877403
Yasin Özcan,34,0,0,0.060656514,0.06065651401877403
Yasin Özcan,35,0,0,0.060656514,0.06065651401877403
Yasin Özcan,36,0,0,0.060656514,0.06065651401877403
Yasin Özcan,37,0,0,0.060656514,0.06065651401877403
Yasin Özcan,38,0,0,0.060656514,0.06065651401877403
Morgan Rogers,34,90,2,4.43704,2.437039852142334
Morgan Rogers,35,90,1,4.9911337,3.991133689880371
Morgan Rogers,36,90,2,4.2396307,2.239630699157715
Morgan Rogers,37,90,12,3.4817562,8.518243789672852
Morgan Rogers,38,0,0,4.7477846,4.747784614562988
Youri Tielemans,34,73,2,2.932061,0.932060956954956
Youri Tielemans,35,90,2,2.4844406,0.48444056510925293
Youri Tielemans,36,90,4,3.04632,0.9536800384521484
Youri Tielemans,37,89,2,2.7695534,0.7695534229278564
Youri Tielemans,38,17,1,3.2580302,2.2580301761627197
Leon Bailey,34,16,1,0.8049589,0.19504112005233765
Leon Bailey,35,5,1,1.260437,0.26043701171875
Leon Bailey,36,5,1,1.1111943,0.11119425296783447
Leon Bailey,37,0,0,0.9139893,0.9139893054962158
Leon Bailey,38,90,5,0.8345367,4.165463328361511
Emiliano Buendía Stati,34,73,2,2.0683231,0.06832313537597656
Emiliano Buendía Stati,35,5,6,2.0303204,3.969679594039917
Emiliano Buendía Stati,36,16,1,1.8517607,0.851760745048523
Emiliano Buendía Stati,37,84,2,1.9978344,0.002165555953979492
Emiliano Buendía Stati,38,90,6,2.5639348,3.436065196990967
Samuel Iling-Junior,34,0,0,0.060656514,0.06065651401877403
Samuel Iling-Junior,35,0,0,0.060656514,0.06065651401877403
Samuel Iling-Junior,36,0,0,0.060656514,0.06065651401877403
Samuel Iling-Junior,37,0,0,0.060656514,0.06065651401877403
Samuel Iling-Junior,38,0,0,0.060656514,0.06065651401877403
Jacob Ramsey,34,90,2,2.1989691,0.19896912574768066
Jacob Ramsey,35,1,1,3.3812385,2.3812384605407715
Jacob Ramsey,36,29,4,1.5084608,2.491539239883423
Jacob Ramsey,37,90,9,2.1842396,6.815760374069214
Jacob Ramsey,38,90,4,3.2811582,0.7188417911529541
Donyell Malen,34,0,0,0.060656514,0.06065651401877403
Donyell Malen,35,0,0,0.060656514,0.06065651401877403
Donyell Malen,36,0,0,0.060656514,0.06065651401877403
Donyell Malen,37,0,0,0.060656514,0.06065651401877403
Donyell Malen,38,0,0,0.060656514,0.06065651401877403
John McGinn,34,73,2,5.708504,3.7085041999816895
John McGinn,35,0,0,2.5066838,2.506683826446533
John McGinn,36,84,5,2.664313,2.3356869220733643
John McGinn,37,89,6,5.046321,0.953679084777832
John McGinn,38,4,1,3.9505532,2.9505531787872314
Ross Barkley,34,16,1,2.3960009,1.396000862121582
Ross Barkley,35,84,1,2.0260365,1.0260365009307861
Ross Barkley,36,79,9,2.2782612,6.721738815307617
Ross Barkley,37,45,1,4.3997655,3.3997654914855957
Ross Barkley,38,85,5,2.242504,2.7574961185455322
Enzo Barrenechea,34,0,0,0.060656514,0.06065651401877403
Enzo Barrenechea,35,0,0,0.060656514,0.06065651401877403
Enzo Barrenechea,36,0,0,0.060656514,0.06065651401877403
Enzo Barrenechea,37,0,0,0.060656514,0.06065651401877403
Enzo Barrenechea,38,0,0,0.060656514,0.06065651401877403
Lewis Dobbin,34,0,0,0.060656514,0.06065651401877403
Lewis Dobbin,35,0,0,0.060656514,0.06065651401877403
Lewis Dobbin,36,0,0,0.060656514,0.06065651401877403
Lewis Dobbin,37,0,0,0.060656514,0.06065651401877403
Lewis Dobbin,38,0,0,0.060656514,0.06065651401877403
Boubacar Kamara,34,0,0,0.060656514,0.06065651401877403
Boubacar Kamara,35,0,0,0.060656514,0.06065651401877403
Boubacar Kamara,36,0,0,0.060656514,0.06065651401877403
Boubacar Kamara,37,0,0,0.060656514,0.06065651401877403
Boubacar Kamara,38,0,0,0.060656514,0.06065651401877403
Amadou Onana,34,0,0,3.5566225,3.5566225051879883
Amadou Onana,35,0,0,1.5422333,1.5422333478927612
Amadou Onana,36,0,0,0.69245976,0.692459762096405
Amadou Onana,37,0,0,0.500468,0.5004680156707764
Amadou Onana,38,17,1,0.49181077,0.5081892311573029
Ben Broggio,34,0,0,0.060656514,0.06065651401877403
Ben Broggio,35,0,0,0.060656514,0.06065651401877403
Ben Broggio,36,0,0,0.060656514,0.06065651401877403
Ben Broggio,37,0,0,0.060656514,0.06065651401877403
Ben Broggio,38,0,0,0.060656514,0.06065651401877403
Leander Dendoncker,34,0,0,0.060656514,0.06065651401877403
Leander Dendoncker,35,0,0,0.060656514,0.06065651401877403
Leander Dendoncker,36,0,0,0.060656514,0.06065651401877403
Leander Dendoncker,37,0,0,0.060656514,0.06065651401877403
Leander Dendoncker,38,0,0,0.060656514,0.06065651401877403
Jamaldeen Jimoh-Aloba,34,0,0,0.060656514,0.06065651401877403
Jamaldeen Jimoh-Aloba,35,0,0,0.060656514,0.06065651401877403
Jamaldeen Jimoh-Aloba,36,0,0,0.060656514,0.06065651401877403
Jamaldeen Jimoh-Aloba,37,0,0,0.060656514,0.06065651401877403
Jamaldeen Jimoh-Aloba,38,0,0,0.060656514,0.06065651401877403
Kadan Young,34,0,0,0.060656514,0.06065651401877403
Kadan Young,35,0,0,0.060656514,0.06065651401877403
Kadan Young,36,0,0,0.060656514,0.06065651401877403
Kadan Young,37,0,0,0.060656514,0.06065651401877403
Kadan Young,38,0,0,0.060656514,0.06065651401877403
Ollie Watkins,34,79,2,3.89449,1.8944900035858154
Ollie Watkins,35,30,1,4.1323395,3.1323394775390625
Ollie Watkins,36,90,9,2.485861,6.51413893699646
Ollie Watkins,37,90,15,3.2518053,11.748194694519043
Ollie Watkins,38,90,13,6.3508625,6.649137496948242
Zépiqueno Redmond,34,0,0,0.060656514,0.06065651401877403
Zépiqueno Redmond,35,0,0,0.060656514,0.06065651401877403
Zépiqueno Redmond,36,0,0,0.060656514,0.06065651401877403
Zépiqueno Redmond,37,0,0,0.060656514,0.06065651401877403
Zépiqueno Redmond,38,0,0,0.060656514,0.06065651401877403
Norberto Murara Neto,35,0,0,0.060656514,0.06065651401877403
Norberto Murara Neto,36,0,0,0.060656514,0.06065651401877403
Norberto Murara Neto,37,0,0,0.060656514,0.06065651401877403
Norberto Murara Neto,38,0,0,0.060656514,0.06065651401877403
Đorđe Petrović,35,90,6,2.8121948,3.18780517578125
Đorđe Petrović,36,90,6,4.8380795,1.1619205474853516
Đorđe Petrović,37,90,3,4.767098,1.7670979499816895
Đorđe Petrović,38,90,3,3.7662606,0.7662606239318848
Will Dennis,35,0,0,0.060656514,0.06065651401877403
Will Dennis,36,0,0,0.060656514,0.06065651401877403
Will Dennis,37,0,0,0.060656514,0.06065651401877403
Will Dennis,38,0,0,0.060656514,0.06065651401877403
Callan McKenna,35,0,0,0.060656514,0.06065651401877403
Callan McKenna,36,0,0,0.060656514,0.06065651401877403
Callan McKenna,37,0,0,0.060656514,0.06065651401877403
Callan McKenna,38,0,0,0.060656514,0.06065651401877403
Alex Paulsen,35,0,0,0.060656514,0.06065651401877403
Alex Paulsen,36,0,0,0.060656514,0.06065651401877403
Alex Paulsen,37,0,0,0.060656514,0.06065651401877403
Alex Paulsen,38,0,0,0.060656514,0.06065651401877403
Illia Zabarnyi,35,0,0,0.060656514,0.06065651401877403
Illia Zabarnyi,36,0,0,0.060656514,0.06065651401877403
Illia Zabarnyi,37,0,0,0.060656514,0.06065651401877403
Illia Zabarnyi,38,0,0,0.060656514,0.06065651401877403
Marcos Senesi Barón,35,90,14,3.834751,10.165249109268188
Marcos Senesi Barón,36,90,8,3.8704152,4.129584789276123
Marcos Senesi Barón,37,90,4,3.5336366,0.46636343002319336
Marcos Senesi Barón,38,90,2,2.8059807,0.8059806823730469
Adam Smith,35,0,0,0.544436,0.544435977935791
Adam Smith,36,90,11,0.4085514,10.591448605060577
Adam Smith,37,89,6,1.933488,4.0665119886398315
Adam Smith,38,89,2,2.708216,0.7082159519195557
Adrien Truffert,35,90,7,5.613964,1.3860359191894531
Adrien Truffert,36,90,9,2.7927701,6.207229852676392
Adrien Truffert,37,90,4,5.138895,1.138895034790039
Adrien Truffert,38,90,6,3.050199,2.949800968170166
Matai Akinmboni,35,0,0,0.060656514,0.06065651401877403
Matai Akinmboni,36,0,0,0.060656514,0.06065651401877403
Matai Akinmboni,37,0,0,0.060656514,0.06065651401877403
Matai Akinmboni,38,0,0,0.060656514,0.06065651401877403
Owen Bevan,35,0,0,0.060656514,0.06065651401877403
Owen Bevan,36,0,0,0.060656514,0.06065651401877403
Owen Bevan,37,0,0,0.060656514,0.06065651401877403
Owen Bevan,38,0,0,0.060656514,0.06065651401877403
James Hill,35,90,10,4.0282216,5.971778392791748
James Hill,36,90,6,3.8419287,2.158071279525757
James Hill,37,90,1,3.9380457,2.9380457401275635
James Hill,38,90,3,4.078832,1.0788321495056152
Julián Araujo Zúñiga,35,0,0,0.060656514,0.06065651401877403
Julián Araujo Zúñiga,36,0,0,0.060656514,0.06065651401877403
Julián Araujo Zúñiga,37,0,0,0.060656514,0.06065651401877403
Julián Araujo Zúñiga,38,0,0,0.060656514,0.06065651401877403
Chris Mepham,35,0,0,0.060656514,0.06065651401877403
Chris Mepham,36,0,0,0.060656514,0.06065651401877403
Chris Mepham,37,0,0,0.060656514,0.06065651401877403
Chris Mepham,38,0,0,0.060656514,0.06065651401877403
Julio Soler Barreto,35,0,0,0.060656514,0.06065651401877403
Julio Soler Barreto,36,0,0,0.060656514,0.06065651401877403
Julio Soler Barreto,37,0,0,0.060656514,0.06065651401877403
Julio Soler Barreto,38,0,0,0.060656514,0.06065651401877403
Justin Kluivert,35,0,0,0.060656514,0.06065651401877403
Justin Kluivert,36,0,0,0.060656514,0.06065651401877403
Justin Kluivert,37,14,0,0.060656514,0.06065651401877403
Justin Kluivert,38,17,1,0.71788704,0.2821129560470581
Antoine Semenyo,35,74,2,4.7823067,2.782306671142578
Antoine Semenyo,36,180,12,4.3070817,7.692918300628662
Antoine Semenyo,37,55,1,5.2968426,4.296842575073242
Antoine Semenyo,38,57,6,3.1038678,2.896132230758667
Dango Ouattara,34,90,1,3.5578866,2.5578866004943848
Dango Ouattara,35,89,6,4.6694818,1.3305182456970215
Dango Ouattara,36,22,1,4.293145,3.293145179748535
Dango Ouattara,37,90,15,3.2578535,11.742146492004395
Dango Ouattara,38,90,2,3.4844213,1.4844212532043457
Marcus Tavernier,35,85,3,5.8017716,2.801771640777588
Marcus Tavernier,36,77,2,3.230623,1.2306230068206787
Marcus Tavernier,37,90,2,2.6594057,0.6594057083129883
Marcus Tavernier,38,90,10,3.4538176,6.54618239402771
Tyler Adams,35,68,3,1.6916295,1.3083704710006714
Tyler Adams,36,47,1,1.988532,0.9885319471359253
Tyler Adams,37,90,3,2.0515196,0.9484803676605225
Tyler Adams,38,90,4,2.7133656,1.2866344451904297
David Brooks,35,20,4,2.9161458,1.0838541984558105
David Brooks,36,11,1,2.0835183,1.0835182666778564
David Brooks,37,6,1,1.4384304,0.43843042850494385
David Brooks,38,0,0,1.1229696,1.122969627380371
Ryan Christie,35,21,1,3.8250043,2.8250043392181396
Ryan Christie,36,41,-2,2.158753,4.158752918243408
Ryan Christie,37,0,0,0.8706365,0.870636522769928
Ryan Christie,38,0,0,0.80239373,0.8023937344551086
Lewis Cook,35,0,0,0.060656514,0.06065651401877403
Lewis Cook,36,0,0,0.060656514,0.06065651401877403
Lewis Cook,37,1,1,0.060656514,0.939343485981226
Lewis Cook,38,1,1,0.69035137,0.30964863300323486
Philip Billing,35,0,0,0.060656514,0.06065651401877403
Philip Billing,36,0,0,0.060656514,0.06065651401877403
Philip Billing,37,0,0,0.060656514,0.06065651401877403
Philip Billing,38,0,0,0.060656514,0.06065651401877403
Alex Scott,35,90,3,4.253268,1.253267765045166
Alex Scott,36,90,4,5.0211477,1.0211477279663086
Alex Scott,37,90,4,5.202802,1.2028021812438965
Alex Scott,38,0,0,4.0085773,4.008577346801758
Luis Sinisterra Lucumí,35,0,0,0.060656514,0.06065651401877403
Luis Sinisterra Lucumí,36,0,0,0.060656514,0.06065651401877403
Luis Sinisterra Lucumí,37,0,0,0.060656514,0.06065651401877403
Luis Sinisterra Lucumí,38,0,0,0.060656514,0.06065651401877403
Romain Faivre,35,0,0,0.060656514,0.06065651401877403
Romain Faivre,36,0,0,0.060656514,0.06065651401877403
Romain Faivre,37,0,0,0.060656514,0.06065651401877403
Romain Faivre,38,0,0,0.060656514,0.06065651401877403
Hamed Traorè,35,0,0,0.060656514,0.06065651401877403
Hamed Traorè,36,0,0,0.060656514,0.06065651401877403
Hamed Traorè,37,0,0,0.060656514,0.06065651401877403
Hamed Traorè,38,0,0,0.060656514,0.06065651401877403
Dominic Sadi,35,0,0,0.060656514,0.06065651401877403
Dominic Sadi,36,0,0,0.060656514,0.06065651401877403
Dominic Sadi,37,0,0,0.060656514,0.06065651401877403
Dominic Sadi,38,0,0,0.060656514,0.06065651401877403
Zain Silcott-Duberry,35,0,0,0.060656514,0.06065651401877403
Zain Silcott-Duberry,36,0,0,0.060656514,0.06065651401877403
Zain Silcott-Duberry,37,0,0,0.060656514,0.06065651401877403
Zain Silcott-Duberry,38,0,0,0.060656514,0.06065651401877403
Ben Winterburn,35,0,0,0.060656514,0.06065651401877403
Ben Winterburn,36,0,0,0.060656514,0.06065651401877403
Ben Winterburn,37,0,0,0.060656514,0.06065651401877403
Ben Winterburn,38,0,0,0.060656514,0.06065651401877403
Francisco Evanilson de Lima Barbosa,35,79,5,4.0671506,0.9328494071960449
Francisco Evanilson de Lima Barbosa,36,42,1,4.730376,3.7303757667541504
Francisco Evanilson de Lima Barbosa,37,88,2,3.4478486,1.4478485584259033
Francisco Evanilson de Lima Barbosa,38,72,2,3.9297407,1.9297406673431396
Enes Ünal,35,10,1,0.8782206,0.12177938222885132
Enes Ünal,36,11,1,1.2818959,0.28189587593078613
Enes Ünal,37,1,1,1.1626614,0.16266143321990967
Enes Ünal,38,17,1,1.0859019,0.08590185642242432
Daniel Adu-Adjei,35,0,0,0.060656514,0.06065651401877403
Daniel Adu-Adjei,36,0,0,0.060656514,0.06065651401877403
Daniel Adu-Adjei,37,0,0,0.060656514,0.06065651401877403
Daniel Adu-Adjei,38,0,0,0.060656514,0.06065651401877403
Junior Kroupi,35,69,6,3.3420112,2.6579887866973877
Junior Kroupi,36,78,2,4.2305245,2.2305245399475098
Junior Kroupi,37,75,8,4.7970104,3.2029895782470703
Junior Kroupi,38,72,2,4.3281565,2.3281564712524414
Caoimhín Kelleher,34,90,2,3.2552128,1.2552127838134766
Caoimhín Kelleher,35,90,8,3.0257506,4.974249362945557
Caoimhín Kelleher,36,90,3,3.0305383,0.030538320541381836
Caoimhín Kelleher,37,90,2,2.8438308,0.8438308238983154
Caoimhín Kelleher,38,90,6,3.3206036,2.679396390914917
Ellery Balcombe,34,0,0,0.060656514,0.06065651401877403
Ellery Balcombe,35,0,0,0.060656514,0.06065651401877403
Ellery Balcombe,36,0,0,0.060656514,0.06065651401877403
Ellery Balcombe,37,0,0,0.060656514,0.06065651401877403
Ellery Balcombe,38,0,0,0.060656514,0.06065651401877403
Matthew Cox,34,0,0,0.060656514,0.06065651401877403
Matthew Cox,35,0,0,0.060656514,0.06065651401877403
Matthew Cox,36,0,0,0.060656514,0.06065651401877403
Matthew Cox,37,0,0,0.060656514,0.06065651401877403
Matthew Cox,38,0,0,0.060656514,0.06065651401877403
Julian Eyestone,34,0,0,0.060656514,0.06065651401877403
Julian Eyestone,35,0,0,0.060656514,0.06065651401877403
Julian Eyestone,36,0,0,0.060656514,0.06065651401877403
Julian Eyestone,37,0,0,0.060656514,0.06065651401877403
Julian Eyestone,38,0,0,0.060656514,0.06065651401877403
Hákon Rafn Valdimarsson,34,0,0,0.060656514,0.06065651401877403
Hákon Rafn Valdimarsson,35,0,0,0.060656514,0.06065651401877403
Hákon Rafn Valdimarsson,36,0,0,0.060656514,0.06065651401877403
Hákon Rafn Valdimarsson,37,0,0,0.060656514,0.06065651401877403
Hákon Rafn Valdimarsson,38,0,0,0.060656514,0.06065651401877403
Nathan Collins,34,90,2,3.3069694,1.306969404220581
Nathan Collins,35,90,6,3.689194,2.3108060359954834
Nathan Collins,36,90,1,3.2230659,2.2230658531188965
Nathan Collins,37,90,3,3.2116518,0.21165180206298828
Nathan Collins,38,90,3,3.5225527,0.5225527286529541
Keane Lewis-Potter,34,90,1,4.6667337,3.666733741760254
Keane Lewis-Potter,35,90,11,3.1487663,7.851233720779419
Keane Lewis-Potter,36,90,1,5.0900745,4.09007453918457
Keane Lewis-Potter,37,90,1,2.988573,1.9885730743408203
Keane Lewis-Potter,38,88,5,3.0678263,1.932173728942871
Kristoffer Ajer,34,0,0,0.3000939,0.3000938892364502
Kristoffer Ajer,35,10,1,0.1865746,0.8134254068136215
Kristoffer Ajer,36,90,2,0.66807854,1.3319214582443237
Kristoffer Ajer,37,81,3,2.801817,0.1981830596923828
Kristoffer Ajer,38,0,0,2.227449,2.2274489402770996
Rico Henry,34,0,0,0.19253387,0.19253386557102203
Rico Henry,35,0,0,0.060656514,0.06065651401877403
Rico Henry,36,0,0,0.060656514,0.06065651401877403
Rico Henry,37,0,0,0.060656514,0.06065651401877403
Rico Henry,38,0,0,0.060656514,0.06065651401877403
Michael Kayode,34,90,1,4.6193056,3.6193056106567383
Michael Kayode,35,90,5,2.7669418,2.233058214187622
Michael Kayode,36,90,1,3.4461918,2.4461917877197266
Michael Kayode,37,90,0,3.634113,3.634113073348999
Michael Kayode,38,90,2,3.0641415,1.0641415119171143
Ethan Pinnock,34,0,0,1.0964499,1.096449851989746
Ethan Pinnock,35,0,0,0.31495988,0.31495988368988037
Ethan Pinnock,36,0,0,0.31495988,0.31495988368988037
Ethan Pinnock,37,0,0,0.060656514,0.06065651401877403
Ethan Pinnock,38,0,0,0.060656514,0.06065651401877403
Mads Roerslev Rasmussen,34,0,0,0.060656514,0.06065651401877403
Mads Roerslev Rasmussen,35,0,0,0.060656514,0.06065651401877403
Mads Roerslev Rasmussen,36,0,0,0.060656514,0.06065651401877403
Mads Roerslev Rasmussen,37,0,0,0.060656514,0.06065651401877403
Mads Roerslev Rasmussen,38,0,0,0.060656514,0.06065651401877403
Sepp van den Berg,34,90,0,3.3541858,3.3541858196258545
Sepp van den Berg,35,90,6,3.4246469,2.5753531455993652
Sepp van den Berg,36,0,0,3.0627904,3.0627903938293457
Sepp van den Berg,37,8,4,1.4473121,2.552687883377075
Sepp van den Berg,38,90,4,2.296706,1.703294038772583
Benjamin Arthur,34,0,0,0.060656514,0.06065651401877403
Benjamin Arthur,35,0,0,0.060656514,0.06065651401877403
Benjamin Arthur,36,0,0,0.060656514,0.06065651401877403
Benjamin Arthur,37,0,0,0.060656514,0.06065651401877403
Benjamin Arthur,38,0,0,0.060656514,0.06065651401877403
Benjamin Fredrick,34,0,0,0.060656514,0.06065651401877403
Benjamin Fredrick,35,0,0,0.060656514,0.06065651401877403
Benjamin Fredrick,36,0,0,0.060656514,0.06065651401877403
Benjamin Fredrick,37,0,0,0.060656514,0.06065651401877403
Benjamin Fredrick,38,0,0,0.060656514,0.06065651401877403
Aaron Hickey,34,0,0,0.060656514,0.06065651401877403
Aaron Hickey,35,1,1,0.060656514,0.939343485981226
Aaron Hickey,36,60,2,0.479241,1.5207589864730835
Aaron Hickey,37,0,0,1.9075825,1.9075825214385986
Aaron Hickey,38,30,1,0.83924,0.16075998544692993
Kim Ji-soo,34,0,0,0.060656514,0.06065651401877403
Kim Ji-soo,35,0,0,0.060656514,0.06065651401877403
Kim Ji-soo,36,0,0,0.060656514,0.06065651401877403
Kim Ji-soo,37,0,0,0.060656514,0.06065651401877403
Kim Ji-soo,38,0,0,0.060656514,0.06065651401877403
Jayden Meghoma,34,0,0,0.060656514,0.06065651401877403
Jayden Meghoma,35,0,0,0.060656514,0.06065651401877403
Jayden Meghoma,36,0,0,0.060656514,0.06065651401877403
Jayden Meghoma,37,0,0,0.060656514,0.06065651401877403
Jayden Meghoma,38,0,0,0.060656514,0.06065651401877403
Bryan Mbeumo,34,73,3,2.4556277,0.5443723201751709
Bryan Mbeumo,35,74,2,2.6309204,0.63092041015625
Bryan Mbeumo,36,15,1,4.070897,3.070897102355957
Bryan Mbeumo,37,79,7,1.5781465,5.421853542327881
Bryan Mbeumo,38,73,9,5.8245625,3.1754374504089355
Kevin Schade,34,72,2,3.696743,1.6967430114746094
Kevin Schade,35,79,3,2.3665638,0.6334362030029297
Kevin Schade,36,90,2,2.679365,0.6793649196624756
Kevin Schade,37,27,1,3.081911,2.081911087036133
Kevin Schade,38,90,7,2.5013402,4.49865984916687
Mikkel Damsgaard,34,90,2,3.5040667,1.5040667057037354
Mikkel Damsgaard,35,90,11,2.5475674,8.452432632446289
Mikkel Damsgaard,36,68,4,4.920062,0.9200620651245117
Mikkel Damsgaard,37,90,2,3.67173,1.6717300415039062
Mikkel Damsgaard,38,7,1,3.7170224,2.71702241897583
Antoni Milambo,34,0,0,0.060656514,0.06065651401877403
Antoni Milambo,35,0,0,0.060656514,0.06065651401877403
Antoni Milambo,36,0,0,0.060656514,0.06065651401877403
Antoni Milambo,37,0,0,0.060656514,0.06065651401877403
Antoni Milambo,38,0,0,0.060656514,0.06065651401877403
Fábio Freitas Gouveia Carvalho,34,0,0,0.060656514,0.06065651401877403
Fábio Freitas Gouveia Carvalho,35,0,0,0.060656514,0.06065651401877403
Fábio Freitas Gouveia Carvalho,36,0,0,0.060656514,0.06065651401877403
Fábio Freitas Gouveia Carvalho,37,0,0,0.060656514,0.06065651401877403
Fábio Freitas Gouveia Carvalho,38,0,0,0.060656514,0.06065651401877403
Jordan Henderson,34,0,0,0.70913506,0.7091350555419922
Jordan Henderson,35,0,0,0.3270492,0.327049195766449
Jordan Henderson,36,11,0,0.3000939,0.3000938892364502
Jordan Henderson,37,27,1,0.66063917,0.3393608331680298
Jordan Henderson,38,59,0,1.268069,1.2680690288543701
Vitaly Janelt,34,0,0,0.060656514,0.06065651401877403
Vitaly Janelt,35,0,0,0.060656514,0.06065651401877403
Vitaly Janelt,36,29,1,0.060656514,0.939343485981226
Vitaly Janelt,37,62,2,1.1483598,0.8516402244567871
Vitaly Janelt,38,90,1,1.8187096,0.8187096118927002
Mathias Jensen,34,90,10,2.725695,7.274305105209351
Mathias Jensen,35,90,3,4.161875,1.161874771118164
Mathias Jensen,36,90,4,5.041502,1.0415019989013672
Mathias Jensen,37,62,2,5.4674454,3.4674453735351562
Mathias Jensen,38,82,2,2.3358262,0.33582615852355957
Gustavo Nunes Fernandes Gomes,34,0,0,0.060656514,0.06065651401877403
Gustavo Nunes Fernandes Gomes,35,0,0,0.060656514,0.06065651401877403
Gustavo Nunes Fernandes Gomes,36,0,0,0.060656514,0.06065651401877403
Gustavo Nunes Fernandes Gomes,37,0,0,0.060656514,0.06065651401877403
Gustavo Nunes Fernandes Gomes,38,0,0,0.060656514,0.06065651401877403
Frank Onyeka,34,0,0,0.060656514,0.06065651401877403
Frank Onyeka,35,0,0,0.060656514,0.06065651401877403
Frank Onyeka,36,0,0,0.060656514,0.06065651401877403
Frank Onyeka,37,0,0,0.060656514,0.06065651401877403
Frank Onyeka,38,0,0,0.060656514,0.06065651401877403
Yehor Yarmoliuk,34,90,4,3.1363552,0.8636448383331299
Yehor Yarmoliuk,35,90,3,2.9147868,0.08521318435668945
Yehor Yarmoliuk,36,78,2,3.5469918,1.5469918251037598
Yehor Yarmoliuk,37,88,8,2.7956035,5.204396486282349
Yehor Yarmoliuk,38,0,0,2.6816094,2.6816093921661377
Romelle Donovan,34,0,0,0.060656514,0.06065651401877403
Romelle Donovan,35,0,0,0.060656514,0.06065651401877403
Romelle Donovan,36,0,0,0.060656514,0.06065651401877403
Romelle Donovan,37,0,0,0.060656514,0.06065651401877403
Romelle Donovan,38,0,0,0.060656514,0.06065651401877403
Yunus Emre Konak,34,0,0,0.060656514,0.06065651401877403
Yunus Emre Konak,35,0,0,0.060656514,0.06065651401877403
Yunus Emre Konak,36,0,0,0.060656514,0.06065651401877403
Yunus Emre Konak,37,0,0,0.060656514,0.06065651401877403
Yunus Emre Konak,38,0,0,0.060656514,0.06065651401877403
Paris Maghoma,34,0,0,0.060656514,0.06065651401877403
Paris Maghoma,35,0,0,0.060656514,0.06065651401877403
Paris Maghoma,36,0,0,0.060656514,0.06065651401877403
Paris Maghoma,37,0,0,0.060656514,0.06065651401877403
Paris Maghoma,38,0,0,0.060656514,0.06065651401877403
Myles Peart-Harris,34,0,0,0.060656514,0.06065651401877403
Myles Peart-Harris,35,0,0,0.060656514,0.06065651401877403
Myles Peart-Harris,36,0,0,0.060656514,0.06065651401877403
Myles Peart-Harris,37,0,0,0.060656514,0.06065651401877403
Myles Peart-Harris,38,0,0,0.060656514,0.06065651401877403
Ryan Trevitt,34,0,0,0.060656514,0.06065651401877403
Ryan Trevitt,35,0,0,0.060656514,0.06065651401877403
Ryan Trevitt,36,0,0,0.060656514,0.06065651401877403
Ryan Trevitt,37,0,0,0.060656514,0.06065651401877403
Ryan Trevitt,38,0,0,0.060656514,0.06065651401877403
Yoane Wissa,34,24,1,0.36624402,0.6337559819221497
Yoane Wissa,35,22,3,1.4822176,1.51778244972229
Yoane Wissa,36,19,1,1.8661578,0.8661577701568604
Yoane Wissa,37,5,1,1.8179443,0.8179442882537842
Yoane Wissa,38,24,0,1.2800637,1.2800637483596802
Igor Thiago Nascimento Rodrigues,34,90,1,5.107208,4.107207775115967
Igor Thiago Nascimento Rodrigues,35,90,6,3.9553292,2.044670820236206
Igor Thiago Nascimento Rodrigues,36,90,2,3.0654325,1.0654325485229492
Igor Thiago Nascimento Rodrigues,37,90,2,5.7972355,3.7972354888916016
Igor Thiago Nascimento Rodrigues,38,90,2,4.5013595,2.501359462738037
Iwan Morgan,34,0,0,0.060656514,0.06065651401877403
Iwan Morgan,35,0,0,0.060656514,0.06065651401877403
Iwan Morgan,36,0,0,0.060656514,0.06065651401877403
Iwan Morgan,37,0,0,0.060656514,0.06065651401877403
Iwan Morgan,38,0,0,0.060656514,0.06065651401877403
Jason Steele,35,0,0,0.060656514,0.06065651401877403
Jason Steele,36,0,0,0.060656514,0.06065651401877403
Jason Steele,37,0,0,0.060656514,0.06065651401877403
Jason Steele,38,0,0,0.060656514,0.06065651401877403
Bart Verbruggen,35,90,2,2.0968323,0.096832275390625
Bart Verbruggen,36,90,6,4.2237086,1.7762913703918457
Bart Verbruggen,37,90,2,5.0668335,3.06683349609375
Bart Verbruggen,38,90,2,3.9596102,1.9596102237701416
Tom McGill,35,0,0,0.060656514,0.06065651401877403
Tom McGill,36,0,0,0.060656514,0.06065651401877403
Tom McGill,37,0,0,0.060656514,0.06065651401877403
Tom McGill,38,0,0,0.060656514,0.06065651401877403
Carl Rushworth,35,0,0,0.060656514,0.06065651401877403
Carl Rushworth,36,0,0,0.060656514,0.06065651401877403
Carl Rushworth,37,0,0,0.060656514,0.06065651401877403
Carl Rushworth,38,0,0,0.060656514,0.06065651401877403
Kjell Scherpen,35,0,0,0.060656514,0.06065651401877403
Kjell Scherpen,36,0,0,0.060656514,0.06065651401877403
Kjell Scherpen,37,0,0,0.060656514,0.06065651401877403
Kjell Scherpen,38,0,0,0.060656514,0.06065651401877403
Olivier Boscagli,35,90,1,2.5303783,1.5303783416748047
Olivier Boscagli,36,0,0,3.468394,3.4683940410614014
Olivier Boscagli,37,0,0,1.6192123,1.61921226978302
Olivier Boscagli,38,0,0,0.97535074,0.9753507375717163
Diego Coppola,35,0,0,0.060656514,0.06065651401877403
Diego Coppola,36,0,0,0.060656514,0.06065651401877403
Diego Coppola,37,0,0,0.060656514,0.06065651401877403
Diego Coppola,38,0,0,0.060656514,0.06065651401877403
Maxim De Cuyper,35,9,1,1.4428289,0.442828893661499
Maxim De Cuyper,36,87,15,1.0108616,13.98913836479187
Maxim De Cuyper,37,90,2,4.48809,2.4880900382995605
Maxim De Cuyper,38,45,0,4.5125747,4.512574672698975
Lewis Dunk,35,2,1,0.66841805,0.3315819501876831
Lewis Dunk,36,90,14,0.59846836,13.401531636714935
Lewis Dunk,37,90,2,3.891278,1.8912780284881592
Lewis Dunk,38,90,1,2.600357,1.6003570556640625
Pervis Estupiñán Tenorio,35,0,0,0.060656514,0.06065651401877403
Pervis Estupiñán Tenorio,36,0,0,0.060656514,0.06065651401877403
Pervis Estupiñán Tenorio,37,0,0,0.060656514,0.06065651401877403
Pervis Estupiñán Tenorio,38,0,0,0.060656514,0.06065651401877403
Ferdi Kadıoğlu,35,90,1,3.8117871,2.8117871284484863
Ferdi Kadıoğlu,36,90,6,4.168189,1.8318109512329102
Ferdi Kadıoğlu,37,90,2,4.6055675,2.605567455291748
Ferdi Kadıoğlu,38,90,1,4.057925,3.057925224304199
Igor Julio dos Santos de Paulo,35,0,0,0.060656514,0.06065651401877403
Igor Julio dos Santos de Paulo,36,0,0,0.060656514,0.06065651401877403
Igor Julio dos Santos de Paulo,37,0,0,0.060656514,0.06065651401877403
Igor Julio dos Santos de Paulo,38,0,0,0.060656514,0.06065651401877403
Tariq Lamptey,35,0,0,0.060656514,0.06065651401877403
Tariq Lamptey,36,0,0,0.060656514,0.06065651401877403
Tariq Lamptey,37,0,0,0.060656514,0.06065651401877403
Tariq Lamptey,38,0,0,0.060656514,0.06065651401877403
Jan Paul van Hecke,35,90,2,3.4630144,1.4630143642425537
Jan Paul van Hecke,36,90,6,5.0591965,0.9408035278320312
Jan Paul van Hecke,37,90,2,3.748032,1.7480320930480957
Jan Paul van Hecke,38,90,1,3.6714427,2.671442747116089
Joël Veltman,35,62,1,1.3527071,0.3527071475982666
Joël Veltman,36,32,1,1.9549888,0.9549888372421265
Joël Veltman,37,64,6,1.9377004,4.062299609184265
Joël Veltman,38,0,0,2.9870853,2.9870853424072266
Adam Webster,35,0,0,0.060656514,0.06065651401877403
Adam Webster,36,0,0,0.060656514,0.06065651401877403
Adam Webster,37,0,0,0.060656514,0.06065651401877403
Adam Webster,38,0,0,0.060656514,0.06065651401877403
Eiran Cashin,35,0,0,0.060656514,0.06065651401877403
Eiran Cashin,36,0,0,0.060656514,0.06065651401877403
Eiran Cashin,37,0,0,0.060656514,0.06065651401877403
Eiran Cashin,38,0,0,0.060656514,0.06065651401877403
Jacob Slater,35,0,0,0.060656514,0.06065651401877403
Jacob Slater,36,0,0,0.060656514,0.06065651401877403
Jacob Slater,37,0,0,0.060656514,0.06065651401877403
Jacob Slater,38,0,0,0.060656514,0.06065651401877403
Charlie Tasker,35,0,0,0.060656514,0.06065651401877403
Charlie Tasker,36,0,0,0.060656514,0.06065651401877403
Charlie Tasker,37,0,0,0.060656514,0.06065651401877403
Charlie Tasker,38,0,0,0.060656514,0.06065651401877403
Mitoma Kaoru,35,90,1,3.7920825,2.7920825481414795
Mitoma Kaoru,36,57,0,3.7468877,3.746887683868408
Mitoma Kaoru,37,0,0,2.4203415,2.4203414916992188
Mitoma Kaoru,38,0,0,1.3349667,1.3349666595458984
Georginio Rutter,35,10,1,2.1896012,1.189601182937622
Georginio Rutter,36,14,1,2.3383355,1.3383355140686035
Georginio Rutter,37,25,1,2.638412,1.6384119987487793
Georginio Rutter,38,16,1,2.010518,1.0105180740356445
Solly March,35,0,0,0.060656514,0.06065651401877403
Solly March,36,2,1,0.060656514,0.939343485981226
Solly March,37,1,1,0.33144072,0.6685592830181122
Solly March,38,31,1,0.5916483,0.40835171937942505
Yankuba Minteh,35,90,2,2.822655,0.8226549625396729
Yankuba Minteh,36,90,9,5.773914,3.226086139678955
Yankuba Minteh,37,90,3,4.5187564,1.51875638961792
Yankuba Minteh,38,45,1,4.0717297,3.0717296600341797
Julio Enciso Espínola,35,0,0,0.060656514,0.06065651401877403
Julio Enciso Espínola,36,0,0,0.060656514,0.06065651401877403
Julio Enciso Espínola,37,0,0,0.060656514,0.06065651401877403
Julio Enciso Espínola,38,0,0,0.060656514,0.06065651401877403
Brajan Gruda,35,0,0,0.060656514,0.06065651401877403
Brajan Gruda,36,0,0,0.060656514,0.06065651401877403
Brajan Gruda,37,0,0,0.060656514,0.06065651401877403
Brajan Gruda,38,0,0,0.060656514,0.06065651401877403
Jack Hinshelwood,35,87,7,2.9584057,4.0415942668914795
Jack Hinshelwood,36,87,8,3.6039708,4.396029233932495
Jack Hinshelwood,37,81,3,3.9936361,0.9936361312866211
Jack Hinshelwood,38,73,2,3.5622764,1.5622763633728027
Matt O'Riley,35,0,0,1.0040697,1.0040696859359741
Matt O'Riley,36,0,0,0.55584633,0.5558463335037231
Matt O'Riley,37,0,0,0.53175795,0.5317579507827759
Matt O'Riley,38,0,0,0.19253387,0.19253386557102203
Abdallah Sima,35,0,0,0.060656514,0.06065651401877403
Abdallah Sima,36,0,0,0.060656514,0.06065651401877403
Abdallah Sima,37,0,0,0.060656514,0.06065651401877403
Abdallah Sima,38,0,0,0.060656514,0.06065651401877403
Yasin Ayari,35,0,0,2.8516595,2.8516595363616943
Yasin Ayari,36,14,1,1.7158903,0.7158902883529663
Yasin Ayari,37,8,1,1.6083931,0.6083930730819702
Yasin Ayari,38,0,0,0.9917913,0.991791307926178
Carlos Baleba,35,79,2,2.6818802,0.6818802356719971
Carlos Baleba,36,75,5,2.3957741,2.6042258739471436
Carlos Baleba,37,81,3,2.68115,0.318850040435791
Carlos Baleba,38,31,1,2.9584308,1.9584307670593262
Facundo Buonanotte,35,0,0,0.060656514,0.06065651401877403
Facundo Buonanotte,36,0,0,0.060656514,0.06065651401877403
Facundo Buonanotte,37,0,0,0.060656514,0.06065651401877403
Facundo Buonanotte,38,12,1,0.060656514,0.939343485981226
Diego Gómez Amarilla,35,0,0,1.7686688,1.7686687707901
Diego Gómez Amarilla,36,0,0,1.3641555,1.3641555309295654
Diego Gómez Amarilla,37,25,1,0.8094104,0.19058960676193237
Diego Gómez Amarilla,38,58,1,1.7852157,0.7852157354354858
James Milner,35,0,0,0.83709544,0.8370954394340515
James Milner,36,0,0,0.3671533,0.3671532869338989
James Milner,37,0,0,0.31642157,0.3164215683937073
James Milner,38,58,1,0.060656514,0.939343485981226
Jeremy Sarmiento Morante,35,0,0,0.060656514,0.06065651401877403
Jeremy Sarmiento Morante,36,0,0,0.060656514,0.06065651401877403
Jeremy Sarmiento Morante,37,0,0,0.060656514,0.06065651401877403
Jeremy Sarmiento Morante,38,0,0,0.060656514,0.06065651401877403
Tom Watson,35,0,0,0.060656514,0.06065651401877403
Tom Watson,36,0,0,0.060656514,0.06065651401877403
Tom Watson,37,0,0,0.060656514,0.06065651401877403
Tom Watson,38,0,0,0.060656514,0.06065651401877403
Mats Wieffer,35,17,1,3.6642632,2.6642632484436035
Mats Wieffer,36,0,0,2.794696,2.794696092605591
Mats Wieffer,37,0,0,2.0772328,2.077232837677002
Mats Wieffer,38,90,2,1.0022591,0.9977408647537231
Malick Yalcouyé,35,0,0,0.060656514,0.06065651401877403
Malick Yalcouyé,36,0,0,0.060656514,0.06065651401877403
Malick Yalcouyé,37,0,0,0.060656514,0.06065651401877403
Malick Yalcouyé,38,0,0,0.060656514,0.06065651401877403
Joe Knight,35,0,0,0.060656514,0.06065651401877403
Joe Knight,36,0,0,0.060656514,0.06065651401877403
Joe Knight,37,0,0,0.060656514,0.06065651401877403
Joe Knight,38,0,0,0.060656514,0.06065651401877403
Adrian Mazilu,35,0,0,0.060656514,0.06065651401877403
Adrian Mazilu,36,0,0,0.060656514,0.06065651401877403
Adrian Mazilu,37,0,0,0.060656514,0.06065651401877403
Adrian Mazilu,38,0,0,0.060656514,0.06065651401877403
Andrew Moran,35,0,0,0.060656514,0.06065651401877403
Andrew Moran,36,0,0,0.060656514,0.06065651401877403
Andrew Moran,37,0,0,0.060656514,0.06065651401877403
Andrew Moran,38,0,0,0.060656514,0.06065651401877403
Danny Welbeck,35,80,5,5.1642637,0.16426372528076172
Danny Welbeck,36,75,2,3.5601797,1.5601797103881836
Danny Welbeck,37,64,2,4.2361917,2.236191749572754
Danny Welbeck,38,58,1,2.985343,1.9853429794311523
Evan Ferguson,35,0,0,0.060656514,0.06065651401877403
Evan Ferguson,36,0,0,0.060656514,0.06065651401877403
Evan Ferguson,37,0,0,0.060656514,0.06065651401877403
Evan Ferguson,38,0,0,0.060656514,0.06065651401877403
Stefanos Tzimas,35,0,0,0.060656514,0.06065651401877403
Stefanos Tzimas,36,0,0,0.060656514,0.06065651401877403
Stefanos Tzimas,37,0,0,0.060656514,0.06065651401877403
Stefanos Tzimas,38,0,0,0.060656514,0.06065651401877403
Charalampos Kostoulas,35,10,1,1.0624256,0.06242561340332031
Charalampos Kostoulas,36,2,1,1.7653393,0.7653392553329468
Charalampos Kostoulas,37,8,1,1.1558036,0.15580356121063232
Charalampos Kostoulas,38,31,1,1.2027736,0.2027735710144043
James Trafford,35,0,0,0.060656514,0.06065651401877403
James Trafford,36,0,0,0.060656514,0.06065651401877403
James Trafford,37,0,0,0.060656514,0.06065651401877403
James Trafford,38,90,2,0.060656514,1.939343485981226
Max Weiß,35,0,0,0.060656514,0.06065651401877403
Max Weiß,36,90,2,0.060656514,1.939343485981226
Max Weiß,37,90,2,2.2377946,0.2377946376800537
Max Weiß,38,90,3,2.5987046,0.40129542350769043
Etienne Green,35,0,0,0.060656514,0.06065651401877403
Etienne Green,36,0,0,0.060656514,0.06065651401877403
Etienne Green,37,0,0,0.060656514,0.06065651401877403
Etienne Green,38,0,0,0.060656514,0.06065651401877403
Václav Hladký,35,0,0,0.060656514,0.06065651401877403
Václav Hladký,36,0,0,0.060656514,0.06065651401877403
Václav Hladký,37,0,0,0.060656514,0.06065651401877403
Václav Hladký,38,0,0,0.060656514,0.06065651401877403
Connor Roberts,35,0,0,0.060656514,0.06065651401877403
Connor Roberts,36,0,0,0.060656514,0.06065651401877403
Connor Roberts,37,0,0,0.060656514,0.06065651401877403
Connor Roberts,38,0,0,0.060656514,0.06065651401877403
Kyle Walker,35,90,1,2.3651109,1.3651108741760254
Kyle Walker,36,90,1,3.7443242,2.744324207305908
Kyle Walker,37,90,2,4.0172234,2.017223358154297
Kyle Walker,38,90,2,3.3863728,1.3863728046417236
Hannes Delcroix,35,0,0,0.060656514,0.06065651401877403
Hannes Delcroix,36,0,0,0.060656514,0.06065651401877403
Hannes Delcroix,37,0,0,0.060656514,0.06065651401877403
Hannes Delcroix,38,0,0,0.060656514,0.06065651401877403
Owen Dodgson,35,0,0,0.060656514,0.06065651401877403
Owen Dodgson,36,0,0,0.060656514,0.06065651401877403
Owen Dodgson,37,0,0,0.060656514,0.06065651401877403
Owen Dodgson,38,0,0,0.060656514,0.06065651401877403
Hjalmar Ekdal,35,90,3,2.12752,0.8724799156188965
Hjalmar Ekdal,36,0,0,3.2482262,3.2482261657714844
Hjalmar Ekdal,37,0,0,1.3519218,1.351921796798706
Hjalmar Ekdal,38,0,0,0.7911065,0.7911065220832825
Maxime Estève,35,90,3,2.1037316,0.896268367767334
Maxime Estève,36,90,3,3.9812922,0.9812922477722168
Maxime Estève,37,81,2,4.4281373,2.4281373023986816
Maxime Estève,38,0,0,3.2846632,3.284663200378418
Quilindschy Hartman,35,64,1,2.9429326,1.9429326057434082
Quilindschy Hartman,36,0,0,3.1926553,3.192655324935913
Quilindschy Hartman,37,0,0,1.8556767,1.8556766510009766
Quilindschy Hartman,38,0,0,0.8384454,0.8384454250335693
Bashir Humphreys,35,75,0,3.113905,3.1139049530029297
Bashir Humphreys,36,0,0,2.9406793,2.9406793117523193
Bashir Humphreys,37,8,1,1.4189589,0.4189589023590088
Bashir Humphreys,38,90,2,1.4732909,0.5267090797424316
Jordan Beyer,35,0,0,0.060656514,0.06065651401877403
Jordan Beyer,36,0,0,0.060656514,0.06065651401877403
Jordan Beyer,37,0,0,0.060656514,0.06065651401877403
Jordan Beyer,38,0,0,0.060656514,0.06065651401877403
Lucas Pires Silva,35,25,1,0.50469166,0.4953083395957947
Lucas Pires Silva,36,90,1,1.2101986,0.21019864082336426
Lucas Pires Silva,37,90,1,2.2914643,1.2914643287658691
Lucas Pires Silva,38,90,2,2.6458614,0.6458613872528076
Shurandy Sambo,35,0,0,0.060656514,0.06065651401877403
Shurandy Sambo,36,0,0,0.060656514,0.06065651401877403
Shurandy Sambo,37,0,0,0.060656514,0.06065651401877403
Shurandy Sambo,38,0,0,0.060656514,0.06065651401877403
Oliver Sonne,35,0,0,0.060656514,0.06065651401877403
Oliver Sonne,36,0,0,0.060656514,0.06065651401877403
Oliver Sonne,37,0,0,0.060656514,0.06065651401877403
Oliver Sonne,38,0,0,0.060656514,0.06065651401877403
Axel Tuanzebe,35,0,0,0.060656514,0.06065651401877403
Axel Tuanzebe,36,90,3,0.060656514,2.939343485981226
Axel Tuanzebe,37,90,2,2.6034749,0.6034748554229736
Axel Tuanzebe,38,90,2,2.6665647,0.6665647029876709
Joe Worrall,35,0,0,0.29966578,0.29966577887535095
Joe Worrall,36,0,0,0.2411004,0.24110040068626404
Joe Worrall,37,0,0,0.060656514,0.06065651401877403
Joe Worrall,38,0,0,0.060656514,0.06065651401877403
Jaidon Anthony,35,90,5,4.6261835,0.37381649017333984
Jaidon Anthony,36,87,7,4.1207414,2.879258632659912
Jaidon Anthony,37,90,2,4.1715107,2.171510696411133
Jaidon Anthony,38,84,2,4.758893,2.7588930130004883
Manuel Benson Hedilazio,35,0,0,0.060656514,0.06065651401877403
Manuel Benson Hedilazio,36,0,0,0.060656514,0.06065651401877403
Manuel Benson Hedilazio,37,0,0,0.060656514,0.06065651401877403
Manuel Benson Hedilazio,38,0,0,0.060656514,0.06065651401877403
Jacob Bruun Larsen,35,0,0,0.9016101,0.9016100764274597
Jacob Bruun Larsen,36,3,1,0.609854,0.39014601707458496
Jacob Bruun Larsen,37,8,1,0.90045744,0.09954255819320679
Jacob Bruun Larsen,38,5,1,0.93822634,0.06177365779876709
Enock Agyei,35,0,0,0.060656514,0.06065651401877403
Enock Agyei,36,0,0,0.060656514,0.06065651401877403
Enock Agyei,37,0,0,0.060656514,0.06065651401877403
Enock Agyei,38,0,0,0.060656514,0.06065651401877403
Darko Churlinov,35,0,0,0.060656514,0.06065651401877403
Darko Churlinov,36,0,0,0.060656514,0.06065651401877403
Darko Churlinov,37,0,0,0.060656514,0.06065651401877403
Darko Churlinov,38,0,0,0.060656514,0.06065651401877403
Josh Cullen,35,0,0,0.060656514,0.06065651401877403
Josh Cullen,36,0,0,0.060656514,0.06065651401877403
Josh Cullen,37,0,0,0.060656514,0.06065651401877403
Josh Cullen,38,0,0,0.060656514,0.06065651401877403
Marcus Edwards,35,0,0,2.2501438,2.2501437664031982
Marcus Edwards,36,0,0,1.2519673,1.2519673109054565
Marcus Edwards,37,0,0,0.7222662,0.7222661972045898
Marcus Edwards,38,15,1,0.33073252,0.669267475605011
Hannibal Mejbri,35,36,0,0.5662397,0.5662397146224976
Hannibal Mejbri,36,68,5,1.8304366,3.169563412666321
Hannibal Mejbri,37,69,1,2.1803005,1.1803004741668701
Hannibal Mejbri,38,65,1,1.87344,0.8734400272369385
Luca Koleosho,35,0,0,0.060656514,0.06065651401877403
Luca Koleosho,36,0,0,0.060656514,0.06065651401877403
Luca Koleosho,37,0,0,0.060656514,0.06065651401877403
Luca Koleosho,38,0,0,0.060656514,0.06065651401877403
Josh Laurent,35,53,1,2.962602,1.962601900100708
Josh Laurent,36,11,1,2.2710626,1.2710626125335693
Josh Laurent,37,19,1,1.6962341,0.6962341070175171
Josh Laurent,38,0,0,1.7160012,1.7160011529922485
Loum Tchaouna,35,90,6,2.2740018,3.7259981632232666
Loum Tchaouna,36,90,4,3.5458848,0.4541151523590088
Loum Tchaouna,37,81,2,3.0261002,1.0261001586914062
Loum Tchaouna,38,74,5,2.4279659,2.5720341205596924
Aaron Ramsey,35,0,0,0.060656514,0.06065651401877403
Aaron Ramsey,36,0,0,0.060656514,0.06065651401877403
Aaron Ramsey,37,0,0,0.060656514,0.06065651401877403
Aaron Ramsey,38,0,0,0.060656514,0.06065651401877403
Oluwaseun Adewumi,35,0,0,0.060656514,0.06065651401877403
Oluwaseun Adewumi,36,0,0,0.060656514,0.06065651401877403
Oluwaseun Adewumi,37,0,0,0.060656514,0.06065651401877403
Oluwaseun Adewumi,38,0,0,0.060656514,0.06065651401877403
Jaydon Banel,35,0,0,0.060656514,0.06065651401877403
Jaydon Banel,36,0,0,0.060656514,0.06065651401877403
Jaydon Banel,37,0,0,0.060656514,0.06065651401877403
Jaydon Banel,38,0,0,0.060656514,0.06065651401877403
Mike Trésor Ndayishimiye,35,0,0,0.8038119,0.8038119077682495
Mike Trésor Ndayishimiye,36,0,0,0.5667704,0.5667703747749329
Mike Trésor Ndayishimiye,37,0,0,0.30886024,0.30886024236679077
Mike Trésor Ndayishimiye,38,0,0,0.2411004,0.24110040068626404
Zian Flemming,35,75,2,3.1465063,1.1465063095092773
Zian Flemming,36,79,5,4.6417837,0.3582162857055664
Zian Flemming,37,90,1,4.2558694,3.2558693885803223
Zian Flemming,38,84,9,4.004164,4.995835781097412
Zeki Amdouni,35,14,1,0.060656514,0.939343485981226
Zeki Amdouni,36,11,1,1.2984262,0.29842615127563477
Zeki Amdouni,37,20,1,1.3111871,0.31118714809417725
Zeki Amdouni,38,24,1,1.3851428,0.38514280319213867
Lyle Foster,35,0,0,2.5373912,2.537391185760498
Lyle Foster,36,21,1,0.9897636,0.010236382484436035
Lyle Foster,37,0,0,1.7198759,1.7198759317398071
Lyle Foster,38,0,0,0.63092005,0.6309200525283813
Ashley Barnes,35,0,0,0.3874487,0.3874486982822418
Ashley Barnes,36,0,0,0.19253387,0.19253386557102203
Ashley Barnes,37,0,0,0.19253387,0.19253386557102203
Ashley Barnes,38,5,0,0.060656514,0.06065651401877403
Michael Obafemi,35,0,0,0.060656514,0.06065651401877403
Michael Obafemi,36,0,0,0.060656514,0.06065651401877403
Michael Obafemi,37,0,0,0.060656514,0.06065651401877403
Michael Obafemi,38,0,0,0.060656514,0.06065651401877403
Robert Lynch Sánchez,35,66,1,2.3897269,1.3897268772125244
Robert Lynch Sánchez,36,0,0,3.363641,3.3636410236358643
Robert Lynch Sánchez,37,90,2,1.0351921,0.9648078680038452
Robert Lynch Sánchez,38,90,2,2.691898,0.6918981075286865
Filip Jörgensen,35,24,1,0.29055175,0.7094482481479645
Filip Jörgensen,36,90,2,1.0623155,0.9376845359802246
Filip Jörgensen,37,0,0,3.0807343,3.0807342529296875
Filip Jörgensen,38,0,0,1.2290125,1.2290124893188477
Mike Penders,35,0,0,0.060656514,0.06065651401877403
Mike Penders,36,0,0,0.060656514,0.06065651401877403
Mike Penders,37,0,0,0.060656514,0.06065651401877403
Mike Penders,38,0,0,0.060656514,0.06065651401877403
Gabriel Słonina,35,0,0,0.060656514,0.06065651401877403
Gabriel Słonina,36,0,0,0.060656514,0.06065651401877403
Gabriel Słonina,37,0,0,0.060656514,0.06065651401877403
Gabriel Słonina,38,0,0,0.060656514,0.06065651401877403
Marc Cucurella Saseta,35,90,4,3.1759994,0.8240005970001221
Marc Cucurella Saseta,36,90,1,4.76796,3.7679600715637207
Marc Cucurella Saseta,37,90,1,4.453337,3.4533371925354004
Marc Cucurella Saseta,38,90,1,3.2545671,2.2545671463012695
Reece James,35,0,0,0.44754153,0.4475415349006653
Reece James,36,27,1,0.3704894,0.6295106112957001
Reece James,37,0,0,1.2405365,1.2405364513397217
Reece James,38,38,1,0.49723974,0.502760261297226
Trevoh Chalobah,35,90,1,2.789126,1.789125919342041
Trevoh Chalobah,36,0,0,2.9560907,2.9560906887054443
Trevoh Chalobah,37,16,1,1.3324866,0.332486629486084
Trevoh Chalobah,38,25,1,1.802672,0.8026720285415649
Levi Samuels Colwill,35,45,1,0.060656514,0.939343485981226
Levi Samuels Colwill,36,90,4,1.4800705,2.519929528236389
Levi Samuels Colwill,37,0,0,2.6889102,2.6889102458953857
Levi Samuels Colwill,38,90,3,1.0260212,1.9739787578582764
Malo Gusto,35,90,0,2.0569007,2.0569007396698
Malo Gusto,36,90,2,4.4010706,2.4010705947875977
Malo Gusto,37,0,0,3.314112,3.3141119480133057
Malo Gusto,38,84,-1,2.4089642,3.408964157104492
Benoît Badiashile Mukinayi,35,0,0,0.060656514,0.06065651401877403
Benoît Badiashile Mukinayi,36,0,0,0.060656514,0.06065651401877403
Benoît Badiashile Mukinayi,37,0,0,0.060656514,0.06065651401877403
Benoît Badiashile Mukinayi,38,0,0,0.060656514,0.06065651401877403
Wesley Fofana,35,0,0,3.4241273,3.4241273403167725
Wesley Fofana,36,90,5,1.5515767,3.4484232664108276
Wesley Fofana,37,80,2,2.842208,0.8422079086303711
Wesley Fofana,38,61,-2,2.6218424,4.621842384338379
Mamadou Sarr,35,0,0,0.060656514,0.06065651401877403
Mamadou Sarr,36,0,0,0.060656514,0.06065651401877403
Mamadou Sarr,37,9,1,0.060656514,0.939343485981226
Mamadou Sarr,38,0,0,0.6010903,0.6010903120040894
Tosin Adarabioyo,35,45,0,0.45965192,0.459651917219162
Tosin Adarabioyo,36,0,0,1.3195363,1.3195363283157349
Tosin Adarabioyo,37,0,0,0.46514806,0.46514806151390076
Tosin Adarabioyo,38,0,0,0.46514806,0.46514806151390076
Josh Acheampong,35,0,0,0.93399,0.9339900016784668
Josh Acheampong,36,0,0,0.57354087,0.5735408663749695
Josh Acheampong,37,73,2,0.55584633,1.4441536664962769
Josh Acheampong,38,5,1,1.5214146,0.5214146375656128
Aarón Anselmino,35,0,0,0.060656514,0.06065651401877403
Aarón Anselmino,36,0,0,0.060656514,0.06065651401877403
Aarón Anselmino,37,0,0,0.060656514,0.06065651401877403
Aarón Anselmino,38,0,0,0.060656514,0.06065651401877403
Cole Palmer,35,90,0,4.335534,4.33553409576416
Cole Palmer,36,90,2,4.529744,2.5297441482543945
Cole Palmer,37,88,2,4.8691764,2.8691763877868652
Cole Palmer,38,90,8,5.487085,2.5129151344299316
Pedro Lomba Neto,35,0,0,5.938288,5.93828821182251
Pedro Lomba Neto,36,0,0,2.9579966,2.9579966068267822
Pedro Lomba Neto,37,88,5,1.744792,3.2552080154418945
Pedro Lomba Neto,38,64,6,3.4467354,2.553264617919922
Enzo Fernández,35,90,2,3.4826748,1.4826748371124268
Enzo Fernández,36,90,8,4.6641626,3.3358373641967773
Enzo Fernández,37,90,13,5.841861,7.158139228820801
Enzo Fernández,38,90,1,4.231702,3.2317018508911133
Estêvão Almeida de Oliveira Gonçalves,35,0,0,1.7817346,1.781734585762024
Estêvão Almeida de Oliveira Gonçalves,36,0,0,0.89193344,0.8919334411621094
Estêvão Almeida de Oliveira Gonçalves,37,0,0,0.7163907,0.7163907289505005
Estêvão Almeida de Oliveira Gonçalves,38,0,0,0.3241139,0.3241139054298401
Jamie Bynoe-Gittens,35,0,0,0.060656514,0.06065651401877403
Jamie Bynoe-Gittens,36,0,0,0.060656514,0.06065651401877403
Jamie Bynoe-Gittens,37,0,0,0.060656514,0.06065651401877403
Jamie Bynoe-Gittens,38,0,0,0.060656514,0.06065651401877403
Christopher Nkunku,35,0,0,0.060656514,0.06065651401877403
Christopher Nkunku,36,0,0,0.060656514,0.06065651401877403
Christopher Nkunku,37,0,0,0.060656514,0.06065651401877403
Christopher Nkunku,38,0,0,0.060656514,0.06065651401877403
Moisés Caicedo Corozo,35,90,3,2.2728097,0.7271902561187744
Moisés Caicedo Corozo,36,90,1,3.800018,2.800018072128296
Moisés Caicedo Corozo,37,90,2,4.797548,2.7975478172302246
Moisés Caicedo Corozo,38,84,2,4.2156262,2.2156262397766113
Kiernan Dewsbury-Hall,34,90,8,4.7731447,3.2268552780151367
Kiernan Dewsbury-Hall,35,90,2,4.4249163,2.4249162673950195
Kiernan Dewsbury-Hall,36,90,5,3.3613853,1.6386146545410156
Kiernan Dewsbury-Hall,37,90,2,4.3375278,2.3375277519226074
Kiernan Dewsbury-Hall,38,83,2,3.5030196,1.5030195713043213
Tyrique George,34,25,1,1.2633076,0.2633075714111328
Tyrique George,35,0,0,1.5161021,1.5161020755767822
Tyrique George,36,10,1,0.9549926,0.045007407665252686
Tyrique George,37,17,1,1.4006889,0.40068888664245605
Tyrique George,38,28,1,1.7753227,0.775322675704956
Roméo Lavia,35,57,1,2.298739,1.298738956451416
Roméo Lavia,36,0,0,2.1462834,2.1462833881378174
Roméo Lavia,37,0,0,1.2259521,1.2259521484375
Roméo Lavia,38,0,0,0.76338446,0.7633844614028931
Mykhailo Mudryk,35,0,0,0.060656514,0.06065651401877403
Mykhailo Mudryk,36,0,0,0.060656514,0.06065651401877403
Mykhailo Mudryk,37,0,0,0.060656514,0.06065651401877403
Mykhailo Mudryk,38,0,0,0.060656514,0.06065651401877403
Andrey Nascimento dos Santos,35,32,1,1.200321,0.20032095909118652
Andrey Nascimento dos Santos,36,62,2,2.2581973,0.2581973075866699
Andrey Nascimento dos Santos,37,90,10,2.3878555,7.612144470214844
Andrey Nascimento dos Santos,38,0,0,2.3642223,2.364222288131714
Dário Luís Essugo,35,0,0,1.0046389,1.004638910293579
Dário Luís Essugo,36,0,0,0.49723974,0.49723973870277405
Dário Luís Essugo,37,1,0,0.49723974,0.49723973870277405
Dário Luís Essugo,38,0,0,0.512958,0.5129579901695251
Kendry Páez Andrade,35,0,0,0.060656514,0.06065651401877403
Kendry Páez Andrade,36,0,0,0.060656514,0.06065651401877403
Kendry Páez Andrade,37,0,0,0.060656514,0.06065651401877403
Kendry Páez Andrade,38,0,0,0.060656514,0.06065651401877403
João Pedro Junqueira de Jesus,35,90,8,2.9266193,5.073380708694458
João Pedro Junqueira de Jesus,36,90,2,4.52152,2.5215201377868652
João Pedro Junqueira de Jesus,37,0,0,3.4437742,3.4437742233276367
João Pedro Junqueira de Jesus,38,90,1,1.2877305,0.28773045539855957
Liam Delap,35,45,0,2.5937455,2.593745470046997
Liam Delap,36,0,0,2.0108027,2.010802745819092
Liam Delap,37,88,1,1.0625296,0.0625295639038086
Liam Delap,38,5,1,3.0236967,2.0236966609954834
Nicolas Jackson,35,0,0,0.060656514,0.06065651401877403
Nicolas Jackson,36,0,0,0.060656514,0.06065651401877403
Nicolas Jackson,37,0,0,0.060656514,0.06065651401877403
Nicolas Jackson,38,0,0,0.060656514,0.06065651401877403
Marc Guiu Paz,35,0,0,1.4423612,1.4423612356185913
Marc Guiu Paz,36,0,0,0.6399826,0.6399825811386108
Marc Guiu Paz,37,0,0,0.6399826,0.6399825811386108
Marc Guiu Paz,38,0,0,0.2796827,0.2796826958656311
Dean Henderson,34,90,0,2.7244804,2.724480390548706
Dean Henderson,35,90,2,2.7073991,0.7073991298675537
Dean Henderson,36,180,3,2.9442523,0.05574774742126465
Dean Henderson,37,90,0,3.0159938,3.01599383354187
Dean Henderson,38,90,2,4.6244674,2.624467372894287
Walter Benítez,34,0,0,0.68173194,0.6817319393157959
Walter Benítez,35,0,0,0.2965712,0.29657119512557983
Walter Benítez,36,0,0,0.2965712,0.29657119512557983
Walter Benítez,37,0,0,0.060656514,0.06065651401877403
Walter Benítez,38,0,0,0.060656514,0.06065651401877403
Remi Matthews,34,0,0,0.060656514,0.06065651401877403
Remi Matthews,35,0,0,0.060656514,0.06065651401877403
Remi Matthews,36,0,0,0.060656514,0.06065651401877403
Remi Matthews,37,0,0,0.060656514,0.06065651401877403
Remi Matthews,38,0,0,0.060656514,0.06065651401877403
Daniel Muñoz Mejía,34,90,6,2.80658,3.193419933319092
Daniel Muñoz Mejía,35,45,0,3.8851466,3.8851466178894043
Daniel Muñoz Mejía,36,171,3,2.3645723,0.635427713394165
Daniel Muñoz Mejía,37,90,6,3.2851932,2.7148067951202393
Daniel Muñoz Mejía,38,45,1,3.96806,2.96806001663208
Maxence Lacroix,34,90,3,3.4960172,0.4960172176361084
Maxence Lacroix,35,90,2,3.6827698,1.682769775390625
Maxence Lacroix,36,180,4,3.6212132,0.3787868022918701
Maxence Lacroix,37,60,2,2.7140079,0.7140078544616699
Maxence Lacroix,38,0,0,3.8535607,3.85356068611145
Tyrick Mitchell,34,45,0,2.9605887,2.9605886936187744
Tyrick Mitchell,35,45,1,1.7449327,0.7449326515197754
Tyrick Mitchell,36,180,6,2.2773623,3.72263765335083
Tyrick Mitchell,37,90,1,2.587265,1.5872650146484375
Tyrick Mitchell,38,45,1,3.1698322,2.169832229614258
Borna Sosa,34,45,0,0.22193497,0.221934974193573
Borna Sosa,35,0,0,1.6498486,1.6498485803604126
Borna Sosa,36,0,0,0.69179773,0.6917977333068848
Borna Sosa,37,0,0,0.69179773,0.6917977333068848
Borna Sosa,38,0,0,0.30726662,0.30726662278175354
Marc Guéhi,35,90,4,4.429329,0.42932891845703125
Marc Guéhi,36,180,15,3.3813133,11.61868667602539
Marc Guéhi,37,90,2,2.6188648,0.6188647747039795
Marc Guéhi,38,0,0,3.3943665,3.394366502761841
Chris Richards,34,90,1,3.6273868,2.6273868083953857
Chris Richards,35,14,1,2.9698246,1.9698245525360107
Chris Richards,36,180,4,1.8700904,2.129909634590149
Chris Richards,37,29,0,3.0336065,3.03360652923584
Chris Richards,38,0,0,1.9955103,1.9955103397369385
Chadi Riad Dnanou,34,0,0,0.2985389,0.2985388934612274
Chadi Riad Dnanou,35,75,1,0.27445048,0.7255495190620422
Chadi Riad Dnanou,36,0,0,2.1865094,2.186509370803833
Chadi Riad Dnanou,37,73,2,0.71225184,1.2877481579780579
Chadi Riad Dnanou,38,90,3,2.3448145,0.6551854610443115
Nathaniel Clyne,34,0,0,0.2878273,0.2878273129463196
Nathaniel Clyne,35,0,0,0.2878273,0.2878273129463196
Nathaniel Clyne,36,8,1,0.060656514,0.939343485981226
Nathaniel Clyne,37,0,0,0.7298933,0.7298933267593384
Nathaniel Clyne,38,90,1,0.42192727,0.578072726726532
Rob Holding,34,0,0,0.060656514,0.06065651401877403
Rob Holding,35,0,0,0.060656514,0.06065651401877403
Rob Holding,36,0,0,0.060656514,0.06065651401877403
Rob Holding,37,0,0,0.060656514,0.06065651401877403
Rob Holding,38,0,0,0.060656514,0.06065651401877403
Caleb Kporha,34,0,0,0.060656514,0.06065651401877403
Caleb Kporha,35,0,0,0.060656514,0.06065651401877403
Caleb Kporha,36,0,0,0.060656514,0.06065651401877403
Caleb Kporha,37,0,0,0.060656514,0.06065651401877403
Caleb Kporha,38,0,0,0.060656514,0.06065651401877403
Eberechi Eze,34,52,6,2.4071827,3.5928173065185547
Eberechi Eze,35,77,3,3.00914,0.0091400146484375
Eberechi Eze,36,66,3,2.6002872,0.39971280097961426
Eberechi Eze,37,72,3,2.20509,0.7949099540710449
Eberechi Eze,38,15,1,2.2515547,1.2515547275543213
Ismaïla Sarr,34,90,5,2.5636945,2.436305522918701
Ismaïla Sarr,35,45,1,3.7975142,2.7975142002105713
Ismaïla Sarr,36,120,8,2.8285937,5.171406269073486
Ismaïla Sarr,37,90,7,4.157218,2.8427820205688477
Ismaïla Sarr,38,45,1,3.2764747,2.276474714279175
Cheick Doucouré,34,0,0,0.060656514,0.06065651401877403
Cheick Doucouré,35,0,0,0.060656514,0.06065651401877403
Cheick Doucouré,36,0,0,0.060656514,0.06065651401877403
Cheick Doucouré,37,0,0,0.060656514,0.06065651401877403
Cheick Doucouré,38,0,0,0.060656514,0.06065651401877403
Romain Esse,34,0,0,0.060656514,0.06065651401877403
Romain Esse,35,0,0,0.060656514,0.06065651401877403
Romain Esse,36,0,0,0.060656514,0.06065651401877403
Romain Esse,37,0,0,0.060656514,0.06065651401877403
Romain Esse,38,0,0,0.060656514,0.06065651401877403
Will Hughes,34,0,0,2.1271167,2.1271166801452637
Will Hughes,35,0,0,1.1365726,1.1365725994110107
Will Hughes,36,59,1,0.5318776,0.4681224226951599
Will Hughes,37,0,0,1.7602779,1.7602778673171997
Will Hughes,38,90,2,0.60461956,1.395380437374115
Daichi Kamada,34,90,4,1.7005674,2.299432635307312
Daichi Kamada,35,45,1,2.721846,1.721846103668213
Daichi Kamada,36,105,2,1.7059406,0.2940593957901001
Daichi Kamada,37,90,4,3.7492232,0.2507767677307129
Daichi Kamada,38,45,1,4.0429244,3.042924404144287
Jefferson Lerma Solís,34,0,0,3.5283606,3.528360605239868
Jefferson Lerma Solís,35,90,0,0.9771645,0.9771645069122314
Jefferson Lerma Solís,36,100,3,2.52021,0.47978997230529785
Jefferson Lerma Solís,37,16,0,3.1064138,3.1064138412475586
Jefferson Lerma Solís,38,90,4,2.0573404,1.942659616470337
Adam Wharton,34,90,2,1.034288,0.9657119512557983
Adam Wharton,35,45,1,3.0043676,2.0043675899505615
Adam Wharton,36,120,5,2.4967911,2.503208875656128
Adam Wharton,37,90,11,4.547512,6.452487945556641
Adam Wharton,38,16,1,3.4107764,2.410776376724243
Asher Agbinone,34,0,0,0.060656514,0.06065651401877403
Asher Agbinone,35,0,0,0.060656514,0.06065651401877403
Asher Agbinone,36,0,0,0.060656514,0.06065651401877403
Asher Agbinone,37,0,0,0.060656514,0.06065651401877403
Asher Agbinone,38,0,0,0.060656514,0.06065651401877403
Naouirou Ahamada,34,0,0,0.060656514,0.06065651401877403
Naouirou Ahamada,35,0,0,0.060656514,0.06065651401877403
Naouirou Ahamada,36,0,0,0.060656514,0.06065651401877403
Naouirou Ahamada,37,0,0,0.060656514,0.06065651401877403
Naouirou Ahamada,38,0,0,0.060656514,0.06065651401877403
Justin Devenny,34,0,0,0.7304065,0.7304065227508545
Justin Devenny,35,90,4,0.3874487,3.612551301717758
Justin Devenny,36,0,0,2.8437016,2.8437016010284424
Justin Devenny,37,0,0,0.66624564,0.6662456393241882
Justin Devenny,38,90,2,0.66624564,1.3337543606758118
Malcolm Ebiowei,34,0,0,0.060656514,0.06065651401877403
Malcolm Ebiowei,35,0,0,0.060656514,0.06065651401877403
Malcolm Ebiowei,36,0,0,0.060656514,0.06065651401877403
Malcolm Ebiowei,37,0,0,0.060656514,0.06065651401877403
Malcolm Ebiowei,38,0,0,0.060656514,0.06065651401877403
Jesurun Rak-Sakyi,34,0,0,0.060656514,0.06065651401877403
Jesurun Rak-Sakyi,35,0,0,0.060656514,0.06065651401877403
Jesurun Rak-Sakyi,36,0,0,0.060656514,0.06065651401877403
Jesurun Rak-Sakyi,37,0,0,0.060656514,0.06065651401877403
Jesurun Rak-Sakyi,38,0,0,0.060656514,0.06065651401877403
Matheus França de Oliveira,34,0,0,0.060656514,0.06065651401877403
Matheus França de Oliveira,35,0,0,0.060656514,0.06065651401877403
Matheus França de Oliveira,36,0,0,0.060656514,0.06065651401877403
Matheus França de Oliveira,37,0,0,0.060656514,0.06065651401877403
Matheus França de Oliveira,38,0,0,0.060656514,0.06065651401877403
David Ozoh,34,0,0,0.060656514,0.06065651401877403
David Ozoh,35,0,0,0.060656514,0.06065651401877403
David Ozoh,36,0,0,0.060656514,0.06065651401877403
David Ozoh,37,0,0,0.060656514,0.06065651401877403
David Ozoh,38,0,0,0.060656514,0.06065651401877403
Kaden Rodney,34,0,0,0.060656514,0.06065651401877403
Kaden Rodney,35,0,0,0.060656514,0.06065651401877403
Kaden Rodney,36,0,0,0.060656514,0.06065651401877403
Kaden Rodney,37,0,0,0.060656514,0.06065651401877403
Kaden Rodney,38,0,0,0.060656514,0.06065651401877403
Franco Umeh-Chibueze,34,0,0,0.060656514,0.06065651401877403
Franco Umeh-Chibueze,35,0,0,0.060656514,0.06065651401877403
Franco Umeh-Chibueze,36,0,0,0.060656514,0.06065651401877403
Franco Umeh-Chibueze,37,0,0,0.060656514,0.06065651401877403
Franco Umeh-Chibueze,38,0,0,0.060656514,0.06065651401877403
Jean-Philippe Mateta,34,69,2,1.8088264,0.19117355346679688
Jean-Philippe Mateta,35,25,1,3.6293938,2.6293938159942627
Jean-Philippe Mateta,36,84,6,2.1323276,3.8676724433898926
Jean-Philippe Mateta,37,29,1,3.1125638,2.1125638484954834
Jean-Philippe Mateta,38,13,6,2.2047462,3.7952537536621094
Eddie Nketiah,34,0,0,0.060656514,0.06065651401877403
Eddie Nketiah,35,0,0,0.060656514,0.06065651401877403
Eddie Nketiah,36,0,0,0.060656514,0.06065651401877403
Eddie Nketiah,37,0,0,0.060656514,0.06065651401877403
Eddie Nketiah,38,0,0,0.060656514,0.06065651401877403
Odsonne Édouard,34,0,0,0.060656514,0.06065651401877403
Odsonne Édouard,35,0,0,0.060656514,0.06065651401877403
Odsonne Édouard,36,0,0,0.060656514,0.06065651401877403
Odsonne Édouard,37,0,0,0.060656514,0.06065651401877403
Odsonne Édouard,38,0,0,0.060656514,0.06065651401877403
Zach Marsh,34,0,0,0.060656514,0.06065651401877403
Zach Marsh,35,0,0,0.060656514,0.06065651401877403
Zach Marsh,36,0,0,0.060656514,0.06065651401877403
Zach Marsh,37,0,0,0.060656514,0.06065651401877403
Zach Marsh,38,0,0,0.060656514,0.06065651401877403
Jordan Pickford,34,90,1,2.9936123,1.993612289428711
Jordan Pickford,35,90,1,2.8750596,1.8750596046447754
Jordan Pickford,36,90,3,2.8100936,0.18990635871887207
Jordan Pickford,37,90,1,3.4244096,2.4244096279144287
Jordan Pickford,38,90,2,2.7658656,0.7658655643463135
Mark Travers,34,0,0,0.060656514,0.06065651401877403
Mark Travers,35,0,0,0.060656514,0.06065651401877403
Mark Travers,36,0,0,0.060656514,0.06065651401877403
Mark Travers,37,0,0,0.060656514,0.06065651401877403
Mark Travers,38,0,0,0.060656514,0.06065651401877403
Harry Tyrer,34,0,0,0.060656514,0.06065651401877403
Harry Tyrer,35,0,0,0.060656514,0.06065651401877403
Harry Tyrer,36,0,0,0.060656514,0.06065651401877403
Harry Tyrer,37,0,0,0.060656514,0.06065651401877403
Harry Tyrer,38,0,0,0.060656514,0.06065651401877403
Jarrad Branthwaite,34,0,0,2.3969595,2.3969595432281494
Jarrad Branthwaite,35,0,0,1.3358703,1.3358702659606934
Jarrad Branthwaite,36,0,0,0.7690183,0.769018292427063
Jarrad Branthwaite,37,0,0,0.3636306,0.36363059282302856
Jarrad Branthwaite,38,0,0,0.2985389,0.2985388934612274
James Tarkowski,34,90,3,3.2471728,0.24717283248901367
James Tarkowski,35,90,0,3.8390415,3.8390414714813232
James Tarkowski,36,90,15,3.4035475,11.596452474594116
James Tarkowski,37,90,3,4.5166254,1.5166254043579102
James Tarkowski,38,90,3,3.6067512,0.6067512035369873
Vitalii Mykolenko,34,90,1,3.6229377,2.6229376792907715
Vitalii Mykolenko,35,90,1,3.3540332,2.3540332317352295
Vitalii Mykolenko,36,90,0,3.476894,3.476893901824951
Vitalii Mykolenko,37,90,1,2.6441116,1.6441116333007812
Vitalii Mykolenko,38,90,2,3.2974977,1.2974977493286133
Jake O'Brien,34,64,1,3.39569,2.3956899642944336
Jake O'Brien,35,90,6,2.1764014,3.823598623275757
Jake O'Brien,36,90,1,3.8262148,2.8262147903442383
Jake O'Brien,37,87,0,3.5174758,3.5174758434295654
Jake O'Brien,38,61,1,2.1813817,1.1813817024230957
Séamus Coleman,34,0,0,0.060656514,0.06065651401877403
Séamus Coleman,35,0,0,0.060656514,0.06065651401877403
Séamus Coleman,36,0,0,0.060656514,0.06065651401877403
Séamus Coleman,37,2,1,0.060656514,0.939343485981226
Séamus Coleman,38,6,1,0.61279076,0.3872092366218567
Michael Keane,34,90,1,1.5331448,0.5331448316574097
Michael Keane,35,90,2,2.347335,0.3473351001739502
Michael Keane,36,90,1,2.672647,1.6726469993591309
Michael Keane,37,90,4,3.1420164,0.8579835891723633
Michael Keane,38,90,4,3.73048,0.2695200443267822
Nathan Patterson,34,0,0,0.060656514,0.06065651401877403
Nathan Patterson,35,1,1,0.060656514,0.939343485981226
Nathan Patterson,36,0,0,0.479241,0.4792410135269165
Nathan Patterson,37,0,0,0.22193497,0.221934974193573
Nathan Patterson,38,0,0,0.22193497,0.221934974193573
Roman Dixon,34,0,0,0.060656514,0.06065651401877403
Roman Dixon,35,0,0,0.060656514,0.06065651401877403
Roman Dixon,36,0,0,0.060656514,0.06065651401877403
Roman Dixon,37,0,0,0.060656514,0.06065651401877403
Roman Dixon,38,0,0,0.060656514,0.06065651401877403
Reece Welch,34,0,0,0.060656514,0.06065651401877403
Reece Welch,35,0,0,0.060656514,0.06065651401877403
Reece Welch,36,0,0,0.060656514,0.06065651401877403
Reece Welch,37,0,0,0.060656514,0.06065651401877403
Reece Welch,38,0,0,0.060656514,0.06065651401877403
Iliman Ndiaye,34,90,2,3.5082333,1.5082333087921143
Iliman Ndiaye,35,90,2,3.364572,1.3645720481872559
Iliman Ndiaye,36,90,2,3.9838855,1.9838855266571045
Iliman Ndiaye,37,90,2,4.376974,2.376974105834961
Iliman Ndiaye,38,90,2,4.290482,2.2904820442199707
Dwight McNeil,34,64,2,2.829563,0.8295629024505615
Dwight McNeil,35,0,0,7.169153,7.169153213500977
Dwight McNeil,36,0,0,2.5120702,2.5120701789855957
Dwight McNeil,37,2,1,1.4815072,0.48150718212127686
Dwight McNeil,38,0,0,1.4135098,1.4135098457336426
Carlos Alcaraz Durán,34,4,0,0.060656514,0.06065651401877403
Carlos Alcaraz Durán,35,1,1,0.57227254,0.42772746086120605
Carlos Alcaraz Durán,36,1,1,0.7037397,0.2962602972984314
Carlos Alcaraz Durán,37,0,0,1.0160912,1.016091227531433
Carlos Alcaraz Durán,38,6,1,0.63643456,0.36356544494628906
Idrissa Gana Gueye,34,85,2,2.7678592,0.7678592205047607
Idrissa Gana Gueye,35,0,0,3.6382942,3.638294219970703
Idrissa Gana Gueye,36,0,0,1.705783,1.7057830095291138
Idrissa Gana Gueye,37,0,0,0.6114014,0.611401379108429
Idrissa Gana Gueye,38,0,0,0.46882284,0.4688228368759155
James Garner,34,90,3,3.6425333,0.6425333023071289
James Garner,35,90,5,3.9790957,1.020904302597046
James Garner,36,90,1,4.203293,3.2032928466796875
James Garner,37,90,1,3.4048903,2.404890298843384
James Garner,38,90,4,3.1071773,0.8928227424621582
Tim Iroegbunam,34,25,1,0.859958,0.1400420069694519
Tim Iroegbunam,35,90,2,1.7586894,0.24131059646606445
Tim Iroegbunam,36,90,2,2.7793553,0.7793552875518799
Tim Iroegbunam,37,72,1,2.9428225,1.9428224563598633
Tim Iroegbunam,38,83,4,2.2280881,1.771911859512329
Harrison Armstrong,34,0,0,0.14279921,0.14279921352863312
Harrison Armstrong,35,1,1,0.14279921,0.8572007864713669
Harrison Armstrong,36,0,0,0.33144072,0.3314407169818878
Harrison Armstrong,37,0,0,0.22193497,0.221934974193573
Harrison Armstrong,38,28,1,0.22193497,0.778065025806427
Callum Bates,34,0,0,0.060656514,0.06065651401877403
Callum Bates,35,0,0,0.060656514,0.06065651401877403
Callum Bates,36,0,0,0.060656514,0.06065651401877403
Callum Bates,37,0,0,0.060656514,0.06065651401877403
Callum Bates,38,0,0,0.060656514,0.06065651401877403
Coby Ebere,34,0,0,0.060656514,0.06065651401877403
Coby Ebere,35,0,0,0.060656514,0.06065651401877403
Coby Ebere,36,0,0,0.060656514,0.06065651401877403
Coby Ebere,37,0,0,0.060656514,0.06065651401877403
Coby Ebere,38,0,0,0.060656514,0.06065651401877403
Isaac Heath,34,0,0,0.060656514,0.06065651401877403
Isaac Heath,35,0,0,0.060656514,0.06065651401877403
Isaac Heath,36,0,0,0.060656514,0.06065651401877403
Isaac Heath,37,0,0,0.060656514,0.06065651401877403
Isaac Heath,38,0,0,0.060656514,0.06065651401877403
Jenson Metcalfe,34,0,0,0.060656514,0.06065651401877403
Jenson Metcalfe,35,0,0,0.060656514,0.06065651401877403
Jenson Metcalfe,36,0,0,0.060656514,0.06065651401877403
Jenson Metcalfe,37,0,0,0.060656514,0.06065651401877403
Jenson Metcalfe,38,0,0,0.060656514,0.06065651401877403
Thierno Barry,34,90,2,1.1256572,0.8743427991867065
Thierno Barry,35,26,11,3.1383283,7.861671686172485
Thierno Barry,36,20,1,4.1270237,3.127023696899414
Thierno Barry,37,17,1,2.5895958,1.5895957946777344
Thierno Barry,38,83,2,3.1938698,1.1938698291778564
Norberto Bercique Gomes Betuncal,34,0,0,4.8742557,4.874255657196045
Norberto Bercique Gomes Betuncal,35,63,1,2.4559643,1.4559643268585205
Norberto Bercique Gomes Betuncal,36,69,8,4.005655,3.994345188140869
Norberto Bercique Gomes Betuncal,37,72,2,2.6421027,0.6421027183532715
Norberto Bercique Gomes Betuncal,38,6,1,2.9072216,1.9072215557098389
Youssef Ramalho Chermiti,34,0,0,0.060656514,0.06065651401877403
Youssef Ramalho Chermiti,35,0,0,0.060656514,0.06065651401877403
Youssef Ramalho Chermiti,36,0,0,0.060656514,0.06065651401877403
Youssef Ramalho Chermiti,37,0,0,0.060656514,0.06065651401877403
Youssef Ramalho Chermiti,38,0,0,0.060656514,0.06065651401877403
Martin Sherif,34,0,0,0.060656514,0.06065651401877403
Martin Sherif,35,0,0,0.060656514,0.06065651401877403
Martin Sherif,36,0,0,0.060656514,0.06065651401877403
Martin Sherif,37,0,0,0.060656514,0.06065651401877403
Martin Sherif,38,0,0,0.060656514,0.06065651401877403
Bernd Leno,34,90,7,2.7749825,4.225017547607422
Bernd Leno,35,90,3,3.4468956,0.4468955993652344
Bernd Leno,36,90,3,2.8365717,0.16342830657958984
Bernd Leno,37,90,2,3.1811512,1.1811511516571045
Bernd Leno,38,90,6,3.271407,2.728593111038208
Steven Benda,34,0,0,0.060656514,0.06065651401877403
Steven Benda,35,0,0,0.060656514,0.06065651401877403
Steven Benda,36,0,0,0.060656514,0.06065651401877403
Steven Benda,37,0,0,0.060656514,0.06065651401877403
Steven Benda,38,0,0,0.060656514,0.06065651401877403
Antonee Robinson,34,9,1,1.5376854,0.5376853942871094
Antonee Robinson,35,90,1,1.3224202,0.32242023944854736
Antonee Robinson,36,90,1,2.7344196,1.734419584274292
Antonee Robinson,37,90,12,3.0019286,8.998071432113647
Antonee Robinson,38,90,6,3.6097364,2.390263557434082
Joachim Andersen,34,90,11,3.214343,7.785656929016113
Joachim Andersen,35,90,3,3.3945463,0.3945462703704834
Joachim Andersen,36,51,-2,3.4133255,5.413325548171997
Joachim Andersen,37,0,0,1.470383,1.4703830480575562
Joachim Andersen,38,0,0,1.5993176,1.5993175506591797
Calvin Bassey,34,90,6,3.2201705,2.779829502105713
Calvin Bassey,35,90,1,3.3201902,2.320190191268921
Calvin Bassey,36,90,2,3.27872,1.2787199020385742
Calvin Bassey,37,90,2,3.1154537,1.1154537200927734
Calvin Bassey,38,90,6,3.4291277,2.5708723068237305
Timothy Castagne,34,90,5,3.989791,1.010209083557129
Timothy Castagne,35,90,1,3.7377262,2.7377262115478516
Timothy Castagne,36,82,2,3.5586543,1.5586543083190918
Timothy Castagne,37,90,5,3.1423495,1.8576505184173584
Timothy Castagne,38,90,8,3.6610677,4.338932275772095
Issa Diop,34,0,0,0.26646334,0.26646333932876587
Issa Diop,35,0,0,0.060656514,0.06065651401877403
Issa Diop,36,45,1,0.060656514,0.939343485981226
Issa Diop,37,90,2,1.3426642,0.6573357582092285
Issa Diop,38,85,15,2.7387478,12.261252164840698
Jorge Cuenca Barreno,34,0,0,0.060656514,0.06065651401877403
Jorge Cuenca Barreno,35,0,0,0.060656514,0.06065651401877403
Jorge Cuenca Barreno,36,0,0,0.060656514,0.06065651401877403
Jorge Cuenca Barreno,37,0,0,0.060656514,0.06065651401877403
Jorge Cuenca Barreno,38,4,0,0.060656514,0.06065651401877403
Kenny Tete,34,0,0,0.3636306,0.36363059282302856
Kenny Tete,35,0,0,0.32145786,0.3214578628540039
Kenny Tete,36,0,0,0.060656514,0.06065651401877403
Kenny Tete,37,0,0,0.060656514,0.06065651401877403
Kenny Tete,38,0,0,0.060656514,0.06065651401877403
Samuel Amissah,34,0,0,0.060656514,0.06065651401877403
Samuel Amissah,35,0,0,0.060656514,0.06065651401877403
Samuel Amissah,36,0,0,0.060656514,0.06065651401877403
Samuel Amissah,37,0,0,0.060656514,0.06065651401877403
Samuel Amissah,38,0,0,0.060656514,0.06065651401877403
Alex Iwobi,34,0,0,1.9136804,1.9136804342269897
Alex Iwobi,35,0,0,2.1054833,2.105483293533325
Alex Iwobi,36,0,0,0.89062214,0.8906221389770508
Alex Iwobi,37,66,2,0.44139525,1.558604747056961
Alex Iwobi,38,90,3,1.9773777,1.0226223468780518
Emile Smith Rowe,34,75,3,2.0751758,0.9248242378234863
Emile Smith Rowe,35,77,2,2.3920217,0.39202165603637695
Emile Smith Rowe,36,45,1,2.3429446,1.342944622039795
Emile Smith Rowe,37,78,2,2.1160078,0.11600780487060547
Emile Smith Rowe,38,71,3,2.90944,0.0905599594116211
Adama Traoré Diarra,34,0,0,0.79977834,0.7997783422470093
Adama Traoré Diarra,35,16,1,0.65994316,0.340056836605072
Adama Traoré Diarra,36,0,0,1.2429281,1.242928147315979
Adama Traoré Diarra,37,0,0,0.7193325,0.7193325161933899
Adama Traoré Diarra,38,0,0,0.49723974,0.49723973870277405
Andreas Hoelgebaum Pereira,34,0,0,0.060656514,0.06065651401877403
Andreas Hoelgebaum Pereira,35,0,0,0.060656514,0.06065651401877403
Andreas Hoelgebaum Pereira,36,0,0,0.060656514,0.06065651401877403
Andreas Hoelgebaum Pereira,37,0,0,0.060656514,0.06065651401877403
Andreas Hoelgebaum Pereira,38,0,0,0.060656514,0.06065651401877403
Ryan Sessegnon,34,80,11,2.96911,8.030889987945557
Ryan Sessegnon,35,0,0,2.4094198,2.4094197750091553
Ryan Sessegnon,36,0,0,1.1723617,1.1723617315292358
Ryan Sessegnon,37,0,0,1.4202763,1.4202762842178345
Ryan Sessegnon,38,0,0,0.5140317,0.514031708240509
Harry Wilson,34,90,2,3.9118137,1.911813735961914
Harry Wilson,35,63,2,3.2341106,1.2341105937957764
Harry Wilson,36,61,2,1.9279954,0.07200455665588379
Harry Wilson,37,11,1,2.8498683,1.8498682975769043
Harry Wilson,38,18,4,1.8444496,2.1555503606796265
Sander Berge,34,90,3,1.7170213,1.2829786539077759
Sander Berge,35,0,0,2.9396634,2.9396634101867676
Sander Berge,36,0,0,0.8871907,0.8871906995773315
Sander Berge,37,45,1,1.0084102,0.008410215377807617
Sander Berge,38,90,3,2.2821064,0.7178936004638672
Tom Cairney,34,0,0,2.3045382,2.3045382499694824
Tom Cairney,35,26,1,0.8886123,0.11138772964477539
Tom Cairney,36,75,2,1.9874995,0.012500524520874023
Tom Cairney,37,0,0,2.8780549,2.8780548572540283
Tom Cairney,38,30,6,1.262089,4.737910985946655
Saša Lukić,34,90,6,3.1329505,2.8670494556427
Saša Lukić,35,90,1,3.0913115,2.091311454772949
Saša Lukić,36,90,1,2.8523767,1.8523766994476318
Saša Lukić,37,90,5,3.8456101,1.1543898582458496
Saša Lukić,38,0,0,4.0476723,4.047672271728516
Martial Godo,34,0,0,0.060656514,0.06065651401877403
Martial Godo,35,0,0,0.060656514,0.06065651401877403
Martial Godo,36,0,0,0.060656514,0.06065651401877403
Martial Godo,37,0,0,0.060656514,0.06065651401877403
Martial Godo,38,0,0,0.060656514,0.06065651401877403
Luke Harris,34,0,0,0.060656514,0.06065651401877403
Luke Harris,35,0,0,0.060656514,0.06065651401877403
Luke Harris,36,0,0,0.060656514,0.06065651401877403
Luke Harris,37,0,0,0.060656514,0.06065651401877403
Luke Harris,38,0,0,0.060656514,0.06065651401877403
Josh King,34,14,1,1.9854509,0.9854508638381958
Josh King,35,26,1,1.8374375,0.8374375104904175
Josh King,36,14,0,1.6609983,1.6609983444213867
Josh King,37,23,1,1.3883647,0.38836467266082764
Josh King,38,18,1,1.6953498,0.6953498125076294
Harrison Reed,34,0,0,0.8136488,0.8136488199234009
Harrison Reed,35,63,2,0.27371547,1.72628453373909
Harrison Reed,36,0,0,1.576403,1.576403021812439
Harrison Reed,37,0,0,0.7117379,0.711737871170044
Harrison Reed,38,0,0,0.7117379,0.711737871170044
Raúl Jiménez Rodríguez,34,65,2,1.2889881,0.7110118865966797
Raúl Jiménez Rodríguez,35,72,2,2.2782514,0.27825140953063965
Raúl Jiménez Rodríguez,36,0,0,2.2831612,2.283161163330078
Raúl Jiménez Rodríguez,37,23,1,1.297357,0.2973569631576538
Raúl Jiménez Rodríguez,38,18,1,2.176369,1.1763689517974854
Rodrigo Muniz Carvalho,34,24,1,1.9516734,0.9516733884811401
Rodrigo Muniz Carvalho,35,17,1,1.8177419,0.817741870880127
Rodrigo Muniz Carvalho,36,90,1,2.0198102,1.0198101997375488
Rodrigo Muniz Carvalho,37,66,2,2.756347,0.7563469409942627
Rodrigo Muniz Carvalho,38,71,2,3.0421348,1.0421347618103027
Illan Meslier,35,0,0,0.060656514,0.06065651401877403
Illan Meslier,36,0,0,0.060656514,0.06065651401877403
Illan Meslier,37,0,0,0.060656514,0.06065651401877403
Illan Meslier,38,0,0,0.060656514,0.06065651401877403
Alex Cairns,35,0,0,0.060656514,0.06065651401877403
Alex Cairns,36,0,0,0.060656514,0.06065651401877403
Alex Cairns,37,0,0,0.060656514,0.06065651401877403
Alex Cairns,38,0,0,0.060656514,0.06065651401877403
Karl Darlow,35,90,2,2.4660344,0.4660344123840332
Karl Darlow,36,90,2,4.8376846,2.8376846313476562
Karl Darlow,37,90,11,5.0761895,5.9238104820251465
Karl Darlow,38,90,2,3.1875129,1.1875128746032715
Jayden Bogle,35,90,5,4.376005,0.6239948272705078
Jayden Bogle,36,0,0,4.701638,4.701638221740723
Jayden Bogle,37,0,0,3.4704053,3.470405340194702
Jayden Bogle,38,77,2,1.1348189,0.8651810884475708
Pascal Struijk,35,90,1,2.9536319,1.95363187789917
Pascal Struijk,36,55,1,5.7352386,4.735238552093506
Pascal Struijk,37,0,0,3.4039707,3.403970718383789
Pascal Struijk,38,90,1,1.5833546,0.5833545923233032
Jaka Bijol,35,90,5,4.205756,0.7942438125610352
Jaka Bijol,36,90,5,3.9515765,1.0484235286712646
Jaka Bijol,37,90,8,3.3256295,4.674370527267456
Jaka Bijol,38,69,1,3.4175308,2.4175307750701904
Sebastiaan Bornauw,35,0,0,0.060656514,0.06065651401877403
Sebastiaan Bornauw,36,34,1,0.060656514,0.939343485981226
Sebastiaan Bornauw,37,90,6,1.1685436,4.831456422805786
Sebastiaan Bornauw,38,1,1,2.708384,1.7083840370178223
Sam Byram,35,0,0,0.060656514,0.06065651401877403
Sam Byram,36,0,0,0.060656514,0.06065651401877403
Sam Byram,37,1,1,0.060656514,0.939343485981226
Sam Byram,38,0,0,0.58292323,0.5829232335090637
Gabriel Gudmundsson,35,0,0,2.9852788,2.985278844833374
Gabriel Gudmundsson,36,0,0,2.2634368,2.263436794281006
Gabriel Gudmundsson,37,0,0,1.1474987,1.1474987268447876
Gabriel Gudmundsson,38,0,0,0.20669158,0.20669157803058624
Joe Rodon,35,90,1,2.130896,1.1308960914611816
Joe Rodon,36,90,1,2.9445791,1.9445791244506836
Joe Rodon,37,90,6,2.870562,3.1294379234313965
Joe Rodon,38,90,1,3.7781968,2.7781968116760254
Isaac Schmidt,35,0,0,0.060656514,0.06065651401877403
Isaac Schmidt,36,0,0,0.060656514,0.06065651401877403
Isaac Schmidt,37,0,0,0.060656514,0.06065651401877403
Isaac Schmidt,38,0,0,0.060656514,0.06065651401877403
Brenden Aaronson,35,18,1,2.433485,1.4334850311279297
Brenden Aaronson,36,62,2,2.8221726,0.8221726417541504
Brenden Aaronson,37,59,1,2.8158631,1.8158631324768066
Brenden Aaronson,38,90,1,1.9763995,0.9763995409011841
Wilfried Gnonto,35,1,1,2.0872376,1.0872375965118408
Wilfried Gnonto,36,27,1,1.0142694,0.014269351959228516
Wilfried Gnonto,37,30,1,1.5675379,0.5675379037857056
Wilfried Gnonto,38,21,1,1.9951376,0.9951375722885132
Jack Harrison,35,0,0,0.060656514,0.06065651401877403
Jack Harrison,36,0,0,0.060656514,0.06065651401877403
Jack Harrison,37,0,0,0.060656514,0.06065651401877403
Jack Harrison,38,0,0,0.060656514,0.06065651401877403
Daniel James,35,1,1,0.46763906,0.5323609411716461
Daniel James,36,62,2,1.0695465,0.9304535388946533
Daniel James,37,59,1,1.7309848,0.7309848070144653
Daniel James,38,20,1,1.9788878,0.9788877964019775
Ethan Ampadu,35,90,1,4.5000706,3.500070571899414
Ethan Ampadu,36,90,10,3.855827,6.14417290687561
Ethan Ampadu,37,90,3,4.6086516,1.6086516380310059
Ethan Ampadu,38,90,3,4.7418904,1.7418904304504395
Sam Greenwood,35,0,0,0.060656514,0.06065651401877403
Sam Greenwood,36,0,0,0.060656514,0.06065651401877403
Sam Greenwood,37,0,0,0.060656514,0.06065651401877403
Sam Greenwood,38,0,0,0.060656514,0.06065651401877403
Ilia Gruev,35,0,0,1.4126573,1.4126572608947754
Ilia Gruev,36,0,0,0.91196895,0.9119689464569092
Ilia Gruev,37,0,0,0.49010423,0.49010422825813293
Ilia Gruev,38,0,0,0.3027699,0.30276989936828613
Largie Ramazani,35,0,0,0.060656514,0.06065651401877403
Largie Ramazani,36,0,0,0.060656514,0.06065651401877403
Largie Ramazani,37,0,0,0.060656514,0.06065651401877403
Largie Ramazani,38,0,0,0.060656514,0.06065651401877403
Tanaka Ao,35,71,6,3.4850323,2.514967679977417
Tanaka Ao,36,90,5,2.6301687,2.3698313236236572
Tanaka Ao,37,59,1,3.160083,2.160083055496216
Tanaka Ao,38,77,4,2.326559,1.673440933227539
Charlie Crew,35,0,0,0.060656514,0.06065651401877403
Charlie Crew,36,0,0,0.060656514,0.06065651401877403
Charlie Crew,37,0,0,0.060656514,0.06065651401877403
Charlie Crew,38,0,0,0.060656514,0.06065651401877403
Joe Gelhardt,35,0,0,0.060656514,0.06065651401877403
Joe Gelhardt,36,0,0,0.060656514,0.06065651401877403
Joe Gelhardt,37,0,0,0.060656514,0.06065651401877403
Joe Gelhardt,38,0,0,0.060656514,0.06065651401877403
Darko Gyabi,35,0,0,0.060656514,0.06065651401877403
Darko Gyabi,36,0,0,0.060656514,0.06065651401877403
Darko Gyabi,37,0,0,0.060656514,0.06065651401877403
Darko Gyabi,38,0,0,0.060656514,0.06065651401877403
Joël Piroe,35,0,0,0.78024966,0.7802496552467346
Joël Piroe,36,0,0,0.22193497,0.221934974193573
Joël Piroe,37,16,1,0.22193497,0.778065025806427
Joël Piroe,38,12,1,1.4209272,0.42092716693878174
Patrick Bamford,35,0,0,0.060656514,0.06065651401877403
Patrick Bamford,36,0,0,0.060656514,0.06065651401877403
Patrick Bamford,37,0,0,0.060656514,0.06065651401877403
Patrick Bamford,38,0,0,0.060656514,0.06065651401877403
Mateo Joseph Fernández-Regatillo,35,0,0,0.060656514,0.06065651401877403
Mateo Joseph Fernández-Regatillo,36,0,0,0.060656514,0.06065651401877403
Mateo Joseph Fernández-Regatillo,37,0,0,0.060656514,0.06065651401877403
Mateo Joseph Fernández-Regatillo,38,0,0,0.060656514,0.06065651401877403
Lukas Nmecha,35,25,1,1.9874691,0.9874690771102905
Lukas Nmecha,36,27,1,1.7485218,0.7485218048095703
Lukas Nmecha,37,30,1,1.7501938,0.7501938343048096
Lukas Nmecha,38,90,2,1.9564158,0.043584227561950684
Alisson Becker,34,0,0,0.30920792,0.3092079162597656
Alisson Becker,35,0,0,0.29055175,0.2905517518520355
Alisson Becker,36,0,0,0.060656514,0.06065651401877403
Alisson Becker,37,0,0,0.060656514,0.06065651401877403
Alisson Becker,38,90,2,0.060656514,1.939343485981226
Giorgi Mamardashvili,34,0,0,2.2114568,2.211456775665283
Giorgi Mamardashvili,35,0,0,1.1337852,1.1337852478027344
Giorgi Mamardashvili,36,90,2,0.49447075,1.5055292546749115
Giorgi Mamardashvili,37,90,1,2.2860522,1.2860522270202637
Giorgi Mamardashvili,38,0,0,2.6252382,2.6252381801605225
Ármin Pécsi,34,0,0,0.060656514,0.06065651401877403
Ármin Pécsi,35,0,0,0.060656514,0.06065651401877403
Ármin Pécsi,36,0,0,0.060656514,0.06065651401877403
Ármin Pécsi,37,0,0,0.060656514,0.06065651401877403
Ármin Pécsi,38,0,0,0.060656514,0.06065651401877403
Freddie Woodman,34,90,3,1.1692692,1.8307307958602905
Freddie Woodman,35,90,2,2.473985,0.473984956741333
Freddie Woodman,36,0,0,2.5845861,2.5845861434936523
Freddie Woodman,37,0,0,1.29455,1.2945499420166016
Freddie Woodman,38,0,0,0.6263465,0.6263465285301208
Jeremie Frimpong,34,31,1,1.3856859,0.38568592071533203
Jeremie Frimpong,35,74,1,2.0845926,1.084592580795288
Jeremie Frimpong,36,90,2,2.6365688,0.6365687847137451
Jeremie Frimpong,37,0,0,2.932709,2.932708978652954
Jeremie Frimpong,38,16,1,1.3024361,0.30243611335754395
Milos Kerkez,34,3,1,1.3493928,0.34939277172088623
Milos Kerkez,35,31,1,1.0910019,0.09100186824798584
Milos Kerkez,36,90,2,1.5062722,0.49372780323028564
Milos Kerkez,37,90,0,2.5833907,2.583390712738037
Milos Kerkez,38,7,1,2.5186262,1.5186262130737305
Andrew Robertson,34,86,8,2.543995,5.456005096435547
Andrew Robertson,35,58,0,3.050096,3.050096035003662
Andrew Robertson,36,0,0,2.3252516,2.325251579284668
Andrew Robertson,37,0,0,1.586415,1.5864150524139404
Andrew Robertson,38,82,2,0.72855014,1.271449863910675
Virgil van Dijk,34,90,4,2.755157,1.2448430061340332
Virgil van Dijk,35,90,1,3.285998,2.2859981060028076
Virgil van Dijk,36,90,2,3.6353,1.6352999210357666
Virgil van Dijk,37,90,14,3.1819925,10.818007469177246
Virgil van Dijk,38,90,2,4.1988044,2.1988043785095215
Ibrahima Konaté,34,90,4,2.7124712,1.2875287532806396
Ibrahima Konaté,35,86,1,2.6745517,1.6745517253875732
Ibrahima Konaté,36,76,2,2.4593534,0.4593534469604492
Ibrahima Konaté,37,90,0,2.5477128,2.547712802886963
Ibrahima Konaté,38,88,1,2.5974917,1.59749174118042
Conor Bradley,34,0,0,0.060656514,0.06065651401877403
Conor Bradley,35,0,0,0.060656514,0.06065651401877403
Conor Bradley,36,0,0,0.060656514,0.06065651401877403
Conor Bradley,37,0,0,0.060656514,0.06065651401877403
Conor Bradley,38,0,0,0.060656514,0.06065651401877403
Joe Gomez,34,3,1,0.49722394,0.5027760565280914
Joe Gomez,35,0,0,0.91034466,0.910344660282135
Joe Gomez,36,13,0,0.30886024,0.30886024236679077
Joe Gomez,37,65,0,0.7734117,0.7734116911888123
Joe Gomez,38,1,1,1.69015,0.6901500225067139
Konstantinos Tsimikas,34,0,0,0.060656514,0.06065651401877403
Konstantinos Tsimikas,35,0,0,0.060656514,0.06065651401877403
Konstantinos Tsimikas,36,0,0,0.060656514,0.06065651401877403
Konstantinos Tsimikas,37,0,0,0.060656514,0.06065651401877403
Konstantinos Tsimikas,38,0,0,0.060656514,0.06065651401877403
Amara Nallo,34,0,0,0.060656514,0.06065651401877403
Amara Nallo,35,0,0,0.060656514,0.06065651401877403
Amara Nallo,36,0,0,0.060656514,0.06065651401877403
Amara Nallo,37,0,0,0.060656514,0.06065651401877403
Amara Nallo,38,0,0,0.060656514,0.06065651401877403
Rhys Williams,34,0,0,0.060656514,0.06065651401877403
Rhys Williams,35,0,0,0.060656514,0.06065651401877403
Rhys Williams,36,0,0,0.060656514,0.06065651401877403
Rhys Williams,37,0,0,0.060656514,0.06065651401877403
Rhys Williams,38,0,0,0.060656514,0.06065651401877403
Calvin Ramsay,34,0,0,0.060656514,0.06065651401877403
Calvin Ramsay,35,0,0,0.060656514,0.06065651401877403
Calvin Ramsay,36,0,0,0.060656514,0.06065651401877403
Calvin Ramsay,37,0,0,0.060656514,0.06065651401877403
Calvin Ramsay,38,0,0,0.060656514,0.06065651401877403
Mohamed Salah,34,58,1,3.8698466,2.8698465824127197
Mohamed Salah,35,0,0,3.047279,3.047278881072998
Mohamed Salah,36,0,0,1.5408024,1.5408023595809937
Mohamed Salah,37,16,1,0.89181316,0.10818684101104736
Mohamed Salah,38,73,6,1.3512014,4.648798584938049
Florian Wirtz,34,90,8,3.0216105,4.978389501571655
Florian Wirtz,35,90,2,4.050016,2.050015926361084
Florian Wirtz,36,0,0,3.4090555,3.409055471420288
Florian Wirtz,37,24,1,1.5285025,0.5285024642944336
Florian Wirtz,38,17,1,1.933536,0.9335360527038574
Luis Díaz Marulanda,34,0,0,0.060656514,0.06065651401877403
Luis Díaz Marulanda,35,0,0,0.060656514,0.06065651401877403
Luis Díaz Marulanda,36,0,0,0.060656514,0.06065651401877403
Luis Díaz Marulanda,37,0,0,0.060656514,0.06065651401877403
Luis Díaz Marulanda,38,0,0,0.060656514,0.06065651401877403
Cody Gakpo,34,90,2,2.8560486,0.856048583984375
Cody Gakpo,35,90,6,3.340062,2.659938097000122
Cody Gakpo,36,76,2,3.7277179,1.7277178764343262
Cody Gakpo,37,73,2,2.894446,0.8944458961486816
Cody Gakpo,38,90,2,2.4056122,0.4056122303009033
Federico Chiesa,34,0,0,0.7766112,0.7766112089157104
Federico Chiesa,35,3,1,0.31575772,0.6842422783374786
Federico Chiesa,36,13,1,0.7946309,0.20536911487579346
Federico Chiesa,37,24,1,0.7747259,0.22527408599853516
Federico Chiesa,38,0,0,1.510217,1.5102169513702393
Alexis Mac Allister,34,90,13,1.9033098,11.09669017791748
Alexis Mac Allister,35,90,2,3.7855394,1.7855393886566162
Alexis Mac Allister,36,90,1,3.4656837,2.465683698654175
Alexis Mac Allister,37,90,4,3.0682824,0.9317176342010498
Alexis Mac Allister,38,90,1,3.5570114,2.557011365890503
Dominik Szoboszlai,34,90,1,4.00265,3.0026497840881348
Dominik Szoboszlai,35,90,13,3.844144,9.155855894088745
Dominik Szoboszlai,36,90,2,4.7961383,2.796138286590576
Dominik Szoboszlai,37,90,9,4.2513866,4.748613357543945
Dominik Szoboszlai,38,90,2,4.7004495,2.7004494667053223
Curtis Jones,34,86,7,3.287893,3.712106943130493
Curtis Jones,35,90,1,2.613175,1.6131749153137207
Curtis Jones,36,90,2,3.0796654,1.0796654224395752
Curtis Jones,37,90,2,2.8790658,0.879065752029419
Curtis Jones,38,90,10,3.7675958,6.2324042320251465
Harvey Elliott,34,0,0,0.060656514,0.06065651401877403
Harvey Elliott,35,0,0,0.060656514,0.06065651401877403
Harvey Elliott,36,0,0,0.060656514,0.06065651401877403
Harvey Elliott,37,0,0,0.060656514,0.06065651401877403
Harvey Elliott,38,0,0,0.060656514,0.06065651401877403
Ryan Gravenberch,34,11,1,3.0328815,2.032881498336792
Ryan Gravenberch,35,90,2,1.60494,0.3950599431991577
Ryan Gravenberch,36,90,10,2.7150857,7.284914255142212
Ryan Gravenberch,37,65,2,2.7535403,0.7535402774810791
Ryan Gravenberch,38,82,2,2.4360766,0.43607664108276367
Ben Gannon-Doak,35,4,1,0.9157733,0.08422672748565674
Ben Gannon-Doak,36,0,0,0.793687,0.7936869859695435
Ben Gannon-Doak,37,0,0,0.59085876,0.5908587574958801
Ben Gannon-Doak,38,33,1,0.3797359,0.6202641129493713
Endo Wataru,34,0,0,0.060656514,0.06065651401877403
Endo Wataru,35,0,0,0.060656514,0.06065651401877403
Endo Wataru,36,0,0,0.060656514,0.06065651401877403
Endo Wataru,37,0,0,0.060656514,0.06065651401877403
Endo Wataru,38,0,0,0.060656514,0.06065651401877403
Stefan Bajčetić Maquieira,34,0,0,0.060656514,0.06065651401877403
Stefan Bajčetić Maquieira,35,0,0,0.060656514,0.06065651401877403
Stefan Bajčetić Maquieira,36,0,0,0.060656514,0.06065651401877403
Stefan Bajčetić Maquieira,37,0,0,0.060656514,0.06065651401877403
Stefan Bajčetić Maquieira,38,0,0,0.060656514,0.06065651401877403
James McConnell,34,0,0,0.060656514,0.06065651401877403
James McConnell,35,0,0,0.060656514,0.06065651401877403
James McConnell,36,0,0,0.060656514,0.06065651401877403
James McConnell,37,0,0,0.060656514,0.06065651401877403
James McConnell,38,0,0,0.060656514,0.06065651401877403
Tyler Morton,34,0,0,0.060656514,0.06065651401877403
Tyler Morton,35,0,0,0.060656514,0.06065651401877403
Tyler Morton,36,0,0,0.060656514,0.06065651401877403
Tyler Morton,37,0,0,0.060656514,0.06065651401877403
Tyler Morton,38,0,0,0.060656514,0.06065651401877403
Trey Nyoni,34,0,0,0.22193497,0.221934974193573
Trey Nyoni,35,0,0,0.22193497,0.221934974193573
Trey Nyoni,36,0,0,0.14279921,0.14279921352863312
Trey Nyoni,37,0,0,0.14279921,0.14279921352863312
Trey Nyoni,38,7,1,0.060656514,0.939343485981226
Darwin Núñez Ribeiro,34,0,0,0.060656514,0.06065651401877403
Darwin Núñez Ribeiro,35,0,0,0.060656514,0.06065651401877403
Darwin Núñez Ribeiro,36,0,0,0.060656514,0.06065651401877403
Darwin Núñez Ribeiro,37,0,0,0.060656514,0.06065651401877403
Darwin Núñez Ribeiro,38,0,0,0.060656514,0.06065651401877403
Jayden Danns,34,0,0,0.060656514,0.06065651401877403
Jayden Danns,35,0,0,0.060656514,0.06065651401877403
Jayden Danns,36,0,0,0.060656514,0.06065651401877403
Jayden Danns,37,0,0,0.060656514,0.06065651401877403
Jayden Danns,38,0,0,0.060656514,0.06065651401877403
Ederson Santana de Moraes,35,0,0,0.060656514,0.06065651401877403
Ederson Santana de Moraes,36,0,0,0.060656514,0.06065651401877403
Ederson Santana de Moraes,37,0,0,0.060656514,0.06065651401877403
Ederson Santana de Moraes,38,0,0,0.060656514,0.06065651401877403
Stefan Ortega Moreno,34,0,0,0.060656514,0.06065651401877403
Stefan Ortega Moreno,35,0,0,0.060656514,0.06065651401877403
Stefan Ortega Moreno,36,0,0,0.060656514,0.06065651401877403
Stefan Ortega Moreno,37,0,0,0.060656514,0.06065651401877403
Stefan Ortega Moreno,38,0,0,0.060656514,0.06065651401877403
Marcus Bettinelli,35,0,0,0.060656514,0.06065651401877403
Marcus Bettinelli,36,0,0,0.060656514,0.06065651401877403
Marcus Bettinelli,37,0,0,0.060656514,0.06065651401877403
Marcus Bettinelli,38,0,0,0.060656514,0.06065651401877403
Rayan Aït-Nouri,35,0,0,2.605771,2.605771064758301
Rayan Aït-Nouri,36,90,6,1.4080373,4.591962695121765
Rayan Aït-Nouri,37,0,0,3.2798152,3.279815196990967
Rayan Aït-Nouri,38,13,1,1.1760224,0.17602241039276123
Joško Gvardiol,35,0,0,0.060656514,0.06065651401877403
Joško Gvardiol,36,57,1,0.060656514,0.939343485981226
Joško Gvardiol,37,0,0,2.0619206,2.061920642852783
Joško Gvardiol,38,12,1,0.83741826,0.16258174180984497
Manuel Akanji,35,0,0,0.060656514,0.06065651401877403
Manuel Akanji,36,0,0,0.060656514,0.06065651401877403
Manuel Akanji,37,0,0,0.060656514,0.06065651401877403
Manuel Akanji,38,0,0,0.060656514,0.06065651401877403
Nathan Aké,35,0,0,0.5038772,0.5038772225379944
Nathan Aké,36,122,7,0.22193497,6.778065025806427
Nathan Aké,37,0,0,3.1119518,3.1119518280029297
Nathan Aké,38,76,1,1.1118388,0.11183881759643555
Abdukodir Khusanov,35,90,3,2.5493329,0.450667142868042
Abdukodir Khusanov,36,90,6,3.5990086,2.400991439819336
Abdukodir Khusanov,37,90,2,3.692817,1.692816972732544
Abdukodir Khusanov,38,0,0,5.4404573,5.440457344055176
Matheus Nunes,35,90,1,3.864324,2.8643240928649902
Matheus Nunes,36,147,6,4.233472,1.7665281295776367
Matheus Nunes,37,90,2,4.0779405,2.0779404640197754
Matheus Nunes,38,0,0,4.283142,4.28314208984375
Rúben dos Santos Gato Alves Dias,35,0,0,0.7309712,0.7309712171554565
Rúben dos Santos Gato Alves Dias,36,0,0,0.2878273,0.2878273129463196
Rúben dos Santos Gato Alves Dias,37,0,0,0.060656514,0.06065651401877403
Rúben dos Santos Gato Alves Dias,38,90,1,0.060656514,0.939343485981226
John Stones,35,0,0,0.060656514,0.06065651401877403
John Stones,36,8,1,0.060656514,0.939343485981226
John Stones,37,0,0,0.78404856,0.7840485572814941
John Stones,38,77,3,0.42192727,2.578072726726532
Rico Lewis,35,0,0,0.060656514,0.06065651401877403
Rico Lewis,36,0,0,0.060656514,0.06065651401877403
Rico Lewis,37,0,0,0.060656514,0.06065651401877403
Rico Lewis,38,90,0,0.060656514,0.06065651401877403
Nico O'Reilly,35,90,1,1.7422266,0.7422266006469727
Nico O'Reilly,36,90,5,2.6126153,2.3873846530914307
Nico O'Reilly,37,90,2,4.7386985,2.7386984825134277
Nico O'Reilly,38,0,0,5.0353456,5.035345554351807
Vitor de Oliveira Nunes dos Reis,35,0,0,0.060656514,0.06065651401877403
Vitor de Oliveira Nunes dos Reis,36,0,0,0.060656514,0.06065651401877403
Vitor de Oliveira Nunes dos Reis,37,0,0,0.060656514,0.06065651401877403
Vitor de Oliveira Nunes dos Reis,38,0,0,0.060656514,0.06065651401877403
Omar Marmoush,35,3,1,0.9844701,0.015529870986938477
Omar Marmoush,36,108,14,1.1673458,12.832654237747192
Omar Marmoush,37,14,1,2.865723,1.865722894668579
Omar Marmoush,38,0,0,1.4380716,1.438071608543396
Phil Foden,35,16,1,1.1335005,0.13350045680999756
Phil Foden,36,111,13,1.5160164,11.483983635902405
Phil Foden,37,34,1,4.115365,3.1153650283813477
Phil Foden,38,90,2,1.8309134,0.16908657550811768
Sávio Moreira de Oliveira,35,0,0,2.3423007,2.3423006534576416
Sávio Moreira de Oliveira,36,91,10,0.9475264,9.052473604679108
Sávio Moreira de Oliveira,37,34,1,3.0275707,2.0275707244873047
Sávio Moreira de Oliveira,38,90,2,1.9476842,0.05231583118438721
Bernardo Mota Veiga de Carvalho e Silva,35,86,2,7.4013925,5.401392459869385
Bernardo Mota Veiga de Carvalho e Silva,36,168,7,5.570891,1.4291090965270996
Bernardo Mota Veiga de Carvalho e Silva,37,55,1,5.1242437,4.12424373626709
Bernardo Mota Veiga de Carvalho e Silva,38,58,1,3.100819,2.1008191108703613
Rayan Cherki,35,90,5,6.6109433,1.61094331741333
Rayan Cherki,36,70,5,3.2103841,1.7896158695220947
Rayan Cherki,37,34,1,2.2090254,1.2090253829956055
Rayan Cherki,38,32,1,3.2122822,2.212282180786133
Jérémy Doku,35,90,15,2.827206,12.172794103622437
Jérémy Doku,36,121,12,5.388961,6.611039161682129
Jérémy Doku,37,75,2,4.9964848,2.9964847564697266
Jérémy Doku,38,13,1,4.0252795,3.0252795219421387
Jack Grealish,34,0,0,0.060656514,0.06065651401877403
Jack Grealish,35,0,0,0.060656514,0.06065651401877403
Jack Grealish,36,0,0,0.060656514,0.06065651401877403
Jack Grealish,37,0,0,0.060656514,0.06065651401877403
Jack Grealish,38,0,0,0.060656514,0.06065651401877403
İlkay Gündoğan,35,0,0,0.060656514,0.06065651401877403
İlkay Gündoğan,36,0,0,0.060656514,0.06065651401877403
İlkay Gündoğan,37,0,0,0.060656514,0.06065651401877403
İlkay Gündoğan,38,0,0,0.060656514,0.06065651401877403
Rodrigo 'Rodri' Hernandez Cascante,35,0,0,3.5386088,3.5386087894439697
Rodrigo 'Rodri' Hernandez Cascante,36,0,0,1.7443551,1.7443550825119019
Rodrigo 'Rodri' Hernandez Cascante,37,90,7,0.8422253,6.1577746868133545
Rodrigo 'Rodri' Hernandez Cascante,38,0,0,2.8442543,2.8442542552948
Mateo Kovačić,35,15,4,0.6253642,3.3746358156204224
Mateo Kovačić,36,11,1,1.5530431,0.5530431270599365
Mateo Kovačić,37,55,1,1.2877954,0.28779542446136475
Mateo Kovačić,38,31,1,1.760805,0.7608050107955933
Nico González Iglesias,35,74,2,1.7836848,0.2163151502609253
Nico González Iglesias,36,0,0,2.372932,2.372931957244873
Nico González Iglesias,37,0,0,1.2361213,1.2361212968826294
Nico González Iglesias,38,90,4,0.8319723,3.168027698993683
Oscar Bobb,34,14,1,1.5208759,0.5208759307861328
Oscar Bobb,35,26,1,1.7189786,0.7189786434173584
Oscar Bobb,36,28,1,1.8986665,0.898666501045227
Oscar Bobb,37,78,2,1.7474912,0.2525087594985962
Oscar Bobb,38,71,3,2.8614929,0.13850712776184082
Claudio Echeverri,35,0,0,0.060656514,0.06065651401877403
Claudio Echeverri,36,0,0,0.060656514,0.06065651401877403
Claudio Echeverri,37,0,0,0.060656514,0.06065651401877403
Claudio Echeverri,38,0,0,0.060656514,0.06065651401877403
James McAtee,34,0,0,0.22193497,0.221934974193573
James McAtee,35,90,2,0.14279921,1.8572007864713669
James McAtee,36,7,4,2.7471042,1.2528958320617676
James McAtee,37,6,1,1.612025,0.6120250225067139
James McAtee,38,12,1,1.4988853,0.49888527393341064
Tijjani Reijnders,35,0,0,0.8061731,0.8061730861663818
Tijjani Reijnders,36,59,1,0.31256205,0.6874379515647888
Tijjani Reijnders,37,0,0,2.0251677,2.02516770362854
Tijjani Reijnders,38,76,5,0.77202815,4.227971851825714
Sverre Nypan,35,0,0,0.060656514,0.06065651401877403
Sverre Nypan,36,0,0,0.060656514,0.06065651401877403
Sverre Nypan,37,0,0,0.060656514,0.06065651401877403
Sverre Nypan,38,0,0,0.060656514,0.06065651401877403
Kalvin Phillips,35,0,0,0.060656514,0.06065651401877403
Kalvin Phillips,36,0,0,0.060656514,0.06065651401877403
Kalvin Phillips,37,0,0,0.060656514,0.06065651401877403
Kalvin Phillips,38,0,0,0.060656514,0.06065651401877403
Erling Haaland,35,90,7,6.669516,0.33048391342163086
Erling Haaland,36,90,11,5.157784,5.8422160148620605
Erling Haaland,37,90,9,3.8041594,5.19584059715271
Erling Haaland,38,0,0,2.3752787,2.3752787113189697
Altay Bayındır,34,0,0,0.060656514,0.06065651401877403
Altay Bayındır,35,0,0,0.060656514,0.06065651401877403
Altay Bayındır,36,0,0,0.060656514,0.06065651401877403
Altay Bayındır,37,0,0,0.060656514,0.06065651401877403
Altay Bayındır,38,0,0,0.060656514,0.06065651401877403
André Onana,34,0,0,0.060656514,0.06065651401877403
André Onana,35,0,0,0.060656514,0.06065651401877403
André Onana,36,0,0,0.060656514,0.06065651401877403
André Onana,37,0,0,0.060656514,0.06065651401877403
André Onana,38,0,0,0.060656514,0.06065651401877403
Elyh Harrison,34,0,0,0.060656514,0.06065651401877403
Elyh Harrison,35,0,0,0.060656514,0.06065651401877403
Elyh Harrison,36,0,0,0.060656514,0.06065651401877403
Elyh Harrison,37,0,0,0.060656514,0.06065651401877403
Elyh Harrison,38,0,0,0.060656514,0.06065651401877403
Tom Heaton,34,0,0,0.060656514,0.06065651401877403
Tom Heaton,35,0,0,0.060656514,0.06065651401877403
Tom Heaton,36,0,0,0.060656514,0.06065651401877403
Tom Heaton,37,0,0,0.060656514,0.06065651401877403
Tom Heaton,38,0,0,0.060656514,0.06065651401877403
Dermot Mee,34,0,0,0.060656514,0.06065651401877403
Dermot Mee,35,0,0,0.060656514,0.06065651401877403
Dermot Mee,36,0,0,0.060656514,0.06065651401877403
Dermot Mee,37,0,0,0.060656514,0.06065651401877403
Dermot Mee,38,0,0,0.060656514,0.06065651401877403
Matthijs de Ligt,34,0,0,0.060656514,0.06065651401877403
Matthijs de Ligt,35,0,0,0.060656514,0.06065651401877403
Matthijs de Ligt,36,0,0,0.060656514,0.06065651401877403
Matthijs de Ligt,37,0,0,0.060656514,0.06065651401877403
Matthijs de Ligt,38,0,0,0.060656514,0.06065651401877403
Lisandro Martínez,34,0,0,0.67060786,0.67060786485672
Lisandro Martínez,35,0,0,0.67060786,0.67060786485672
Lisandro Martínez,36,90,6,0.28186804,5.718131959438324
Lisandro Martínez,37,90,3,2.3988113,0.6011886596679688
Lisandro Martínez,38,90,6,2.9551668,3.044833183288574
Noussair Mazraoui,34,45,1,2.8066022,1.8066022396087646
Noussair Mazraoui,35,0,0,2.3080006,2.3080005645751953
Noussair Mazraoui,36,90,11,1.0494514,9.950548648834229
Noussair Mazraoui,37,0,0,2.71064,2.7106399536132812
Noussair Mazraoui,38,73,6,1.1864866,4.813513398170471
Diego León Blanco,34,0,0,0.060656514,0.06065651401877403
Diego León Blanco,35,0,0,0.060656514,0.06065651401877403
Diego León Blanco,36,0,0,0.060656514,0.06065651401877403
Diego León Blanco,37,0,0,0.060656514,0.06065651401877403
Diego León Blanco,38,0,0,0.060656514,0.06065651401877403
Diogo Dalot Teixeira,34,90,4,3.1386578,0.861342191696167
Diogo Dalot Teixeira,35,90,1,2.969357,1.9693570137023926
Diogo Dalot Teixeira,36,0,0,3.1515405,3.151540517807007
Diogo Dalot Teixeira,37,90,1,1.4056274,0.40562736988067627
Diogo Dalot Teixeira,38,0,0,2.775453,2.7754530906677246
Patrick Dorgu,34,0,0,0.060656514,0.06065651401877403
Patrick Dorgu,35,15,1,0.060656514,0.939343485981226
Patrick Dorgu,36,25,1,1.3581655,0.3581655025482178
Patrick Dorgu,37,10,1,1.483945,0.48394501209259033
Patrick Dorgu,38,61,18,1.4544387,16.54556131362915
Harry Maguire,34,90,7,0.7419728,6.258027195930481
Harry Maguire,35,90,1,3.2976532,2.2976531982421875
Harry Maguire,36,90,10,2.4588106,7.541189432144165
Harry Maguire,37,90,3,2.9977584,0.0022416114807128906
Harry Maguire,38,90,6,3.2608993,2.739100694656372
Luke Shaw,34,72,5,3.0003638,1.999636173248291
Luke Shaw,35,90,2,2.3640947,0.36409473419189453
Luke Shaw,36,90,6,2.992497,3.007503032684326
Luke Shaw,37,90,6,3.1456554,2.854344606399536
Luke Shaw,38,81,6,4.0321555,1.9678444862365723
Leny Yoro,34,17,1,1.4437588,0.44375884532928467
Leny Yoro,35,1,1,1.3987718,0.3987717628479004
Leny Yoro,36,0,0,0.96185565,0.9618556499481201
Leny Yoro,37,0,0,0.80296403,0.8029640316963196
Leny Yoro,38,16,1,0.27166948,0.72833052277565
Harry Amass,34,0,0,0.060656514,0.06065651401877403
Harry Amass,35,0,0,0.060656514,0.06065651401877403
Harry Amass,36,0,0,0.060656514,0.06065651401877403
Harry Amass,37,0,0,0.060656514,0.06065651401877403
Harry Amass,38,0,0,0.060656514,0.06065651401877403
Tyler Fredricson,34,0,0,0.060656514,0.06065651401877403
Tyler Fredricson,35,0,0,0.060656514,0.06065651401877403
Tyler Fredricson,36,0,0,0.060656514,0.06065651401877403
Tyler Fredricson,37,0,0,0.060656514,0.06065651401877403
Tyler Fredricson,38,0,0,0.060656514,0.06065651401877403
Ayden Heaven,34,90,2,1.9850544,0.014945626258850098
Ayden Heaven,35,90,1,2.7006936,1.7006936073303223
Ayden Heaven,36,0,0,2.9980989,2.998098850250244
Ayden Heaven,37,0,0,1.1101161,1.1101161241531372
Ayden Heaven,38,0,0,0.54300195,0.5430019497871399
Tyrell Malacia,34,0,0,0.14279921,0.14279921352863312
Tyrell Malacia,35,0,0,0.060656514,0.06065651401877403
Tyrell Malacia,36,0,0,0.060656514,0.06065651401877403
Tyrell Malacia,37,0,0,0.060656514,0.06065651401877403
Tyrell Malacia,38,8,1,0.060656514,0.939343485981226
Bruno Borges Fernandes,34,90,5,4.057993,0.9420070648193359
Bruno Borges Fernandes,35,90,5,5.128093,0.12809276580810547
Bruno Borges Fernandes,36,90,3,6.7887716,3.788771629333496
Bruno Borges Fernandes,37,90,9,6.1275797,2.872420310974121
Bruno Borges Fernandes,38,90,14,6.6127844,7.387215614318848
Matheus Santos Carneiro da Cunha,34,0,0,3.4663167,3.4663166999816895
Matheus Santos Carneiro da Cunha,35,86,7,1.696542,5.303457975387573
Matheus Santos Carneiro da Cunha,36,90,2,3.056193,1.0561931133270264
Matheus Santos Carneiro da Cunha,37,79,9,4.083693,4.916306972503662
Matheus Santos Carneiro da Cunha,38,0,0,3.801501,3.8015010356903076
Marcus Rashford,34,0,0,0.060656514,0.06065651401877403
Marcus Rashford,35,0,0,0.060656514,0.06065651401877403
Marcus Rashford,36,0,0,0.060656514,0.06065651401877403
Marcus Rashford,37,0,0,0.060656514,0.06065651401877403
Marcus Rashford,38,0,0,0.060656514,0.06065651401877403
Amad Diallo,34,45,1,1.6884098,0.6884098052978516
Amad Diallo,35,45,1,2.1684475,1.168447494506836
Amad Diallo,36,74,3,1.9543911,1.0456088781356812
Amad Diallo,37,90,2,2.1210933,0.1210932731628418
Amad Diallo,38,90,7,3.0642447,3.9357552528381348
Alejandro Garnacho Ferreyra,35,0,0,5.201498,5.201498031616211
Alejandro Garnacho Ferreyra,36,0,0,1.2666899,1.2666898965835571
Alejandro Garnacho Ferreyra,37,1,1,1.0317252,0.031725168228149414
Alejandro Garnacho Ferreyra,38,0,0,0.98530996,0.9853099584579468
Antony dos Santos,34,0,0,0.060656514,0.06065651401877403
Antony dos Santos,35,0,0,0.060656514,0.06065651401877403
Antony dos Santos,36,0,0,0.060656514,0.06065651401877403
Antony dos Santos,37,0,0,0.060656514,0.06065651401877403
Antony dos Santos,38,0,0,0.060656514,0.06065651401877403
Mason Mount,34,16,1,0.7920787,0.2079213261604309
Mason Mount,35,0,0,1.1950719,1.1950719356536865
Mason Mount,36,90,4,0.6651117,3.334888279438019
Mason Mount,37,9,1,2.6850233,1.685023307800293
Mason Mount,38,73,5,1.7357248,3.2642751932144165
Jadon Sancho,34,16,1,1.2564288,0.2564288377761841
Jadon Sancho,35,84,2,1.3151474,0.6848526000976562
Jadon Sancho,36,0,0,2.616742,2.616741895675659
Jadon Sancho,37,1,1,1.3133204,0.3133203983306885
Jadon Sancho,38,0,0,1.2242218,1.2242218255996704
Carlos Henrique Casimiro,34,90,12,3.1761308,8.823869228363037
Carlos Henrique Casimiro,35,90,4,4.8325067,0.8325066566467285
Carlos Henrique Casimiro,36,0,0,4.235618,4.2356181144714355
Carlos Henrique Casimiro,37,80,1,1.3243225,0.3243224620819092
Carlos Henrique Casimiro,38,0,0,2.7425983,2.742598295211792
Kobbie Mainoo,34,90,4,2.7499003,1.2500996589660645
Kobbie Mainoo,35,90,9,2.9902205,6.009779453277588
Kobbie Mainoo,36,90,5,3.0091019,1.9908981323242188
Kobbie Mainoo,37,90,4,3.4515684,0.5484316349029541
Kobbie Mainoo,38,90,2,3.7594485,1.759448528289795
Manuel Ugarte Ribeiro,34,0,0,1.252767,1.2527669668197632
Manuel Ugarte Ribeiro,35,0,0,0.9728671,0.9728670716285706
Manuel Ugarte Ribeiro,36,0,0,0.45068574,0.4506857395172119
Manuel Ugarte Ribeiro,37,0,0,0.44114354,0.44114354252815247
Manuel Ugarte Ribeiro,38,0,0,0.060656514,0.06065651401877403
Toby Collyer,34,0,0,0.060656514,0.06065651401877403
Toby Collyer,35,0,0,0.060656514,0.06065651401877403
Toby Collyer,36,0,0,0.060656514,0.06065651401877403
Toby Collyer,37,0,0,0.060656514,0.06065651401877403
Toby Collyer,38,0,0,0.060656514,0.06065651401877403
Jayce Fitzgerald,34,0,0,0.060656514,0.06065651401877403
Jayce Fitzgerald,35,0,0,0.060656514,0.06065651401877403
Jayce Fitzgerald,36,0,0,0.060656514,0.06065651401877403
Jayce Fitzgerald,37,0,0,0.060656514,0.06065651401877403
Jayce Fitzgerald,38,0,0,0.060656514,0.06065651401877403
Jack Fletcher,34,0,0,0.060656514,0.06065651401877403
Jack Fletcher,35,0,0,0.060656514,0.06065651401877403
Jack Fletcher,36,0,0,0.060656514,0.06065651401877403
Jack Fletcher,37,0,0,0.060656514,0.06065651401877403
Jack Fletcher,38,0,0,0.060656514,0.06065651401877403
Sékou Koné,34,0,0,0.060656514,0.06065651401877403
Sékou Koné,35,0,0,0.060656514,0.06065651401877403
Sékou Koné,36,0,0,0.060656514,0.06065651401877403
Sékou Koné,37,0,0,0.060656514,0.06065651401877403
Sékou Koné,38,0,0,0.060656514,0.06065651401877403
Jack Moorhouse,34,0,0,0.060656514,0.06065651401877403
Jack Moorhouse,35,0,0,0.060656514,0.06065651401877403
Jack Moorhouse,36,0,0,0.060656514,0.06065651401877403
Jack Moorhouse,37,0,0,0.060656514,0.06065651401877403
Jack Moorhouse,38,0,0,0.060656514,0.06065651401877403
Rasmus Højlund,34,0,0,0.060656514,0.06065651401877403
Rasmus Højlund,35,0,0,0.060656514,0.06065651401877403
Rasmus Højlund,36,0,0,0.060656514,0.06065651401877403
Rasmus Højlund,37,0,0,0.060656514,0.06065651401877403
Rasmus Højlund,38,0,0,0.060656514,0.06065651401877403
Joshua Zirkzee,34,2,0,0.8800747,0.880074679851532
Joshua Zirkzee,35,3,1,0.67154706,0.3284529447555542
Joshua Zirkzee,36,64,1,0.76956075,0.23043924570083618
Joshua Zirkzee,37,10,1,1.7595388,0.7595387697219849
Joshua Zirkzee,38,16,1,3.3363104,2.336310386657715
Chido Obi,34,0,0,0.060656514,0.06065651401877403
Chido Obi,35,0,0,0.060656514,0.06065651401877403
Chido Obi,36,0,0,0.060656514,0.06065651401877403
Chido Obi,37,0,0,0.060656514,0.06065651401877403
Chido Obi,38,0,0,0.060656514,0.06065651401877403
Ethan Wheatley,34,0,0,0.060656514,0.06065651401877403
Ethan Wheatley,35,0,0,0.060656514,0.06065651401877403
Ethan Wheatley,36,0,0,0.060656514,0.06065651401877403
Ethan Wheatley,37,0,0,0.060656514,0.06065651401877403
Ethan Wheatley,38,0,0,0.060656514,0.06065651401877403
Nick Pope,34,90,2,0.060656514,1.939343485981226
Nick Pope,35,90,3,2.5779803,0.42201972007751465
Nick Pope,36,90,3,2.4056644,0.5943355560302734
Nick Pope,37,90,4,2.726533,1.2734670639038086
Nick Pope,38,90,2,2.378697,0.37869691848754883
Martin Dúbravka,35,90,2,2.0643258,0.06432580947875977
Martin Dúbravka,36,0,0,3.7271235,3.727123498916626
Martin Dúbravka,37,0,0,1.6369239,1.636923909187317
Martin Dúbravka,38,0,0,0.57475984,0.574759840965271
Mark Gillespie,34,0,0,0.060656514,0.06065651401877403
Mark Gillespie,35,0,0,0.060656514,0.06065651401877403
Mark Gillespie,36,0,0,0.060656514,0.06065651401877403
Mark Gillespie,37,0,0,0.060656514,0.06065651401877403
Mark Gillespie,38,0,0,0.060656514,0.06065651401877403
Odysseas Vlachodimos,34,0,0,0.060656514,0.06065651401877403
Odysseas Vlachodimos,35,0,0,0.060656514,0.06065651401877403
Odysseas Vlachodimos,36,0,0,0.060656514,0.06065651401877403
Odysseas Vlachodimos,37,0,0,0.060656514,0.06065651401877403
Odysseas Vlachodimos,38,0,0,0.060656514,0.06065651401877403
Lewis Hall,34,0,0,2.2495284,2.249528408050537
Lewis Hall,35,22,1,1.3467995,0.34679949283599854
Lewis Hall,36,90,2,1.5696454,0.43035459518432617
Lewis Hall,37,90,1,2.9273074,1.927307367324829
Lewis Hall,38,90,1,2.9818475,1.9818475246429443
Fabian Schär,34,0,0,0.060656514,0.06065651401877403
Fabian Schär,35,0,0,0.060656514,0.06065651401877403
Fabian Schär,36,0,0,0.060656514,0.06065651401877403
Fabian Schär,37,0,0,0.060656514,0.06065651401877403
Fabian Schär,38,0,0,0.060656514,0.06065651401877403
Sven Botman,34,90,4,3.1256688,0.8743312358856201
Sven Botman,35,90,4,3.5199857,0.4800143241882324
Sven Botman,36,90,4,3.399303,0.6006970405578613
Sven Botman,37,90,4,3.9366417,0.06335830688476562
Sven Botman,38,90,3,3.771858,0.7718579769134521
Dan Burn,34,90,3,1.3836842,1.6163158416748047
Dan Burn,35,90,7,2.9522464,4.047753572463989
Dan Burn,36,90,2,3.8655813,1.8655812740325928
Dan Burn,37,15,1,3.6355631,2.6355631351470947
Dan Burn,38,83,1,2.496731,1.4967310428619385
Tino Livramento,34,0,0,2.127363,2.1273629665374756
Tino Livramento,35,0,0,1.1380302,1.1380301713943481
Tino Livramento,36,0,0,0.8413438,0.8413438200950623
Tino Livramento,37,0,0,0.31191573,0.31191572546958923
Tino Livramento,38,0,0,0.2878273,0.2878273129463196
Kieran Trippier,34,0,0,1.7181953,1.7181953191757202
Kieran Trippier,35,0,0,0.7362451,0.7362450957298279
Kieran Trippier,36,1,1,0.7362451,0.2637549042701721
Kieran Trippier,37,84,2,0.7678849,1.232115089893341
Kieran Trippier,38,0,0,1.8635343,1.8635343313217163
Emil Krafth,34,0,0,0.060656514,0.06065651401877403
Emil Krafth,35,0,0,0.060656514,0.06065651401877403
Emil Krafth,36,0,0,0.060656514,0.06065651401877403
Emil Krafth,37,0,0,0.060656514,0.06065651401877403
Emil Krafth,38,0,0,0.060656514,0.06065651401877403
Jamaal Lascelles,34,0,0,0.060656514,0.06065651401877403
Jamaal Lascelles,35,0,0,0.060656514,0.06065651401877403
Jamaal Lascelles,36,0,0,0.060656514,0.06065651401877403
Jamaal Lascelles,37,0,0,0.060656514,0.06065651401877403
Jamaal Lascelles,38,0,0,0.060656514,0.06065651401877403
Alex Murphy,34,0,0,0.060656514,0.06065651401877403
Alex Murphy,35,0,0,0.060656514,0.06065651401877403
Alex Murphy,36,0,0,0.060656514,0.06065651401877403
Alex Murphy,37,0,0,0.060656514,0.06065651401877403
Alex Murphy,38,6,1,0.060656514,0.939343485981226
Harrison Ashby,34,0,0,0.060656514,0.06065651401877403
Harrison Ashby,35,0,0,0.060656514,0.06065651401877403
Harrison Ashby,36,0,0,0.060656514,0.06065651401877403
Harrison Ashby,37,0,0,0.060656514,0.06065651401877403
Harrison Ashby,38,0,0,0.060656514,0.06065651401877403
Miodrag Pivaš,34,0,0,0.060656514,0.06065651401877403
Miodrag Pivaš,35,0,0,0.060656514,0.06065651401877403
Miodrag Pivaš,36,0,0,0.060656514,0.06065651401877403
Miodrag Pivaš,37,0,0,0.060656514,0.06065651401877403
Miodrag Pivaš,38,0,0,0.060656514,0.06065651401877403
Matt Targett,34,0,0,0.060656514,0.06065651401877403
Matt Targett,35,0,0,0.060656514,0.06065651401877403
Matt Targett,36,0,0,0.060656514,0.06065651401877403
Matt Targett,37,0,0,0.060656514,0.06065651401877403
Matt Targett,38,0,0,0.060656514,0.06065651401877403
Anthony Gordon,34,0,0,2.5881104,2.5881104469299316
Anthony Gordon,35,0,0,2.3439171,2.34391713142395
Anthony Gordon,36,0,0,0.46940404,0.46940404176712036
Anthony Gordon,37,0,0,0.34530145,0.34530144929885864
Anthony Gordon,38,0,0,0.060656514,0.06065651401877403
Anthony Elanga,34,4,1,2.5535903,1.5535902976989746
Anthony Elanga,35,0,0,1.1622944,1.1622943878173828
Anthony Elanga,36,0,0,0.87332493,0.8733249306678772
Anthony Elanga,37,5,1,0.44938636,0.5506136417388916
Anthony Elanga,38,24,1,1.0590067,0.059006690979003906
Harvey Barnes,34,24,1,2.802559,1.8025588989257812
Harvey Barnes,35,22,6,2.0482466,3.9517533779144287
Harvey Barnes,36,29,7,2.318153,4.681847095489502
Harvey Barnes,37,74,5,3.0054166,1.9945833683013916
Harvey Barnes,38,45,1,3.024404,2.0244040489196777
Bruno Guimarães Rodriguez Moura,34,74,2,1.7219225,0.27807748317718506
Bruno Guimarães Rodriguez Moura,35,90,6,2.885276,3.1147239208221436
Bruno Guimarães Rodriguez Moura,36,90,6,3.0604284,2.9395716190338135
Bruno Guimarães Rodriguez Moura,37,90,4,3.713749,0.2862510681152344
Bruno Guimarães Rodriguez Moura,38,65,1,3.9297688,2.9297688007354736
Jacob Murphy,34,65,2,2.1132147,0.11321473121643066
Jacob Murphy,35,67,8,2.2766275,5.723372459411621
Jacob Murphy,36,60,3,2.3808198,0.6191802024841309
Jacob Murphy,37,15,1,2.3011692,1.3011691570281982
Jacob Murphy,38,45,1,2.288096,1.2880959510803223
Joelinton Cássio Apolinário de Lira,34,0,0,1.3023688,1.3023687601089478
Joelinton Cássio Apolinário de Lira,35,90,4,0.59439623,3.405603766441345
Joelinton Cássio Apolinário de Lira,36,90,2,3.079762,1.0797619819641113
Joelinton Cássio Apolinário de Lira,37,0,0,2.9116435,2.9116435050964355
Joelinton Cássio Apolinário de Lira,38,0,0,1.203652,1.203652024269104
Sandro Tonali,34,90,2,2.2374876,0.2374875545501709
Sandro Tonali,35,90,1,3.7676394,2.767639398574829
Sandro Tonali,36,90,2,3.434353,1.4343531131744385
Sandro Tonali,37,52,1,4.2180157,3.218015670776367
Sandro Tonali,38,0,0,2.3152175,2.3152174949645996
Antoñito Cordero Campillo,34,0,0,0.060656514,0.06065651401877403
Antoñito Cordero Campillo,35,0,0,0.060656514,0.06065651401877403
Antoñito Cordero Campillo,36,0,0,0.060656514,0.06065651401877403
Antoñito Cordero Campillo,37,0,0,0.060656514,0.06065651401877403
Antoñito Cordero Campillo,38,0,0,0.060656514,0.06065651401877403
Sean Longstaff,35,18,1,2.4116843,1.411684274673462
Sean Longstaff,36,1,1,1.2904395,0.2904394865036011
Sean Longstaff,37,30,1,1.9611138,0.9611138105392456
Sean Longstaff,38,0,0,1.7298012,1.7298011779785156
Joe Willock,34,85,2,0.62487054,1.3751294612884521
Joe Willock,35,67,2,2.387133,0.3871328830718994
Joe Willock,36,0,0,3.947288,3.9472880363464355
Joe Willock,37,37,4,1.8032216,2.196778416633606
Joe Willock,38,90,2,2.0095952,0.009595155715942383
Isaac Hayden,34,0,0,0.060656514,0.06065651401877403
Isaac Hayden,35,0,0,0.060656514,0.06065651401877403
Isaac Hayden,36,0,0,0.060656514,0.06065651401877403
Isaac Hayden,37,0,0,0.060656514,0.06065651401877403
Isaac Hayden,38,0,0,0.060656514,0.06065651401877403
Garang Kuol,34,0,0,0.060656514,0.06065651401877403
Garang Kuol,35,0,0,0.060656514,0.06065651401877403
Garang Kuol,36,0,0,0.060656514,0.06065651401877403
Garang Kuol,37,0,0,0.060656514,0.06065651401877403
Garang Kuol,38,0,0,0.060656514,0.06065651401877403
Lewis Miley,34,90,2,2.654167,0.6541669368743896
Lewis Miley,35,90,2,2.8348746,0.8348746299743652
Lewis Miley,36,0,0,2.899688,2.8996880054473877
Lewis Miley,37,0,0,1.3233507,1.3233506679534912
Lewis Miley,38,0,0,0.72415173,0.7241517305374146
Joe White,34,0,0,0.060656514,0.06065651401877403
Joe White,35,0,0,0.060656514,0.06065651401877403
Joe White,36,0,0,0.060656514,0.06065651401877403
Joe White,37,0,0,0.060656514,0.06065651401877403
Joe White,38,0,0,0.060656514,0.06065651401877403
Alexander Isak,34,78,8,2.211485,5.788515090942383
Alexander Isak,35,0,0,3.0248811,3.02488112449646
Alexander Isak,36,23,1,1.5253187,0.5253187417984009
Alexander Isak,37,0,0,1.8653448,1.865344762802124
Alexander Isak,38,0,0,0.7023956,0.7023956179618835
William Osula,34,65,2,4.3863935,2.3863935470581055
William Osula,35,67,9,3.5364168,5.46358323097229
William Osula,36,70,2,2.9778826,0.9778826236724854
William Osula,37,84,13,4.2608895,8.739110469818115
William Osula,38,65,2,3.6868339,1.6868338584899902
Sean Neave,34,0,0,0.060656514,0.06065651401877403
Sean Neave,35,0,0,0.060656514,0.06065651401877403
Sean Neave,36,0,0,0.060656514,0.06065651401877403
Sean Neave,37,0,0,0.060656514,0.06065651401877403
Sean Neave,38,13,1,0.060656514,0.939343485981226
Matz Sels,34,90,7,3.2498815,3.7501184940338135
Matz Sels,35,90,8,3.0281858,4.971814155578613
Matz Sels,36,90,3,2.788832,0.2111680507659912
Matz Sels,37,90,2,3.2865198,1.2865197658538818
Matz Sels,38,90,3,3.5702605,0.5702605247497559
Carlos Miguel dos Santos Pereira,34,0,0,0.060656514,0.06065651401877403
Carlos Miguel dos Santos Pereira,35,0,0,0.060656514,0.06065651401877403
Carlos Miguel dos Santos Pereira,36,0,0,0.060656514,0.06065651401877403
Carlos Miguel dos Santos Pereira,37,0,0,0.060656514,0.06065651401877403
Carlos Miguel dos Santos Pereira,38,0,0,0.060656514,0.06065651401877403
Matt Turner,34,0,0,0.060656514,0.06065651401877403
Matt Turner,35,0,0,0.060656514,0.06065651401877403
Matt Turner,36,0,0,0.060656514,0.06065651401877403
Matt Turner,37,0,0,0.060656514,0.06065651401877403
Matt Turner,38,0,0,0.060656514,0.06065651401877403
Nikola Milenković,34,90,8,3.543492,4.456507921218872
Nikola Milenković,35,45,1,2.8599634,1.8599634170532227
Nikola Milenković,36,90,2,2.4145112,0.41451120376586914
Nikola Milenković,37,90,1,2.676636,1.676635980606079
Nikola Milenković,38,90,4,2.837894,1.1621060371398926
Murillo Costa dos Santos,34,0,0,2.094137,2.094136953353882
Murillo Costa dos Santos,35,0,0,1.5932304,1.5932303667068481
Murillo Costa dos Santos,36,0,0,0.5841004,0.5841004252433777
Murillo Costa dos Santos,37,0,0,0.63314086,0.6331408619880676
Murillo Costa dos Santos,38,0,0,0.26646334,0.26646333932876587
Ola Aina,34,90,9,3.2636232,5.736376762390137
Ola Aina,35,0,0,3.5373237,3.5373237133026123
Ola Aina,36,0,0,1.6118221,1.6118221282958984
Ola Aina,37,0,0,0.94942397,0.9494239687919617
Ola Aina,38,0,0,0.3513209,0.35132089257240295
Neco Williams,34,90,5,3.9381907,1.0618093013763428
Neco Williams,35,45,1,3.1003692,2.1003692150115967
Neco Williams,36,90,2,2.179024,0.17902398109436035
Neco Williams,37,90,1,2.9732876,1.973287582397461
Neco Williams,38,90,2,3.9154367,1.9154367446899414
David Mota Veiga Teixeira do Carmo,34,0,0,0.060656514,0.06065651401877403
David Mota Veiga Teixeira do Carmo,35,0,0,0.060656514,0.06065651401877403
David Mota Veiga Teixeira do Carmo,36,0,0,0.060656514,0.06065651401877403
David Mota Veiga Teixeira do Carmo,37,0,0,0.060656514,0.06065651401877403
David Mota Veiga Teixeira do Carmo,38,0,0,0.060656514,0.06065651401877403
Jair Paula da Cunha Filho,34,49,1,1.5215533,0.5215532779693604
Jair Paula da Cunha Filho,35,45,1,1.9640613,0.9640612602233887
Jair Paula da Cunha Filho,36,90,2,1.9745569,0.025443077087402344
Jair Paula da Cunha Filho,37,6,1,2.867492,1.8674919605255127
Jair Paula da Cunha Filho,38,62,2,1.8407755,0.1592245101928711
Felipe Rodrigues da Silva,34,40,1,0.73714924,0.2628507614135742
Felipe Rodrigues da Silva,35,90,1,1.1290511,0.1290510892868042
Felipe Rodrigues da Silva,36,90,2,2.5785615,0.578561544418335
Felipe Rodrigues da Silva,37,90,9,2.1990743,6.8009257316589355
Felipe Rodrigues da Silva,38,90,4,2.8769078,1.1230921745300293
Omar Richards,34,0,0,0.060656514,0.06065651401877403
Omar Richards,35,0,0,0.060656514,0.06065651401877403
Omar Richards,36,0,0,0.060656514,0.06065651401877403
Omar Richards,37,0,0,0.060656514,0.06065651401877403
Omar Richards,38,0,0,0.060656514,0.06065651401877403
Zach Abbott,34,0,0,0.060656514,0.06065651401877403
Zach Abbott,35,45,1,0.060656514,0.939343485981226
Zach Abbott,36,0,0,1.2050519,1.2050518989562988
Zach Abbott,37,0,0,0.39294484,0.3929448425769806
Zach Abbott,38,0,0,0.39294484,0.3929448425769806
Willy Boly,34,0,0,0.060656514,0.06065651401877403
Willy Boly,35,0,0,0.060656514,0.06065651401877403
Willy Boly,36,0,0,0.060656514,0.06065651401877403
Willy Boly,37,0,0,0.060656514,0.06065651401877403
Willy Boly,38,0,0,0.060656514,0.06065651401877403
Morgan Gibbs-White,34,90,13,3.734592,9.265408039093018
Morgan Gibbs-White,35,20,4,3.1647232,0.8352768421173096
Morgan Gibbs-White,36,0,0,1.4810982,1.4810981750488281
Morgan Gibbs-White,37,90,7,0.71056473,6.289435267448425
Morgan Gibbs-White,38,90,9,3.339101,5.660898923873901
Callum Hudson-Odoi,34,0,0,1.5728661,1.5728660821914673
Callum Hudson-Odoi,35,0,0,1.2594153,1.2594152688980103
Callum Hudson-Odoi,36,0,0,0.36070076,0.3607007563114166
Callum Hudson-Odoi,37,0,0,0.5328915,0.5328915119171143
Callum Hudson-Odoi,38,0,0,0.060656514,0.06065651401877403
Elliot Anderson,34,90,9,3.8598175,5.1401824951171875
Elliot Anderson,35,45,1,2.7405407,1.7405407428741455
Elliot Anderson,36,90,12,2.8514333,9.148566722869873
Elliot Anderson,37,90,12,3.3186934,8.681306600570679
Elliot Anderson,38,64,2,3.2226138,1.22261381149292
João Pedro Ferreira da Silva,34,0,0,0.060656514,0.06065651401877403
João Pedro Ferreira da Silva,35,0,0,0.060656514,0.06065651401877403
João Pedro Ferreira da Silva,36,0,0,0.060656514,0.06065651401877403
João Pedro Ferreira da Silva,37,0,0,0.060656514,0.06065651401877403
João Pedro Ferreira da Silva,38,0,0,0.060656514,0.06065651401877403
Nicolás Domínguez,34,45,0,0.9898435,0.989843487739563
Nicolás Domínguez,35,45,1,1.6092507,0.6092506647109985
Nicolás Domínguez,36,45,1,1.7897226,0.7897225618362427
Nicolás Domínguez,37,69,2,2.0503583,0.05035829544067383
Nicolás Domínguez,38,25,1,2.558983,1.5589830875396729
Lewis O'Brien,34,0,0,0.060656514,0.06065651401877403
Lewis O'Brien,35,0,0,0.060656514,0.06065651401877403
Lewis O'Brien,36,0,0,0.060656514,0.06065651401877403
Lewis O'Brien,37,0,0,0.060656514,0.06065651401877403
Lewis O'Brien,38,0,0,0.060656514,0.06065651401877403
Ibrahim Sangaré,34,45,1,3.3682437,2.36824369430542
Ibrahim Sangaré,35,0,0,2.1452665,2.145266532897949
Ibrahim Sangaré,36,0,0,1.0116673,1.011667251586914
Ibrahim Sangaré,37,20,1,0.5617466,0.43825340270996094
Ibrahim Sangaré,38,64,4,1.3486227,2.651377320289612
Ryan Yates,34,23,0,1.1809584,1.1809583902359009
Ryan Yates,35,90,4,1.4496005,2.5503995418548584
Ryan Yates,36,45,0,2.428778,2.4287779331207275
Ryan Yates,37,0,0,2.078531,2.07853102684021
Ryan Yates,38,25,1,1.1575809,0.15758085250854492
Eric da Silva Moreira,34,0,0,0.060656514,0.06065651401877403
Eric da Silva Moreira,35,0,0,0.060656514,0.06065651401877403
Eric da Silva Moreira,36,0,0,0.060656514,0.06065651401877403
Eric da Silva Moreira,37,0,0,0.060656514,0.06065651401877403
Eric da Silva Moreira,38,0,0,0.060656514,0.06065651401877403
Marko Stamenić,34,0,0,0.060656514,0.06065651401877403
Marko Stamenić,35,0,0,0.060656514,0.06065651401877403
Marko Stamenić,36,0,0,0.060656514,0.06065651401877403
Marko Stamenić,37,0,0,0.060656514,0.06065651401877403
Marko Stamenić,38,0,0,0.060656514,0.06065651401877403
Chris Wood,34,87,7,2.7884243,4.211575746536255
Chris Wood,35,24,1,2.627826,1.6278259754180908
Chris Wood,36,17,1,2.3126643,1.312664270401001
Chris Wood,37,69,2,1.8563701,0.14362990856170654
Chris Wood,38,61,2,2.3150504,0.3150503635406494
Igor Jesus Maciel da Cruz,34,66,14,3.0630927,10.936907291412354
Igor Jesus Maciel da Cruz,35,45,5,2.9762557,2.0237443447113037
Igor Jesus Maciel da Cruz,36,82,1,4.3520775,3.3520774841308594
Igor Jesus Maciel da Cruz,37,83,2,4.1915855,2.1915855407714844
Igor Jesus Maciel da Cruz,38,90,2,3.4281847,1.4281847476959229
Taiwo Awoniyi,34,2,4,1.3530155,2.6469844579696655
Taiwo Awoniyi,35,90,16,1.4140195,14.585980534553528
Taiwo Awoniyi,36,72,2,3.5729752,1.5729751586914062
Taiwo Awoniyi,37,20,1,3.4973412,2.4973411560058594
Taiwo Awoniyi,38,28,0,3.3282177,3.3282177448272705
Anthony Patterson,34,0,0,0.060656514,0.06065651401877403
Anthony Patterson,35,0,0,0.060656514,0.06065651401877403
Anthony Patterson,36,0,0,0.060656514,0.06065651401877403
Anthony Patterson,37,0,0,0.060656514,0.06065651401877403
Anthony Patterson,38,0,0,0.060656514,0.06065651401877403
Simon Moore,34,0,0,0.060656514,0.06065651401877403
Simon Moore,35,0,0,0.060656514,0.06065651401877403
Simon Moore,36,0,0,0.060656514,0.06065651401877403
Simon Moore,37,0,0,0.060656514,0.06065651401877403
Simon Moore,38,0,0,0.060656514,0.06065651401877403
Blondy Nna Noukeu,34,0,0,0.060656514,0.06065651401877403
Blondy Nna Noukeu,35,0,0,0.060656514,0.06065651401877403
Blondy Nna Noukeu,36,0,0,0.060656514,0.06065651401877403
Blondy Nna Noukeu,37,0,0,0.060656514,0.06065651401877403
Blondy Nna Noukeu,38,0,0,0.060656514,0.06065651401877403
Daniel Ballard,34,90,0,1.3880733,1.3880733251571655
Daniel Ballard,35,23,-2,2.7091727,4.70917272567749
Daniel Ballard,36,0,0,1.0139012,1.0139012336730957
Daniel Ballard,37,0,0,1.2482207,1.248220682144165
Daniel Ballard,38,0,0,0.5127015,0.5127015113830566
Trai Hume,34,90,-2,2.3061993,4.306199312210083
Trai Hume,35,90,2,2.209917,0.2099170684814453
Trai Hume,36,89,6,3.391946,2.6080539226531982
Trai Hume,37,59,1,3.447015,2.4470150470733643
Trai Hume,38,90,8,2.528429,5.47157096862793
Aji Alese,34,0,0,0.060656514,0.06065651401877403
Aji Alese,35,0,0,0.060656514,0.06065651401877403
Aji Alese,36,0,0,0.060656514,0.06065651401877403
Aji Alese,37,0,0,0.060656514,0.06065651401877403
Aji Alese,38,0,0,0.060656514,0.06065651401877403
Joe Anderson,34,0,0,0.060656514,0.06065651401877403
Joe Anderson,35,0,0,0.060656514,0.06065651401877403
Joe Anderson,36,0,0,0.060656514,0.06065651401877403
Joe Anderson,37,0,0,0.060656514,0.06065651401877403
Joe Anderson,38,0,0,0.060656514,0.06065651401877403
Dennis Cirkin,34,0,0,0.19275747,0.1927574723958969
Dennis Cirkin,35,18,0,0.19275747,0.1927574723958969
Dennis Cirkin,36,0,0,0.92217577,0.9221757650375366
Dennis Cirkin,37,0,0,0.3874487,0.3874486982822418
Dennis Cirkin,38,0,0,0.3874487,0.3874486982822418
Leo Fuhr Hjelde,34,0,0,0.060656514,0.06065651401877403
Leo Fuhr Hjelde,35,0,0,0.060656514,0.06065651401877403
Leo Fuhr Hjelde,36,0,0,0.060656514,0.06065651401877403
Leo Fuhr Hjelde,37,0,0,0.060656514,0.06065651401877403
Leo Fuhr Hjelde,38,0,0,0.060656514,0.06065651401877403
Niall Huggins,34,0,0,0.060656514,0.06065651401877403
Niall Huggins,35,0,0,0.060656514,0.06065651401877403
Niall Huggins,36,0,0,0.060656514,0.06065651401877403
Niall Huggins,37,0,0,0.060656514,0.06065651401877403
Niall Huggins,38,0,0,0.060656514,0.06065651401877403
Zak Johnson,34,0,0,0.060656514,0.06065651401877403
Zak Johnson,35,0,0,0.060656514,0.06065651401877403
Zak Johnson,36,0,0,0.060656514,0.06065651401877403
Zak Johnson,37,0,0,0.060656514,0.06065651401877403
Zak Johnson,38,0,0,0.060656514,0.06065651401877403
Luke O'Nien,34,0,0,3.135395,3.135395050048828
Luke O'Nien,35,0,0,1.2253236,1.2253235578536987
Luke O'Nien,36,0,0,0.5204446,0.5204445719718933
Luke O'Nien,37,67,4,0.33073252,3.669267475605011
Luke O'Nien,38,90,6,1.9805806,4.019419431686401
Timothée Pembélé,34,0,0,0.060656514,0.06065651401877403
Timothée Pembélé,35,0,0,0.060656514,0.06065651401877403
Timothée Pembélé,36,0,0,0.060656514,0.06065651401877403
Timothée Pembélé,37,0,0,0.060656514,0.06065651401877403
Timothée Pembélé,38,0,0,0.060656514,0.06065651401877403
Reinildo Mandava,34,45,1,1.8123063,0.81230628490448
Reinildo Mandava,35,71,2,1.9363356,0.06366443634033203
Reinildo Mandava,36,90,8,1.9200013,6.079998731613159
Reinildo Mandava,37,90,2,2.38055,0.38054990768432617
Reinildo Mandava,38,90,2,3.0141923,1.0141923427581787
Jenson Seelt,34,0,0,0.060656514,0.06065651401877403
Jenson Seelt,35,0,0,0.060656514,0.06065651401877403
Jenson Seelt,36,0,0,0.060656514,0.06065651401877403
Jenson Seelt,37,0,0,0.060656514,0.06065651401877403
Jenson Seelt,38,0,0,0.060656514,0.06065651401877403
Simon Adingra,34,0,0,0.060656514,0.06065651401877403
Simon Adingra,35,0,0,0.060656514,0.06065651401877403
Simon Adingra,36,0,0,0.060656514,0.06065651401877403
Simon Adingra,37,0,0,0.060656514,0.06065651401877403
Simon Adingra,38,0,0,0.060656514,0.06065651401877403
Habib Diarra,34,64,1,4.03044,3.030439853668213
Habib Diarra,35,18,1,1.8618524,0.8618524074554443
Habib Diarra,36,0,0,1.490306,1.49030601978302
Habib Diarra,37,13,4,0.8915341,3.1084659099578857
Habib Diarra,38,29,0,1.1639069,1.1639069318771362
Patrick Roberts,34,0,0,0.060656514,0.06065651401877403
Patrick Roberts,35,0,0,0.060656514,0.06065651401877403
Patrick Roberts,36,0,0,0.060656514,0.06065651401877403
Patrick Roberts,37,0,0,0.060656514,0.06065651401877403
Patrick Roberts,38,0,0,0.060656514,0.06065651401877403
Milan Aleksić,34,0,0,0.060656514,0.06065651401877403
Milan Aleksić,35,0,0,0.060656514,0.06065651401877403
Milan Aleksić,36,0,0,0.060656514,0.06065651401877403
Milan Aleksić,37,0,0,0.060656514,0.06065651401877403
Milan Aleksić,38,0,0,0.060656514,0.06065651401877403
Enzo Le Fée,34,90,2,4.2460074,2.2460074424743652
Enzo Le Fée,35,90,4,3.4749768,0.5250232219696045
Enzo Le Fée,36,90,3,3.7017646,0.7017645835876465
Enzo Le Fée,37,90,13,2.3380475,10.661952495574951
Enzo Le Fée,38,90,5,4.137108,0.8628921508789062
Romaine Mundle,34,0,0,0.060656514,0.06065651401877403
Romaine Mundle,35,0,0,0.060656514,0.06065651401877403
Romaine Mundle,36,0,0,0.060656514,0.06065651401877403
Romaine Mundle,37,0,0,0.060656514,0.06065651401877403
Romaine Mundle,38,0,0,0.060656514,0.06065651401877403
Dan Neil,34,0,0,0.060656514,0.06065651401877403
Dan Neil,35,0,0,0.060656514,0.06065651401877403
Dan Neil,36,0,0,0.060656514,0.06065651401877403
Dan Neil,37,0,0,0.060656514,0.06065651401877403
Dan Neil,38,0,0,0.060656514,0.06065651401877403
Ian Poveda-Ocampo,34,0,0,0.060656514,0.06065651401877403
Ian Poveda-Ocampo,35,0,0,0.060656514,0.06065651401877403
Ian Poveda-Ocampo,36,0,0,0.060656514,0.06065651401877403
Ian Poveda-Ocampo,37,0,0,0.060656514,0.06065651401877403
Ian Poveda-Ocampo,38,0,0,0.060656514,0.06065651401877403
Chris Rigg,34,45,1,2.995377,1.9953770637512207
Chris Rigg,35,0,0,2.49663,2.4966299533843994
Chris Rigg,36,0,0,1.5818274,1.5818274021148682
Chris Rigg,37,13,4,0.99110377,3.008896231651306
Chris Rigg,38,1,1,1.1656561,0.16565608978271484
Noah Sadiki,34,90,2,3.7608354,1.7608354091644287
Noah Sadiki,35,71,2,5.093298,3.0932979583740234
Noah Sadiki,36,90,5,2.9987142,2.0012857913970947
Noah Sadiki,37,76,2,3.8179913,1.8179912567138672
Noah Sadiki,38,90,1,2.7652798,1.765279769897461
Chemsdine Talbi,34,0,0,2.0575697,2.057569742202759
Chemsdine Talbi,35,90,2,0.80074495,1.1992550492286682
Chemsdine Talbi,36,78,3,3.5180984,0.5180983543395996
Chemsdine Talbi,37,30,1,2.2130442,1.2130441665649414
Chemsdine Talbi,38,0,0,1.8556669,1.8556668758392334
Abdoullah Ba,34,0,0,0.060656514,0.06065651401877403
Abdoullah Ba,35,0,0,0.060656514,0.06065651401877403
Abdoullah Ba,36,0,0,0.060656514,0.06065651401877403
Abdoullah Ba,37,0,0,0.060656514,0.06065651401877403
Abdoullah Ba,38,0,0,0.060656514,0.06065651401877403
Alan Browne,34,0,0,0.060656514,0.06065651401877403
Alan Browne,35,0,0,0.060656514,0.06065651401877403
Alan Browne,36,0,0,0.060656514,0.06065651401877403
Alan Browne,37,0,0,0.060656514,0.06065651401877403
Alan Browne,38,0,0,0.060656514,0.06065651401877403
Pierre Ekwah Elimby,34,0,0,0.060656514,0.06065651401877403
Pierre Ekwah Elimby,35,0,0,0.060656514,0.06065651401877403
Pierre Ekwah Elimby,36,0,0,0.060656514,0.06065651401877403
Pierre Ekwah Elimby,37,0,0,0.060656514,0.06065651401877403
Pierre Ekwah Elimby,38,0,0,0.060656514,0.06065651401877403
Harrison Jones,34,0,0,0.060656514,0.06065651401877403
Harrison Jones,35,0,0,0.060656514,0.06065651401877403
Harrison Jones,36,0,0,0.060656514,0.06065651401877403
Harrison Jones,37,0,0,0.060656514,0.06065651401877403
Harrison Jones,38,0,0,0.060656514,0.06065651401877403
Jay Matete,34,0,0,0.060656514,0.06065651401877403
Jay Matete,35,0,0,0.060656514,0.06065651401877403
Jay Matete,36,0,0,0.060656514,0.06065651401877403
Jay Matete,37,0,0,0.060656514,0.06065651401877403
Jay Matete,38,0,0,0.060656514,0.06065651401877403
Nectarios Triantis,34,0,0,0.060656514,0.06065651401877403
Nectarios Triantis,35,0,0,0.060656514,0.06065651401877403
Nectarios Triantis,36,0,0,0.060656514,0.06065651401877403
Nectarios Triantis,37,0,0,0.060656514,0.06065651401877403
Nectarios Triantis,38,0,0,0.060656514,0.06065651401877403
Wilson Isidor,34,25,1,1.3261511,0.32615113258361816
Wilson Isidor,35,18,1,1.5323843,0.5323842763900757
Wilson Isidor,36,0,0,1.6068474,1.6068474054336548
Wilson Isidor,37,13,5,0.9525535,4.0474464893341064
Wilson Isidor,38,29,1,1.7771585,0.7771584987640381
Eliezer Mayenda Dossou,34,0,0,0.3901914,0.3901914060115814
Eliezer Mayenda Dossou,35,0,0,0.19253387,0.19253386557102203
Eliezer Mayenda Dossou,36,1,1,0.14279921,0.8572007864713669
Eliezer Mayenda Dossou,37,0,0,0.33144072,0.3314407169818878
Eliezer Mayenda Dossou,38,0,0,0.22193497,0.221934974193573
Ahmed Abdullahi,34,0,0,0.060656514,0.06065651401877403
Ahmed Abdullahi,35,0,0,0.060656514,0.06065651401877403
Ahmed Abdullahi,36,0,0,0.060656514,0.06065651401877403
Ahmed Abdullahi,37,0,0,0.060656514,0.06065651401877403
Ahmed Abdullahi,38,0,0,0.060656514,0.06065651401877403
Luís Hemir Silva Semedo,34,0,0,0.060656514,0.06065651401877403
Luís Hemir Silva Semedo,35,0,0,0.060656514,0.06065651401877403
Luís Hemir Silva Semedo,36,0,0,0.060656514,0.06065651401877403
Luís Hemir Silva Semedo,37,0,0,0.060656514,0.06065651401877403
Luís Hemir Silva Semedo,38,0,0,0.060656514,0.06065651401877403
Nazarii Rusyn,34,0,0,0.060656514,0.06065651401877403
Nazarii Rusyn,35,0,0,0.060656514,0.06065651401877403
Nazarii Rusyn,36,0,0,0.060656514,0.06065651401877403
Nazarii Rusyn,37,0,0,0.060656514,0.06065651401877403
Nazarii Rusyn,38,0,0,0.060656514,0.06065651401877403
Guglielmo Vicario,34,0,0,0.54574776,0.5457477569580078
Guglielmo Vicario,35,0,0,0.31719506,0.3171950578689575
Guglielmo Vicario,36,0,0,0.26646334,0.26646333932876587
Guglielmo Vicario,37,0,0,0.060656514,0.06065651401877403
Guglielmo Vicario,38,0,0,0.060656514,0.06065651401877403
Brandon Austin,34,0,0,0.060656514,0.06065651401877403
Brandon Austin,35,0,0,0.060656514,0.06065651401877403
Brandon Austin,36,0,0,0.060656514,0.06065651401877403
Brandon Austin,37,0,0,0.060656514,0.06065651401877403
Brandon Austin,38,0,0,0.060656514,0.06065651401877403
Antonín Kinský,34,90,6,2.64606,3.353940010070801
Antonín Kinský,35,90,2,2.8150554,0.8150553703308105
Antonín Kinský,36,90,3,2.7870488,0.2129511833190918
Antonín Kinský,37,90,1,3.1757402,2.1757402420043945
Antonín Kinský,38,90,5,3.179712,1.8202879428863525
Pedro Porro Sauceda,34,90,8,3.492492,4.507508039474487
Pedro Porro Sauceda,35,90,4,4.2827735,0.282773494720459
Pedro Porro Sauceda,36,90,1,3.7597005,2.7597005367279053
Pedro Porro Sauceda,37,90,0,3.8578837,3.8578836917877197
Pedro Porro Sauceda,38,90,10,3.6500468,6.3499531745910645
Cristian Romero,34,0,0,1.3276552,1.3276551961898804
Cristian Romero,35,0,0,0.7537385,0.753738522529602
Cristian Romero,36,0,0,0.3189705,0.3189705014228821
Cristian Romero,37,0,0,0.3132259,0.3132258951663971
Cristian Romero,38,0,0,0.060656514,0.06065651401877403
Kevin Danso,34,90,5,2.8623743,2.1376256942749023
Kevin Danso,35,90,3,2.4801755,0.5198245048522949
Kevin Danso,36,90,3,3.2274437,0.22744369506835938
Kevin Danso,37,90,3,3.6652224,0.6652224063873291
Kevin Danso,38,90,8,3.74868,4.251319885253906
Ben Davies,34,0,0,0.060656514,0.06065651401877403
Ben Davies,35,0,0,0.060656514,0.06065651401877403
Ben Davies,36,0,0,0.060656514,0.06065651401877403
Ben Davies,37,0,0,0.060656514,0.06065651401877403
Ben Davies,38,0,0,0.060656514,0.06065651401877403
Radu Drăgușin,34,1,1,0.29055175,0.7094482481479645
Radu Drăgușin,35,0,0,0.71341825,0.7134182453155518
Radu Drăgușin,36,0,0,0.22193497,0.221934974193573
Radu Drăgușin,37,0,0,0.22193497,0.221934974193573
Radu Drăgușin,38,1,1,0.14279921,0.8572007864713669
Djed Spence,34,90,8,1.1453356,6.854664444923401
Djed Spence,35,23,1,2.7279148,1.727914810180664
Djed Spence,36,5,1,2.0252116,1.0252115726470947
Djed Spence,37,21,1,1.6901364,0.6901364326477051
Djed Spence,38,90,6,1.4778306,4.522169351577759
Destiny Udogie,34,0,0,2.2601845,2.2601845264434814
Destiny Udogie,35,90,2,1.1108974,0.889102578163147
Destiny Udogie,36,84,2,2.8518429,0.8518428802490234
Destiny Udogie,37,68,0,2.276916,2.276916027069092
Destiny Udogie,38,89,7,2.0273542,4.9726457595825195
Micky van de Ven,34,90,6,2.4087188,3.5912811756134033
Micky van de Ven,35,90,2,2.797635,0.7976350784301758
Micky van de Ven,36,90,2,2.9953814,0.9953813552856445
Micky van de Ven,37,90,0,3.3831983,3.3831982612609863
Micky van de Ven,38,90,6,3.1604846,2.839515447616577
Ashley Phillips,34,0,0,0.060656514,0.06065651401877403
Ashley Phillips,35,0,0,0.060656514,0.06065651401877403
Ashley Phillips,36,0,0,0.060656514,0.06065651401877403
Ashley Phillips,37,0,0,0.060656514,0.06065651401877403
Ashley Phillips,38,0,0,0.060656514,0.06065651401877403
Takai Kōta,34,0,0,0.060656514,0.06065651401877403
Takai Kōta,35,0,0,0.060656514,0.06065651401877403
Takai Kōta,36,0,0,0.060656514,0.06065651401877403
Takai Kōta,37,0,0,0.060656514,0.06065651401877403
Takai Kōta,38,0,0,0.060656514,0.06065651401877403
Luka Vušković,34,0,0,0.060656514,0.06065651401877403
Luka Vušković,35,0,0,0.060656514,0.06065651401877403
Luka Vušković,36,0,0,0.060656514,0.06065651401877403
Luka Vušković,37,0,0,0.060656514,0.06065651401877403
Luka Vušković,38,0,0,0.060656514,0.06065651401877403
Son Heung-min,34,0,0,0.060656514,0.06065651401877403
Son Heung-min,35,0,0,0.060656514,0.06065651401877403
Son Heung-min,36,0,0,0.060656514,0.06065651401877403
Son Heung-min,37,0,0,0.060656514,0.06065651401877403
Son Heung-min,38,0,0,0.060656514,0.06065651401877403
Brennan Johnson,34,58,1,2.4010003,1.4010002613067627
Brennan Johnson,35,90,2,2.0882149,0.08821487426757812
Brennan Johnson,36,153,4,2.806508,1.1934919357299805
Brennan Johnson,37,45,1,3.7869775,2.786977529525757
Brennan Johnson,38,0,0,2.0124848,2.0124847888946533
James Maddison,34,0,0,0.060656514,0.06065651401877403
James Maddison,35,0,0,0.060656514,0.06065651401877403
James Maddison,36,5,1,0.060656514,0.939343485981226
James Maddison,37,21,1,1.0579137,0.05791366100311279
James Maddison,38,8,1,1.8612282,0.8612282276153564
Mohammed Kudus,34,0,0,0.060656514,0.06065651401877403
Mohammed Kudus,35,0,0,0.060656514,0.06065651401877403
Mohammed Kudus,36,0,0,0.060656514,0.06065651401877403
Mohammed Kudus,37,0,0,0.060656514,0.06065651401877403
Mohammed Kudus,38,0,0,0.060656514,0.06065651401877403
Dejan Kulusevski,34,0,0,0.060656514,0.06065651401877403
Dejan Kulusevski,35,0,0,0.060656514,0.06065651401877403
Dejan Kulusevski,36,0,0,0.060656514,0.06065651401877403
Dejan Kulusevski,37,0,0,0.060656514,0.06065651401877403
Dejan Kulusevski,38,0,0,0.060656514,0.06065651401877403
Mathys Tel,34,45,1,2.0501559,1.0501558780670166
Mathys Tel,35,90,5,2.223771,2.776228904724121
Mathys Tel,36,84,9,2.984011,6.015989065170288
Mathys Tel,37,90,2,3.5624712,1.5624711513519287
Mathys Tel,38,72,3,3.2563164,0.2563164234161377
Rodrigo Bentancur,34,90,4,1.5807706,2.4192293882369995
Rodrigo Bentancur,35,66,2,2.5202684,0.520268440246582
Rodrigo Bentancur,36,80,5,2.2881026,2.711897373199463
Rodrigo Bentancur,37,90,2,3.0382962,1.0382962226867676
Rodrigo Bentancur,38,81,5,3.3302214,1.66977858543396
Lucas Bergvall,34,27,1,1.6620361,0.6620360612869263
Lucas Bergvall,35,1,1,1.9824829,0.98248291015625
Lucas Bergvall,36,9,1,1.0454087,0.04540872573852539
Lucas Bergvall,37,0,0,1.1789689,1.178968906402588
Lucas Bergvall,38,0,0,0.7840011,0.7840011119842529
Yves Bissouma,34,61,3,1.2740074,1.7259925603866577
Yves Bissouma,35,23,1,2.6241353,1.6241352558135986
Yves Bissouma,36,0,0,1.9570218,1.9570218324661255
Yves Bissouma,37,0,0,0.70802927,0.7080292701721191
Yves Bissouma,38,0,0,0.46221116,0.46221116185188293
Wilson Odobert,34,0,0,0.060656514,0.06065651401877403
Wilson Odobert,35,0,0,0.060656514,0.06065651401877403
Wilson Odobert,36,0,0,0.060656514,0.06065651401877403
Wilson Odobert,37,0,0,0.060656514,0.06065651401877403
Wilson Odobert,38,0,0,0.060656514,0.06065651401877403
Manor Solomon,34,0,0,0.060656514,0.06065651401877403
Manor Solomon,35,0,0,0.060656514,0.06065651401877403
Manor Solomon,36,0,0,0.060656514,0.06065651401877403
Manor Solomon,37,0,0,0.060656514,0.06065651401877403
Manor Solomon,38,0,0,0.060656514,0.06065651401877403
Bryan Gil Salvatierra,34,0,0,0.060656514,0.06065651401877403
Bryan Gil Salvatierra,35,0,0,0.060656514,0.06065651401877403
Bryan Gil Salvatierra,36,0,0,0.060656514,0.06065651401877403
Bryan Gil Salvatierra,37,0,0,0.060656514,0.06065651401877403
Bryan Gil Salvatierra,38,0,0,0.060656514,0.06065651401877403
Archie Gray,34,0,0,2.2729588,2.272958755493164
Archie Gray,35,0,0,0.8903631,0.8903630971908569
Archie Gray,36,0,0,0.79524535,0.795245349407196
Archie Gray,37,0,0,0.3373143,0.33731430768966675
Archie Gray,38,8,1,0.3132259,0.6867741048336029
Mikey Moore,34,0,0,0.060656514,0.06065651401877403
Mikey Moore,35,0,0,0.060656514,0.06065651401877403
Mikey Moore,36,0,0,0.060656514,0.06065651401877403
Mikey Moore,37,0,0,0.060656514,0.06065651401877403
Mikey Moore,38,0,0,0.060656514,0.06065651401877403
Pape Matar Sarr,34,0,0,1.3330084,1.3330084085464478
Pape Matar Sarr,35,1,1,0.5592614,0.44073861837387085
Pape Matar Sarr,36,0,0,0.61765224,0.6176522374153137
Pape Matar Sarr,37,21,4,0.28657648,3.7134235203266144
Pape Matar Sarr,38,17,0,1.9688833,1.9688832759857178
Yang Min-hyeok,34,0,0,0.060656514,0.06065651401877403
Yang Min-hyeok,35,0,0,0.060656514,0.06065651401877403
Yang Min-hyeok,36,0,0,0.060656514,0.06065651401877403
Yang Min-hyeok,37,0,0,0.060656514,0.06065651401877403
Yang Min-hyeok,38,0,0,0.060656514,0.06065651401877403
Callum Olusesi,34,0,0,0.19253387,0.19253386557102203
Callum Olusesi,35,0,0,0.19253387,0.19253386557102203
Callum Olusesi,36,0,0,0.060656514,0.06065651401877403
Callum Olusesi,37,0,0,0.060656514,0.06065651401877403
Callum Olusesi,38,0,0,0.060656514,0.06065651401877403
Dominic Solanke-Mitchell,34,39,1,3.4048114,2.404811382293701
Dominic Solanke-Mitchell,35,0,0,2.1841655,2.1841654777526855
Dominic Solanke-Mitchell,36,0,0,1.4936044,1.4936044216156006
Dominic Solanke-Mitchell,37,0,0,0.6617271,0.6617270708084106
Dominic Solanke-Mitchell,38,0,0,0.37112755,0.37112754583358765
Richarlison de Andrade,34,50,4,1.9327898,2.0672101974487305
Richarlison de Andrade,35,90,9,2.3257778,6.674222230911255
Richarlison de Andrade,36,90,2,3.2011766,1.201176643371582
Richarlison de Andrade,37,90,7,4.131181,2.868819236755371
Richarlison de Andrade,38,72,2,1.4031422,0.5968577861785889
Will Lankshear,34,0,0,0.060656514,0.06065651401877403
Will Lankshear,35,0,0,0.060656514,0.06065651401877403
Will Lankshear,36,0,0,0.060656514,0.06065651401877403
Will Lankshear,37,0,0,0.060656514,0.06065651401877403
Will Lankshear,38,0,0,0.060656514,0.06065651401877403
Dane Scarlett,34,0,0,0.060656514,0.06065651401877403
Dane Scarlett,35,0,0,0.060656514,0.06065651401877403
Dane Scarlett,36,0,0,0.060656514,0.06065651401877403
Dane Scarlett,37,0,0,0.060656514,0.06065651401877403
Dane Scarlett,38,0,0,0.060656514,0.06065651401877403
Alphonse Areola,34,0,0,0.060656514,0.06065651401877403
Alphonse Areola,35,0,0,0.060656514,0.06065651401877403
Alphonse Areola,36,0,0,0.060656514,0.06065651401877403
Alphonse Areola,37,0,0,0.060656514,0.06065651401877403
Alphonse Areola,38,0,0,0.060656514,0.06065651401877403
Wes Foderingham,34,0,0,0.060656514,0.06065651401877403
Wes Foderingham,35,0,0,0.060656514,0.06065651401877403
Wes Foderingham,36,0,0,0.060656514,0.06065651401877403
Wes Foderingham,37,0,0,0.060656514,0.06065651401877403
Wes Foderingham,38,0,0,0.060656514,0.06065651401877403
Krisztián Hegyi,34,0,0,0.060656514,0.06065651401877403
Krisztián Hegyi,35,0,0,0.060656514,0.06065651401877403
Krisztián Hegyi,36,0,0,0.060656514,0.06065651401877403
Krisztián Hegyi,37,0,0,0.060656514,0.06065651401877403
Krisztián Hegyi,38,0,0,0.060656514,0.06065651401877403
El Hadji Malick Diouf,34,90,2,3.881003,1.8810029029846191
El Hadji Malick Diouf,35,73,1,3.0979915,2.097991466522217
El Hadji Malick Diouf,36,90,2,2.7858992,0.7858991622924805
El Hadji Malick Diouf,37,90,0,3.7832122,3.783212184906006
El Hadji Malick Diouf,38,90,6,2.453436,3.5465641021728516
Emerson Palmieri dos Santos,34,0,0,0.060656514,0.06065651401877403
Emerson Palmieri dos Santos,35,0,0,0.060656514,0.06065651401877403
Emerson Palmieri dos Santos,36,0,0,0.060656514,0.06065651401877403
Emerson Palmieri dos Santos,37,0,0,0.060656514,0.06065651401877403
Emerson Palmieri dos Santos,38,0,0,0.060656514,0.06065651401877403
Maximilian Kilman,34,0,0,0.060656514,0.06065651401877403
Maximilian Kilman,35,0,0,0.060656514,0.06065651401877403
Maximilian Kilman,36,0,0,0.060656514,0.06065651401877403
Maximilian Kilman,37,0,0,0.060656514,0.06065651401877403
Maximilian Kilman,38,0,0,0.060656514,0.06065651401877403
Konstantinos Mavropanos,34,90,4,2.8271358,1.1728641986846924
Konstantinos Mavropanos,35,90,-1,5.654772,6.65477180480957
Konstantinos Mavropanos,36,90,4,3.3408263,0.6591737270355225
Konstantinos Mavropanos,37,90,3,3.7529352,0.7529351711273193
Konstantinos Mavropanos,38,90,8,3.514034,4.485965967178345
Nayef Aguerd,34,0,0,0.060656514,0.06065651401877403
Nayef Aguerd,35,0,0,0.060656514,0.06065651401877403
Nayef Aguerd,36,0,0,0.060656514,0.06065651401877403
Nayef Aguerd,37,0,0,0.060656514,0.06065651401877403
Nayef Aguerd,38,0,0,0.060656514,0.06065651401877403
Ollie Scarles,34,0,0,0.060656514,0.06065651401877403
Ollie Scarles,35,2,0,0.060656514,0.06065651401877403
Ollie Scarles,36,0,0,0.84704566,0.8470456600189209
Ollie Scarles,37,0,0,0.30614796,0.306147962808609
Ollie Scarles,38,0,0,0.30614796,0.306147962808609
Jean-Clair Todibo,34,1,1,0.30455834,0.6954416632652283
Jean-Clair Todibo,35,0,0,0.68075883,0.6807588338851929
Jean-Clair Todibo,36,90,1,0.22193497,0.778065025806427
Jean-Clair Todibo,37,25,0,2.4168022,2.416802167892456
Jean-Clair Todibo,38,0,0,1.7720234,1.7720234394073486
Aaron Wan-Bissaka,34,0,0,0.4996407,0.49964070320129395
Aaron Wan-Bissaka,35,25,1,0.26646334,0.7335366606712341
Aaron Wan-Bissaka,36,90,2,1.1834753,0.8165247440338135
Aaron Wan-Bissaka,37,62,1,2.7581887,1.7581887245178223
Aaron Wan-Bissaka,38,0,0,1.8348678,1.8348678350448608
Kaelan Casey,34,0,0,0.060656514,0.06065651401877403
Kaelan Casey,35,0,0,0.060656514,0.06065651401877403
Kaelan Casey,36,0,0,0.060656514,0.06065651401877403
Kaelan Casey,37,0,0,0.060656514,0.06065651401877403
Kaelan Casey,38,0,0,0.060656514,0.06065651401877403
Lucas Tolentino Coelho de Lima,34,0,0,0.060656514,0.06065651401877403
Lucas Tolentino Coelho de Lima,35,0,0,0.060656514,0.06065651401877403
Lucas Tolentino Coelho de Lima,36,0,0,0.060656514,0.06065651401877403
Lucas Tolentino Coelho de Lima,37,0,0,0.060656514,0.06065651401877403
Lucas Tolentino Coelho de Lima,38,0,0,0.060656514,0.06065651401877403
Tomáš Souček,34,90,10,3.389421,6.610579013824463
Tomáš Souček,35,90,2,2.7679176,0.7679176330566406
Tomáš Souček,36,90,2,3.603155,1.6031548976898193
Tomáš Souček,37,62,1,3.245563,2.24556303024292
Tomáš Souček,38,90,3,2.4363031,0.5636968612670898
James Ward-Prowse,35,64,2,3.0329366,1.0329365730285645
James Ward-Prowse,36,3,1,3.8006132,2.8006131649017334
James Ward-Prowse,37,12,1,2.0321503,1.0321502685546875
James Ward-Prowse,38,15,1,1.6114693,0.6114692687988281
Crysencio Summerville,34,90,2,2.844385,0.8443849086761475
Crysencio Summerville,35,87,1,5.377323,4.377323150634766
Crysencio Summerville,36,90,1,4.399788,3.3997879028320312
Crysencio Summerville,37,90,2,3.1898346,1.1898345947265625
Crysencio Summerville,38,90,6,4.0502625,1.949737548828125
Edson Álvarez Velázquez,34,0,0,0.060656514,0.06065651401877403
Edson Álvarez Velázquez,35,0,0,0.060656514,0.06065651401877403
Edson Álvarez Velázquez,36,0,0,0.060656514,0.06065651401877403
Edson Álvarez Velázquez,37,0,0,0.060656514,0.06065651401877403
Edson Álvarez Velázquez,38,0,0,0.060656514,0.06065651401877403
Maxwel Cornet,34,0,0,0.060656514,0.06065651401877403
Maxwel Cornet,35,0,0,0.060656514,0.06065651401877403
Maxwel Cornet,36,0,0,0.060656514,0.06065651401877403
Maxwel Cornet,37,0,0,0.060656514,0.06065651401877403
Maxwel Cornet,38,0,0,0.060656514,0.06065651401877403
Guido Rodríguez,34,0,0,0.060656514,0.06065651401877403
Guido Rodríguez,35,0,0,0.060656514,0.06065651401877403
Guido Rodríguez,36,0,0,0.060656514,0.06065651401877403
Guido Rodríguez,37,0,0,0.060656514,0.06065651401877403
Guido Rodríguez,38,0,0,0.060656514,0.06065651401877403
Luis Guilherme Lira dos Santos,34,0,0,0.060656514,0.06065651401877403
Luis Guilherme Lira dos Santos,35,0,0,0.060656514,0.06065651401877403
Luis Guilherme Lira dos Santos,36,0,0,0.060656514,0.06065651401877403
Luis Guilherme Lira dos Santos,37,0,0,0.060656514,0.06065651401877403
Luis Guilherme Lira dos Santos,38,0,0,0.060656514,0.06065651401877403
George Earthy,34,0,0,0.060656514,0.06065651401877403
George Earthy,35,0,0,0.060656514,0.06065651401877403
George Earthy,36,0,0,0.060656514,0.06065651401877403
George Earthy,37,0,0,0.060656514,0.06065651401877403
George Earthy,38,0,0,0.060656514,0.06065651401877403
Andy Irving,34,0,0,0.060656514,0.06065651401877403
Andy Irving,35,0,0,0.060656514,0.06065651401877403
Andy Irving,36,0,0,0.060656514,0.06065651401877403
Andy Irving,37,0,0,0.060656514,0.06065651401877403
Andy Irving,38,0,0,0.060656514,0.06065651401877403
Lewis Orford,34,0,0,0.060656514,0.06065651401877403
Lewis Orford,35,0,0,0.060656514,0.06065651401877403
Lewis Orford,36,0,0,0.060656514,0.06065651401877403
Lewis Orford,37,0,0,0.060656514,0.06065651401877403
Lewis Orford,38,0,0,0.060656514,0.06065651401877403
Freddie Potts,34,11,1,0.609854,0.39014601707458496
Freddie Potts,35,0,0,0.87516415,0.8751641511917114
Freddie Potts,36,0,0,0.48923668,0.4892366826534271
Freddie Potts,37,0,0,0.45965192,0.459651917219162
Freddie Potts,38,0,0,0.185016,0.18501600623130798
Jarrod Bowen,34,90,10,4.1132884,5.886711597442627
Jarrod Bowen,35,87,2,4.040762,2.040761947631836
Jarrod Bowen,36,90,2,3.5303578,1.530357837677002
Jarrod Bowen,37,90,2,4.276259,2.276258945465088
Jarrod Bowen,38,90,12,3.7382283,8.26177167892456
Niclas Füllkrug,34,0,0,0.060656514,0.06065651401877403
Niclas Füllkrug,35,0,0,0.060656514,0.06065651401877403
Niclas Füllkrug,36,0,0,0.060656514,0.06065651401877403
Niclas Füllkrug,37,0,0,0.060656514,0.06065651401877403
Niclas Füllkrug,38,0,0,0.060656514,0.06065651401877403
Callum Marshall,34,0,0,0.060656514,0.06065651401877403
Callum Marshall,35,0,0,0.060656514,0.06065651401877403
Callum Marshall,36,0,0,0.060656514,0.06065651401877403
Callum Marshall,37,0,0,0.060656514,0.06065651401877403
Callum Marshall,38,0,0,0.060656514,0.06065651401877403
Sam Johnstone,34,0,0,0.060656514,0.06065651401877403
Sam Johnstone,35,0,0,0.060656514,0.06065651401877403
Sam Johnstone,36,0,0,0.060656514,0.06065651401877403
Sam Johnstone,37,0,0,0.060656514,0.06065651401877403
Sam Johnstone,38,0,0,0.060656514,0.06065651401877403
José Malheiro de Sá,34,90,2,1.0595852,0.9404147863388062
José Malheiro de Sá,35,0,0,2.7895539,2.7895538806915283
José Malheiro de Sá,36,0,0,0.5164494,0.5164493918418884
José Malheiro de Sá,37,90,3,0.6272399,2.3727601170539856
José Malheiro de Sá,38,90,6,2.3904479,3.6095521450042725
Daniel Bentley,34,0,0,2.3815036,2.3815035820007324
Daniel Bentley,35,90,2,0.6447954,1.3552045822143555
Daniel Bentley,36,90,2,2.7016342,0.7016341686248779
Daniel Bentley,37,0,0,2.3942509,2.3942508697509766
Daniel Bentley,38,0,0,0.9327107,0.9327107071876526
Tom King,34,0,0,0.060656514,0.06065651401877403
Tom King,35,0,0,0.060656514,0.06065651401877403
Tom King,36,0,0,0.060656514,0.06065651401877403
Tom King,37,0,0,0.060656514,0.06065651401877403
Tom King,38,0,0,0.060656514,0.06065651401877403
Emmanuel Agbadou,34,0,0,0.060656514,0.06065651401877403
Emmanuel Agbadou,35,0,0,0.060656514,0.06065651401877403
Emmanuel Agbadou,36,0,0,0.060656514,0.06065651401877403
Emmanuel Agbadou,37,0,0,0.060656514,0.06065651401877403
Emmanuel Agbadou,38,0,0,0.060656514,0.06065651401877403
Matt Doherty,34,84,2,0.25508747,1.7449125349521637
Matt Doherty,35,0,0,2.0575292,2.0575292110443115
Matt Doherty,36,0,0,0.6031515,0.6031515002250671
Matt Doherty,37,0,0,0.6031515,0.6031515002250671
Matt Doherty,38,0,0,0.26646334,0.26646333932876587
Hugo Bueno López,34,90,3,3.73623,0.7362298965454102
Hugo Bueno López,35,77,5,4.136467,0.8635330200195312
Hugo Bueno López,36,45,0,2.8141665,2.81416654586792
Hugo Bueno López,37,5,1,2.3430388,1.34303879737854
Hugo Bueno López,38,16,1,1.8474708,0.847470760345459
Yerson Mosquera Valdelamar,34,0,0,1.204971,1.2049709558486938
Yerson Mosquera Valdelamar,35,90,2,0.8619852,1.138014793395996
Yerson Mosquera Valdelamar,36,90,3,2.881573,0.11842703819274902
Yerson Mosquera Valdelamar,37,90,2,3.020383,1.0203828811645508
Yerson Mosquera Valdelamar,38,90,3,3.3623059,0.3623058795928955
Rodrigo Martins Gomes,34,70,6,1.6987793,4.301220655441284
Rodrigo Martins Gomes,35,45,1,2.3402548,1.340254783630371
Rodrigo Martins Gomes,36,23,1,2.3313007,1.3313007354736328
Rodrigo Martins Gomes,37,84,2,2.4026175,0.4026174545288086
Rodrigo Martins Gomes,38,81,2,2.9263709,0.9263708591461182
Santiago Ignacio Bueno,34,90,2,3.2406452,1.240645170211792
Santiago Ignacio Bueno,35,90,10,3.3647623,6.635237693786621
Santiago Ignacio Bueno,36,90,1,3.3900647,2.3900647163391113
Santiago Ignacio Bueno,37,90,2,3.1646578,1.1646578311920166
Santiago Ignacio Bueno,38,90,2,3.7837794,1.7837793827056885
Toti Gomes,34,90,2,2.1691961,0.16919612884521484
Toti Gomes,35,90,4,2.5353525,1.4646475315093994
Toti Gomes,36,90,3,2.92036,0.07963991165161133
Toti Gomes,37,0,0,2.9635508,2.9635508060455322
Toti Gomes,38,24,1,1.3376999,0.33769989013671875
Ki-Jana Hoever,34,0,0,0.060656514,0.06065651401877403
Ki-Jana Hoever,35,0,0,0.060656514,0.06065651401877403
Ki-Jana Hoever,36,0,0,0.060656514,0.06065651401877403
Ki-Jana Hoever,37,0,0,0.060656514,0.06065651401877403
Ki-Jana Hoever,38,0,0,0.060656514,0.06065651401877403
Bastien Meupiyou Menadjou,34,0,0,0.060656514,0.06065651401877403
Bastien Meupiyou Menadjou,35,0,0,0.060656514,0.06065651401877403
Bastien Meupiyou Menadjou,36,0,0,0.060656514,0.06065651401877403
Bastien Meupiyou Menadjou,37,0,0,0.060656514,0.06065651401877403
Bastien Meupiyou Menadjou,38,0,0,0.060656514,0.06065651401877403
Pedro Cardoso de Lima,34,85,2,1.705287,0.29471302032470703
Pedro Cardoso de Lima,35,45,1,2.4323137,1.4323136806488037
Pedro Cardoso de Lima,36,66,1,2.0411131,1.0411131381988525
Pedro Cardoso de Lima,37,5,1,1.9101356,0.9101356267929077
Pedro Cardoso de Lima,38,8,1,1.35014,0.3501399755477905
Alfie Pond,34,0,0,0.060656514,0.06065651401877403
Alfie Pond,35,0,0,0.060656514,0.06065651401877403
Alfie Pond,36,0,0,0.060656514,0.06065651401877403
Alfie Pond,37,0,0,0.060656514,0.06065651401877403
Alfie Pond,38,0,0,0.060656514,0.06065651401877403
Hwang Hee-chan,34,5,1,1.4008944,0.4008944034576416
Hwang Hee-chan,35,0,0,1.0797458,1.0797457695007324
Hwang Hee-chan,36,88,1,0.6268069,0.37319308519363403
Hwang Hee-chan,37,78,5,3.020834,1.979166030883789
Hwang Hee-chan,38,90,1,2.45311,1.4531099796295166
André Trindade da Costa Neto,34,90,1,3.9718847,2.9718847274780273
André Trindade da Costa Neto,35,90,2,3.6856549,1.685654878616333
André Trindade da Costa Neto,36,90,1,3.5558968,2.555896759033203
André Trindade da Costa Neto,37,90,3,3.3285596,0.32855963706970215
André Trindade da Costa Neto,38,90,4,3.0683115,0.9316885471343994
Jean-Ricner Bellegarde,34,0,0,2.027376,2.0273759365081787
Jean-Ricner Bellegarde,35,0,0,1.2631264,1.2631263732910156
Jean-Ricner Bellegarde,36,23,1,0.92423147,0.07576853036880493
Jean-Ricner Bellegarde,37,11,1,1.3974634,0.39746344089508057
Jean-Ricner Bellegarde,38,0,0,1.1888112,1.188811182975769
Fer López González,34,0,0,0.060656514,0.06065651401877403
Fer López González,35,0,0,0.060656514,0.06065651401877403
Fer López González,36,0,0,0.060656514,0.06065651401877403
Fer López González,37,0,0,0.060656514,0.06065651401877403
Fer López González,38,0,0,0.060656514,0.06065651401877403
João Victor Gomes da Silva,34,90,3,3.412448,0.4124479293823242
João Victor Gomes da Silva,35,90,2,2.8267493,0.826749324798584
João Victor Gomes da Silva,36,88,4,3.872253,0.1277470588684082
João Victor Gomes da Silva,37,90,2,3.3371282,1.3371281623840332
João Victor Gomes da Silva,38,0,0,3.3982356,3.398235559463501
Gonçalo Manuel Ganchinho Guedes,34,0,0,0.060656514,0.06065651401877403
Gonçalo Manuel Ganchinho Guedes,35,0,0,0.060656514,0.06065651401877403
Gonçalo Manuel Ganchinho Guedes,36,0,0,0.060656514,0.06065651401877403
Gonçalo Manuel Ganchinho Guedes,37,0,0,0.060656514,0.06065651401877403
Gonçalo Manuel Ganchinho Guedes,38,0,0,0.060656514,0.06065651401877403
Marshall Munetsi,34,0,0,0.060656514,0.06065651401877403
Marshall Munetsi,35,0,0,0.060656514,0.06065651401877403
Marshall Munetsi,36,0,0,0.060656514,0.06065651401877403
Marshall Munetsi,37,0,0,0.060656514,0.06065651401877403
Marshall Munetsi,38,0,0,0.060656514,0.06065651401877403
Boubacar Traoré,34,0,0,0.060656514,0.06065651401877403
Boubacar Traoré,35,0,0,0.060656514,0.06065651401877403
Boubacar Traoré,36,0,0,0.060656514,0.06065651401877403
Boubacar Traoré,37,0,0,0.060656514,0.06065651401877403
Boubacar Traoré,38,0,0,0.060656514,0.06065651401877403
Tawanda Chirewa,34,0,0,0.060656514,0.06065651401877403
Tawanda Chirewa,35,0,0,0.060656514,0.06065651401877403
Tawanda Chirewa,36,0,0,0.060656514,0.06065651401877403
Tawanda Chirewa,37,0,0,0.060656514,0.06065651401877403
Tawanda Chirewa,38,0,0,0.060656514,0.06065651401877403
Tom Edozie,34,0,0,0.5553315,0.5553315281867981
Tom Edozie,35,1,1,0.5553315,0.4446684718132019
Tom Edozie,36,0,0,0.46161276,0.4616127610206604
Tom Edozie,37,0,0,0.3277858,0.32778578996658325
Tom Edozie,38,0,0,0.22193497,0.221934974193573
Enso González Medina,34,0,0,0.060656514,0.06065651401877403
Enso González Medina,35,0,0,0.060656514,0.06065651401877403
Enso González Medina,36,0,0,0.060656514,0.06065651401877403
Enso González Medina,37,0,0,0.060656514,0.06065651401877403
Enso González Medina,38,0,0,0.060656514,0.06065651401877403
Joe Hodge,34,0,0,0.060656514,0.06065651401877403
Joe Hodge,35,0,0,0.060656514,0.06065651401877403
Joe Hodge,36,0,0,0.060656514,0.06065651401877403
Joe Hodge,37,0,0,0.060656514,0.06065651401877403
Joe Hodge,38,0,0,0.060656514,0.06065651401877403
Jørgen Strand Larsen,34,20,1,3.0780747,2.0780746936798096
Jørgen Strand Larsen,35,64,2,1.8787138,0.12128615379333496
Jørgen Strand Larsen,36,94,3,2.0492275,0.9507725238800049
Jørgen Strand Larsen,37,60,2,2.8309739,0.8309738636016846
Jørgen Strand Larsen,38,76,2,2.1779127,0.17791271209716797
Fábio Soares Silva,34,0,0,0.060656514,0.06065651401877403
Fábio Soares Silva,35,0,0,0.060656514,0.06065651401877403
Fábio Soares Silva,36,0,0,0.060656514,0.06065651401877403
Fábio Soares Silva,37,0,0,0.060656514,0.06065651401877403
Fábio Soares Silva,38,0,0,0.060656514,0.06065651401877403
Saša Kalajdžić,34,0,0,0.060656514,0.06065651401877403
Saša Kalajdžić,35,0,0,0.060656514,0.06065651401877403
Saša Kalajdžić,36,0,0,0.060656514,0.06065651401877403
Saša Kalajdžić,37,0,0,0.060656514,0.06065651401877403
Saša Kalajdžić,38,0,0,0.060656514,0.06065651401877403
Leon Chiwome,34,0,0,0.060656514,0.06065651401877403
Leon Chiwome,35,0,0,0.060656514,0.06065651401877403
Leon Chiwome,36,0,0,0.060656514,0.06065651401877403
Leon Chiwome,37,0,0,0.060656514,0.06065651401877403
Leon Chiwome,38,0,0,0.060656514,0.06065651401877403
Nathan Fraser,34,0,0,0.060656514,0.06065651401877403
Nathan Fraser,35,0,0,0.060656514,0.06065651401877403
Nathan Fraser,36,0,0,0.060656514,0.06065651401877403
Nathan Fraser,37,0,0,0.060656514,0.06065651401877403
Nathan Fraser,38,0,0,0.060656514,0.06065651401877403
Kyle Walker-Peters,34,90,2,2.6757343,0.675734281539917
Kyle Walker-Peters,35,64,1,3.7725086,2.7725086212158203
Kyle Walker-Peters,36,0,0,2.3896172,2.3896172046661377
Kyle Walker-Peters,37,0,0,1.225429,1.2254290580749512
Kyle Walker-Peters,38,90,6,0.5325228,5.467477202415466
Anton Stach,35,71,10,1.1716905,8.828309535980225
Anton Stach,36,90,2,1.709088,0.29091203212738037
Anton Stach,37,73,3,2.888546,0.11145401000976562
Anton Stach,38,0,0,2.636014,2.636013984680176
Hugo Ekitiké,34,0,0,0.80345654,0.8034565448760986
Hugo Ekitiké,35,0,0,0.4783223,0.478322297334671
Hugo Ekitiké,36,0,0,0.14279921,0.14279921352863312
Hugo Ekitiké,37,0,0,0.060656514,0.06065651401877403
Hugo Ekitiké,38,0,0,0.060656514,0.06065651401877403
Cristhian Mosquera,34,0,0,2.5592043,2.559204339981079
Cristhian Mosquera,35,7,1,0.74094546,0.2590545415878296
Cristhian Mosquera,36,45,0,1.1382271,1.138227105140686
Cristhian Mosquera,37,90,6,1.5855064,4.414493560791016
Cristhian Mosquera,38,90,4,2.6105137,1.389486312866211
Jhon Arias,34,0,0,0.060656514,0.06065651401877403
Jhon Arias,35,0,0,0.060656514,0.06065651401877403
Jhon Arias,36,0,0,0.060656514,0.06065651401877403
Jhon Arias,37,0,0,0.060656514,0.06065651401877403
Jhon Arias,38,0,0,0.060656514,0.06065651401877403
Benjamin Lecomte,34,0,0,0.060656514,0.06065651401877403
Benjamin Lecomte,35,0,0,0.060656514,0.06065651401877403
Benjamin Lecomte,36,0,0,0.060656514,0.06065651401877403
Benjamin Lecomte,37,0,0,0.060656514,0.06065651401877403
Benjamin Lecomte,38,0,0,0.060656514,0.06065651401877403
Lucas Estella Perri,35,0,0,0.060656514,0.06065651401877403
Lucas Estella Perri,36,0,0,0.060656514,0.06065651401877403
Lucas Estella Perri,37,0,0,0.060656514,0.06065651401877403
Lucas Estella Perri,38,0,0,0.060656514,0.06065651401877403
Viktor Gyökeres,34,56,1,2.0482557,1.0482556819915771
Viktor Gyökeres,35,63,16,2.5027845,13.497215509414673
Viktor Gyökeres,36,90,2,5.8724284,3.8724284172058105
Viktor Gyökeres,37,17,1,3.9570687,2.957068681716919
Viktor Gyökeres,38,7,1,1.9948424,0.9948424100875854
Adam Aznou,34,0,0,0.060656514,0.06065651401877403
Adam Aznou,35,0,0,0.060656514,0.06065651401877403
Adam Aznou,36,0,0,0.060656514,0.06065651401877403
Adam Aznou,37,0,0,0.060656514,0.06065651401877403
Adam Aznou,38,0,0,0.060656514,0.06065651401877403
Granit Xhaka,34,90,1,2.8605325,1.860532522201538
Granit Xhaka,35,90,9,3.396571,5.603429079055786
Granit Xhaka,36,90,5,3.4171593,1.5828406810760498
Granit Xhaka,37,90,2,4.5206857,2.5206856727600098
Granit Xhaka,38,90,1,3.4395683,2.439568281173706
Dan Ndoye,34,0,0,0.5613425,0.5613424777984619
Dan Ndoye,35,0,0,0.3533519,0.353351891040802
Dan Ndoye,36,0,0,0.14782526,0.14782525599002838
Dan Ndoye,37,0,0,0.14279921,0.14279921352863312
Dan Ndoye,38,0,0,0.060656514,0.06065651401877403
Robin Roefs,34,90,0,2.5659382,2.5659382343292236
Robin Roefs,35,90,3,3.0374913,0.0374913215637207
Robin Roefs,36,90,6,3.2997162,2.7002837657928467
Robin Roefs,37,90,3,3.2802348,0.28023481369018555
Robin Roefs,38,90,2,2.9534466,0.953446626663208
Callum Wilson,34,9,4,1.3225553,2.6774446964263916
Callum Wilson,35,25,1,1.2096972,0.20969724655151367
Callum Wilson,36,5,1,1.5221581,0.522158145904541
Callum Wilson,37,90,2,1.0932977,0.9067022800445557
Callum Wilson,38,45,5,2.363548,2.6364519596099854
Jorrel Hato,35,0,0,2.9550817,2.9550817012786865
Jorrel Hato,36,90,3,1.296127,1.7038730382919312
Jorrel Hato,37,90,1,3.0209355,2.020935535430908
Jorrel Hato,38,51,0,2.602849,2.602849006652832
João Maria Lobo Alves Palhares Costa Palhinha Gonçalves,34,28,9,2.040824,6.959176063537598
João Maria Lobo Alves Palhares Costa Palhinha Gonçalves,35,90,2,1.7450924,0.25490760803222656
João Maria Lobo Alves Palhares Costa Palhinha Gonçalves,36,90,3,2.5495172,0.4504828453063965
João Maria Lobo Alves Palhares Costa Palhinha Gonçalves,37,68,4,3.3464317,0.6535682678222656
João Maria Lobo Alves Palhares Costa Palhinha Gonçalves,38,90,12,2.6840153,9.315984725952148
Aaron Ramsdale,34,0,0,2.9191198,2.9191198348999023
Aaron Ramsdale,35,0,0,1.0800319,1.0800318717956543
Aaron Ramsdale,36,0,0,0.42749715,0.42749714851379395
Aaron Ramsdale,37,0,0,0.26646334,0.26646333932876587
Aaron Ramsdale,38,0,0,0.26646334,0.26646333932876587
Angus Gunn,34,0,0,0.060656514,0.06065651401877403
Angus Gunn,35,0,0,0.060656514,0.06065651401877403
Angus Gunn,36,0,0,0.060656514,0.06065651401877403
Angus Gunn,37,0,0,0.060656514,0.06065651401877403
Angus Gunn,38,0,0,0.060656514,0.06065651401877403
Lesley Ugochukwu,35,0,0,2.5734575,2.5734574794769287
Lesley Ugochukwu,36,78,5,1.107866,3.892133951187134
Lesley Ugochukwu,37,70,2,2.4591925,0.45919251441955566
Lesley Ugochukwu,38,74,2,2.437651,0.4376509189605713
Evann Guessand,34,0,0,0.8891131,0.8891131281852722
Evann Guessand,35,0,0,0.3548436,0.3548435866832733
Evann Guessand,36,0,0,0.34530145,0.34530144929885864
Evann Guessand,37,1,1,0.060656514,0.939343485981226
Evann Guessand,38,28,1,1.1354961,0.1354961395263672
Arthur Masuaku,34,0,0,0.060656514,0.06065651401877403
Arthur Masuaku,35,0,0,0.060656514,0.06065651401877403
Arthur Masuaku,36,0,0,0.060656514,0.06065651401877403
Arthur Masuaku,37,0,0,0.060656514,0.06065651401877403
Arthur Masuaku,38,0,0,0.060656514,0.06065651401877403
Mads Hermansen,34,90,2,3.132786,1.1327860355377197
Mads Hermansen,35,90,2,3.039855,1.0398550033569336
Mads Hermansen,36,90,2,3.2745645,1.274564504623413
Mads Hermansen,37,90,5,3.1858535,1.8141465187072754
Mads Hermansen,38,90,7,3.1631074,3.836892604827881
Armando Broja,35,14,1,1.0318593,0.03185927867889404
Armando Broja,36,0,0,0.84870195,0.8487019538879395
Armando Broja,37,0,0,0.72364575,0.7236457467079163
Armando Broja,38,0,0,0.58706397,0.5870639681816101
Benjamin Sesko,34,87,8,2.456399,5.543601036071777
Benjamin Sesko,35,45,5,3.5969465,1.4030535221099854
Benjamin Sesko,36,0,0,4.3882613,4.388261318206787
Benjamin Sesko,37,0,0,2.1823332,2.18233323097229
Benjamin Sesko,38,0,0,1.7666048,1.7666047811508179
David Møller Wolfe,34,1,1,0.3000939,0.6999061107635498
David Møller Wolfe,35,0,0,0.49032125,0.49032124876976013
David Møller Wolfe,36,45,1,0.22193497,0.778065025806427
David Møller Wolfe,37,84,2,1.397352,0.6026480197906494
David Møller Wolfe,38,73,2,2.159218,0.15921807289123535
Omar Alderete,34,90,0,2.5128431,2.512843132019043
Omar Alderete,35,90,4,2.4086783,1.5913217067718506
Omar Alderete,36,90,8,2.9583037,5.041696310043335
Omar Alderete,37,22,1,3.160955,2.1609549522399902
Omar Alderete,38,0,0,2.3774083,2.377408266067505
Malick Thiaw,34,90,2,3.3780005,1.3780004978179932
Malick Thiaw,35,90,2,3.4593854,1.4593853950500488
Malick Thiaw,36,90,2,3.4214938,1.4214937686920166
Malick Thiaw,37,90,2,3.376023,1.3760230541229248
Malick Thiaw,38,90,1,3.1381814,2.138181447982788
Bafodé Diakité,35,0,0,0.060656514,0.06065651401877403
Bafodé Diakité,36,0,0,0.060656514,0.06065651401877403
Bafodé Diakité,37,0,0,0.060656514,0.06065651401877403
Bafodé Diakité,38,0,0,0.060656514,0.06065651401877403
Rio Ngumoha,34,0,0,2.139371,2.139370918273926
Rio Ngumoha,35,15,1,2.6087165,1.6087164878845215
Rio Ngumoha,36,66,6,1.5673093,4.432690739631653
Rio Ngumoha,37,90,2,2.1571856,0.15718555450439453
Rio Ngumoha,38,72,2,3.0319853,1.0319852828979492
Remy Rees-Dottin,35,0,0,0.060656514,0.06065651401877403
Remy Rees-Dottin,36,0,0,0.060656514,0.06065651401877403
Remy Rees-Dottin,37,0,0,0.060656514,0.06065651401877403
Remy Rees-Dottin,38,0,0,0.060656514,0.06065651401877403
James Wright,34,0,0,0.060656514,0.06065651401877403
James Wright,35,0,0,0.060656514,0.06065651401877403
James Wright,36,0,0,0.060656514,0.06065651401877403
James Wright,37,0,0,0.060656514,0.06065651401877403
James Wright,38,0,0,0.060656514,0.06065651401877403
Seung-Soo Park,34,0,0,0.060656514,0.06065651401877403
Seung-Soo Park,35,0,0,0.060656514,0.06065651401877403
Seung-Soo Park,36,0,0,0.060656514,0.06065651401877403
Seung-Soo Park,37,0,0,0.060656514,0.06065651401877403
Seung-Soo Park,38,0,0,0.060656514,0.06065651401877403
Rio Cardines,34,0,0,0.060656514,0.06065651401877403
Rio Cardines,35,0,0,0.060656514,0.06065651401877403
Rio Cardines,36,0,0,0.060656514,0.06065651401877403
Rio Cardines,37,0,0,0.060656514,0.06065651401877403
Rio Cardines,38,90,2,0.060656514,1.939343485981226
Dominic Calvert-Lewin,35,90,6,3.0620394,2.937960624694824
Dominic Calvert-Lewin,36,90,7,8.215488,1.2154884338378906
Dominic Calvert-Lewin,37,90,7,5.008988,1.9910120964050293
Dominic Calvert-Lewin,38,68,2,5.60401,3.6040101051330566
Giovanni Leoni,34,0,0,0.060656514,0.06065651401877403
Giovanni Leoni,35,0,0,0.060656514,0.06065651401877403
Giovanni Leoni,36,0,0,0.060656514,0.06065651401877403
Giovanni Leoni,37,0,0,0.060656514,0.06065651401877403
Giovanni Leoni,38,0,0,0.060656514,0.06065651401877403
Omari Hutchinson,34,66,3,2.8068035,0.19319653511047363
Omari Hutchinson,35,10,1,2.687099,1.6870989799499512
Omari Hutchinson,36,26,1,1.8829437,0.8829437494277954
Omari Hutchinson,37,69,2,2.0911202,0.09112024307250977
Omari Hutchinson,38,77,5,2.5058422,2.4941577911376953
Nordi Mukiele,34,90,0,2.661116,2.661115884780884
Nordi Mukiele,35,90,11,2.9478078,8.052192211151123
Nordi Mukiele,36,90,6,2.9443243,3.055675745010376
Nordi Mukiele,37,90,2,3.5201573,1.5201573371887207
Nordi Mukiele,38,90,4,3.4093802,0.5906198024749756
Jackson Tchatchoua,34,4,1,2.1744719,1.1744718551635742
Jackson Tchatchoua,35,0,0,1.52377,1.5237699747085571
Jackson Tchatchoua,36,0,0,0.49595973,0.49595972895622253
Jackson Tchatchoua,37,0,0,0.507012,0.5070120096206665
Jackson Tchatchoua,38,0,0,0.26646334,0.26646333932876587
Arnaud Kalimuendo,34,0,0,0.060656514,0.06065651401877403
Arnaud Kalimuendo,35,0,0,0.060656514,0.06065651401877403
Arnaud Kalimuendo,36,0,0,0.060656514,0.06065651401877403
Arnaud Kalimuendo,37,0,0,0.060656514,0.06065651401877403
Arnaud Kalimuendo,38,0,0,0.060656514,0.06065651401877403
Amine Adli,35,4,1,1.4647334,0.464733362197876
Amine Adli,36,12,1,1.2700425,0.2700425386428833
Amine Adli,37,0,0,1.2977189,1.29771888256073
Amine Adli,38,17,1,0.63479406,0.36520594358444214
Noah Okafor,35,64,10,4.1538353,5.846164703369141
Noah Okafor,36,0,0,4.57001,4.570010185241699
Noah Okafor,37,0,0,0.72804356,0.7280435562133789
Noah Okafor,38,0,0,1.3293301,1.3293300867080688
Douglas Luiz Soares de Paulo,34,16,0,0.7841093,0.7841092944145203
Douglas Luiz Soares de Paulo,35,0,0,0.80614763,0.8061476349830627
Douglas Luiz Soares de Paulo,36,10,1,0.5545482,0.4454517960548401
Douglas Luiz Soares de Paulo,37,1,1,1.1961391,0.19613909721374512
Douglas Luiz Soares de Paulo,38,72,2,1.1121565,0.8878434896469116
Max Dowman,34,0,0,1.3477631,1.3477630615234375
Max Dowman,35,12,1,0.7268507,0.273149311542511
Max Dowman,36,0,0,1.4655614,1.4655613899230957
Max Dowman,37,0,0,0.6754635,0.6754634976387024
Max Dowman,38,61,3,0.6399826,2.360017418861389
Triston Rowe,34,0,0,0.060656514,0.06065651401877403
Triston Rowe,35,0,0,0.060656514,0.06065651401877403
Triston Rowe,36,0,0,0.060656514,0.06065651401877403
Triston Rowe,37,0,0,0.060656514,0.06065651401877403
Triston Rowe,38,0,0,0.060656514,0.06065651401877403
Bradley Burrowes,34,0,0,0.060656514,0.06065651401877403
Bradley Burrowes,35,0,0,0.060656514,0.06065651401877403
Bradley Burrowes,36,0,0,0.060656514,0.06065651401877403
Bradley Burrowes,37,0,0,0.060656514,0.06065651401877403
Bradley Burrowes,38,0,0,0.060656514,0.06065651401877403
Sam Proctor,34,0,0,0.060656514,0.06065651401877403
Sam Proctor,35,0,0,0.060656514,0.06065651401877403
Sam Proctor,36,0,0,0.060656514,0.06065651401877403
Sam Proctor,37,0,0,0.060656514,0.06065651401877403
Sam Proctor,38,0,0,0.060656514,0.06065651401877403
Tyler Onyango,34,0,0,0.060656514,0.06065651401877403
Tyler Onyango,35,0,0,0.060656514,0.06065651401877403
Tyler Onyango,36,0,0,0.060656514,0.06065651401877403
Tyler Onyango,37,0,0,0.060656514,0.06065651401877403
Tyler Onyango,38,0,0,0.060656514,0.06065651401877403
Elijah Campbell,34,0,0,0.060656514,0.06065651401877403
Elijah Campbell,35,0,0,0.060656514,0.06065651401877403
Elijah Campbell,36,0,0,0.060656514,0.06065651401877403
Elijah Campbell,37,0,0,0.060656514,0.06065651401877403
Elijah Campbell,38,0,0,0.060656514,0.06065651401877403
James Justin,35,90,2,4.9318547,2.931854724884033
James Justin,36,90,4,4.8211713,0.8211712837219238
James Justin,37,90,6,5.1390667,0.8609333038330078
James Justin,38,90,1,3.7773104,2.777310371398926
Tyler Dibling,34,0,0,0.14279921,0.14279921352863312
Tyler Dibling,35,0,0,0.060656514,0.06065651401877403
Tyler Dibling,36,0,0,0.060656514,0.06065651401877403
Tyler Dibling,37,0,0,0.060656514,0.06065651401877403
Tyler Dibling,38,0,0,0.060656514,0.06065651401877403
Mateus Gonçalo Espanha Fernandes,34,90,2,3.4840806,1.4840805530548096
Mateus Gonçalo Espanha Fernandes,35,90,4,3.4764814,0.5235185623168945
Mateus Gonçalo Espanha Fernandes,36,90,2,3.3347814,1.3347814083099365
Mateus Gonçalo Espanha Fernandes,37,90,4,3.307815,0.6921849250793457
Mateus Gonçalo Espanha Fernandes,38,90,9,3.6717298,5.328270196914673
Ladislav Krejcí,34,0,0,3.6253965,3.625396490097046
Ladislav Krejcí,35,0,0,1.2307707,1.2307707071304321
Ladislav Krejcí,36,0,0,1.0188003,1.0188002586364746
Ladislav Krejcí,37,90,2,0.43537113,1.5646288692951202
Ladislav Krejcí,38,65,6,2.5696094,3.4303905963897705
Travis Patterson,34,0,0,0.060656514,0.06065651401877403
Travis Patterson,35,0,0,0.060656514,0.06065651401877403
Travis Patterson,36,0,0,0.060656514,0.06065651401877403
Travis Patterson,37,0,0,0.060656514,0.06065651401877403
Travis Patterson,38,0,0,0.060656514,0.06065651401877403
Andre Harriman-Annous,34,0,0,0.060656514,0.06065651401877403
Andre Harriman-Annous,35,0,0,0.060656514,0.06065651401877403
Andre Harriman-Annous,36,0,0,0.060656514,0.06065651401877403
Andre Harriman-Annous,37,0,0,0.060656514,0.06065651401877403
Andre Harriman-Annous,38,0,0,0.060656514,0.06065651401877403
Yéremy Pino Santos,34,31,1,1.718408,0.7184079885482788
Yéremy Pino Santos,35,45,1,3.668566,2.6685659885406494
Yéremy Pino Santos,36,59,1,2.5456681,1.545668125152588
Yéremy Pino Santos,37,45,1,2.1991758,1.1991758346557617
Yéremy Pino Santos,38,45,4,2.133254,1.866745948791504
Álex Jiménez Sánchez,35,90,6,3.1006234,2.899376630783081
Álex Jiménez Sánchez,36,0,0,3.3494205,3.3494205474853516
Álex Jiménez Sánchez,37,0,0,1.8862507,1.8862507343292236
Álex Jiménez Sánchez,38,0,0,0.8682572,0.8682572245597839
Nick Woltemade,34,15,1,1.3895316,0.38953161239624023
Nick Woltemade,35,0,0,1.0990152,1.099015235900879
Nick Woltemade,36,60,2,0.8310151,1.1689848899841309
Nick Woltemade,37,74,8,1.5735582,6.426441788673401
Nick Woltemade,38,77,2,1.8002841,0.19971585273742676
John Victor Maciel Furtado,34,0,0,0.060656514,0.06065651401877403
John Victor Maciel Furtado,35,0,0,0.060656514,0.06065651401877403
John Victor Maciel Furtado,36,0,0,0.060656514,0.06065651401877403
John Victor Maciel Furtado,37,0,0,0.060656514,0.06065651401877403
John Victor Maciel Furtado,38,0,0,0.060656514,0.06065651401877403
Nicolò Savona,34,0,0,0.060656514,0.06065651401877403
Nicolò Savona,35,0,0,0.060656514,0.06065651401877403
Nicolò Savona,36,0,0,0.060656514,0.06065651401877403
Nicolò Savona,37,0,0,0.060656514,0.06065651401877403
Nicolò Savona,38,0,0,0.060656514,0.06065651401877403
Xavi Simons,34,62,3,3.714073,0.7140729427337646
Xavi Simons,35,0,0,2.7463436,2.7463436126708984
Xavi Simons,36,0,0,1.3654523,1.3654522895812988
Xavi Simons,37,0,0,1.7564418,1.7564418315887451
Xavi Simons,38,0,0,0.6308679,0.6308678984642029
Soungoutou Magassa,34,0,0,0.5613425,0.5613424777984619
Soungoutou Magassa,35,2,1,0.38523206,0.6147679388523102
Soungoutou Magassa,36,0,0,0.7104712,0.7104712128639221
Soungoutou Magassa,37,0,0,0.22193497,0.221934974193573
Soungoutou Magassa,38,0,0,0.22193497,0.221934974193573
Victor Lindelöf,34,0,0,0.9945508,0.9945508241653442
Victor Lindelöf,35,90,1,0.9945508,0.005449175834655762
Victor Lindelöf,36,73,1,2.3917243,1.3917243480682373
Victor Lindelöf,37,45,1,2.254685,1.2546849250793457
Victor Lindelöf,38,72,2,1.8948416,0.10515844821929932
Tolu Arokodare,34,19,1,0.93456334,0.06543666124343872
Tolu Arokodare,35,90,2,1.2791524,0.7208476066589355
Tolu Arokodare,36,1,1,3.5779183,2.577918291091919
Tolu Arokodare,37,18,1,1.5159286,0.5159286260604858
Tolu Arokodare,38,24,1,1.8703406,0.8703405857086182
Veljko Milosavljevic,35,0,0,0.060656514,0.06065651401877403
Veljko Milosavljevic,36,0,0,0.060656514,0.06065651401877403
Veljko Milosavljevic,37,0,0,0.060656514,0.06065651401877403
Veljko Milosavljevic,38,0,0,0.060656514,0.06065651401877403
Florentino Ibrain Morris Luís,35,25,1,2.9319348,1.9319348335266113
Florentino Ibrain Morris Luís,36,86,4,2.052531,1.9474689960479736
Florentino Ibrain Morris Luís,37,77,4,2.6346164,1.3653836250305176
Florentino Ibrain Morris Luís,38,90,4,2.6629589,1.3370411396026611
Jaydee Canvot,34,90,3,3.2431874,0.24318742752075195
Jaydee Canvot,35,90,0,3.7427738,3.7427737712860107
Jaydee Canvot,36,180,4,3.6175346,0.3824653625488281
Jaydee Canvot,37,90,3,3.301275,0.30127501487731934
Jaydee Canvot,38,0,0,4.8247776,4.824777603149414
Lutsharel Geertruida,34,0,0,0.86721116,0.8672111630439758
Lutsharel Geertruida,35,0,0,0.3671533,0.3671532869338989
Lutsharel Geertruida,36,90,6,0.31191573,5.688084274530411
Lutsharel Geertruida,37,90,2,2.5951407,0.5951406955718994
Lutsharel Geertruida,38,90,1,2.3972838,1.3972837924957275
Piero Hincapié,34,90,9,2.4385898,6.561410188674927
Piero Hincapié,35,0,0,3.5747583,3.574758291244507
Piero Hincapié,36,0,0,1.5554872,1.5554871559143066
Piero Hincapié,37,18,1,1.0594214,0.059421420097351074
Piero Hincapié,38,90,2,1.3071997,0.6928002834320068
Randal Kolo Muani,34,45,1,2.1766844,1.1766843795776367
Randal Kolo Muani,35,66,1,2.3003204,1.3003203868865967
Randal Kolo Muani,36,90,2,3.7271395,1.7271394729614258
Randal Kolo Muani,37,68,2,2.956434,0.9564340114593506
Randal Kolo Muani,38,17,1,2.2305274,1.230527400970459
Samuel Chukwueze,34,75,3,2.102532,0.897468090057373
Samuel Chukwueze,35,63,2,2.7383933,0.7383933067321777
Samuel Chukwueze,36,61,2,2.0133464,0.013346433639526367
Samuel Chukwueze,37,11,1,2.155307,1.1553070545196533
Samuel Chukwueze,38,0,0,2.0346527,2.0346527099609375
Merlin Röhl,34,0,0,0.29919153,0.29919153451919556
Merlin Röhl,35,90,5,0.2127299,4.787270098924637
Merlin Röhl,36,79,2,2.6040328,0.6040327548980713
Merlin Röhl,37,87,9,2.1533089,6.846691131591797
Merlin Röhl,38,61,2,3.1750116,1.1750116348266602
Luis Eduardo Soares da Silva,34,0,0,0.060656514,0.06065651401877403
Luis Eduardo Soares da Silva,35,0,0,0.060656514,0.06065651401877403
Luis Eduardo Soares da Silva,36,0,0,0.060656514,0.06065651401877403
Luis Eduardo Soares da Silva,37,0,0,0.060656514,0.06065651401877403
Luis Eduardo Soares da Silva,38,0,0,0.060656514,0.06065651401877403
Brian Brobbey,34,90,2,3.5688198,1.5688197612762451
Brian Brobbey,35,71,1,3.7390919,2.7390918731689453
Brian Brobbey,36,90,2,2.6816278,0.6816277503967285
Brian Brobbey,37,76,7,3.9768183,3.023181676864624
Brian Brobbey,38,60,5,2.6893797,2.3106203079223633
Kevin Santos Lopes de Macedo,34,0,0,0.060656514,0.06065651401877403
Kevin Santos Lopes de Macedo,35,0,0,0.060656514,0.06065651401877403
Kevin Santos Lopes de Macedo,36,28,1,0.060656514,0.939343485981226
Kevin Santos Lopes de Macedo,37,45,1,2.1086977,1.1086976528167725
Kevin Santos Lopes de Macedo,38,59,4,1.8722558,2.127744197845459
Christantus Uche,34,0,0,0.24901627,0.24901627004146576
Christantus Uche,35,0,0,0.24901627,0.24901627004146576
Christantus Uche,36,0,0,0.060656514,0.06065651401877403
Christantus Uche,37,0,0,0.060656514,0.06065651401877403
Christantus Uche,38,0,0,0.060656514,0.06065651401877403
Senne Lammens,34,90,3,2.6866384,0.31336164474487305
Senne Lammens,35,90,2,3.1637046,1.1637046337127686
Senne Lammens,36,90,9,3.1377845,5.862215518951416
Senne Lammens,37,90,1,2.8382432,1.8382432460784912
Senne Lammens,38,90,6,3.2760262,2.7239737510681152
Dilane Bakwa,34,0,0,1.5788159,1.5788159370422363
Dilane Bakwa,35,79,7,0.71225184,6.287748157978058
Dilane Bakwa,36,63,3,2.5219011,0.47809886932373047
Dilane Bakwa,37,20,1,2.239759,1.2397589683532715
Dilane Bakwa,38,0,0,1.9784738,1.9784737825393677
Bertrand Traoré,34,0,0,0.14279921,0.14279921352863312
Bertrand Traoré,35,0,0,0.060656514,0.06065651401877403
Bertrand Traoré,36,0,0,0.060656514,0.06065651401877403
Bertrand Traoré,37,0,0,0.060656514,0.06065651401877403
Bertrand Traoré,38,0,0,0.060656514,0.06065651401877403
Gianluigi Donnarumma,35,90,1,3.2404408,2.240440845489502
Gianluigi Donnarumma,36,180,14,3.9033391,10.096660852432251
Gianluigi Donnarumma,37,90,1,2.156806,1.1568059921264648
Gianluigi Donnarumma,38,0,0,5.5840983,5.5840983390808105
Jonah Kusi-Asare,34,0,0,0.060656514,0.06065651401877403
Jonah Kusi-Asare,35,12,1,0.060656514,0.939343485981226
Jonah Kusi-Asare,36,7,1,0.66654855,0.33345144987106323
Jonah Kusi-Asare,37,0,0,0.77620053,0.776200532913208
Jonah Kusi-Asare,38,0,0,0.53175795,0.5317579507827759
Lukasz Fabianski,34,0,0,0.060656514,0.06065651401877403
Lukasz Fabianski,35,0,0,0.060656514,0.06065651401877403
Lukasz Fabianski,36,0,0,0.060656514,0.06065651401877403
Lukasz Fabianski,37,0,0,0.060656514,0.06065651401877403
Lukasz Fabianski,38,0,0,0.060656514,0.06065651401877403
Divine Mukasa,35,0,0,0.060656514,0.06065651401877403
Divine Mukasa,36,0,0,0.060656514,0.06065651401877403
Divine Mukasa,37,0,0,0.060656514,0.06065651401877403
Divine Mukasa,38,0,0,0.060656514,0.06065651401877403
Stephen Mfuni,35,0,0,0.060656514,0.06065651401877403
Stephen Mfuni,36,0,0,0.060656514,0.06065651401877403
Stephen Mfuni,37,0,0,0.060656514,0.06065651401877403
Stephen Mfuni,38,0,0,0.060656514,0.06065651401877403
Harry Gray,35,0,0,0.060656514,0.06065651401877403
Harry Gray,36,0,0,0.060656514,0.06065651401877403
Harry Gray,37,0,0,0.060656514,0.06065651401877403
Harry Gray,38,0,0,0.060656514,0.06065651401877403
Ryan McAidoo,35,0,0,0.060656514,0.06065651401877403
Ryan McAidoo,36,0,0,0.060656514,0.06065651401877403
Ryan McAidoo,37,0,0,0.060656514,0.06065651401877403
Ryan McAidoo,38,0,0,0.060656514,0.06065651401877403
Landon Emenalo,35,0,0,0.060656514,0.06065651401877403
Landon Emenalo,36,0,0,0.060656514,0.06065651401877403
Landon Emenalo,37,0,0,0.060656514,0.06065651401877403
Landon Emenalo,38,0,0,0.060656514,0.06065651401877403
Nehemiah Oriola,35,0,0,0.060656514,0.06065651401877403
Nehemiah Oriola,36,0,0,0.060656514,0.06065651401877403
Nehemiah Oriola,37,0,0,0.060656514,0.06065651401877403
Nehemiah Oriola,38,0,0,0.060656514,0.06065651401877403
Jun'ai Byfield,34,0,0,0.060656514,0.06065651401877403
Jun'ai Byfield,35,0,0,0.060656514,0.06065651401877403
Jun'ai Byfield,36,0,0,0.060656514,0.06065651401877403
Jun'ai Byfield,37,0,0,0.060656514,0.06065651401877403
Jun'ai Byfield,38,0,0,0.060656514,0.06065651401877403
Kieran Morrison,34,0,0,0.060656514,0.06065651401877403
Kieran Morrison,35,0,0,0.060656514,0.06065651401877403
Kieran Morrison,36,0,0,0.060656514,0.06065651401877403
Kieran Morrison,37,0,0,0.060656514,0.06065651401877403
Kieran Morrison,38,0,0,0.060656514,0.06065651401877403
Ezra Mayers,34,0,0,0.060656514,0.06065651401877403
Ezra Mayers,35,0,0,0.060656514,0.06065651401877403
Ezra Mayers,36,0,0,0.060656514,0.06065651401877403
Ezra Mayers,37,0,0,0.060656514,0.06065651401877403
Ezra Mayers,38,0,0,0.060656514,0.06065651401877403
Josh Dasilva,34,0,0,0.060656514,0.06065651401877403
Josh Dasilva,35,1,1,0.060656514,0.939343485981226
Josh Dasilva,36,0,0,0.5958018,0.5958017706871033
Josh Dasilva,37,1,1,0.22193497,0.778065025806427
Josh Dasilva,38,0,0,0.99144423,0.9914442300796509
Mateus Mané,34,90,2,2.4003,0.4003000259399414
Mateus Mané,35,90,2,2.7565734,0.7565734386444092
Mateus Mané,36,66,2,3.4588325,1.4588325023651123
Mateus Mané,37,90,11,3.654976,7.345024108886719
Mateus Mané,38,90,2,2.572534,0.5725340843200684
James Rowswell,34,0,0,0.14279921,0.14279921352863312
James Rowswell,35,0,0,0.14279921,0.14279921352863312
James Rowswell,36,0,0,0.060656514,0.06065651401877403
James Rowswell,37,0,0,0.060656514,0.06065651401877403
James Rowswell,38,0,0,0.060656514,0.06065651401877403
Yusuf Akhamrich,34,0,0,0.060656514,0.06065651401877403
Yusuf Akhamrich,35,0,0,0.060656514,0.06065651401877403
Yusuf Akhamrich,36,0,0,0.060656514,0.06065651401877403
Yusuf Akhamrich,37,0,0,0.060656514,0.06065651401877403
Yusuf Akhamrich,38,0,0,0.060656514,0.06065651401877403
Airidas Golambeckis,34,0,0,0.060656514,0.06065651401877403
Airidas Golambeckis,35,0,0,0.060656514,0.06065651401877403
Airidas Golambeckis,36,0,0,0.060656514,0.06065651401877403
Airidas Golambeckis,37,0,0,0.060656514,0.06065651401877403
Airidas Golambeckis,38,0,0,0.060656514,0.06065651401877403
John Ruddy,34,0,0,0.060656514,0.06065651401877403
John Ruddy,35,0,0,0.060656514,0.06065651401877403
John Ruddy,36,0,0,0.060656514,0.06065651401877403
John Ruddy,37,0,0,0.060656514,0.06065651401877403
John Ruddy,38,0,0,0.060656514,0.06065651401877403
George Hemmings,34,0,0,0.060656514,0.06065651401877403
George Hemmings,35,0,0,0.060656514,0.06065651401877403
George Hemmings,36,0,0,0.060656514,0.06065651401877403
George Hemmings,37,0,0,0.060656514,0.06065651401877403
George Hemmings,38,0,0,0.060656514,0.06065651401877403
Shea Lacey,34,0,0,0.060656514,0.06065651401877403
Shea Lacey,35,0,0,0.060656514,0.06065651401877403
Shea Lacey,36,0,0,0.060656514,0.06065651401877403
Shea Lacey,37,0,0,0.060656514,0.06065651401877403
Shea Lacey,38,28,1,0.060656514,0.939343485981226
Malcom DaCosta,35,0,0,0.060656514,0.06065651401877403
Malcom DaCosta,36,0,0,0.060656514,0.06065651401877403
Malcom DaCosta,37,0,0,0.060656514,0.06065651401877403
Malcom DaCosta,38,0,0,0.060656514,0.06065651401877403
Ronnie Hollingshead,34,0,0,0.060656514,0.06065651401877403
Ronnie Hollingshead,35,0,0,0.060656514,0.06065651401877403
Ronnie Hollingshead,36,0,0,0.060656514,0.06065651401877403
Ronnie Hollingshead,37,0,0,0.060656514,0.06065651401877403
Ronnie Hollingshead,38,0,0,0.060656514,0.06065651401877403
Mohamadou Kanté,34,0,0,1.2300371,1.2300370931625366
Mohamadou Kanté,35,0,0,0.54987603,0.5498760342597961
Mohamadou Kanté,36,0,0,0.51780045,0.5178004503250122
Mohamadou Kanté,37,27,0,0.19136588,0.19136588275432587
Mohamadou Kanté,38,2,1,1.11033,0.11032998561859131
Marli Salmon,34,0,0,0.060656514,0.06065651401877403
Marli Salmon,35,0,0,0.060656514,0.06065651401877403
Marli Salmon,36,0,0,0.060656514,0.06065651401877403
Marli Salmon,37,0,0,0.060656514,0.06065651401877403
Marli Salmon,38,0,0,0.060656514,0.06065651401877403
Wellity Lucky,34,0,0,0.060656514,0.06065651401877403
Wellity Lucky,35,0,0,0.060656514,0.06065651401877403
Wellity Lucky,36,0,0,0.060656514,0.06065651401877403
Wellity Lucky,37,0,0,0.060656514,0.06065651401877403
Wellity Lucky,38,0,0,0.060656514,0.06065651401877403
Freddie Simmonds,35,0,0,0.060656514,0.06065651401877403
Freddie Simmonds,36,0,0,0.060656514,0.06065651401877403
Freddie Simmonds,37,0,0,0.060656514,0.06065651401877403
Freddie Simmonds,38,0,0,0.060656514,0.06065651401877403
Joél Drakes-Thomas,34,0,0,0.060656514,0.06065651401877403
Joél Drakes-Thomas,35,0,0,0.060656514,0.06065651401877403
Joél Drakes-Thomas,36,0,0,0.060656514,0.06065651401877403
Joél Drakes-Thomas,37,0,0,0.060656514,0.06065651401877403
Joél Drakes-Thomas,38,0,0,0.060656514,0.06065651401877403
Charlie Gray,35,0,0,0.060656514,0.06065651401877403
Charlie Gray,36,0,0,0.060656514,0.06065651401877403
Charlie Gray,37,0,0,0.060656514,0.06065651401877403
Charlie Gray,38,0,0,0.060656514,0.06065651401877403
Reigan Heskey,35,0,0,0.060656514,0.06065651401877403
Reigan Heskey,36,0,0,0.060656514,0.06065651401877403
Reigan Heskey,37,0,0,0.060656514,0.06065651401877403
Reigan Heskey,38,0,0,0.060656514,0.06065651401877403
Leo Shahar,34,0,0,0.060656514,0.06065651401877403
Leo Shahar,35,0,0,0.060656514,0.06065651401877403
Leo Shahar,36,0,0,0.060656514,0.06065651401877403
Leo Shahar,37,0,0,0.060656514,0.06065651401877403
Leo Shahar,38,0,0,0.060656514,0.06065651401877403
Saheed Olagunju,34,0,0,0.060656514,0.06065651401877403
Saheed Olagunju,35,0,0,0.060656514,0.06065651401877403
Saheed Olagunju,36,0,0,0.060656514,0.06065651401877403
Saheed Olagunju,37,0,0,0.060656514,0.06065651401877403
Saheed Olagunju,38,0,0,0.060656514,0.06065651401877403
Luke Rawlings,34,0,0,0.060656514,0.06065651401877403
Luke Rawlings,35,0,0,0.060656514,0.06065651401877403
Luke Rawlings,36,0,0,0.060656514,0.06065651401877403
Luke Rawlings,37,0,0,0.060656514,0.06065651401877403
Luke Rawlings,38,0,0,0.060656514,0.06065651401877403
Leon Routh,34,0,0,0.060656514,0.06065651401877403
Leon Routh,35,0,0,0.060656514,0.06065651401877403
Leon Routh,36,0,0,0.060656514,0.06065651401877403
Leon Routh,37,0,0,0.060656514,0.06065651401877403
Leon Routh,38,0,0,0.060656514,0.06065651401877403
Bendito Mantato,34,0,0,0.060656514,0.06065651401877403
Bendito Mantato,35,0,0,0.060656514,0.06065651401877403
Bendito Mantato,36,0,0,0.060656514,0.06065651401877403
Bendito Mantato,37,0,0,0.060656514,0.06065651401877403
Bendito Mantato,38,0,0,0.060656514,0.06065651401877403
Seth Ridgeon,34,0,0,0.060656514,0.06065651401877403
Seth Ridgeon,35,0,0,0.060656514,0.06065651401877403
Seth Ridgeon,36,0,0,0.060656514,0.06065651401877403
Seth Ridgeon,37,0,0,0.060656514,0.06065651401877403
Seth Ridgeon,38,0,0,0.060656514,0.06065651401877403
Tyler Fletcher,34,0,0,0.060656514,0.06065651401877403
Tyler Fletcher,35,0,0,0.060656514,0.06065651401877403
Tyler Fletcher,36,0,0,0.060656514,0.06065651401877403
Tyler Fletcher,37,0,0,0.060656514,0.06065651401877403
Tyler Fletcher,38,16,1,0.060656514,0.939343485981226
Sam Alabi,34,0,0,0.060656514,0.06065651401877403
Sam Alabi,35,0,0,0.060656514,0.06065651401877403
Sam Alabi,36,0,0,0.060656514,0.06065651401877403
Sam Alabi,37,0,0,0.060656514,0.06065651401877403
Sam Alabi,38,0,0,0.060656514,0.06065651401877403
Dean Benamar,34,0,0,0.060656514,0.06065651401877403
Dean Benamar,35,0,0,0.060656514,0.06065651401877403
Dean Benamar,36,0,0,0.060656514,0.06065651401877403
Dean Benamar,37,0,0,0.060656514,0.06065651401877403
Dean Benamar,38,0,0,0.060656514,0.06065651401877403
Jenson Jones,34,0,0,0.060656514,0.06065651401877403
Jenson Jones,35,0,0,0.060656514,0.06065651401877403
Jenson Jones,36,0,0,0.060656514,0.06065651401877403
Jenson Jones,37,0,0,0.060656514,0.06065651401877403
Jenson Jones,38,0,0,0.060656514,0.06065651401877403
Tymur Tutierov,34,0,0,0.060656514,0.06065651401877403
Tymur Tutierov,35,0,0,0.060656514,0.06065651401877403
Tymur Tutierov,36,0,0,0.060656514,0.06065651401877403
Tymur Tutierov,37,0,0,0.060656514,0.06065651401877403
Tymur Tutierov,38,0,0,0.060656514,0.06065651401877403
Oliver Pimlott,35,0,0,0.060656514,0.06065651401877403
Oliver Pimlott,36,0,0,0.060656514,0.06065651401877403
Oliver Pimlott,37,0,0,0.060656514,0.06065651401877403
Oliver Pimlott,38,0,0,0.060656514,0.06065651401877403
Temple Ojinnaka,34,0,0,0.060656514,0.06065651401877403
Temple Ojinnaka,35,0,0,0.060656514,0.06065651401877403
Temple Ojinnaka,36,0,0,0.060656514,0.06065651401877403
Temple Ojinnaka,37,0,0,0.060656514,0.06065651401877403
Temple Ojinnaka,38,0,0,0.060656514,0.06065651401877403
Ethan Sutherland,34,0,0,0.060656514,0.06065651401877403
Ethan Sutherland,35,0,0,0.060656514,0.06065651401877403
Ethan Sutherland,36,0,0,0.060656514,0.06065651401877403
Ethan Sutherland,37,0,0,0.060656514,0.06065651401877403
Ethan Sutherland,38,0,0,0.060656514,0.06065651401877403
Braiden Graham,34,0,0,0.060656514,0.06065651401877403
Braiden Graham,35,0,0,0.060656514,0.06065651401877403
Braiden Graham,36,0,0,0.060656514,0.06065651401877403
Braiden Graham,37,0,0,0.060656514,0.06065651401877403
Braiden Graham,38,0,0,0.060656514,0.06065651401877403
Ben Casey,34,0,0,0.060656514,0.06065651401877403
Ben Casey,35,0,0,0.060656514,0.06065651401877403
Ben Casey,36,0,0,0.060656514,0.06065651401877403
Ben Casey,37,0,0,0.060656514,0.06065651401877403
Ben Casey,38,0,0,0.060656514,0.06065651401877403
TJ Carroll,34,0,0,0.060656514,0.06065651401877403
TJ Carroll,35,0,0,0.060656514,0.06065651401877403
TJ Carroll,36,0,0,0.060656514,0.06065651401877403
TJ Carroll,37,0,0,0.060656514,0.06065651401877403
TJ Carroll,38,0,0,0.060656514,0.06065651401877403
Fraser Forster,35,0,0,0.060656514,0.06065651401877403
Fraser Forster,36,0,0,0.060656514,0.06065651401877403
Fraser Forster,37,0,0,0.060656514,0.06065651401877403
Fraser Forster,38,0,0,0.060656514,0.06065651401877403
Pascal Groß,35,90,2,6.288611,4.288610935211182
Pascal Groß,36,90,6,3.8779867,2.1220133304595947
Pascal Groß,37,90,3,4.882316,1.8823161125183105
Pascal Groß,38,90,2,4.3191605,2.3191604614257812
George Brierley,35,0,0,0.060656514,0.06065651401877403
George Brierley,36,0,0,0.060656514,0.06065651401877403
George Brierley,37,0,0,0.060656514,0.06065651401877403
George Brierley,38,0,0,0.060656514,0.06065651401877403
Pablo Felipe Pereira de Jesus,34,80,2,2.6678233,0.667823314666748
Pablo Felipe Pereira de Jesus,35,90,2,3.1570895,1.1570894718170166
Pablo Felipe Pereira de Jesus,36,23,1,4.035914,3.0359139442443848
Pablo Felipe Pereira de Jesus,37,27,1,2.1248567,1.12485671043396
Pablo Felipe Pereira de Jesus,38,45,1,2.4895544,1.4895544052124023
Alfie McNally,34,0,0,0.060656514,0.06065651401877403
Alfie McNally,35,0,0,0.060656514,0.06065651401877403
Alfie McNally,36,0,0,0.060656514,0.06065651401877403
Alfie McNally,37,0,0,0.060656514,0.06065651401877403
Alfie McNally,38,0,0,0.060656514,0.06065651401877403
Sam Chambers,35,0,0,0.060656514,0.06065651401877403
Sam Chambers,36,0,0,0.060656514,0.06065651401877403
Sam Chambers,37,0,0,0.060656514,0.06065651401877403
Sam Chambers,38,0,0,0.060656514,0.06065651401877403
Godwill Kukonki,34,0,0,0.060656514,0.06065651401877403
Godwill Kukonki,35,0,0,0.060656514,0.06065651401877403
Godwill Kukonki,36,0,0,0.060656514,0.06065651401877403
Godwill Kukonki,37,0,0,0.060656514,0.06065651401877403
Godwill Kukonki,38,0,0,0.060656514,0.06065651401877403
Max Merrick,35,0,0,0.060656514,0.06065651401877403
Max Merrick,36,0,0,0.060656514,0.06065651401877403
Max Merrick,37,0,0,0.060656514,0.06065651401877403
Max Merrick,38,0,0,0.060656514,0.06065651401877403
Lucá Williams-Barnett,34,0,0,0.060656514,0.06065651401877403
Lucá Williams-Barnett,35,0,0,0.060656514,0.06065651401877403
Lucá Williams-Barnett,36,0,0,0.060656514,0.06065651401877403
Lucá Williams-Barnett,37,0,0,0.060656514,0.06065651401877403
Lucá Williams-Barnett,38,0,0,0.060656514,0.06065651401877403
Valentín Castellanos,34,78,1,2.9730067,1.9730067253112793
Valentín Castellanos,35,64,1,2.7103982,1.7103981971740723
Valentín Castellanos,36,66,1,3.008571,2.008570909500122
Valentín Castellanos,37,64,6,2.3507137,3.6492862701416016
Valentín Castellanos,38,87,8,5.068601,2.931398868560791
Alysson Edward Franco da Rocha dos Santos,34,0,0,0.23929633,0.2392963320016861
Alysson Edward Franco da Rocha dos Santos,35,0,0,0.060656514,0.06065651401877403
Alysson Edward Franco da Rocha dos Santos,36,0,0,0.060656514,0.06065651401877403
Alysson Edward Franco da Rocha dos Santos,37,0,0,0.060656514,0.06065651401877403
Alysson Edward Franco da Rocha dos Santos,38,0,0,0.060656514,0.06065651401877403
George King,34,0,0,0.060656514,0.06065651401877403
George King,35,0,0,0.060656514,0.06065651401877403
George King,36,0,0,0.060656514,0.06065651401877403
George King,37,0,0,0.060656514,0.06065651401877403
George King,38,0,0,0.060656514,0.06065651401877403
Max Alleyne,35,0,0,0.060656514,0.06065651401877403
Max Alleyne,36,0,0,0.060656514,0.06065651401877403
Max Alleyne,37,0,0,0.060656514,0.06065651401877403
Max Alleyne,38,0,0,0.060656514,0.06065651401877403
Harry Howell,35,0,0,0.19253387,0.19253386557102203
Harry Howell,36,0,0,0.060656514,0.06065651401877403
Harry Howell,37,0,0,0.060656514,0.06065651401877403
Harry Howell,38,0,0,0.060656514,0.06065651401877403
Conor Gallagher,34,90,4,2.3625476,1.6374523639678955
Conor Gallagher,35,90,9,3.3970523,5.60294771194458
Conor Gallagher,36,90,2,2.5336118,0.5336117744445801
Conor Gallagher,37,90,2,3.2032099,1.2032098770141602
Conor Gallagher,38,81,3,3.5507479,0.5507478713989258
Kaye Furo,34,0,0,0.060656514,0.06065651401877403
Kaye Furo,35,1,1,0.060656514,0.939343485981226
Kaye Furo,36,0,0,0.33144072,0.3314407169818878
Kaye Furo,37,0,0,0.22193497,0.221934974193573
Kaye Furo,38,0,0,0.22193497,0.221934974193573
Danny Imray,34,0,0,0.060656514,0.06065651401877403
Danny Imray,35,0,0,0.060656514,0.06065651401877403
Danny Imray,36,0,0,0.060656514,0.06065651401877403
Danny Imray,37,0,0,0.060656514,0.06065651401877403
Danny Imray,38,0,0,0.060656514,0.06065651401877403
Charlie Stevens,35,0,0,0.060656514,0.06065651401877403
Charlie Stevens,36,0,0,0.060656514,0.06065651401877403
Charlie Stevens,37,0,0,0.060656514,0.06065651401877403
Charlie Stevens,38,0,0,0.060656514,0.06065651401877403
Djiamgone Jocelin Ta Bi,34,0,0,0.060656514,0.06065651401877403
Djiamgone Jocelin Ta Bi,35,0,0,0.060656514,0.06065651401877403
Djiamgone Jocelin Ta Bi,36,0,0,0.060656514,0.06065651401877403
Djiamgone Jocelin Ta Bi,37,0,0,0.060656514,0.06065651401877403
Djiamgone Jocelin Ta Bi,38,0,0,0.060656514,0.06065651401877403
Alex Tóth,35,0,0,0.8009726,0.800972580909729
Alex Tóth,36,1,1,0.53582245,0.46417754888534546
Alex Tóth,37,0,0,0.7438243,0.743824303150177
Alex Tóth,38,56,1,0.37935105,0.6206489503383636
Keiber Lamadrid,34,0,0,0.060656514,0.06065651401877403
Keiber Lamadrid,35,0,0,0.060656514,0.06065651401877403
Keiber Lamadrid,36,0,0,0.060656514,0.06065651401877403
Keiber Lamadrid,37,0,0,0.060656514,0.06065651401877403
Keiber Lamadrid,38,0,0,0.060656514,0.06065651401877403
Teddy Sharman-Lowe,35,0,0,0.060656514,0.06065651401877403
Teddy Sharman-Lowe,36,0,0,0.060656514,0.06065651401877403
Teddy Sharman-Lowe,37,0,0,0.060656514,0.06065651401877403
Teddy Sharman-Lowe,38,0,0,0.060656514,0.06065651401877403
João Victor de Souza Menezes,34,0,0,0.275738,0.275738000869751
João Victor de Souza Menezes,35,0,0,0.275738,0.275738000869751
João Victor de Souza Menezes,36,0,0,0.060656514,0.06065651401877403
João Victor de Souza Menezes,37,0,0,0.060656514,0.06065651401877403
João Victor de Souza Menezes,38,0,0,0.060656514,0.06065651401877403
Lorenzo Lucca,34,0,0,0.060656514,0.06065651401877403
Lorenzo Lucca,35,0,0,0.060656514,0.06065651401877403
Lorenzo Lucca,36,7,1,0.060656514,0.939343485981226
Lorenzo Lucca,37,0,0,0.9861903,0.9861903190612793
Lorenzo Lucca,38,0,0,0.60023504,0.6002350449562073
Christos Mandas,35,0,0,0.060656514,0.06065651401877403
Christos Mandas,36,0,0,0.060656514,0.06065651401877403
Christos Mandas,37,0,0,0.060656514,0.06065651401877403
Christos Mandas,38,0,0,0.060656514,0.06065651401877403
Rayan Vitor Simplício Rocha,35,85,8,3.8863008,4.113699197769165
Rayan Vitor Simplício Rocha,36,78,9,4.6715846,4.328415393829346
Rayan Vitor Simplício Rocha,37,83,3,4.563263,1.563262939453125
Rayan Vitor Simplício Rocha,38,72,2,4.368127,2.36812686920166
Tammy Abraham,34,10,1,1.1331375,0.13313746452331543
Tammy Abraham,35,59,1,1.0258986,0.02589857578277588
Tammy Abraham,36,0,0,1.8058422,1.8058421611785889
Tammy Abraham,37,0,0,0.72313255,0.7231325507164001
Tammy Abraham,38,0,0,0.6061743,0.6061742901802063
Jerome Abbey,34,0,0,0.060656514,0.06065651401877403
Jerome Abbey,35,0,0,0.060656514,0.06065651401877403
Jerome Abbey,36,0,0,0.060656514,0.06065651401877403
Jerome Abbey,37,0,0,0.060656514,0.06065651401877403
Jerome Abbey,38,16,1,0.060656514,0.939343485981226
Luka Bentt,34,0,0,0.060656514,0.06065651401877403
Luka Bentt,35,0,0,0.060656514,0.06065651401877403
Luka Bentt,36,0,0,0.060656514,0.06065651401877403
Luka Bentt,37,0,0,0.060656514,0.06065651401877403
Luka Bentt,38,0,0,0.060656514,0.06065651401877403
Rio Kyerematen,34,0,0,0.060656514,0.06065651401877403
Rio Kyerematen,35,0,0,0.060656514,0.06065651401877403
Rio Kyerematen,36,0,0,0.060656514,0.06065651401877403
Rio Kyerematen,37,0,0,0.060656514,0.06065651401877403
Rio Kyerematen,38,0,0,0.060656514,0.06065651401877403
Melker Ellborg,34,0,0,0.65895724,0.6589572429656982
Melker Ellborg,35,0,0,0.31719506,0.3171950578689575
Melker Ellborg,36,0,0,0.29055175,0.2905517518520355
Melker Ellborg,37,0,0,0.060656514,0.06065651401877403
Melker Ellborg,38,0,0,0.060656514,0.06065651401877403
Nilson Angulo,34,0,0,0.29055175,0.2905517518520355
Nilson Angulo,35,0,0,0.060656514,0.06065651401877403
Nilson Angulo,36,11,1,0.060656514,0.939343485981226
Nilson Angulo,37,76,2,0.73796195,1.2620380520820618
Nilson Angulo,38,60,1,2.1990454,1.1990454196929932
Luca Netz,34,23,1,0.060656514,0.939343485981226
Luca Netz,35,90,4,1.3395085,2.660491466522217
Luca Netz,36,82,2,2.5355382,0.5355381965637207
Luca Netz,37,83,1,2.1780925,1.1780924797058105
Luca Netz,38,27,1,2.1446357,1.1446356773376465
Axel Disasi,34,90,3,3.3071184,0.30711841583251953
Axel Disasi,35,90,1,3.11155,2.1115500926971436
Axel Disasi,36,84,2,3.160117,1.1601169109344482
Axel Disasi,37,90,1,2.80183,1.8018300533294678
Axel Disasi,38,90,6,2.9237695,3.076230525970459
Angel Gomes,34,0,0,1.8704613,1.870461344718933
Angel Gomes,35,12,1,1.110129,0.11012899875640869
Angel Gomes,36,1,1,1.394464,0.39446401596069336
Angel Gomes,37,0,0,1.2689803,1.2689802646636963
Angel Gomes,38,65,2,0.89549613,1.104503870010376
Adam Armstrong,34,90,2,3.1343303,1.1343302726745605
Adam Armstrong,35,90,2,2.8319187,0.8319187164306641
Adam Armstrong,36,90,2,3.8044417,1.8044416904449463
Adam Armstrong,37,71,2,2.9327047,0.9327046871185303
Adam Armstrong,38,73,7,1.8975315,5.102468490600586
James Wilson,34,0,0,0.060656514,0.06065651401877403
James Wilson,35,0,0,0.060656514,0.06065651401877403
James Wilson,36,0,0,0.060656514,0.06065651401877403
James Wilson,37,0,0,0.060656514,0.06065651401877403
James Wilson,38,0,0,0.060656514,0.06065651401877403
Ollie Shield,34,0,0,0.060656514,0.06065651401877403
Ollie Shield,35,0,0,0.060656514,0.06065651401877403
Ollie Shield,36,0,0,0.060656514,0.06065651401877403
Ollie Shield,37,0,0,0.060656514,0.06065651401877403
Ollie Shield,38,0,0,0.060656514,0.06065651401877403
Kian McMahon-Brown,35,0,0,0.060656514,0.06065651401877403
Kian McMahon-Brown,36,0,0,0.060656514,0.06065651401877403
Kian McMahon-Brown,37,0,0,0.060656514,0.06065651401877403
Kian McMahon-Brown,38,0,0,0.060656514,0.06065651401877403
Jack Whittaker,35,0,0,0.060656514,0.06065651401877403
Jack Whittaker,36,0,0,0.060656514,0.06065651401877403
Jack Whittaker,37,0,0,0.060656514,0.06065651401877403
Jack Whittaker,38,0,0,0.060656514,0.06065651401877403
Jaydon Jones,35,0,0,0.060656514,0.06065651401877403
Jaydon Jones,36,0,0,0.060656514,0.06065651401877403
Jaydon Jones,37,0,0,0.060656514,0.06065651401877403
Jaydon Jones,38,0,0,0.060656514,0.06065651401877403
Joshua Stephenson,36,0,0,0.060656514,0.06065651401877403
Joshua Stephenson,37,0,0,0.060656514,0.06065651401877403
Joshua Stephenson,38,0,0,0.060656514,0.06065651401877403
Conor McManus,36,0,0,0.060656514,0.06065651401877403
Conor McManus,37,0,0,0.060656514,0.06065651401877403
Conor McManus,38,0,0,0.060656514,0.06065651401877403
Finlay Herrick,36,0,0,0.060656514,0.06065651401877403
Finlay Herrick,37,0,0,0.060656514,0.06065651401877403
Finlay Herrick,38,0,0,0.060656514,0.06065651401877403
Riley Owen,37,0,0,0.060656514,0.06065651401877403
Riley Owen,38,0,0,0.060656514,0.06065651401877403
Jim Thwaites,38,0,0,0.060656514,0.06065651401877403
Alfie Brooks,38,0,0,0.060656514,0.06065651401877403
